id	label	Bacteria
B177_f_Burkholderiaceae	B177_f_Burkholderiaceae	Bacteria
B72_Allorhizobium-Neorhizobium-Pararhizobium-Rhizobium	B72_Allorhizobium-Neorhizobium-Pararhizobium-Rhizobium	Bacteria
B1180_f_Lachnospiraceae	B1180_f_Lachnospiraceae	Bacteria
B86_Sphingomonas	B86_Sphingomonas	Bacteria
F911_o_NA	F911_o_NA	Fungi
B2235_Flavobacterium	B2235_Flavobacterium	Bacteria
B710_Flavobacterium	B710_Flavobacterium	Bacteria
B579_Filimonas	B579_Filimonas	Bacteria
B2214_Peredibacter	B2214_Peredibacter	Bacteria
B1847_Lacunisphaera	B1847_Lacunisphaera	Bacteria
B22_uncultured Roseobacter sp.	B22_uncultured Roseobacter sp.	Bacteria
B1866_Nubsella	B1866_Nubsella	Bacteria
B781_Dyadobacter	B781_Dyadobacter	Bacteria
B134_Pseudomonas	B134_Pseudomonas	Bacteria
B1090_uncultured	B1090_uncultured	Bacteria
B1905_Ohtaekwangia	B1905_Ohtaekwangia	Bacteria
B2464_f_Parachlamydiaceae	B2464_f_Parachlamydiaceae	Bacteria
B617_Bdellovibrio	B617_Bdellovibrio	Bacteria
B6_Sphingomonas	B6_Sphingomonas	Bacteria
B23_f_Burkholderiaceae	B23_f_Burkholderiaceae	Bacteria
B1178_Chitinophaga	B1178_Chitinophaga	Bacteria
B111_Allorhizobium-Neorhizobium-Pararhizobium-Rhizobium	B111_Allorhizobium-Neorhizobium-Pararhizobium-Rhizobium	Bacteria
B10_Allorhizobium-Neorhizobium-Pararhizobium-Rhizobium	B10_Allorhizobium-Neorhizobium-Pararhizobium-Rhizobium	Bacteria
B42_Pseudomonas	B42_Pseudomonas	Bacteria
B851_Allorhizobium-Neorhizobium-Pararhizobium-Rhizobium	B851_Allorhizobium-Neorhizobium-Pararhizobium-Rhizobium	Bacteria
B1120_Chthoniobacter	B1120_Chthoniobacter	Bacteria
B949_Verticia	B949_Verticia	Bacteria
B485_Niveispirillum	B485_Niveispirillum	Bacteria
B3102_uncultured microorganism	B3102_uncultured microorganism	Bacteria
B637_Terrimicrobium	B637_Terrimicrobium	Bacteria
B20_Pseudomonas	B20_Pseudomonas	Bacteria
B1733_Pedobacter	B1733_Pedobacter	Bacteria
B849_Sphingobium	B849_Sphingobium	Bacteria
B159_Chryseobacterium	B159_Chryseobacterium	Bacteria
B753_f_Burkholderiaceae	B753_f_Burkholderiaceae	Bacteria
B338_uncultured bacterium	B338_uncultured bacterium	Bacteria
B1945_Taibaiella	B1945_Taibaiella	Bacteria
B453_Allorhizobium-Neorhizobium-Pararhizobium-Rhizobium	B453_Allorhizobium-Neorhizobium-Pararhizobium-Rhizobium	Bacteria
B1632_f_Microbacteriaceae	B1632_f_Microbacteriaceae	Bacteria
B645_Pseudomonas	B645_Pseudomonas	Bacteria
B200_Flavobacterium	B200_Flavobacterium	Bacteria
B1903_Terriglobus	B1903_Terriglobus	Bacteria
B1_Pantoea	B1_Pantoea	Bacteria
B118_Oxalicibacterium	B118_Oxalicibacterium	Bacteria
B149_Mucilaginibacter	B149_Mucilaginibacter	Bacteria
B2041_Ferrovibrio	B2041_Ferrovibrio	Bacteria
B95_Allorhizobium-Neorhizobium-Pararhizobium-Rhizobium	B95_Allorhizobium-Neorhizobium-Pararhizobium-Rhizobium	Bacteria
B12_Novosphingobium	B12_Novosphingobium	Bacteria
B1139_Mucilaginibacter	B1139_Mucilaginibacter	Bacteria
B2729_Taibaiella	B2729_Taibaiella	Bacteria
B1721_Flavobacterium	B1721_Flavobacterium	Bacteria
B595_Lacunisphaera	B595_Lacunisphaera	Bacteria
B997_Oxalophagus	B997_Oxalophagus	Bacteria
B465_Clostridium sensu stricto 1	B465_Clostridium sensu stricto 1	Bacteria
F109_o_Pleosporales	F109_o_Pleosporales	Fungi
F75_unidentified	F75_unidentified	Fungi
F133_Cyphellophora	F133_Cyphellophora	Fungi
F95_o_NA	F95_o_NA	Fungi
F2_Nigrospora	F2_Nigrospora	Fungi
F20_Edenia	F20_Edenia	Fungi
F156_Serendipita	F156_Serendipita	Fungi
F33_unidentified	F33_unidentified	Fungi
F44_Zopfiella	F44_Zopfiella	Fungi
F93_Gaeumannomyces	F93_Gaeumannomyces	Fungi
B3594_Legionella	B3594_Legionella	Bacteria
B2390_f_Xanthobacteraceae	B2390_f_Xanthobacteraceae	Bacteria
B373_Niastella	B373_Niastella	Bacteria
B3049_Ohtaekwangia	B3049_Ohtaekwangia	Bacteria
B487_Allorhizobium-Neorhizobium-Pararhizobium-Rhizobium	B487_Allorhizobium-Neorhizobium-Pararhizobium-Rhizobium	Bacteria
B1720_f_Burkholderiaceae	B1720_f_Burkholderiaceae	Bacteria
B289_Caulobacter	B289_Caulobacter	Bacteria
B54_uncultured	B54_uncultured	Bacteria
B1414_o_uncultured	B1414_o_uncultured	Bacteria
B3859_o_NA	B3859_o_NA	Bacteria
B125_Niveispirillum	B125_Niveispirillum	Bacteria
B110_Roseateles	B110_Roseateles	Bacteria
B161_Novosphingobium	B161_Novosphingobium	Bacteria
B179_Mucilaginibacter	B179_Mucilaginibacter	Bacteria
B3493_Fluviicola	B3493_Fluviicola	Bacteria
B234_f_Cellulomonadaceae	B234_f_Cellulomonadaceae	Bacteria
B4_Pantoea	B4_Pantoea	Bacteria
F37_unidentified	F37_unidentified	Fungi
F76_o_Sordariales	F76_o_Sordariales	Fungi
F60_Nakataea	F60_Nakataea	Fungi
B1170_Dyella	B1170_Dyella	Bacteria
B99_f_Burkholderiaceae	B99_f_Burkholderiaceae	Bacteria
B2755_uncultured	B2755_uncultured	Bacteria
B1445_uncultured	B1445_uncultured	Bacteria
B330_Magnetospirillum	B330_Magnetospirillum	Bacteria
B3023_Aquicella	B3023_Aquicella	Bacteria
B2087_f_Microbacteriaceae	B2087_f_Microbacteriaceae	Bacteria
B3577_Pasteuria	B3577_Pasteuria	Bacteria
B498_Terrimicrobium	B498_Terrimicrobium	Bacteria
B342_Herbaspirillum	B342_Herbaspirillum	Bacteria
B281_Duganella	B281_Duganella	Bacteria
B1023_uncultured	B1023_uncultured	Bacteria
B8_f_Rhizobiaceae	B8_f_Rhizobiaceae	Bacteria
B393_Azospira	B393_Azospira	Bacteria
B48_Luteibacter	B48_Luteibacter	Bacteria
B1168_Reyranella	B1168_Reyranella	Bacteria
B968_Acidibacter	B968_Acidibacter	Bacteria
B2299_uncultured bacterium	B2299_uncultured bacterium	Bacteria
B726_Chryseobacterium	B726_Chryseobacterium	Bacteria
B101_Filimonas	B101_Filimonas	Bacteria
B186_Derxia	B186_Derxia	Bacteria
B19_Xanthomonas	B19_Xanthomonas	Bacteria
B2472_Chryseobacterium	B2472_Chryseobacterium	Bacteria
B18_Herbaspirillum	B18_Herbaspirillum	Bacteria
B512_Flavobacterium	B512_Flavobacterium	Bacteria
B43_Sphingomonas	B43_Sphingomonas	Bacteria
B162_Asticcacaulis	B162_Asticcacaulis	Bacteria
B28_Burkholderia-Caballeronia-Paraburkholderia	B28_Burkholderia-Caballeronia-Paraburkholderia	Bacteria
B14_Burkholderia-Caballeronia-Paraburkholderia	B14_Burkholderia-Caballeronia-Paraburkholderia	Bacteria
B699_Asticcacaulis	B699_Asticcacaulis	Bacteria
F117_Saitozyma	F117_Saitozyma	Fungi
F226_Saitozyma	F226_Saitozyma	Fungi
F209_unidentified	F209_unidentified	Fungi
F51_Papiliotrema	F51_Papiliotrema	Fungi
B407_f_Burkholderiaceae	B407_f_Burkholderiaceae	Bacteria
B749_Azospirillum	B749_Azospirillum	Bacteria
B4214_uncultured soil bacterium	B4214_uncultured soil bacterium	Bacteria
B1020_Nubsella	B1020_Nubsella	Bacteria
F99_Cistella	F99_Cistella	Fungi
B973_Flavobacterium	B973_Flavobacterium	Bacteria
B2230_o_Betaproteobacteriales	B2230_o_Betaproteobacteriales	Bacteria
B2322_Legionella	B2322_Legionella	Bacteria
B1559_Terrimicrobium	B1559_Terrimicrobium	Bacteria
B994_uncultured eubacterium WD2107	B994_uncultured eubacterium WD2107	Bacteria
B1521_Dysgonomonas	B1521_Dysgonomonas	Bacteria
B892_Spirochaeta 2	B892_Spirochaeta 2	Bacteria
B84_Azospirillum	B84_Azospirillum	Bacteria
B1463_metagenome	B1463_metagenome	Bacteria
B2352_Dyadobacter	B2352_Dyadobacter	Bacteria
B3274_Candidatus Xiphinematobacter	B3274_Candidatus Xiphinematobacter	Bacteria
B4620_uncultured	B4620_uncultured	Bacteria
B1155_Novosphingobium	B1155_Novosphingobium	Bacteria
B303_Methylotenera	B303_Methylotenera	Bacteria
B202_f_Burkholderiaceae	B202_f_Burkholderiaceae	Bacteria
B93_Pedobacter	B93_Pedobacter	Bacteria
B3797_uncultured	B3797_uncultured	Bacteria
B183_Mucilaginibacter	B183_Mucilaginibacter	Bacteria
B58_Rhodanobacter	B58_Rhodanobacter	Bacteria
B478_Chryseobacterium	B478_Chryseobacterium	Bacteria
B4098_uncultured	B4098_uncultured	Bacteria
B890_Sphingobium	B890_Sphingobium	Bacteria
B359_f_Xanthobacteraceae	B359_f_Xanthobacteraceae	Bacteria
B491_Chryseobacterium	B491_Chryseobacterium	Bacteria
B2356_uncultured	B2356_uncultured	Bacteria
B92_Chryseobacterium	B92_Chryseobacterium	Bacteria
B532_Siphonobacter	B532_Siphonobacter	Bacteria
B2923_Roseomonas	B2923_Roseomonas	Bacteria
B3863_Thermomonas	B3863_Thermomonas	Bacteria
B913_uncultured	B913_uncultured	Bacteria
F490_unidentified	F490_unidentified	Fungi
F298_unidentified	F298_unidentified	Fungi
F358_unidentified	F358_unidentified	Fungi
F54_Pyrenochaetopsis	F54_Pyrenochaetopsis	Fungi
F77_o_NA	F77_o_NA	Fungi
F18_f_Phaeosphaeriaceae	F18_f_Phaeosphaeriaceae	Fungi
B683_Ancylobacter	B683_Ancylobacter	Bacteria
B2575_Terrimicrobium	B2575_Terrimicrobium	Bacteria
B1789_Chryseobacterium	B1789_Chryseobacterium	Bacteria
B1031_metagenome	B1031_metagenome	Bacteria
B2548_uncultured Anaerolineaceae bacterium	B2548_uncultured Anaerolineaceae bacterium	Bacteria
B814_Sediminibacterium	B814_Sediminibacterium	Bacteria
F42_unidentified	F42_unidentified	Fungi
B1118_o_NA	B1118_o_NA	Bacteria
B3320_uncultured bacterium 259	B3320_uncultured bacterium 259	Bacteria
B56_Allorhizobium-Neorhizobium-Pararhizobium-Rhizobium	B56_Allorhizobium-Neorhizobium-Pararhizobium-Rhizobium	Bacteria
B720_Dongia	B720_Dongia	Bacteria
F330_o_NA	F330_o_NA	Fungi
F3_Moesziomyces	F3_Moesziomyces	Fungi
F441_o_Hypocreales	F441_o_Hypocreales	Fungi
F81_Cladosporium	F81_Cladosporium	Fungi
B2866_Legionella	B2866_Legionella	Bacteria
B1393_Mucilaginibacter	B1393_Mucilaginibacter	Bacteria
F53_Pyrenochaetopsis	F53_Pyrenochaetopsis	Fungi
F28_f_Hypocreales_fam_Incertae_sedis	F28_f_Hypocreales_fam_Incertae_sedis	Fungi
F6_Cladosporium	F6_Cladosporium	Fungi
B6839_Roseomonas	B6839_Roseomonas	Bacteria
F837_Candida	F837_Candida	Fungi
B1907_Sphingomonas	B1907_Sphingomonas	Bacteria
B2333_f_cvE6	B2333_f_cvE6	Bacteria
B100_Chitinophaga	B100_Chitinophaga	Bacteria
B32_Bradyrhizobium	B32_Bradyrhizobium	Bacteria
B1222_Taonella	B1222_Taonella	Bacteria
B665_Pseudoxanthobacter sp. S50	B665_Pseudoxanthobacter sp. S50	Bacteria
B664_Reyranella	B664_Reyranella	Bacteria
B553_Devosia	B553_Devosia	Bacteria
B1321_Emticicia	B1321_Emticicia	Bacteria
B40_Caulobacter	B40_Caulobacter	Bacteria
F36_Moesziomyces	F36_Moesziomyces	Fungi
B652_Clostridium sensu stricto 5	B652_Clostridium sensu stricto 5	Bacteria
B1122_Mucilaginibacter	B1122_Mucilaginibacter	Bacteria
B85_Mycobacterium	B85_Mycobacterium	Bacteria
B2605_f_Unknown Family	B2605_f_Unknown Family	Bacteria
B600_Kineosporia	B600_Kineosporia	Bacteria
B1238_f_Microbacteriaceae	B1238_f_Microbacteriaceae	Bacteria
F12_o_Pleosporales	F12_o_Pleosporales	Fungi
B2806_f_Burkholderiaceae	B2806_f_Burkholderiaceae	Bacteria
B1048_f_Burkholderiaceae	B1048_f_Burkholderiaceae	Bacteria
B464_Pseudomonas	B464_Pseudomonas	Bacteria
B30_Sphingomonas	B30_Sphingomonas	Bacteria
F431_Coprinopsis	F431_Coprinopsis	Fungi
F1395_Plicaturopsis	F1395_Plicaturopsis	Fungi
F166_Aspergillus	F166_Aspergillus	Fungi
B685_Xanthobacter	B685_Xanthobacter	Bacteria
B1083_f_Microbacteriaceae	B1083_f_Microbacteriaceae	Bacteria
B229_Dysgonomonas	B229_Dysgonomonas	Bacteria
B2612_bacterium rJ7	B2612_bacterium rJ7	Bacteria
B5_Pseudomonas	B5_Pseudomonas	Bacteria
B1268_Allorhizobium-Neorhizobium-Pararhizobium-Rhizobium	B1268_Allorhizobium-Neorhizobium-Pararhizobium-Rhizobium	Bacteria
B24_Bradyrhizobium	B24_Bradyrhizobium	Bacteria
F521_unidentified	F521_unidentified	Fungi
B1010_Clostridium sensu stricto 8	B1010_Clostridium sensu stricto 8	Bacteria
F435_Cyberlindnera	F435_Cyberlindnera	Fungi
B1367_f_Burkholderiaceae	B1367_f_Burkholderiaceae	Bacteria
B325_Ellin6067	B325_Ellin6067	Bacteria
B3437_Larkinella	B3437_Larkinella	Bacteria
B917_Pseudoxanthobacter	B917_Pseudoxanthobacter	Bacteria
B894_f_BIrii41	B894_f_BIrii41	Bacteria
F178_Schizopora	F178_Schizopora	Fungi
F216_unidentified	F216_unidentified	Fungi
F29_f_Didymellaceae	F29_f_Didymellaceae	Fungi
F814_Xylodon	F814_Xylodon	Fungi
B2992_uncultured	B2992_uncultured	Bacteria
B2731_f_Rhizobiaceae	B2731_f_Rhizobiaceae	Bacteria
B1205_Ancalomicrobium	B1205_Ancalomicrobium	Bacteria
F224_Rhizophydium	F224_Rhizophydium	Fungi
B2382_Allorhizobium-Neorhizobium-Pararhizobium-Rhizobium	B2382_Allorhizobium-Neorhizobium-Pararhizobium-Rhizobium	Bacteria
F27_Curvularia	F27_Curvularia	Fungi
F72_unidentified	F72_unidentified	Fungi
F116_Curvularia	F116_Curvularia	Fungi
B784_alphaI cluster	B784_alphaI cluster	Bacteria
B2615_f_Burkholderiaceae	B2615_f_Burkholderiaceae	Bacteria
B1513_Niveispirillum	B1513_Niveispirillum	Bacteria
B4157_Peredibacter	B4157_Peredibacter	Bacteria
B2171_Ellin6067	B2171_Ellin6067	Bacteria
B1378_Mycobacterium	B1378_Mycobacterium	Bacteria
F1698_Moesziomyces	F1698_Moesziomyces	Fungi
F2881_Dacryobolus	F2881_Dacryobolus	Fungi
F1094_Phellinus	F1094_Phellinus	Fungi
F580_Psathyrella	F580_Psathyrella	Fungi
B3869_Rhodoplanes	B3869_Rhodoplanes	Bacteria
B1313_Escherichia-Shigella	B1313_Escherichia-Shigella	Bacteria
F621_Nigrospora	F621_Nigrospora	Fungi
F609_Talaromyces	F609_Talaromyces	Fungi
F45_f_Didymellaceae	F45_f_Didymellaceae	Fungi
B371_Dongia	B371_Dongia	Bacteria
B2378_Mucilaginibacter	B2378_Mucilaginibacter	Bacteria
F2436_unidentified	F2436_unidentified	Fungi
F5_Alternaria	F5_Alternaria	Fungi
B596_Dyella	B596_Dyella	Bacteria
B3923_Sorangium	B3923_Sorangium	Bacteria
F449_unidentified	F449_unidentified	Fungi
F190_Irpex	F190_Irpex	Fungi
F935_unidentified	F935_unidentified	Fungi
B343_Microbacterium	B343_Microbacterium	Bacteria
B1160_Pseudoxanthomonas	B1160_Pseudoxanthomonas	Bacteria
B308_Filimonas	B308_Filimonas	Bacteria
F131_unidentified	F131_unidentified	Fungi
F337_Myrmecridium	F337_Myrmecridium	Fungi
B27_Mucilaginibacter	B27_Mucilaginibacter	Bacteria
F55_f_Nectriaceae	F55_f_Nectriaceae	Fungi
F199_Aureobasidium	F199_Aureobasidium	Fungi
B620_f_Micromonosporaceae	B620_f_Micromonosporaceae	Bacteria
B5593_Legionella	B5593_Legionella	Bacteria
F488_Penicillium	F488_Penicillium	Fungi
B3025_uncultured bacterium	B3025_uncultured bacterium	Bacteria
B3889_Flavobacterium	B3889_Flavobacterium	Bacteria
B2459_Methylophilus	B2459_Methylophilus	Bacteria
F22_Setophoma	F22_Setophoma	Fungi
F21_Acremonium	F21_Acremonium	Fungi
F1218_unidentified	F1218_unidentified	Fungi
F9_Chaetomium	F9_Chaetomium	Fungi
B1802_uncultured	B1802_uncultured	Bacteria
B1598_f_Burkholderiaceae	B1598_f_Burkholderiaceae	Bacteria
B536_Azorhizobium	B536_Azorhizobium	Bacteria
F292_Engyodontium	F292_Engyodontium	Fungi
B3139_Xanthobacter	B3139_Xanthobacter	Bacteria
F23_Solicoccozyma	F23_Solicoccozyma	Fungi
F429_Bjerkandera	F429_Bjerkandera	Fungi
F4266_Talaromyces	F4266_Talaromyces	Fungi
B1252_f_Microbacteriaceae	B1252_f_Microbacteriaceae	Bacteria
B7657_alphaI cluster	B7657_alphaI cluster	Bacteria
B7891_f_Microscillaceae	B7891_f_Microscillaceae	Bacteria
F1244_unidentified	F1244_unidentified	Fungi
F26_unidentified	F26_unidentified	Fungi
F111_Geomyces	F111_Geomyces	Fungi
F8_unidentified	F8_unidentified	Fungi
B5151_Bacillus	B5151_Bacillus	Bacteria
B828_f_Burkholderiaceae	B828_f_Burkholderiaceae	Bacteria
F2382_unidentified	F2382_unidentified	Fungi
F14_o_Pleosporales	F14_o_Pleosporales	Fungi
F2215_Auricularia	F2215_Auricularia	Fungi
B334_f_Burkholderiaceae	B334_f_Burkholderiaceae	Bacteria
F385_Coprinellus	F385_Coprinellus	Fungi
B466_Allorhizobium-Neorhizobium-Pararhizobium-Rhizobium	B466_Allorhizobium-Neorhizobium-Pararhizobium-Rhizobium	Bacteria
B1957_Devosia	B1957_Devosia	Bacteria
B1810_Fluviicola	B1810_Fluviicola	Bacteria
B4403_f_Burkholderiaceae	B4403_f_Burkholderiaceae	Bacteria
B2672_Sphingobium	B2672_Sphingobium	Bacteria
B398_Rhodococcus	B398_Rhodococcus	Bacteria
B2964_Paenibacillus	B2964_Paenibacillus	Bacteria
B3103_f_Sphingomonadaceae	B3103_f_Sphingomonadaceae	Bacteria
B2039_Stenotrophomonas	B2039_Stenotrophomonas	Bacteria
B389_Nitrospirillum	B389_Nitrospirillum	Bacteria
F306_Occultifur	F306_Occultifur	Fungi
B317_Brevundimonas	B317_Brevundimonas	Bacteria
F759_unidentified	F759_unidentified	Fungi
F1912_o_Polyporales	F1912_o_Polyporales	Fungi
F105_Clonostachys	F105_Clonostachys	Fungi
B164_f_Burkholderiaceae	B164_f_Burkholderiaceae	Bacteria
B1464_Hylemonella	B1464_Hylemonella	Bacteria
F480_unidentified	F480_unidentified	Fungi
F878_unidentified	F878_unidentified	Fungi
B1037_f_uncultured	B1037_f_uncultured	Bacteria
B5855_uncultured	B5855_uncultured	Bacteria
B515_f_Burkholderiaceae	B515_f_Burkholderiaceae	Bacteria
B990_Pseudomonas	B990_Pseudomonas	Bacteria
B2838_Hylemonella	B2838_Hylemonella	Bacteria
B106_Pseudolabrys	B106_Pseudolabrys	Bacteria
F270_unidentified	F270_unidentified	Fungi
B1965_Belnapia	B1965_Belnapia	Bacteria
B2912_Sphingobium	B2912_Sphingobium	Bacteria
B7_Curtobacterium	B7_Curtobacterium	Bacteria
F1033_Endoxyla	F1033_Endoxyla	Fungi
F623_Stereum	F623_Stereum	Fungi
F1492_Byssochlamys	F1492_Byssochlamys	Fungi
F539_Cenococcum	F539_Cenococcum	Fungi
F639_Aspergillus	F639_Aspergillus	Fungi
F448_Perenniporia	F448_Perenniporia	Fungi
F106_unidentified	F106_unidentified	Fungi
F16_Pyricularia	F16_Pyricularia	Fungi
B2619_Lacunisphaera	B2619_Lacunisphaera	Bacteria
F137_Malassezia	F137_Malassezia	Fungi
B69_o_NA	B69_o_NA	Bacteria
F4_o_Pleosporales	F4_o_Pleosporales	Fungi
B3212_Kaistia	B3212_Kaistia	Bacteria
B4349_Vampirovibrio chlorellavorus	B4349_Vampirovibrio chlorellavorus	Bacteria
B2424_Flectobacillus	B2424_Flectobacillus	Bacteria
F800_unidentified	F800_unidentified	Fungi
B318_Caulobacter	B318_Caulobacter	Bacteria
F202_Pseudozyma	F202_Pseudozyma	Fungi
F482_Pichia	F482_Pichia	Fungi
B3984_Candidatus.Berkiella	B3984_Candidatus.Berkiella	Bacteria
B3020_o_NA	B3020_o_NA	Bacteria
B3821_metagenome	B3821_metagenome	Bacteria
B2462_uncultured.bacterium	B2462_uncultured.bacterium	Bacteria
B7219_Pirellula	B7219_Pirellula	Bacteria
B4048_metagenome	B4048_metagenome	Bacteria
B1055_o_Acetobacterales	B1055_o_Acetobacterales	Bacteria
B926_uncultured	B926_uncultured	Bacteria
B5088_uncultured.microorganism	B5088_uncultured.microorganism	Bacteria
B4202_f_Isosphaeraceae	B4202_f_Isosphaeraceae	Bacteria
B1568_uncultured	B1568_uncultured	Bacteria
B4314_o_Candidatus.Magasanikbacteria	B4314_o_Candidatus.Magasanikbacteria	Bacteria
B7430_uncultured	B7430_uncultured	Bacteria
B5648_uncultured.soil.bacterium	B5648_uncultured.soil.bacterium	Bacteria
B2332_f_Rhodocyclaceae	B2332_f_Rhodocyclaceae	Bacteria
B282_Acinetobacter	B282_Acinetobacter	Bacteria
B1297_Peredibacter	B1297_Peredibacter	Bacteria
B2513_Desulfovibrio	B2513_Desulfovibrio	Bacteria
B1057_o_NA	B1057_o_NA	Bacteria
B2528_Mucilaginibacter	B2528_Mucilaginibacter	Bacteria
B34_Bradyrhizobium	B34_Bradyrhizobium	Bacteria
B1492_Ellin6067	B1492_Ellin6067	Bacteria
B1941_f_Burkholderiaceae	B1941_f_Burkholderiaceae	Bacteria
B1219_Terrimicrobium	B1219_Terrimicrobium	Bacteria
B2848_f_Burkholderiaceae	B2848_f_Burkholderiaceae	Bacteria
B1010_Clostridium.sensu.stricto.8	B1010_Clostridium.sensu.stricto.8	Bacteria
B156_Hydrogenispora	B156_Hydrogenispora	Bacteria
B22_uncultured.Roseobacter.sp.	B22_uncultured.Roseobacter.sp.	Bacteria
B1758_Lacunisphaera	B1758_Lacunisphaera	Bacteria
B4456_Fimbriiglobus	B4456_Fimbriiglobus	Bacteria
B87_Mucilaginibacter	B87_Mucilaginibacter	Bacteria
B3637_Pectobacterium	B3637_Pectobacterium	Bacteria
B216_uncultured	B216_uncultured	Bacteria
B7438_Pirellula	B7438_Pirellula	Bacteria
B240_Novosphingobium	B240_Novosphingobium	Bacteria
B2203_Bacteriovorax	B2203_Bacteriovorax	Bacteria
B994_uncultured.eubacterium.WD2107	B994_uncultured.eubacterium.WD2107	Bacteria
B1565_Ruminiclostridium.1	B1565_Ruminiclostridium.1	Bacteria
B2382_Allorhizobium.Neorhizobium.Pararhizobium.Rhizobium	B2382_Allorhizobium.Neorhizobium.Pararhizobium.Rhizobium	Bacteria
B892_Spirochaeta.2	B892_Spirochaeta.2	Bacteria
B1627_Kaistia	B1627_Kaistia	Bacteria
B3625_o_NA	B3625_o_NA	Bacteria
B557_Azospirillum	B557_Azospirillum	Bacteria
B1100_o_NA	B1100_o_NA	Bacteria
B3950_f_Chitinophagaceae	B3950_f_Chitinophagaceae	Bacteria
B1424_uncultured.eubacterium.WD2107	B1424_uncultured.eubacterium.WD2107	Bacteria
B3058_Candidatus.Ovatusbacter	B3058_Candidatus.Ovatusbacter	Bacteria
B107_o_NA	B107_o_NA	Bacteria
B2612_bacterium.rJ7	B2612_bacterium.rJ7	Bacteria
B7634_Terrimicrobium	B7634_Terrimicrobium	Bacteria
B6168_f_Opitutaceae	B6168_f_Opitutaceae	Bacteria
B91_o_NA	B91_o_NA	Bacteria
B293_Ancalomicrobium	B293_Ancalomicrobium	Bacteria
B2605_f_Unknown.Family	B2605_f_Unknown.Family	Bacteria
B4069_o_OPB56	B4069_o_OPB56	Bacteria
B4663_o_NA	B4663_o_NA	Bacteria
B5308_uncultured.bacterium	B5308_uncultured.bacterium	Bacteria
B526_Aquisphaera	B526_Aquisphaera	Bacteria
B735_uncultured.bacterium	B735_uncultured.bacterium	Bacteria
B1479_uncultured.bacterium	B1479_uncultured.bacterium	Bacteria
B3373_f_Rhizobiaceae	B3373_f_Rhizobiaceae	Bacteria
B3569_Bauldia	B3569_Bauldia	Bacteria
B3274_Candidatus.Xiphinematobacter	B3274_Candidatus.Xiphinematobacter	Bacteria
B111_Allorhizobium.Neorhizobium.Pararhizobium.Rhizobium	B111_Allorhizobium.Neorhizobium.Pararhizobium.Rhizobium	Bacteria
B36_Stenotrophomonas	B36_Stenotrophomonas	Bacteria
B1434_o_NA	B1434_o_NA	Bacteria
B2436_Ellin6067	B2436_Ellin6067	Bacteria
B3366_uncultured	B3366_uncultured	Bacteria
B1147_f_Burkholderiaceae	B1147_f_Burkholderiaceae	Bacteria
B601_Sphingobium	B601_Sphingobium	Bacteria
B10_Allorhizobium.Neorhizobium.Pararhizobium.Rhizobium	B10_Allorhizobium.Neorhizobium.Pararhizobium.Rhizobium	Bacteria
B3025_uncultured.bacterium	B3025_uncultured.bacterium	Bacteria
B1289_Desulfovibrio	B1289_Desulfovibrio	Bacteria
B9_Methylobacterium	B9_Methylobacterium	Bacteria
B4322_MND1	B4322_MND1	Bacteria
B1984_f_Burkholderiaceae	B1984_f_Burkholderiaceae	Bacteria
B4582_f_Microbacteriaceae	B4582_f_Microbacteriaceae	Bacteria
B851_Allorhizobium.Neorhizobium.Pararhizobium.Rhizobium	B851_Allorhizobium.Neorhizobium.Pararhizobium.Rhizobium	Bacteria
B2298_Gemmata	B2298_Gemmata	Bacteria
B989_Staphylococcus	B989_Staphylococcus	Bacteria
B3263_Azospira	B3263_Azospira	Bacteria
B610_Ferribacterium	B610_Ferribacterium	Bacteria
B1327_f_BIrii41	B1327_f_BIrii41	Bacteria
B10071_metagenome	B10071_metagenome	Bacteria
B6178_uncultured	B6178_uncultured	Bacteria
B2483_Opitutus	B2483_Opitutus	Bacteria
B3102_uncultured.microorganism	B3102_uncultured.microorganism	Bacteria
B3275_uncultured	B3275_uncultured	Bacteria
B8292_Acidobacteria.bacterium.SCN.69.37	B8292_Acidobacteria.bacterium.SCN.69.37	Bacteria
B7660_uncultured	B7660_uncultured	Bacteria
B3697_metagenome	B3697_metagenome	Bacteria
B487_Allorhizobium.Neorhizobium.Pararhizobium.Rhizobium	B487_Allorhizobium.Neorhizobium.Pararhizobium.Rhizobium	Bacteria
B2120_f_Burkholderiaceae	B2120_f_Burkholderiaceae	Bacteria
B265_Deinococcus	B265_Deinococcus	Bacteria
B756_Dongia	B756_Dongia	Bacteria
B2038_Acidobacteria.bacterium.SCN.69.37	B2038_Acidobacteria.bacterium.SCN.69.37	Bacteria
B437_Escherichia.Shigella	B437_Escherichia.Shigella	Bacteria
B2444_Ferrovibrio	B2444_Ferrovibrio	Bacteria
B3897_Fibrisoma	B3897_Fibrisoma	Bacteria
B466_Allorhizobium.Neorhizobium.Pararhizobium.Rhizobium	B466_Allorhizobium.Neorhizobium.Pararhizobium.Rhizobium	Bacteria
B1716_Nocardioides	B1716_Nocardioides	Bacteria
B3686_Sediminibacterium	B3686_Sediminibacterium	Bacteria
B1835_Allorhizobium.Neorhizobium.Pararhizobium.Rhizobium	B1835_Allorhizobium.Neorhizobium.Pararhizobium.Rhizobium	Bacteria
B1268_Allorhizobium.Neorhizobium.Pararhizobium.Rhizobium	B1268_Allorhizobium.Neorhizobium.Pararhizobium.Rhizobium	Bacteria
B784_alphaI.cluster	B784_alphaI.cluster	Bacteria
B5811_Kaistia	B5811_Kaistia	Bacteria
B510_Devosia	B510_Devosia	Bacteria
B823_Dongia	B823_Dongia	Bacteria
B1102_Pseudoxanthomonas	B1102_Pseudoxanthomonas	Bacteria
B3320_uncultured.bacterium.259	B3320_uncultured.bacterium.259	Bacteria
B4588_Acidobacteria.bacterium.SCN.69.37	B4588_Acidobacteria.bacterium.SCN.69.37	Bacteria
B503_Escherichia.Shigella	B503_Escherichia.Shigella	Bacteria
B392_Allorhizobium.Neorhizobium.Pararhizobium.Rhizobium	B392_Allorhizobium.Neorhizobium.Pararhizobium.Rhizobium	Bacteria
B2299_uncultured.bacterium	B2299_uncultured.bacterium	Bacteria
B17_Methylobacterium	B17_Methylobacterium	Bacteria
B3743_Solirubrobacter	B3743_Solirubrobacter	Bacteria
B5858_Hymenobacter	B5858_Hymenobacter	Bacteria
B426_f_Burkholderiaceae	B426_f_Burkholderiaceae	Bacteria
B272_Novosphingobium	B272_Novosphingobium	Bacteria
B1062_f_Burkholderiaceae	B1062_f_Burkholderiaceae	Bacteria
B72_Allorhizobium.Neorhizobium.Pararhizobium.Rhizobium	B72_Allorhizobium.Neorhizobium.Pararhizobium.Rhizobium	Bacteria
B357_Azospirillum	B357_Azospirillum	Bacteria
B56_Allorhizobium.Neorhizobium.Pararhizobium.Rhizobium	B56_Allorhizobium.Neorhizobium.Pararhizobium.Rhizobium	Bacteria
B338_uncultured.bacterium	B338_uncultured.bacterium	Bacteria
B535_Burkholderia.Caballeronia.Paraburkholderia	B535_Burkholderia.Caballeronia.Paraburkholderia	Bacteria
B4214_uncultured.soil.bacterium	B4214_uncultured.soil.bacterium	Bacteria
B2075_Bacillus	B2075_Bacillus	Bacteria
B2548_uncultured.Anaerolineaceae.bacterium	B2548_uncultured.Anaerolineaceae.bacterium	Bacteria
B453_Allorhizobium.Neorhizobium.Pararhizobium.Rhizobium	B453_Allorhizobium.Neorhizobium.Pararhizobium.Rhizobium	Bacteria
B4942_MND1	B4942_MND1	Bacteria
B713_uncultured	B713_uncultured	Bacteria
B884_Uliginosibacterium	B884_Uliginosibacterium	Bacteria
B2229_Roseomonas	B2229_Roseomonas	Bacteria
B3125_IMCC26207	B3125_IMCC26207	Bacteria
B1188_o_Subgroup.7	B1188_o_Subgroup.7	Bacteria
B665_Pseudoxanthobacter.sp..S50	B665_Pseudoxanthobacter.sp..S50	Bacteria
B5195_Fimbriiglobus	B5195_Fimbriiglobus	Bacteria
B1313_Escherichia.Shigella	B1313_Escherichia.Shigella	Bacteria
B948_Mucilaginibacter	B948_Mucilaginibacter	Bacteria
B5353_uncultured	B5353_uncultured	Bacteria
B1567_Devosia	B1567_Devosia	Bacteria
B28_Burkholderia.Caballeronia.Paraburkholderia	B28_Burkholderia.Caballeronia.Paraburkholderia	Bacteria
B14_Burkholderia.Caballeronia.Paraburkholderia	B14_Burkholderia.Caballeronia.Paraburkholderia	Bacteria
B95_Allorhizobium.Neorhizobium.Pararhizobium.Rhizobium	B95_Allorhizobium.Neorhizobium.Pararhizobium.Rhizobium	Bacteria
B3308_o_R7C24	B3308_o_R7C24	Bacteria
B1137_Geobacter	B1137_Geobacter	Bacteria
B465_Clostridium.sensu.stricto.1	B465_Clostridium.sensu.stricto.1	Bacteria
F1216_unidentified	F1216_unidentified	Fungi
