id	label	Bacteria
B314_Segniliparus	B314_Segniliparus	Bacteria
B71_Methylobacterium	B71_Methylobacterium	Bacteria
B58_Rhodanobacter	B58_Rhodanobacter	Bacteria
B272_Novosphingobium	B272_Novosphingobium	Bacteria
B535_Burkholderia-Caballeronia-Paraburkholderia	B535_Burkholderia-Caballeronia-Paraburkholderia	Bacteria
B18_Herbaspirillum	B18_Herbaspirillum	Bacteria
B43_Sphingomonas	B43_Sphingomonas	Bacteria
B86_Sphingomonas	B86_Sphingomonas	Bacteria
F840_o_NA	F840_o_NA	Fungi
F3_Moesziomyces	F3_Moesziomyces	Fungi
F50_Thanatephorus	F50_Thanatephorus	Fungi
F28_f_Hypocreales_fam_Incertae_sedis	F28_f_Hypocreales_fam_Incertae_sedis	Fungi
F11_Sarocladium	F11_Sarocladium	Fungi
F6_Cladosporium	F6_Cladosporium	Fungi
B202_f_Burkholderiaceae	B202_f_Burkholderiaceae	Bacteria
F47_f_Phaeosphaeriaceae	F47_f_Phaeosphaeriaceae	Fungi
F259_Sakaguchia	F259_Sakaguchia	Fungi
F40_unidentified	F40_unidentified	Fungi
B6_Sphingomonas	B6_Sphingomonas	Bacteria
B2_Methylobacterium	B2_Methylobacterium	Bacteria
B8_f_Rhizobiaceae	B8_f_Rhizobiaceae	Bacteria
B327_1174-901-12	B327_1174-901-12	Bacteria
B1_Pantoea	B1_Pantoea	Bacteria
B28_Burkholderia-Caballeronia-Paraburkholderia	B28_Burkholderia-Caballeronia-Paraburkholderia	Bacteria
B149_Mucilaginibacter	B149_Mucilaginibacter	Bacteria
B27_Mucilaginibacter	B27_Mucilaginibacter	Bacteria
F115_unidentified	F115_unidentified	Fungi
F152_unidentified	F152_unidentified	Fungi
F18_f_Phaeosphaeriaceae	F18_f_Phaeosphaeriaceae	Fungi
F12_o_Pleosporales	F12_o_Pleosporales	Fungi
F5_Alternaria	F5_Alternaria	Fungi
B240_Novosphingobium	B240_Novosphingobium	Bacteria
B232_f_Sphingomonadaceae	B232_f_Sphingomonadaceae	Bacteria
B1093_Methylobacterium	B1093_Methylobacterium	Bacteria
B435_Mycobacterium	B435_Mycobacterium	Bacteria
B76_Methylobacterium	B76_Methylobacterium	Bacteria
B312_Sphingobium	B312_Sphingobium	Bacteria
B266_Allorhizobium-Neorhizobium-Pararhizobium-Rhizobium	B266_Allorhizobium-Neorhizobium-Pararhizobium-Rhizobium	Bacteria
B217_Burkholderia-Caballeronia-Paraburkholderia	B217_Burkholderia-Caballeronia-Paraburkholderia	Bacteria
B93_Pedobacter	B93_Pedobacter	Bacteria
B31_Quadrisphaera	B31_Quadrisphaera	Bacteria
B3507_uncultured bacterium	B3507_uncultured bacterium	Bacteria
B310_Jatrophihabitans	B310_Jatrophihabitans	Bacteria
B33_Kineococcus	B33_Kineococcus	Bacteria
B17_Methylobacterium	B17_Methylobacterium	Bacteria
B859_Sphingomonas	B859_Sphingomonas	Bacteria
B77_Allorhizobium-Neorhizobium-Pararhizobium-Rhizobium	B77_Allorhizobium-Neorhizobium-Pararhizobium-Rhizobium	Bacteria
B226_Burkholderia-Caballeronia-Paraburkholderia	B226_Burkholderia-Caballeronia-Paraburkholderia	Bacteria
B101_Filimonas	B101_Filimonas	Bacteria
B16_Sphingomonas	B16_Sphingomonas	Bacteria
B68_Chryseobacterium	B68_Chryseobacterium	Bacteria
B52_Allorhizobium-Neorhizobium-Pararhizobium-Rhizobium	B52_Allorhizobium-Neorhizobium-Pararhizobium-Rhizobium	Bacteria
B14_Burkholderia-Caballeronia-Paraburkholderia	B14_Burkholderia-Caballeronia-Paraburkholderia	Bacteria
B3_Sphingomonas	B3_Sphingomonas	Bacteria
B103_Burkholderia-Caballeronia-Paraburkholderia	B103_Burkholderia-Caballeronia-Paraburkholderia	Bacteria
B12_Novosphingobium	B12_Novosphingobium	Bacteria
B916_Mycobacterium	B916_Mycobacterium	Bacteria
F222_o_NA	F222_o_NA	Fungi
F900_unidentified	F900_unidentified	Fungi
F2_Nigrospora	F2_Nigrospora	Fungi
F117_Saitozyma	F117_Saitozyma	Fungi
F226_Saitozyma	F226_Saitozyma	Fungi
F635_unidentified	F635_unidentified	Fungi
F27_Curvularia	F27_Curvularia	Fungi
F20_Edenia	F20_Edenia	Fungi
F487_Filobasidium	F487_Filobasidium	Fungi
F1353_Sporobolomyces	F1353_Sporobolomyces	Fungi
F45_f_Didymellaceae	F45_f_Didymellaceae	Fungi
F55_f_Nectriaceae	F55_f_Nectriaceae	Fungi
F22_Setophoma	F22_Setophoma	Fungi
F199_Aureobasidium	F199_Aureobasidium	Fungi
F353_Diaporthe	F353_Diaporthe	Fungi
B1907_Sphingomonas	B1907_Sphingomonas	Bacteria
B19_Xanthomonas	B19_Xanthomonas	Bacteria
B277_Sphingomonas	B277_Sphingomonas	Bacteria
B89_Burkholderia-Caballeronia-Paraburkholderia	B89_Burkholderia-Caballeronia-Paraburkholderia	Bacteria
F77_o_NA	F77_o_NA	Fungi
F1573_unidentified	F1573_unidentified	Fungi
F89_Aureobasidium	F89_Aureobasidium	Fungi
B147_Sphingomonas	B147_Sphingomonas	Bacteria
B5_Pseudomonas	B5_Pseudomonas	Bacteria
B35_Methylobacterium	B35_Methylobacterium	Bacteria
B7_Curtobacterium	B7_Curtobacterium	Bacteria
B95_Allorhizobium-Neorhizobium-Pararhizobium-Rhizobium	B95_Allorhizobium-Neorhizobium-Pararhizobium-Rhizobium	Bacteria
B48_Luteibacter	B48_Luteibacter	Bacteria
B972_Singulisphaera	B972_Singulisphaera	Bacteria
B29_Methylobacterium	B29_Methylobacterium	Bacteria
B78_Sphingomonas	B78_Sphingomonas	Bacteria
B4_Pantoea	B4_Pantoea	Bacteria
F21_Acremonium	F21_Acremonium	Fungi
F8_unidentified	F8_unidentified	Fungi
F133_Cyphellophora	F133_Cyphellophora	Fungi
F48_unidentified	F48_unidentified	Fungi
F187_o_Chaetothyriales	F187_o_Chaetothyriales	Fungi
F78_unidentified	F78_unidentified	Fungi
F132_Phaeosphaeria	F132_Phaeosphaeria	Fungi
F137_Malassezia	F137_Malassezia	Fungi
F105_Clonostachys	F105_Clonostachys	Fungi
F4_o_Pleosporales	F4_o_Pleosporales	Fungi
F361_Phaeosphaeria	F361_Phaeosphaeria	Fungi
F120_Sporobolomyces	F120_Sporobolomyces	Fungi
F53_Pyrenochaetopsis	F53_Pyrenochaetopsis	Fungi
F71_Papiliotrema	F71_Papiliotrema	Fungi
F85_Fusarium	F85_Fusarium	Fungi
B10_Allorhizobium-Neorhizobium-Pararhizobium-Rhizobium	B10_Allorhizobium-Neorhizobium-Pararhizobium-Rhizobium	Bacteria
F16_Pyricularia	F16_Pyricularia	Fungi
B9_Methylobacterium	B9_Methylobacterium	Bacteria
B54_uncultured	B54_uncultured	Bacteria
B13_Aureimonas	B13_Aureimonas	Bacteria
F69_o_Pleosporales	F69_o_Pleosporales	Fungi
F972_o_Pleosporales	F972_o_Pleosporales	Fungi
F36_Moesziomyces	F36_Moesziomyces	Fungi
F81_Cladosporium	F81_Cladosporium	Fungi
B37_Allorhizobium-Neorhizobium-Pararhizobium-Rhizobium	B37_Allorhizobium-Neorhizobium-Pararhizobium-Rhizobium	Bacteria
B164_f_Burkholderiaceae	B164_f_Burkholderiaceae	Bacteria
B15_Sphingomonas	B15_Sphingomonas	Bacteria
B3835_Allorhizobium-Neorhizobium-Pararhizobium-Rhizobium	B3835_Allorhizobium-Neorhizobium-Pararhizobium-Rhizobium	Bacteria
F469_unidentified	F469_unidentified	Fungi
F72_unidentified	F72_unidentified	Fungi
F679_Stagonospora	F679_Stagonospora	Fungi
F983_Keissleriella	F983_Keissleriella	Fungi
B269_Pseudomonas	B269_Pseudomonas	Bacteria
B448_Lactococcus	B448_Lactococcus	Bacteria
B326_Bacillus	B326_Bacillus	Bacteria
F389_f_Sympoventuriaceae	F389_f_Sympoventuriaceae	Fungi
F759_unidentified	F759_unidentified	Fungi
F561_Vishniacozyma	F561_Vishniacozyma	Fungi
F116_Curvularia	F116_Curvularia	Fungi
F178_Schizopora	F178_Schizopora	Fungi
B209_Escherichia-Shigella	B209_Escherichia-Shigella	Bacteria
F508_Papiliotrema	F508_Papiliotrema	Fungi
B744_Allorhizobium-Neorhizobium-Pararhizobium-Rhizobium	B744_Allorhizobium-Neorhizobium-Pararhizobium-Rhizobium	Bacteria
B838_Pseudomonas	B838_Pseudomonas	Bacteria
B30_Sphingomonas	B30_Sphingomonas	Bacteria
B386_Rhodopseudomonas	B386_Rhodopseudomonas	Bacteria
F147_o_Pleosporales	F147_o_Pleosporales	Fungi
F127_Papiliotrema	F127_Papiliotrema	Fungi
F260_Schizopora	F260_Schizopora	Fungi
F1178_Filobasidium	F1178_Filobasidium	Fungi
B461_Acinetobacter	B461_Acinetobacter	Bacteria
B5381_Luteolibacter	B5381_Luteolibacter	Bacteria
B301_f_Microbacteriaceae	B301_f_Microbacteriaceae	Bacteria
F131_unidentified	F131_unidentified	Fungi
F54_Pyrenochaetopsis	F54_Pyrenochaetopsis	Fungi
F417_Paraphoma	F417_Paraphoma	Fungi
F33_unidentified	F33_unidentified	Fungi
F51_Papiliotrema	F51_Papiliotrema	Fungi
F207_o_Tremellales	F207_o_Tremellales	Fungi
B179_Mucilaginibacter	B179_Mucilaginibacter	Bacteria
F800_unidentified	F800_unidentified	Fungi
F494_Coprinellus	F494_Coprinellus	Fungi
F1443_Trichoderma	F1443_Trichoderma	Fungi
F2069_unidentified	F2069_unidentified	Fungi
F3114_Agrocybe	F3114_Agrocybe	Fungi
F880_unidentified	F880_unidentified	Fungi
F29_f_Didymellaceae	F29_f_Didymellaceae	Fungi
F220_Acremonium	F220_Acremonium	Fungi
F1730_unidentified	F1730_unidentified	Fungi
F2076_Ustilago	F2076_Ustilago	Fungi
F2449_o_NA	F2449_o_NA	Fungi
F76_o_Sordariales	F76_o_Sordariales	Fungi
F2888_Agaricus	F2888_Agaricus	Fungi
F1597_o_Chaetothyriales	F1597_o_Chaetothyriales	Fungi
F1062_Spencerozyma	F1062_Spencerozyma	Fungi
F1740_o_NA	F1740_o_NA	Fungi
F158_Diaporthe	F158_Diaporthe	Fungi
F418_Hannaella	F418_Hannaella	Fungi
F257_Papiliotrema	F257_Papiliotrema	Fungi
F525_Phyllozyma	F525_Phyllozyma	Fungi
F567_Ceriporia	F567_Ceriporia	Fungi
F583_Trichomerium	F583_Trichomerium	Fungi
F1104_Periconia	F1104_Periconia	Fungi
F276_Cercospora	F276_Cercospora	Fungi
F3606_Nemania	F3606_Nemania	Fungi
F130_Ramichloridium	F130_Ramichloridium	Fungi
B1831_o_NA	B1831_o_NA	Bacteria
B1229_Roseomonas	B1229_Roseomonas	Bacteria
B282_Acinetobacter	B282_Acinetobacter	Bacteria
B640_f_Intrasporangiaceae	B640_f_Intrasporangiaceae	Bacteria
B22_uncultured.Roseobacter.sp.	B22_uncultured.Roseobacter.sp.	Bacteria
B61_Rhodanobacter	B61_Rhodanobacter	Bacteria
B1122_Mucilaginibacter	B1122_Mucilaginibacter	Bacteria
B220_Burkholderia.Caballeronia.Paraburkholderia	B220_Burkholderia.Caballeronia.Paraburkholderia	Bacteria
B41_uncultured	B41_uncultured	Bacteria
B37_Allorhizobium.Neorhizobium.Pararhizobium.Rhizobium	B37_Allorhizobium.Neorhizobium.Pararhizobium.Rhizobium	Bacteria
B26_Bradyrhizobium	B26_Bradyrhizobium	Bacteria
B116_Geodermatophilus	B116_Geodermatophilus	Bacteria
B10_Allorhizobium.Neorhizobium.Pararhizobium.Rhizobium	B10_Allorhizobium.Neorhizobium.Pararhizobium.Rhizobium	Bacteria
B11_Xanthomonas	B11_Xanthomonas	Bacteria
B187_Clostridium.sensu.stricto.8	B187_Clostridium.sensu.stricto.8	Bacteria
B744_Allorhizobium.Neorhizobium.Pararhizobium.Rhizobium	B744_Allorhizobium.Neorhizobium.Pararhizobium.Rhizobium	Bacteria
B351_f_Burkholderiaceae	B351_f_Burkholderiaceae	Bacteria
B437_Escherichia.Shigella	B437_Escherichia.Shigella	Bacteria
B3897_Fibrisoma	B3897_Fibrisoma	Bacteria
B2044_f_Burkholderiaceae	B2044_f_Burkholderiaceae	Bacteria
B266_Allorhizobium.Neorhizobium.Pararhizobium.Rhizobium	B266_Allorhizobium.Neorhizobium.Pararhizobium.Rhizobium	Bacteria
B217_Burkholderia.Caballeronia.Paraburkholderia	B217_Burkholderia.Caballeronia.Paraburkholderia	Bacteria
B1670_1174.901.12	B1670_1174.901.12	Bacteria
B329_Paenibacillus	B329_Paenibacillus	Bacteria
B3507_uncultured.bacterium	B3507_uncultured.bacterium	Bacteria
B77_Allorhizobium.Neorhizobium.Pararhizobium.Rhizobium	B77_Allorhizobium.Neorhizobium.Pararhizobium.Rhizobium	Bacteria
B89_Burkholderia.Caballeronia.Paraburkholderia	B89_Burkholderia.Caballeronia.Paraburkholderia	Bacteria
B226_Burkholderia.Caballeronia.Paraburkholderia	B226_Burkholderia.Caballeronia.Paraburkholderia	Bacteria
B535_Burkholderia.Caballeronia.Paraburkholderia	B535_Burkholderia.Caballeronia.Paraburkholderia	Bacteria
B327_1174.901.12	B327_1174.901.12	Bacteria
B3835_Allorhizobium.Neorhizobium.Pararhizobium.Rhizobium	B3835_Allorhizobium.Neorhizobium.Pararhizobium.Rhizobium	Bacteria
B5916_f_Microbacteriaceae	B5916_f_Microbacteriaceae	Bacteria
B52_Allorhizobium.Neorhizobium.Pararhizobium.Rhizobium	B52_Allorhizobium.Neorhizobium.Pararhizobium.Rhizobium	Bacteria
B1649_f_Enterobacteriaceae	B1649_f_Enterobacteriaceae	Bacteria
B28_Burkholderia.Caballeronia.Paraburkholderia	B28_Burkholderia.Caballeronia.Paraburkholderia	Bacteria
B209_Escherichia.Shigella	B209_Escherichia.Shigella	Bacteria
B14_Burkholderia.Caballeronia.Paraburkholderia	B14_Burkholderia.Caballeronia.Paraburkholderia	Bacteria
B95_Allorhizobium.Neorhizobium.Pararhizobium.Rhizobium	B95_Allorhizobium.Neorhizobium.Pararhizobium.Rhizobium	Bacteria
B103_Burkholderia.Caballeronia.Paraburkholderia	B103_Burkholderia.Caballeronia.Paraburkholderia	Bacteria
F2011_unidentified	F2011_unidentified	Fungi
F1969_unidentified	F1969_unidentified	Fungi
F61_o_Pleosporales	F61_o_Pleosporales	Fungi
F169_Naganishia	F169_Naganishia	Fungi
F859_Botrytis	F859_Botrytis	Fungi
F74_f_Tilletiaceae	F74_f_Tilletiaceae	Fungi
F268_Sarocladium	F268_Sarocladium	Fungi
