id	label	Bacteria
B34_Bradyrhizobium	B34_Bradyrhizobium	Bacteria
B60_Rhizomicrobium	B60_Rhizomicrobium	Bacteria
B46_f_Rhodocyclaceae	B46_f_Rhodocyclaceae	Bacteria
B293_Ancalomicrobium	B293_Ancalomicrobium	Bacteria
B26_Bradyrhizobium	B26_Bradyrhizobium	Bacteria
B111_Allorhizobium-Neorhizobium-Pararhizobium-Rhizobium	B111_Allorhizobium-Neorhizobium-Pararhizobium-Rhizobium	Bacteria
B32_Bradyrhizobium	B32_Bradyrhizobium	Bacteria
B254_Pseudomonas	B254_Pseudomonas	Bacteria
B83_Bradyrhizobium	B83_Bradyrhizobium	Bacteria
B558_uncultured	B558_uncultured	Bacteria
B718_uncultured bacterium	B718_uncultured bacterium	Bacteria
B1719_Novosphingobium	B1719_Novosphingobium	Bacteria
B373_Niastella	B373_Niastella	Bacteria
B377_Prosthecobacter	B377_Prosthecobacter	Bacteria
B823_Dongia	B823_Dongia	Bacteria
B57_Streptomyces	B57_Streptomyces	Bacteria
B669_o_Vampirovibrionales	B669_o_Vampirovibrionales	Bacteria
B47_metagenome	B47_metagenome	Bacteria
B526_Aquisphaera	B526_Aquisphaera	Bacteria
B144_Bradyrhizobium	B144_Bradyrhizobium	Bacteria
B90_Variovorax	B90_Variovorax	Bacteria
B2953_Desulfovibrio	B2953_Desulfovibrio	Bacteria
B51_Anaerolinea	B51_Anaerolinea	Bacteria
B143_Bradyrhizobium	B143_Bradyrhizobium	Bacteria
B1140_uncultured	B1140_uncultured	Bacteria
B100_Chitinophaga	B100_Chitinophaga	Bacteria
B24_Bradyrhizobium	B24_Bradyrhizobium	Bacteria
B119_Acidibacter	B119_Acidibacter	Bacteria
B878_uncultured	B878_uncultured	Bacteria
B665_Pseudoxanthobacter sp. S50	B665_Pseudoxanthobacter sp. S50	Bacteria
B280_f_Acidobacteriaceae (Subgroup 1)	B280_f_Acidobacteriaceae (Subgroup 1)	Bacteria
F19_unidentified	F19_unidentified	Fungi
F2_Nigrospora	F2_Nigrospora	Fungi
B263_Sphingomonas	B263_Sphingomonas	Bacteria
B1724_metagenome	B1724_metagenome	Bacteria
B478_Chryseobacterium	B478_Chryseobacterium	Bacteria
B1051_Desulfovibrio	B1051_Desulfovibrio	Bacteria
B778_Mucilaginibacter	B778_Mucilaginibacter	Bacteria
B99_f_Burkholderiaceae	B99_f_Burkholderiaceae	Bacteria
B1338_Pseudolabrys	B1338_Pseudolabrys	Bacteria
B1974_Dongia	B1974_Dongia	Bacteria
F59_Podospora	F59_Podospora	Fungi
F481_unidentified	F481_unidentified	Fungi
F9_Chaetomium	F9_Chaetomium	Fungi
F77_o_NA	F77_o_NA	Fungi
B1602_Haliangium	B1602_Haliangium	Bacteria
B798_Devosia	B798_Devosia	Bacteria
B1652_f_Pedosphaeraceae	B1652_f_Pedosphaeraceae	Bacteria
B1015_uncultured	B1015_uncultured	Bacteria
B699_Asticcacaulis	B699_Asticcacaulis	Bacteria
F42_unidentified	F42_unidentified	Fungi
B3730_f_Sphingomonadaceae	B3730_f_Sphingomonadaceae	Bacteria
B1006_Prosthecobacter	B1006_Prosthecobacter	Bacteria
B141_Ciceribacter	B141_Ciceribacter	Bacteria
B2463_f_Clostridiaceae 1	B2463_f_Clostridiaceae 1	Bacteria
B84_Azospirillum	B84_Azospirillum	Bacteria
B213_Desulfovibrio	B213_Desulfovibrio	Bacteria
B125_Niveispirillum	B125_Niveispirillum	Bacteria
F631_unidentified	F631_unidentified	Fungi
F26_unidentified	F26_unidentified	Fungi
B313_Clostridium sensu stricto 8	B313_Clostridium sensu stricto 8	Bacteria
B527_Desulfovibrio	B527_Desulfovibrio	Bacteria
B686_Parvibaculum	B686_Parvibaculum	Bacteria
B959_Hydrogenispora	B959_Hydrogenispora	Bacteria
B630_Desulfobulbus	B630_Desulfobulbus	Bacteria
B397_Sulfurospirillum	B397_Sulfurospirillum	Bacteria
B726_Chryseobacterium	B726_Chryseobacterium	Bacteria
B611_metagenome	B611_metagenome	Bacteria
B240_Novosphingobium	B240_Novosphingobium	Bacteria
B909_f_Burkholderiaceae	B909_f_Burkholderiaceae	Bacteria
B298_Burkholderia-Caballeronia-Paraburkholderia	B298_Burkholderia-Caballeronia-Paraburkholderia	Bacteria
B40_Caulobacter	B40_Caulobacter	Bacteria
F29_f_Didymellaceae	F29_f_Didymellaceae	Fungi
B1767_Paludibaculum	B1767_Paludibaculum	Bacteria
B2248_Candidatus Solibacter	B2248_Candidatus Solibacter	Bacteria
B220_Burkholderia-Caballeronia-Paraburkholderia	B220_Burkholderia-Caballeronia-Paraburkholderia	Bacteria
B829_uncultured bacterium	B829_uncultured bacterium	Bacteria
B172_Sphingobium	B172_Sphingobium	Bacteria
B18_Herbaspirillum	B18_Herbaspirillum	Bacteria
B43_Sphingomonas	B43_Sphingomonas	Bacteria
F338_unidentified	F338_unidentified	Fungi
F166_Aspergillus	F166_Aspergillus	Fungi
B80_Bradyrhizobium	B80_Bradyrhizobium	Bacteria
B466_Allorhizobium-Neorhizobium-Pararhizobium-Rhizobium	B466_Allorhizobium-Neorhizobium-Pararhizobium-Rhizobium	Bacteria
B1188_o_Subgroup 7	B1188_o_Subgroup 7	Bacteria
F218_unidentified	F218_unidentified	Fungi
B107_o_NA	B107_o_NA	Bacteria
F186_unidentified	F186_unidentified	Fungi
F14_o_Pleosporales	F14_o_Pleosporales	Fungi
B925_Candidatus Accumulibacter	B925_Candidatus Accumulibacter	Bacteria
B79_uncultured	B79_uncultured	Bacteria
B658_Telmatospirillum	B658_Telmatospirillum	Bacteria
B589_Azorhizobium	B589_Azorhizobium	Bacteria
B1184_metagenome	B1184_metagenome	Bacteria
B357_Azospirillum	B357_Azospirillum	Bacteria
B56_Allorhizobium-Neorhizobium-Pararhizobium-Rhizobium	B56_Allorhizobium-Neorhizobium-Pararhizobium-Rhizobium	Bacteria
B1335_Chromobacterium	B1335_Chromobacterium	Bacteria
B2308_Hyphomicrobium	B2308_Hyphomicrobium	Bacteria
B25_uncultured prokaryote	B25_uncultured prokaryote	Bacteria
B1874_Pseudoflavitalea	B1874_Pseudoflavitalea	Bacteria
B2071_Chthoniobacter	B2071_Chthoniobacter	Bacteria
B1126_uncultured	B1126_uncultured	Bacteria
B777_Occallatibacter	B777_Occallatibacter	Bacteria
B1091_Dyella	B1091_Dyella	Bacteria
F37_unidentified	F37_unidentified	Fungi
F79_Ceratobasidium	F79_Ceratobasidium	Fungi
F296_unidentified	F296_unidentified	Fungi
B1899_uncultured	B1899_uncultured	Bacteria
B2474_o_NA	B2474_o_NA	Bacteria
B2760_o_NA	B2760_o_NA	Bacteria
B391_uncultured	B391_uncultured	Bacteria
B1044_Anaerobacterium	B1044_Anaerobacterium	Bacteria
B1130_f_Burkholderiaceae	B1130_f_Burkholderiaceae	Bacteria
B1345_f_Burkholderiaceae	B1345_f_Burkholderiaceae	Bacteria
B85_Mycobacterium	B85_Mycobacterium	Bacteria
B290_Novosphingobium	B290_Novosphingobium	Bacteria
B2183_f_Rhodocyclaceae	B2183_f_Rhodocyclaceae	Bacteria
B381_Rhodopseudomonas	B381_Rhodopseudomonas	Bacteria
B233_Geothrix	B233_Geothrix	Bacteria
B4790_Candidatus Paracaedibacter	B4790_Candidatus Paracaedibacter	Bacteria
B201_Massilia	B201_Massilia	Bacteria
B610_Ferribacterium	B610_Ferribacterium	Bacteria
B371_Dongia	B371_Dongia	Bacteria
B2051_uncultured	B2051_uncultured	Bacteria
B559_Spirochaeta 2	B559_Spirochaeta 2	Bacteria
B1133_metagenome	B1133_metagenome	Bacteria
B8_f_Rhizobiaceae	B8_f_Rhizobiaceae	Bacteria
B787_Lacunisphaera	B787_Lacunisphaera	Bacteria
B409_Hyphomicrobium	B409_Hyphomicrobium	Bacteria
B2281_uncultured Rhodospirillaceae bacterium	B2281_uncultured Rhodospirillaceae bacterium	Bacteria
B1583_o_Lineage IV	B1583_o_Lineage IV	Bacteria
B1109_f_Chitinophagaceae	B1109_f_Chitinophagaceae	Bacteria
B392_Allorhizobium-Neorhizobium-Pararhizobium-Rhizobium	B392_Allorhizobium-Neorhizobium-Pararhizobium-Rhizobium	Bacteria
B159_Chryseobacterium	B159_Chryseobacterium	Bacteria
B545_Terracidiphilus	B545_Terracidiphilus	Bacteria
B72_Allorhizobium-Neorhizobium-Pararhizobium-Rhizobium	B72_Allorhizobium-Neorhizobium-Pararhizobium-Rhizobium	Bacteria
B166_Sphingobium	B166_Sphingobium	Bacteria
B2148_Phaeodactylibacter	B2148_Phaeodactylibacter	Bacteria
B101_Filimonas	B101_Filimonas	Bacteria
B1172_Desulfobulbus	B1172_Desulfobulbus	Bacteria
B629_WCHB1-32	B629_WCHB1-32	Bacteria
B676_Propionivibrio	B676_Propionivibrio	Bacteria
B1222_Taonella	B1222_Taonella	Bacteria
B243_Ciceribacter	B243_Ciceribacter	Bacteria
B285_uncultured	B285_uncultured	Bacteria
B86_Sphingomonas	B86_Sphingomonas	Bacteria
B720_Dongia	B720_Dongia	Bacteria
B264_f_Burkholderiaceae	B264_f_Burkholderiaceae	Bacteria
B1316_Uliginosibacterium	B1316_Uliginosibacterium	Bacteria
B569_Niastella	B569_Niastella	Bacteria
F7_unidentified	F7_unidentified	Fungi
F143_unidentified	F143_unidentified	Fungi
F358_unidentified	F358_unidentified	Fungi
F70_unidentified	F70_unidentified	Fungi
F56_Arnium	F56_Arnium	Fungi
F25_Dimorphospora	F25_Dimorphospora	Fungi
F241_o_Tremellales	F241_o_Tremellales	Fungi
F15_o_Helotiales	F15_o_Helotiales	Fungi
F123_Thanatephorus	F123_Thanatephorus	Fungi
B423_Paludibaculum	B423_Paludibaculum	Bacteria
B354_Paraburkholderia tropica	B354_Paraburkholderia tropica	Bacteria
B385_o_Gastranaerophilales	B385_o_Gastranaerophilales	Bacteria
B65_o_RBG-13-54-9	B65_o_RBG-13-54-9	Bacteria
B2508_f_Fimbriimonadaceae	B2508_f_Fimbriimonadaceae	Bacteria
B410_bacterium enrichment culture clone auto67_4W	B410_bacterium enrichment culture clone auto67_4W	Bacteria
F41_Arnium	F41_Arnium	Fungi
F812_Fusarium	F812_Fusarium	Fungi
B281_Duganella	B281_Duganella	Bacteria
B756_Dongia	B756_Dongia	Bacteria
B226_Burkholderia-Caballeronia-Paraburkholderia	B226_Burkholderia-Caballeronia-Paraburkholderia	Bacteria
B1909_Pseudomonas	B1909_Pseudomonas	Bacteria
B486_Mycobacterium	B486_Mycobacterium	Bacteria
B951_Allorhizobium-Neorhizobium-Pararhizobium-Rhizobium	B951_Allorhizobium-Neorhizobium-Pararhizobium-Rhizobium	Bacteria
B2138_Niastella	B2138_Niastella	Bacteria
B342_Herbaspirillum	B342_Herbaspirillum	Bacteria
B337_uncultured	B337_uncultured	Bacteria
B2492_uncultured	B2492_uncultured	Bacteria
B2705_Bryobacter	B2705_Bryobacter	Bacteria
B859_Sphingomonas	B859_Sphingomonas	Bacteria
B480_Pseudomonas	B480_Pseudomonas	Bacteria
B106_Pseudolabrys	B106_Pseudolabrys	Bacteria
B426_f_Burkholderiaceae	B426_f_Burkholderiaceae	Bacteria
B316_uncultured Thermaerobacter sp.	B316_uncultured Thermaerobacter sp.	Bacteria
F96_unidentified	F96_unidentified	Fungi
B1588_metagenome	B1588_metagenome	Bacteria
B217_Burkholderia-Caballeronia-Paraburkholderia	B217_Burkholderia-Caballeronia-Paraburkholderia	Bacteria
F127_Papiliotrema	F127_Papiliotrema	Fungi
B1317_Desulfovirga	B1317_Desulfovirga	Bacteria
B245_f_Xanthobacteraceae	B245_f_Xanthobacteraceae	Bacteria
B165_Treponema	B165_Treponema	Bacteria
B1067_Uliginosibacterium	B1067_Uliginosibacterium	Bacteria
B1137_Geobacter	B1137_Geobacter	Bacteria
B1000_Desulfovibrio	B1000_Desulfovibrio	Bacteria
F254_o_Sordariales	F254_o_Sordariales	Fungi
F63_Thanatephorus	F63_Thanatephorus	Fungi
B3161_uncultured bacterium	B3161_uncultured bacterium	Bacteria
B1314_o_Saccharimonadales	B1314_o_Saccharimonadales	Bacteria
B439_Novosphingobium	B439_Novosphingobium	Bacteria
B1143_Candidatus Cardinium	B1143_Candidatus Cardinium	Bacteria
B542_f_Burkholderiaceae	B542_f_Burkholderiaceae	Bacteria
B2328_Asticcacaulis	B2328_Asticcacaulis	Bacteria
B239_Sporomusa	B239_Sporomusa	Bacteria
B1374_Dongia	B1374_Dongia	Bacteria
B754_f_Xanthobacteraceae	B754_f_Xanthobacteraceae	Bacteria
F323_unidentified	F323_unidentified	Fungi
F406_unidentified	F406_unidentified	Fungi
F3_Moesziomyces	F3_Moesziomyces	Fungi
F32_Tilletia	F32_Tilletia	Fungi
F6_Cladosporium	F6_Cladosporium	Fungi
F24_o_Helotiales	F24_o_Helotiales	Fungi
F194_Hannaella	F194_Hannaella	Fungi
B44_f_Xanthobacteraceae	B44_f_Xanthobacteraceae	Bacteria
B382_Desulfovirga	B382_Desulfovirga	Bacteria
B244_f_Xanthobacteraceae	B244_f_Xanthobacteraceae	Bacteria
B1080_uncultured bacterium	B1080_uncultured bacterium	Bacteria
F343_unidentified	F343_unidentified	Fungi
F394_unidentified	F394_unidentified	Fungi
F8_unidentified	F8_unidentified	Fungi
F114_unidentified	F114_unidentified	Fungi
F48_unidentified	F48_unidentified	Fungi
F4_o_Pleosporales	F4_o_Pleosporales	Fungi
F18_f_Phaeosphaeriaceae	F18_f_Phaeosphaeriaceae	Fungi
F120_Sporobolomyces	F120_Sporobolomyces	Fungi
F71_Papiliotrema	F71_Papiliotrema	Fungi
F51_Papiliotrema	F51_Papiliotrema	Fungi
F36_Moesziomyces	F36_Moesziomyces	Fungi
F268_Sarocladium	F268_Sarocladium	Fungi
F89_Aureobasidium	F89_Aureobasidium	Fungi
F5_Alternaria	F5_Alternaria	Fungi
F44_Zopfiella	F44_Zopfiella	Fungi
B1372_Polaromonas	B1372_Polaromonas	Bacteria
B199_f_Nocardioidaceae	B199_f_Nocardioidaceae	Bacteria
B664_Reyranella	B664_Reyranella	Bacteria
B1897_f_Pedosphaeraceae	B1897_f_Pedosphaeraceae	Bacteria
B716_f_Rhodanobacteraceae	B716_f_Rhodanobacteraceae	Bacteria
F108_unidentified	F108_unidentified	Fungi
B305_f_uncultured	B305_f_uncultured	Bacteria
B203_Chitinophaga	B203_Chitinophaga	Bacteria
F62_Mrakia	F62_Mrakia	Fungi
F97_o_Sordariales	F97_o_Sordariales	Fungi
B320_f_Burkholderiaceae	B320_f_Burkholderiaceae	Bacteria
B1630_Candidatus Paenicardinium	B1630_Candidatus Paenicardinium	Bacteria
B5577_Anaerolinea	B5577_Anaerolinea	Bacteria
B1867_Salinispira	B1867_Salinispira	Bacteria
B1792_Inquilinus	B1792_Inquilinus	Bacteria
F81_Cladosporium	F81_Cladosporium	Fungi
B918_Bacillus	B918_Bacillus	Bacteria
F69_o_Pleosporales	F69_o_Pleosporales	Fungi
F140_unidentified	F140_unidentified	Fungi
F204_Hannaella	F204_Hannaella	Fungi
F12_o_Pleosporales	F12_o_Pleosporales	Fungi
F116_Curvularia	F116_Curvularia	Fungi
F72_unidentified	F72_unidentified	Fungi
F55_f_Nectriaceae	F55_f_Nectriaceae	Fungi
B416_Pseudomonas	B416_Pseudomonas	Bacteria
B595_Lacunisphaera	B595_Lacunisphaera	Bacteria
B318_Caulobacter	B318_Caulobacter	Bacteria
F46_Microscypha	F46_Microscypha	Fungi
B508_Phenylobacterium	B508_Phenylobacterium	Bacteria
B312_Sphingobium	B312_Sphingobium	Bacteria
B221_f_Xanthobacteraceae	B221_f_Xanthobacteraceae	Bacteria
F573_unidentified	F573_unidentified	Fungi
B9_Methylobacterium	B9_Methylobacterium	Bacteria
B600_Kineosporia	B600_Kineosporia	Bacteria
B536_Azorhizobium	B536_Azorhizobium	Bacteria
B120_uncultured Anaerolineaceae bacterium	B120_uncultured Anaerolineaceae bacterium	Bacteria
B180_o_NA	B180_o_NA	Bacteria
F459_unidentified	F459_unidentified	Fungi
F286_unidentified	F286_unidentified	Fungi
F39_unidentified	F39_unidentified	Fungi
F13_Zopfiella	F13_Zopfiella	Fungi
B788_f_Clostridiaceae 1	B788_f_Clostridiaceae 1	Bacteria
F816_unidentified	F816_unidentified	Fungi
F943_unidentified	F943_unidentified	Fungi
B620_f_Micromonosporaceae	B620_f_Micromonosporaceae	Bacteria
B575_Actinomadura	B575_Actinomadura	Bacteria
B4504_Sphingomonas	B4504_Sphingomonas	Bacteria
B999_Ruminiclostridium 1	B999_Ruminiclostridium 1	Bacteria
B1098_Sphingobacterium	B1098_Sphingobacterium	Bacteria
B757_Mycobacterium	B757_Mycobacterium	Bacteria
B261_uncultured	B261_uncultured	Bacteria
B3842_Flexibacter	B3842_Flexibacter	Bacteria
F276_Cercospora	F276_Cercospora	Fungi
B91_o_NA	B91_o_NA	Bacteria
B38_uncultured prokaryote	B38_uncultured prokaryote	Bacteria
B307_Bacillus	B307_Bacillus	Bacteria
F311_unidentified	F311_unidentified	Fungi
B1703_Saccharum hybrid cultivar	B1703_Saccharum hybrid cultivar	Bacteria
B1344_Stenotrophomonas	B1344_Stenotrophomonas	Bacteria
B284_Pseudolabrys	B284_Pseudolabrys	Bacteria
B1232_Pseudomonas	B1232_Pseudomonas	Bacteria
F906_unidentified	F906_unidentified	Fungi
B4140_uncultured	B4140_uncultured	Bacteria
B2446_Chthoniobacter	B2446_Chthoniobacter	Bacteria
B7534_Alkaliphilus	B7534_Alkaliphilus	Bacteria
B351_f_Burkholderiaceae	B351_f_Burkholderiaceae	Bacteria
B1_Pantoea	B1_Pantoea	Bacteria
B1954_Inquilinus	B1954_Inquilinus	Bacteria
F746_unidentified	F746_unidentified	Fungi
B212_Acidovorax	B212_Acidovorax	Bacteria
F256_Chalara	F256_Chalara	Fungi
B294_Geothrix	B294_Geothrix	Bacteria
F266_unidentified	F266_unidentified	Fungi
B1103_Sphingobium	B1103_Sphingobium	Bacteria
B2368_Geobacter	B2368_Geobacter	Bacteria
B654_uncultured	B654_uncultured	Bacteria
B173_uncultured planctomycete	B173_uncultured planctomycete	Bacteria
B976_Clostridium sensu stricto 1	B976_Clostridium sensu stricto 1	Bacteria
B1803_Hyphomicrobium	B1803_Hyphomicrobium	Bacteria
B142_Ellin6067	B142_Ellin6067	Bacteria
B154_f_Micrococcaceae	B154_f_Micrococcaceae	Bacteria
F195_Cistella	F195_Cistella	Fungi
B413_f_Micrococcaceae	B413_f_Micrococcaceae	Bacteria
F331_o_Helotiales	F331_o_Helotiales	Fungi
F554_unidentified	F554_unidentified	Fungi
F325_unidentified	F325_unidentified	Fungi
F446_unidentified	F446_unidentified	Fungi
F17_o_Pleosporales	F17_o_Pleosporales	Fungi
F376_Gibellulopsis	F376_Gibellulopsis	Fungi
F177_unidentified	F177_unidentified	Fungi
F595_unidentified	F595_unidentified	Fungi
B891_Streptomyces	B891_Streptomyces	Bacteria
F349_Biappendiculispora	F349_Biappendiculispora	Fungi
F416_unidentified	F416_unidentified	Fungi
B326_Bacillus	B326_Bacillus	Bacteria
F207_o_Tremellales	F207_o_Tremellales	Fungi
B624_Ornithinimicrobium	B624_Ornithinimicrobium	Bacteria
F310_unidentified	F310_unidentified	Fungi
F447_unidentified	F447_unidentified	Fungi
F65_Sarocladium	F65_Sarocladium	Fungi
F28_f_Hypocreales_fam_Incertae_sedis	F28_f_Hypocreales_fam_Incertae_sedis	Fungi
B2090_o_NA	B2090_o_NA	Bacteria
B3983_uncultured.Roseobacter.sp.	B3983_uncultured.Roseobacter.sp.	Bacteria
B211_o_SBR1031	B211_o_SBR1031	Bacteria
B3985_f_Sphingobacteriaceae	B3985_f_Sphingobacteriaceae	Bacteria
B3769_f_Simkaniaceae	B3769_f_Simkaniaceae	Bacteria
B139_RBG.16.58.14	B139_RBG.16.58.14	Bacteria
B625_uncultured.Caldilineaceae.bacterium	B625_uncultured.Caldilineaceae.bacterium	Bacteria
B1666_uncultured.bacterium	B1666_uncultured.bacterium	Bacteria
B1269_Ancalomicrobium	B1269_Ancalomicrobium	Bacteria
B619_Leptolinea	B619_Leptolinea	Bacteria
B1515_o_NA	B1515_o_NA	Bacteria
B2602_uncultured	B2602_uncultured	Bacteria
B1022_Candidatus.Cardinium	B1022_Candidatus.Cardinium	Bacteria
B1036_f_Pedosphaeraceae	B1036_f_Pedosphaeraceae	Bacteria
B952_o_NA	B952_o_NA	Bacteria
B926_uncultured	B926_uncultured	Bacteria
B4334_f_Fimbriimonadaceae	B4334_f_Fimbriimonadaceae	Bacteria
B2932_Fimbriiglobus	B2932_Fimbriiglobus	Bacteria
B4573_uncultured.bacterium	B4573_uncultured.bacterium	Bacteria
B5449_Novosphingobium	B5449_Novosphingobium	Bacteria
B64_Rhizomicrobium	B64_Rhizomicrobium	Bacteria
B1057_o_NA	B1057_o_NA	Bacteria
B925_Candidatus.Accumulibacter	B925_Candidatus.Accumulibacter	Bacteria
B49_Anaerolinea	B49_Anaerolinea	Bacteria
B65_o_RBG.13.54.9	B65_o_RBG.13.54.9	Bacteria
B123_uncultured	B123_uncultured	Bacteria
B2123_uncultured.Myxococcales.bacterium	B2123_uncultured.Myxococcales.bacterium	Bacteria
B229_Dysgonomonas	B229_Dysgonomonas	Bacteria
B438_Geobacter	B438_Geobacter	Bacteria
B313_Clostridium.sensu.stricto.8	B313_Clostridium.sensu.stricto.8	Bacteria
B136_Hydrogenispora	B136_Hydrogenispora	Bacteria
B358_uncultured	B358_uncultured	Bacteria
B684_Clostridium.sensu.stricto.1	B684_Clostridium.sensu.stricto.1	Bacteria
B652_Clostridium.sensu.stricto.5	B652_Clostridium.sensu.stricto.5	Bacteria
B2463_f_Clostridiaceae.1	B2463_f_Clostridiaceae.1	Bacteria
B1569_MM1	B1569_MM1	Bacteria
B3161_uncultured.bacterium	B3161_uncultured.bacterium	Bacteria
B220_Burkholderia.Caballeronia.Paraburkholderia	B220_Burkholderia.Caballeronia.Paraburkholderia	Bacteria
B1251_Dokdonella	B1251_Dokdonella	Bacteria
B176_uncultured.bacterium	B176_uncultured.bacterium	Bacteria
B1143_Candidatus.Cardinium	B1143_Candidatus.Cardinium	Bacteria
B1507_Chryseobacterium	B1507_Chryseobacterium	Bacteria
B73_f_Blastocatellaceae	B73_f_Blastocatellaceae	Bacteria
B410_bacterium.enrichment.culture.clone.auto67_4W	B410_bacterium.enrichment.culture.clone.auto67_4W	Bacteria
B4147_uncultured	B4147_uncultured	Bacteria
B1422_Novosphingobium	B1422_Novosphingobium	Bacteria
B2504_Clostridium.sensu.stricto.9	B2504_Clostridium.sensu.stricto.9	Bacteria
B67_uncultured	B67_uncultured	Bacteria
B1709_uncultured	B1709_uncultured	Bacteria
B379_f_Micrococcaceae	B379_f_Micrococcaceae	Bacteria
B642_uncultured	B642_uncultured	Bacteria
B718_uncultured.bacterium	B718_uncultured.bacterium	Bacteria
B617_Bdellovibrio	B617_Bdellovibrio	Bacteria
B1630_Candidatus.Paenicardinium	B1630_Candidatus.Paenicardinium	Bacteria
B66_GOUTA6	B66_GOUTA6	Bacteria
B4069_o_OPB56	B4069_o_OPB56	Bacteria
B590_uncultured.Desulfuromonadales.bacterium	B590_uncultured.Desulfuromonadales.bacterium	Bacteria
B594_metagenome	B594_metagenome	Bacteria
B1584_Opitutus	B1584_Opitutus	Bacteria
B160_Anaerolinea	B160_Anaerolinea	Bacteria
B2248_Candidatus.Solibacter	B2248_Candidatus.Solibacter	Bacteria
B2797_Mesorhizobium	B2797_Mesorhizobium	Bacteria
B649_Dactylosporangium	B649_Dactylosporangium	Bacteria
B1493_Mycobacterium	B1493_Mycobacterium	Bacteria
B4790_Candidatus.Paracaedibacter	B4790_Candidatus.Paracaedibacter	Bacteria
B104_uncultured.bacterium	B104_uncultured.bacterium	Bacteria
B829_uncultured.bacterium	B829_uncultured.bacterium	Bacteria
B970_Allorhizobium.Neorhizobium.Pararhizobium.Rhizobium	B970_Allorhizobium.Neorhizobium.Pararhizobium.Rhizobium	Bacteria
B111_Allorhizobium.Neorhizobium.Pararhizobium.Rhizobium	B111_Allorhizobium.Neorhizobium.Pararhizobium.Rhizobium	Bacteria
B3826_Niastella	B3826_Niastella	Bacteria
B259_uncultured	B259_uncultured	Bacteria
B102_f_Xanthobacteraceae	B102_f_Xanthobacteraceae	Bacteria
B559_Spirochaeta.2	B559_Spirochaeta.2	Bacteria
B1916_uncultured	B1916_uncultured	Bacteria
B1703_Saccharum.hybrid.cultivar	B1703_Saccharum.hybrid.cultivar	Bacteria
B1582_Pedobacter	B1582_Pedobacter	Bacteria
B4362_Reyranella	B4362_Reyranella	Bacteria
B59_Terrabacter	B59_Terrabacter	Bacteria
B466_Allorhizobium.Neorhizobium.Pararhizobium.Rhizobium	B466_Allorhizobium.Neorhizobium.Pararhizobium.Rhizobium	Bacteria
B999_Ruminiclostridium.1	B999_Ruminiclostridium.1	Bacteria
B50_Thiobacillus	B50_Thiobacillus	Bacteria
B217_Burkholderia.Caballeronia.Paraburkholderia	B217_Burkholderia.Caballeronia.Paraburkholderia	Bacteria
B193_Sideroxydans	B193_Sideroxydans	Bacteria
B2281_uncultured.Rhodospirillaceae.bacterium	B2281_uncultured.Rhodospirillaceae.bacterium	Bacteria
B1583_o_Lineage.IV	B1583_o_Lineage.IV	Bacteria
B3642_Sphingomonas	B3642_Sphingomonas	Bacteria
B392_Allorhizobium.Neorhizobium.Pararhizobium.Rhizobium	B392_Allorhizobium.Neorhizobium.Pararhizobium.Rhizobium	Bacteria
B659_f_Burkholderiaceae	B659_f_Burkholderiaceae	Bacteria
B150_RBG.16.58.14	B150_RBG.16.58.14	Bacteria
B2562_o_NA	B2562_o_NA	Bacteria
B72_Allorhizobium.Neorhizobium.Pararhizobium.Rhizobium	B72_Allorhizobium.Neorhizobium.Pararhizobium.Rhizobium	Bacteria
B976_Clostridium.sensu.stricto.1	B976_Clostridium.sensu.stricto.1	Bacteria
B226_Burkholderia.Caballeronia.Paraburkholderia	B226_Burkholderia.Caballeronia.Paraburkholderia	Bacteria
B56_Allorhizobium.Neorhizobium.Pararhizobium.Rhizobium	B56_Allorhizobium.Neorhizobium.Pararhizobium.Rhizobium	Bacteria
B1080_uncultured.bacterium	B1080_uncultured.bacterium	Bacteria
B482_Hydrogenispora	B482_Hydrogenispora	Bacteria
B629_WCHB1.32	B629_WCHB1.32	Bacteria
B105_Anaeromyxobacter	B105_Anaeromyxobacter	Bacteria
B788_f_Clostridiaceae.1	B788_f_Clostridiaceae.1	Bacteria
B25_uncultured.prokaryote	B25_uncultured.prokaryote	Bacteria
B665_Pseudoxanthobacter.sp..S50	B665_Pseudoxanthobacter.sp..S50	Bacteria
B280_f_Acidobacteriaceae..Subgroup.1.	B280_f_Acidobacteriaceae..Subgroup.1.	Bacteria
B354_Paraburkholderia.tropica	B354_Paraburkholderia.tropica	Bacteria
B951_Allorhizobium.Neorhizobium.Pararhizobium.Rhizobium	B951_Allorhizobium.Neorhizobium.Pararhizobium.Rhizobium	Bacteria
B298_Burkholderia.Caballeronia.Paraburkholderia	B298_Burkholderia.Caballeronia.Paraburkholderia	Bacteria
B467_Lactococcus	B467_Lactococcus	Bacteria
B632_f_Micrococcaceae	B632_f_Micrococcaceae	Bacteria
B128_Thiobacillus	B128_Thiobacillus	Bacteria
B234_f_Cellulomonadaceae	B234_f_Cellulomonadaceae	Bacteria
F61_o_Pleosporales	F61_o_Pleosporales	Fungi
F782_unidentified	F782_unidentified	Fungi
F483_unidentified	F483_unidentified	Fungi
F428_unidentified	F428_unidentified	Fungi
F453_unidentified	F453_unidentified	Fungi
