id	label	Bacteria
B30_Sphingomonas	B30_Sphingomonas	Bacteria
B1738_uncultured Termite group 1 bacterium	B1738_uncultured Termite group 1 bacterium	Bacteria
F74_f_Tilletiaceae	F74_f_Tilletiaceae	Fungi
F51_Papiliotrema	F51_Papiliotrema	Fungi
F28_f_Hypocreales_fam_Incertae_sedis	F28_f_Hypocreales_fam_Incertae_sedis	Fungi
B2301_Delftia	B2301_Delftia	Bacteria
B1388_Lawsonella	B1388_Lawsonella	Bacteria
B494_Brevundimonas	B494_Brevundimonas	Bacteria
B269_Pseudomonas	B269_Pseudomonas	Bacteria
B329_Paenibacillus	B329_Paenibacillus	Bacteria
B2282_Staphylococcus	B2282_Staphylococcus	Bacteria
B873_f_Enterobacteriaceae	B873_f_Enterobacteriaceae	Bacteria
B541_Achromobacter	B541_Achromobacter	Bacteria
B2201_Staphylococcus	B2201_Staphylococcus	Bacteria
B467_Lactococcus	B467_Lactococcus	Bacteria
B646_Leuconostoc	B646_Leuconostoc	Bacteria
B725_Lactococcus	B725_Lactococcus	Bacteria
F620_Candida	F620_Candida	Fungi
F1203_Amanita	F1203_Amanita	Fungi
F38_Pseudeurotium	F38_Pseudeurotium	Fungi
F85_Fusarium	F85_Fusarium	Fungi
B26_Bradyrhizobium	B26_Bradyrhizobium	Bacteria
B919_f_Burkholderiaceae	B919_f_Burkholderiaceae	Bacteria
B1612_uncultured organism	B1612_uncultured organism	Bacteria
B1610_Clostridium sensu stricto 10	B1610_Clostridium sensu stricto 10	Bacteria
B930_Achromobacter	B930_Achromobacter	Bacteria
B2780_f_Burkholderiaceae	B2780_f_Burkholderiaceae	Bacteria
B1776_Cloacibacterium	B1776_Cloacibacterium	Bacteria
B209_Escherichia-Shigella	B209_Escherichia-Shigella	Bacteria
B2263_Rhodococcus	B2263_Rhodococcus	Bacteria
B2454_f_Intrasporangiaceae	B2454_f_Intrasporangiaceae	Bacteria
F4665_Talaromyces	F4665_Talaromyces	Fungi
F147_o_Pleosporales	F147_o_Pleosporales	Fungi
F2963_Eutypella	F2963_Eutypella	Fungi
F178_Schizopora	F178_Schizopora	Fungi
B9780_Actinospica	B9780_Actinospica	Bacteria
B144_Bradyrhizobium	B144_Bradyrhizobium	Bacteria
B1367_f_Burkholderiaceae	B1367_f_Burkholderiaceae	Bacteria
B437_Escherichia-Shigella	B437_Escherichia-Shigella	Bacteria
B2787_f_Burkholderiaceae	B2787_f_Burkholderiaceae	Bacteria
B553_Devosia	B553_Devosia	Bacteria
B17_Methylobacterium	B17_Methylobacterium	Bacteria
B15_Sphingomonas	B15_Sphingomonas	Bacteria
B43_Sphingomonas	B43_Sphingomonas	Bacteria
B254_Pseudomonas	B254_Pseudomonas	Bacteria
B6142_Bacillus	B6142_Bacillus	Bacteria
B7_Curtobacterium	B7_Curtobacterium	Bacteria
B2627_Pseudomonas	B2627_Pseudomonas	Bacteria
B2610_Taibaiella	B2610_Taibaiella	Bacteria
F258_Nigrospora	F258_Nigrospora	Fungi
F348_Yuchengia	F348_Yuchengia	Fungi
F3986_unidentified	F3986_unidentified	Fungi
F605_o_Pleosporales	F605_o_Pleosporales	Fungi
F13_Zopfiella	F13_Zopfiella	Fungi
F93_Gaeumannomyces	F93_Gaeumannomyces	Fungi
F199_Aureobasidium	F199_Aureobasidium	Fungi
F285_Tetraplosphaeria	F285_Tetraplosphaeria	Fungi
B2236_Pseudopedobacter	B2236_Pseudopedobacter	Bacteria
B10276_uncultured bacterium	B10276_uncultured bacterium	Bacteria
B3246_Sphingobacterium	B3246_Sphingobacterium	Bacteria
B222_Kineococcus	B222_Kineococcus	Bacteria
B607_Dietzia	B607_Dietzia	Bacteria
B6141_Atopostipes	B6141_Atopostipes	Bacteria
B918_Bacillus	B918_Bacillus	Bacteria
B317_Brevundimonas	B317_Brevundimonas	Bacteria
F4899_Mycena	F4899_Mycena	Fungi
F4998_o_NA	F4998_o_NA	Fungi
F888_Phellinus	F888_Phellinus	Fungi
F3_Moesziomyces	F3_Moesziomyces	Fungi
F5318_Monascus	F5318_Monascus	Fungi
F708_Elmerina	F708_Elmerina	Fungi
F429_Bjerkandera	F429_Bjerkandera	Fungi
F918_o_NA	F918_o_NA	Fungi
B338_uncultured bacterium	B338_uncultured bacterium	Bacteria
B98_Sphingomonas	B98_Sphingomonas	Bacteria
B16_Sphingomonas	B16_Sphingomonas	Bacteria
B354_Paraburkholderia tropica	B354_Paraburkholderia tropica	Bacteria
B1_Pantoea	B1_Pantoea	Bacteria
F16_Pyricularia	F16_Pyricularia	Fungi
F20_Edenia	F20_Edenia	Fungi
F45_f_Didymellaceae	F45_f_Didymellaceae	Fungi
B115_Candidatus Nasuia	B115_Candidatus Nasuia	Bacteria
B6474_Diplorickettsia	B6474_Diplorickettsia	Bacteria
B425_Candidatus Sulcia	B425_Candidatus Sulcia	Bacteria
B2427_f_Sphingobacteriaceae	B2427_f_Sphingobacteriaceae	Bacteria
B23_f_Burkholderiaceae	B23_f_Burkholderiaceae	Bacteria
B11_Xanthomonas	B11_Xanthomonas	Bacteria
B76_Methylobacterium	B76_Methylobacterium	Bacteria
B29_Methylobacterium	B29_Methylobacterium	Bacteria
B89_Burkholderia-Caballeronia-Paraburkholderia	B89_Burkholderia-Caballeronia-Paraburkholderia	Bacteria
B35_Methylobacterium	B35_Methylobacterium	Bacteria
B28_Burkholderia-Caballeronia-Paraburkholderia	B28_Burkholderia-Caballeronia-Paraburkholderia	Bacteria
B14_Burkholderia-Caballeronia-Paraburkholderia	B14_Burkholderia-Caballeronia-Paraburkholderia	Bacteria
B103_Burkholderia-Caballeronia-Paraburkholderia	B103_Burkholderia-Caballeronia-Paraburkholderia	Bacteria
B4_Pantoea	B4_Pantoea	Bacteria
F48_unidentified	F48_unidentified	Fungi
F117_Saitozyma	F117_Saitozyma	Fungi
F4_o_Pleosporales	F4_o_Pleosporales	Fungi
F50_Thanatephorus	F50_Thanatephorus	Fungi
F250_Pseudopithomyces	F250_Pseudopithomyces	Fungi
B500_Pseudomonas	B500_Pseudomonas	Bacteria
B6_Sphingomonas	B6_Sphingomonas	Bacteria
B2_Methylobacterium	B2_Methylobacterium	Bacteria
B187_Clostridium sensu stricto 8	B187_Clostridium sensu stricto 8	Bacteria
B54_uncultured	B54_uncultured	Bacteria
B448_Lactococcus	B448_Lactococcus	Bacteria
B1017_Clostridium sensu stricto 3	B1017_Clostridium sensu stricto 3	Bacteria
B326_Bacillus	B326_Bacillus	Bacteria
F5_Alternaria	F5_Alternaria	Fungi
B67_uncultured	B67_uncultured	Bacteria
B1646_Asinibacterium	B1646_Asinibacterium	Bacteria
B2818_Sphingomonas	B2818_Sphingomonas	Bacteria
F488_Penicillium	F488_Penicillium	Fungi
F109_o_Pleosporales	F109_o_Pleosporales	Fungi
B2092_o_Betaproteobacteriales	B2092_o_Betaproteobacteriales	Bacteria
B2039_Stenotrophomonas	B2039_Stenotrophomonas	Bacteria
B19_Xanthomonas	B19_Xanthomonas	Bacteria
B78_Sphingomonas	B78_Sphingomonas	Bacteria
F115_unidentified	F115_unidentified	Fungi
F2_Nigrospora	F2_Nigrospora	Fungi
B41_uncultured	B41_uncultured	Bacteria
B1236_uncultured Roseobacter sp.	B1236_uncultured Roseobacter sp.	Bacteria
B381_Rhodopseudomonas	B381_Rhodopseudomonas	Bacteria
B617_Bdellovibrio	B617_Bdellovibrio	Bacteria
B1768_o_NA	B1768_o_NA	Bacteria
B37_Allorhizobium-Neorhizobium-Pararhizobium-Rhizobium	B37_Allorhizobium-Neorhizobium-Pararhizobium-Rhizobium	Bacteria
B36_Stenotrophomonas	B36_Stenotrophomonas	Bacteria
B48_Luteibacter	B48_Luteibacter	Bacteria
B93_Pedobacter	B93_Pedobacter	Bacteria
B1102_Pseudoxanthomonas	B1102_Pseudoxanthomonas	Bacteria
B907_Terriglobus	B907_Terriglobus	Bacteria
B110_Roseateles	B110_Roseateles	Bacteria
B1511_Stenotrophomonas	B1511_Stenotrophomonas	Bacteria
B327_1174-901-12	B327_1174-901-12	Bacteria
B18_Herbaspirillum	B18_Herbaspirillum	Bacteria
B366_Allorhizobium-Neorhizobium-Pararhizobium-Rhizobium	B366_Allorhizobium-Neorhizobium-Pararhizobium-Rhizobium	Bacteria
B889_Allorhizobium-Neorhizobium-Pararhizobium-Rhizobium	B889_Allorhizobium-Neorhizobium-Pararhizobium-Rhizobium	Bacteria
F114_unidentified	F114_unidentified	Fungi
F226_Saitozyma	F226_Saitozyma	Fungi
F27_Curvularia	F27_Curvularia	Fungi
F116_Curvularia	F116_Curvularia	Fungi
F72_unidentified	F72_unidentified	Fungi
F53_Pyrenochaetopsis	F53_Pyrenochaetopsis	Fungi
B6046_Burkholderia-Caballeronia-Paraburkholderia	B6046_Burkholderia-Caballeronia-Paraburkholderia	Bacteria
B10228_Defluviicoccus	B10228_Defluviicoccus	Bacteria
B1016_Hydrogenispora	B1016_Hydrogenispora	Bacteria
B503_Escherichia-Shigella	B503_Escherichia-Shigella	Bacteria
F88_unidentified	F88_unidentified	Fungi
F260_Schizopora	F260_Schizopora	Fungi
B705_f_Sphingomonadaceae	B705_f_Sphingomonadaceae	Bacteria
B776_Lactococcus	B776_Lactococcus	Bacteria
B162_Asticcacaulis	B162_Asticcacaulis	Bacteria
F12_o_Pleosporales	F12_o_Pleosporales	Fungi
B27_Mucilaginibacter	B27_Mucilaginibacter	Bacteria
F131_unidentified	F131_unidentified	Fungi
B1643_uncultured eubacterium WD264	B1643_uncultured eubacterium WD264	Bacteria
B208_Singulisphaera	B208_Singulisphaera	Bacteria
F54_Pyrenochaetopsis	F54_Pyrenochaetopsis	Fungi
F47_f_Phaeosphaeriaceae	F47_f_Phaeosphaeriaceae	Fungi
F81_Cladosporium	F81_Cladosporium	Fungi
B1556_Pseudomonas	B1556_Pseudomonas	Bacteria
F310_unidentified	F310_unidentified	Fungi
B8_f_Rhizobiaceae	B8_f_Rhizobiaceae	Bacteria
F321_Curvularia	F321_Curvularia	Fungi
F508_Papiliotrema	F508_Papiliotrema	Fungi
F29_f_Didymellaceae	F29_f_Didymellaceae	Fungi
B260_Pseudomonas	B260_Pseudomonas	Bacteria
B4462_Dysgonomonas	B4462_Dysgonomonas	Bacteria
B32_Bradyrhizobium	B32_Bradyrhizobium	Bacteria
B3875_Lactobacillus	B3875_Lactobacillus	Bacteria
B679_Georgenia	B679_Georgenia	Bacteria
B737_Pseudomonas	B737_Pseudomonas	Bacteria
B81_Stenotrophomonas	B81_Stenotrophomonas	Bacteria
B928_Anaerobacillus	B928_Anaerobacillus	Bacteria
B664_Reyranella	B664_Reyranella	Bacteria
B31_Quadrisphaera	B31_Quadrisphaera	Bacteria
B265_Deinococcus	B265_Deinococcus	Bacteria
B10_Allorhizobium-Neorhizobium-Pararhizobium-Rhizobium	B10_Allorhizobium-Neorhizobium-Pararhizobium-Rhizobium	Bacteria
B5965_Devosia	B5965_Devosia	Bacteria
F18_f_Phaeosphaeriaceae	F18_f_Phaeosphaeriaceae	Fungi
F600_Penicillium	F600_Penicillium	Fungi
B3263_Azospira	B3263_Azospira	Bacteria
F166_Aspergillus	F166_Aspergillus	Fungi
B9_Methylobacterium	B9_Methylobacterium	Bacteria
B1151_Pseudomonas	B1151_Pseudomonas	Bacteria
B7177_Mycobacterium	B7177_Mycobacterium	Bacteria
B4803_Enterococcus	B4803_Enterococcus	Bacteria
B5437_Janthinobacterium	B5437_Janthinobacterium	Bacteria
B9681_Antricoccus	B9681_Antricoccus	Bacteria
B13_Aureimonas	B13_Aureimonas	Bacteria
F1884_Yuchengia	F1884_Yuchengia	Fungi
F1164_Antrodiella	F1164_Antrodiella	Fungi
F1322_unidentified	F1322_unidentified	Fungi
B2089_Rubrobacter	B2089_Rubrobacter	Bacteria
F5773_Dimorphospora	F5773_Dimorphospora	Fungi
F2562_Trechispora	F2562_Trechispora	Fungi
F22_Setophoma	F22_Setophoma	Fungi
F136_f_Didymosphaeriaceae	F136_f_Didymosphaeriaceae	Fungi
B3417_Brevibacillus	B3417_Brevibacillus	Bacteria
F43_o_Sebacinales	F43_o_Sebacinales	Fungi
F385_Coprinellus	F385_Coprinellus	Fungi
F6_Cladosporium	F6_Cladosporium	Fungi
B1173_Devosia	B1173_Devosia	Bacteria
B386_Rhodopseudomonas	B386_Rhodopseudomonas	Bacteria
B58_Rhodanobacter	B58_Rhodanobacter	Bacteria
F69_o_Pleosporales	F69_o_Pleosporales	Fungi
B888_Chryseobacterium	B888_Chryseobacterium	Bacteria
B4468_Stenotrophomonas	B4468_Stenotrophomonas	Bacteria
F71_Papiliotrema	F71_Papiliotrema	Fungi
B95_Allorhizobium-Neorhizobium-Pararhizobium-Rhizobium	B95_Allorhizobium-Neorhizobium-Pararhizobium-Rhizobium	Bacteria
F2371_unidentified	F2371_unidentified	Fungi
F21_Acremonium	F21_Acremonium	Fungi
F800_unidentified	F800_unidentified	Fungi
F1008_Penicillium	F1008_Penicillium	Fungi
B1160_Pseudoxanthomonas	B1160_Pseudoxanthomonas	Bacteria
B1476_Methylobacterium	B1476_Methylobacterium	Bacteria
F292_Engyodontium	F292_Engyodontium	Fungi
F36_Moesziomyces	F36_Moesziomyces	Fungi
F360_Papiliotrema	F360_Papiliotrema	Fungi
B3_Sphingomonas	B3_Sphingomonas	Bacteria
F257_Papiliotrema	F257_Papiliotrema	Fungi
F972_o_Pleosporales	F972_o_Pleosporales	Fungi
F76_o_Sordariales	F76_o_Sordariales	Fungi
F89_Aureobasidium	F89_Aureobasidium	Fungi
F468_Keissleriella	F468_Keissleriella	Fungi
B8942_Anaeromyxobacter	B8942_Anaeromyxobacter	Bacteria
B2364_f_Burkholderiaceae	B2364_f_Burkholderiaceae	Bacteria
B10639_uncultured.bacterium	B10639_uncultured.bacterium	Bacteria
B8381_Mycoplasma	B8381_Mycoplasma	Bacteria
B3256_Singulisphaera	B3256_Singulisphaera	Bacteria
B276_Leifsonia	B276_Leifsonia	Bacteria
B282_Acinetobacter	B282_Acinetobacter	Bacteria
B34_Bradyrhizobium	B34_Bradyrhizobium	Bacteria
B22_uncultured.Roseobacter.sp.	B22_uncultured.Roseobacter.sp.	Bacteria
B87_Mucilaginibacter	B87_Mucilaginibacter	Bacteria
B12039_Rhabdobacter	B12039_Rhabdobacter	Bacteria
B115_Candidatus.Nasuia	B115_Candidatus.Nasuia	Bacteria
B1786_Allorhizobium.Neorhizobium.Pararhizobium.Rhizobium	B1786_Allorhizobium.Neorhizobium.Pararhizobium.Rhizobium	Bacteria
B7061_Jeotgalicoccus	B7061_Jeotgalicoccus	Bacteria
B6046_Burkholderia.Caballeronia.Paraburkholderia	B6046_Burkholderia.Caballeronia.Paraburkholderia	Bacteria
B8400_Gardnerella	B8400_Gardnerella	Bacteria
B2827_Rubritepida	B2827_Rubritepida	Bacteria
B1236_uncultured.Roseobacter.sp.	B1236_uncultured.Roseobacter.sp.	Bacteria
B10012_Flaviaesturariibacter	B10012_Flaviaesturariibacter	Bacteria
B425_Candidatus.Sulcia	B425_Candidatus.Sulcia	Bacteria
B626_Pseudomonas	B626_Pseudomonas	Bacteria
B10276_uncultured.bacterium	B10276_uncultured.bacterium	Bacteria
B71_Methylobacterium	B71_Methylobacterium	Bacteria
B37_Allorhizobium.Neorhizobium.Pararhizobium.Rhizobium	B37_Allorhizobium.Neorhizobium.Pararhizobium.Rhizobium	Bacteria
B735_uncultured.bacterium	B735_uncultured.bacterium	Bacteria
B11737_o_NA	B11737_o_NA	Bacteria
B464_Pseudomonas	B464_Pseudomonas	Bacteria
B5_Pseudomonas	B5_Pseudomonas	Bacteria
B6987_Sporomusa	B6987_Sporomusa	Bacteria
B10_Allorhizobium.Neorhizobium.Pararhizobium.Rhizobium	B10_Allorhizobium.Neorhizobium.Pararhizobium.Rhizobium	Bacteria
B717_Acinetobacter	B717_Acinetobacter	Bacteria
B187_Clostridium.sensu.stricto.8	B187_Clostridium.sensu.stricto.8	Bacteria
B9627_Nocardioides	B9627_Nocardioides	Bacteria
B1612_uncultured.organism	B1612_uncultured.organism	Bacteria
B202_f_Burkholderiaceae	B202_f_Burkholderiaceae	Bacteria
B10312_Selenomonas.3	B10312_Selenomonas.3	Bacteria
B4194_o_Myxococcales	B4194_o_Myxococcales	Bacteria
B437_Escherichia.Shigella	B437_Escherichia.Shigella	Bacteria
B1610_Clostridium.sensu.stricto.10	B1610_Clostridium.sensu.stricto.10	Bacteria
B1232_Pseudomonas	B1232_Pseudomonas	Bacteria
B826_Enhydrobacter	B826_Enhydrobacter	Bacteria
B5902_Bacillus	B5902_Bacillus	Bacteria
B301_f_Microbacteriaceae	B301_f_Microbacteriaceae	Bacteria
B24_Bradyrhizobium	B24_Bradyrhizobium	Bacteria
B503_Escherichia.Shigella	B503_Escherichia.Shigella	Bacteria
B1086_Staphylococcus	B1086_Staphylococcus	Bacteria
B5857_o_Micrococcales	B5857_o_Micrococcales	Bacteria
B89_Burkholderia.Caballeronia.Paraburkholderia	B89_Burkholderia.Caballeronia.Paraburkholderia	Bacteria
B1563_uncultured.Stigmatella.sp.	B1563_uncultured.Stigmatella.sp.	Bacteria
B6442_f_Acetobacteraceae	B6442_f_Acetobacteraceae	Bacteria
B1738_uncultured.Termite.group.1.bacterium	B1738_uncultured.Termite.group.1.bacterium	Bacteria
B164_f_Burkholderiaceae	B164_f_Burkholderiaceae	Bacteria
B338_uncultured.bacterium	B338_uncultured.bacterium	Bacteria
B9081_uncultured.Sorangiineae.bacterium	B9081_uncultured.Sorangiineae.bacterium	Bacteria
B2338_Shinella	B2338_Shinella	Bacteria
B13273_f_Pasteurellaceae	B13273_f_Pasteurellaceae	Bacteria
B327_1174.901.12	B327_1174.901.12	Bacteria
B1017_Clostridium.sensu.stricto.3	B1017_Clostridium.sensu.stricto.3	Bacteria
B354_Paraburkholderia.tropica	B354_Paraburkholderia.tropica	Bacteria
B366_Allorhizobium.Neorhizobium.Pararhizobium.Rhizobium	B366_Allorhizobium.Neorhizobium.Pararhizobium.Rhizobium	Bacteria
B889_Allorhizobium.Neorhizobium.Pararhizobium.Rhizobium	B889_Allorhizobium.Neorhizobium.Pararhizobium.Rhizobium	Bacteria
B28_Burkholderia.Caballeronia.Paraburkholderia	B28_Burkholderia.Caballeronia.Paraburkholderia	Bacteria
B209_Escherichia.Shigella	B209_Escherichia.Shigella	Bacteria
B14_Burkholderia.Caballeronia.Paraburkholderia	B14_Burkholderia.Caballeronia.Paraburkholderia	Bacteria
B103_Burkholderia.Caballeronia.Paraburkholderia	B103_Burkholderia.Caballeronia.Paraburkholderia	Bacteria
F222_o_NA	F222_o_NA	Fungi
F8_unidentified	F8_unidentified	Fungi
