id	label	Bacteria
B248_o_Betaproteobacteriales	B248_o_Betaproteobacteriales	Bacteria
B417_Desulfobacca	B417_Desulfobacca	Bacteria
B368_Thiobacillus	B368_Thiobacillus	Bacteria
B211_o_SBR1031	B211_o_SBR1031	Bacteria
B163_uncultured	B163_uncultured	Bacteria
B184_f_Anaerolineaceae	B184_f_Anaerolineaceae	Bacteria
B250_o_RBG-13-54-9	B250_o_RBG-13-54-9	Bacteria
B506_uncultured eubacterium WCHB1-50	B506_uncultured eubacterium WCHB1-50	Bacteria
B591_Anaerolinea	B591_Anaerolinea	Bacteria
B55_Sideroxydans	B55_Sideroxydans	Bacteria
B770_f_WD2101 soil group	B770_f_WD2101 soil group	Bacteria
B363_uncultured	B363_uncultured	Bacteria
B97_uncultured	B97_uncultured	Bacteria
B517_uncultured bacterium	B517_uncultured bacterium	Bacteria
B703_uncultured	B703_uncultured	Bacteria
B128_Thiobacillus	B128_Thiobacillus	Bacteria
B154_f_Micrococcaceae	B154_f_Micrococcaceae	Bacteria
F54_Pyrenochaetopsis	F54_Pyrenochaetopsis	Fungi
F300_unidentified	F300_unidentified	Fungi
F195_Cistella	F195_Cistella	Fungi
F68_Pseudogymnoascus	F68_Pseudogymnoascus	Fungi
B563_uncultured eubacterium WCHB1-50	B563_uncultured eubacterium WCHB1-50	Bacteria
B530_o_RBG-13-54-9	B530_o_RBG-13-54-9	Bacteria
B3729_o_NA	B3729_o_NA	Bacteria
B44_f_Xanthobacteraceae	B44_f_Xanthobacteraceae	Bacteria
B91_o_NA	B91_o_NA	Bacteria
B120_uncultured Anaerolineaceae bacterium	B120_uncultured Anaerolineaceae bacterium	Bacteria
B249_Thiobacillus	B249_Thiobacillus	Bacteria
B126_Sphingomonas	B126_Sphingomonas	Bacteria
B361_uncultured bacterium 126	B361_uncultured bacterium 126	Bacteria
B771_Sphingomonas	B771_Sphingomonas	Bacteria
B182_f_Micrococcaceae	B182_f_Micrococcaceae	Bacteria
F171_unidentified	F171_unidentified	Fungi
F91_unidentified	F91_unidentified	Fungi
F77_o_NA	F77_o_NA	Fungi
F41_Arnium	F41_Arnium	Fungi
F105_Clonostachys	F105_Clonostachys	Fungi
F27_Curvularia	F27_Curvularia	Fungi
F53_Pyrenochaetopsis	F53_Pyrenochaetopsis	Fungi
F97_o_Sordariales	F97_o_Sordariales	Fungi
F38_Pseudeurotium	F38_Pseudeurotium	Fungi
B158_uncultured bacterium	B158_uncultured bacterium	Bacteria
B67_uncultured	B67_uncultured	Bacteria
B336_Anaerolinea	B336_Anaerolinea	Bacteria
B66_GOUTA6	B66_GOUTA6	Bacteria
B690_o_Subgroup 7	B690_o_Subgroup 7	Bacteria
B2449_uncultured Polyangiaceae bacterium	B2449_uncultured Polyangiaceae bacterium	Bacteria
B38_uncultured prokaryote	B38_uncultured prokaryote	Bacteria
B175_Ellin6067	B175_Ellin6067	Bacteria
B155_Flavisolibacter	B155_Flavisolibacter	Bacteria
B59_Terrabacter	B59_Terrabacter	Bacteria
B113_o_RBG-13-54-9	B113_o_RBG-13-54-9	Bacteria
B740_f_Burkholderiaceae	B740_f_Burkholderiaceae	Bacteria
F62_Mrakia	F62_Mrakia	Fungi
B2306_o_NA	B2306_o_NA	Bacteria
B49_Anaerolinea	B49_Anaerolinea	Bacteria
B73_f_Blastocatellaceae	B73_f_Blastocatellaceae	Bacteria
B241_uncultured	B241_uncultured	Bacteria
B831_uncultured bacterium mle1-16	B831_uncultured bacterium mle1-16	Bacteria
F159_o_Helotiales	F159_o_Helotiales	Fungi
F73_Tetracladium	F73_Tetracladium	Fungi
B551_o_NA	B551_o_NA	Bacteria
B546_uncultured bacterium	B546_uncultured bacterium	Bacteria
F395_unidentified	F395_unidentified	Fungi
F336_unidentified	F336_unidentified	Fungi
B145_uncultured Chloroflexi bacterium	B145_uncultured Chloroflexi bacterium	Bacteria
B483_Anaerolinea	B483_Anaerolinea	Bacteria
B204_Syntrophobacter	B204_Syntrophobacter	Bacteria
B63_Methylocystis	B63_Methylocystis	Bacteria
B346_uncultured	B346_uncultured	Bacteria
B96_uncultured	B96_uncultured	Bacteria
B701_uncultured bacterium	B701_uncultured bacterium	Bacteria
B1026_f_SC-I-84	B1026_f_SC-I-84	Bacteria
B50_Thiobacillus	B50_Thiobacillus	Bacteria
B1956_Chthoniobacter	B1956_Chthoniobacter	Bacteria
F618_o_NA	F618_o_NA	Fungi
B1309_Candidatus Solibacter	B1309_Candidatus Solibacter	Bacteria
B379_f_Micrococcaceae	B379_f_Micrococcaceae	Bacteria
B477_o_NA	B477_o_NA	Bacteria
F48_unidentified	F48_unidentified	Fungi
B509_o_SBR1031	B509_o_SBR1031	Bacteria
B1449_uncultured	B1449_uncultured	Bacteria
B609_Reyranella	B609_Reyranella	Bacteria
B146_uncultured prokaryote	B146_uncultured prokaryote	Bacteria
B618_Gemmatimonas	B618_Gemmatimonas	Bacteria
B142_Ellin6067	B142_Ellin6067	Bacteria
B316_uncultured Thermaerobacter sp.	B316_uncultured Thermaerobacter sp.	Bacteria
F179_unidentified	F179_unidentified	Fungi
F180_Tetracladium	F180_Tetracladium	Fungi
B580_uncultured	B580_uncultured	Bacteria
B133_uncultured Desulfuromonadales bacterium	B133_uncultured Desulfuromonadales bacterium	Bacteria
B455_Desulfobacca	B455_Desulfobacca	Bacteria
B108_Geobacter	B108_Geobacter	Bacteria
B221_f_Xanthobacteraceae	B221_f_Xanthobacteraceae	Bacteria
B150_RBG-16-58-14	B150_RBG-16-58-14	Bacteria
F96_unidentified	F96_unidentified	Fungi
F1917_o_NA	F1917_o_NA	Fungi
F237_unidentified	F237_unidentified	Fungi
F185_f_Didymosphaeriaceae	F185_f_Didymosphaeriaceae	Fungi
B352_o_NA	B352_o_NA	Bacteria
F128_unidentified	F128_unidentified	Fungi
F56_Arnium	F56_Arnium	Fungi
F67_unidentified	F67_unidentified	Fungi
B1301_o_SBR1031	B1301_o_SBR1031	Bacteria
B304_Ignavibacterium	B304_Ignavibacterium	Bacteria
B168_uncultured bacterium	B168_uncultured bacterium	Bacteria
B140_f_Intrasporangiaceae	B140_f_Intrasporangiaceae	Bacteria
B644_uncultured Planctomyces sp.	B644_uncultured Planctomyces sp.	Bacteria
B372_f_SC-I-84	B372_f_SC-I-84	Bacteria
F327_unidentified	F327_unidentified	Fungi
B2381_o_NA	B2381_o_NA	Bacteria
B1535_Pseudolabrys	B1535_Pseudolabrys	Bacteria
B2854_o_Myxococcales	B2854_o_Myxococcales	Bacteria
B697_uncultured	B697_uncultured	Bacteria
B2250_Thiobacillus	B2250_Thiobacillus	Bacteria
B592_uncultured Ferrimicrobium sp.	B592_uncultured Ferrimicrobium sp.	Bacteria
B4550_Steroidobacter	B4550_Steroidobacter	Bacteria
B1024_Flavisolibacter	B1024_Flavisolibacter	Bacteria
B1483_GOUTB8	B1483_GOUTB8	Bacteria
F99_Cistella	F99_Cistella	Fungi
F50_Thanatephorus	F50_Thanatephorus	Fungi
B421_Gaiella	B421_Gaiella	Bacteria
B322_RB41	B322_RB41	Bacteria
B132_f_Intrasporangiaceae	B132_f_Intrasporangiaceae	Bacteria
B544_uncultured Sorangiineae bacterium	B544_uncultured Sorangiineae bacterium	Bacteria
F119_unidentified	F119_unidentified	Fungi
F25_Dimorphospora	F25_Dimorphospora	Fungi
B218_RBG-16-58-14	B218_RBG-16-58-14	Bacteria
B274_Porphyrobacter	B274_Porphyrobacter	Bacteria
B170_Bryobacter	B170_Bryobacter	Bacteria
B268_uncultured	B268_uncultured	Bacteria
B571_uncultured eubacterium WCHB1-50	B571_uncultured eubacterium WCHB1-50	Bacteria
F350_o_Tremellales	F350_o_Tremellales	Fungi
F401_unidentified	F401_unidentified	Fungi
F371_unidentified	F371_unidentified	Fungi
B693_o_NA	B693_o_NA	Bacteria
B79_uncultured	B79_uncultured	Bacteria
B292_uncultured	B292_uncultured	Bacteria
B167_Gemmatimonas	B167_Gemmatimonas	Bacteria
B454_uncultured	B454_uncultured	Bacteria
B2238_f_KD3-10	B2238_f_KD3-10	Bacteria
B119_Acidibacter	B119_Acidibacter	Bacteria
B131_Rhodanobacter	B131_Rhodanobacter	Bacteria
B205_uncultured prokaryote	B205_uncultured prokaryote	Bacteria
B25_uncultured prokaryote	B25_uncultured prokaryote	Bacteria
F524_unidentified	F524_unidentified	Fungi
F819_unidentified	F819_unidentified	Fungi
F444_unidentified	F444_unidentified	Fungi
F6_Cladosporium	F6_Cladosporium	Fungi
B114_Luteimonas	B114_Luteimonas	Bacteria
F4_o_Pleosporales	F4_o_Pleosporales	Fungi
F13_Zopfiella	F13_Zopfiella	Fungi
B414_uncultured Desulfovirga sp.	B414_uncultured Desulfovirga sp.	Bacteria
B129_ADurb.Bin063-1	B129_ADurb.Bin063-1	Bacteria
B309_Sideroxydans	B309_Sideroxydans	Bacteria
B195_uncultured soil bacterium	B195_uncultured soil bacterium	Bacteria
B452_o_NA	B452_o_NA	Bacteria
F145_Mrakiella	F145_Mrakiella	Fungi
F189_Westerdykella	F189_Westerdykella	Fungi
B987_f_BIrii41	B987_f_BIrii41	Bacteria
B124_Ellin6067	B124_Ellin6067	Bacteria
B69_o_NA	B69_o_NA	Bacteria
B413_f_Micrococcaceae	B413_f_Micrococcaceae	Bacteria
B47_metagenome	B47_metagenome	Bacteria
B160_Anaerolinea	B160_Anaerolinea	Bacteria
B324_Haliangium	B324_Haliangium	Bacteria
B300_Gemmatimonas	B300_Gemmatimonas	Bacteria
B319_anaerobic bacterium MO-CFX2	B319_anaerobic bacterium MO-CFX2	Bacteria
B273_Syntrophobacter	B273_Syntrophobacter	Bacteria
B148_Thiobacillus	B148_Thiobacillus	Bacteria
B253_uncultured	B253_uncultured	Bacteria
B267_f_Burkholderiaceae	B267_f_Burkholderiaceae	Bacteria
B193_Sideroxydans	B193_Sideroxydans	Bacteria
B531_Syntrophus	B531_Syntrophus	Bacteria
B88_uncultured Alkaliflexus sp.	B88_uncultured Alkaliflexus sp.	Bacteria
B1889_uncultured Alkaliflexus sp.	B1889_uncultured Alkaliflexus sp.	Bacteria
B648_o_NA	B648_o_NA	Bacteria
F514_unidentified	F514_unidentified	Fungi
F111_Geomyces	F111_Geomyces	Fungi
B1516_Haliangium	B1516_Haliangium	Bacteria
B2840_Bryobacter	B2840_Bryobacter	Bacteria
B180_o_NA	B180_o_NA	Bacteria
B560_Sideroxydans	B560_Sideroxydans	Bacteria
B784_alphaI cluster	B784_alphaI cluster	Bacteria
B223_uncultured Sphingobacteriales bacterium	B223_uncultured Sphingobacteriales bacterium	Bacteria
F659_unidentified	F659_unidentified	Fungi
F141_f_Nectriaceae	F141_f_Nectriaceae	Fungi
F255_unidentified	F255_unidentified	Fungi
B963_metagenome	B963_metagenome	Bacteria
B407_f_Burkholderiaceae	B407_f_Burkholderiaceae	Bacteria
B897_UTBCD1	B897_UTBCD1	Bacteria
F536_Mortierella	F536_Mortierella	Fungi
B360_o_SBR1031	B360_o_SBR1031	Bacteria
B442_uncultured	B442_uncultured	Bacteria
B375_Sphingomonas	B375_Sphingomonas	Bacteria
B219_Pseudolabrys	B219_Pseudolabrys	Bacteria
B745_uncultured Ferrimicrobium sp.	B745_uncultured Ferrimicrobium sp.	Bacteria
B469_uncultured bacterium	B469_uncultured bacterium	Bacteria
B333_metagenome	B333_metagenome	Bacteria
B339_Noviherbaspirillum	B339_Noviherbaspirillum	Bacteria
B539_uncultured	B539_uncultured	Bacteria
F167_unidentified	F167_unidentified	Fungi
F282_unidentified	F282_unidentified	Fungi
F192_Fusicolla	F192_Fusicolla	Fungi
F90_Pseudogymnoascus	F90_Pseudogymnoascus	Fungi
F58_Schizothecium	F58_Schizothecium	Fungi
F2_Nigrospora	F2_Nigrospora	Fungi
B396_o_RCP2-54	B396_o_RCP2-54	Bacteria
B53_f_SC-I-84	B53_f_SC-I-84	Bacteria
F490_unidentified	F490_unidentified	Fungi
F497_o_NA	F497_o_NA	Fungi
F1229_unidentified	F1229_unidentified	Fungi
F20_Edenia	F20_Edenia	Fungi
F154_Slooffia	F154_Slooffia	Fungi
F1285_unidentified	F1285_unidentified	Fungi
F122_Apodus	F122_Apodus	Fungi
B261_uncultured	B261_uncultured	Bacteria
F59_Podospora	F59_Podospora	Fungi
B196_Anaeromyxobacter	B196_Anaeromyxobacter	Bacteria
B65_o_RBG-13-54-9	B65_o_RBG-13-54-9	Bacteria
B573_uncultured Gemmatimonadetes bacterium	B573_uncultured Gemmatimonadetes bacterium	Bacteria
B94_uncultured Nitrospirae bacterium	B94_uncultured Nitrospirae bacterium	Bacteria
B190_o_NA	B190_o_NA	Bacteria
F182_o_NA	F182_o_NA	Fungi
F134_o_NA	F134_o_NA	Fungi
F200_Aspergillus	F200_Aspergillus	Fungi
F10_Guehomyces	F10_Guehomyces	Fungi
F456_f_Hypocreales_fam_Incertae_sedis	F456_f_Hypocreales_fam_Incertae_sedis	Fungi
F66_Trichoderma	F66_Trichoderma	Fungi
B458_uncultured prokaryote	B458_uncultured prokaryote	Bacteria
F126_Tomentellopsis	F126_Tomentellopsis	Fungi
B1274_uncultured soil bacterium	B1274_uncultured soil bacterium	Bacteria
B1179_f_TRA3-20	B1179_f_TRA3-20	Bacteria
F405_unidentified	F405_unidentified	Fungi
F107_o_Helotiales	F107_o_Helotiales	Fungi
F203_unidentified	F203_unidentified	Fungi
F378_unidentified	F378_unidentified	Fungi
F334_Plectosphaerella	F334_Plectosphaerella	Fungi
F44_Zopfiella	F44_Zopfiella	Fungi
F9_Chaetomium	F9_Chaetomium	Fungi
F63_Thanatephorus	F63_Thanatephorus	Fungi
F419_unidentified	F419_unidentified	Fungi
B238_uncultured Iamiaceae bacterium	B238_uncultured Iamiaceae bacterium	Bacteria
B341_uncultured	B341_uncultured	Bacteria
B734_JGI 0001001-H03	B734_JGI 0001001-H03	Bacteria
F278_Peziza	F278_Peziza	Fungi
B728_uncultured	B728_uncultured	Bacteria
B104_uncultured bacterium	B104_uncultured bacterium	Bacteria
B1994_metagenome	B1994_metagenome	Bacteria
B444_f_Fimbriimonadaceae	B444_f_Fimbriimonadaceae	Bacteria
F17_o_Pleosporales	F17_o_Pleosporales	Fungi
F46_Microscypha	F46_Microscypha	Fungi
F121_Schizothecium	F121_Schizothecium	Fungi
B1510_Candidatus Koribacter	B1510_Candidatus Koribacter	Bacteria
F434_unidentified	F434_unidentified	Fungi
B194_o_OPB41	B194_o_OPB41	Bacteria
B845_Candidatus Udaeobacter	B845_Candidatus Udaeobacter	Bacteria
B446_Pajaroellobacter	B446_Pajaroellobacter	Bacteria
B631_Anaeromyxobacter	B631_Anaeromyxobacter	Bacteria
B215_Nakamurella	B215_Nakamurella	Bacteria
B711_uncultured proteobacterium	B711_uncultured proteobacterium	Bacteria
F705_unidentified	F705_unidentified	Fungi
F57_Trichoderma	F57_Trichoderma	Fungi
F34_Mortierella	F34_Mortierella	Fungi
B225_uncultured bacterium	B225_uncultured bacterium	Bacteria
B181_uncultured Planctomycetales bacterium	B181_uncultured Planctomycetales bacterium	Bacteria
B224_Ramlibacter	B224_Ramlibacter	Bacteria
F804_Fereydounia	F804_Fereydounia	Fungi
B422_uncultured	B422_uncultured	Bacteria
F52_Psilocybe	F52_Psilocybe	Fungi
F23_Solicoccozyma	F23_Solicoccozyma	Fungi
F290_f_Coniochaetaceae	F290_f_Coniochaetaceae	Fungi
F19_unidentified	F19_unidentified	Fungi
B1936_f_Nocardioidaceae	B1936_f_Nocardioidaceae	Bacteria
B605_uncultured bacterium SJA-22	B605_uncultured bacterium SJA-22	Bacteria
B1743_uncultured	B1743_uncultured	Bacteria
F732_f_Hypocreales_fam_Incertae_sedis	F732_f_Hypocreales_fam_Incertae_sedis	Fungi
B1725_Candidatus Solibacter	B1725_Candidatus Solibacter	Bacteria
B848_Rhodanobacter	B848_Rhodanobacter	Bacteria
B447_ADurb.Bin063-1	B447_ADurb.Bin063-1	Bacteria
B1436_IS-44	B1436_IS-44	Bacteria
B259_uncultured	B259_uncultured	Bacteria
B2798_metagenome	B2798_metagenome	Bacteria
B173_uncultured planctomycete	B173_uncultured planctomycete	Bacteria
F29_f_Didymellaceae	F29_f_Didymellaceae	Fungi
F337_Myrmecridium	F337_Myrmecridium	Fungi
B151_Pseudolabrys	B151_Pseudolabrys	Bacteria
B380_f_Micrococcaceae	B380_f_Micrococcaceae	Bacteria
B62_Clostridium sensu stricto 1	B62_Clostridium sensu stricto 1	Bacteria
B2619_Lacunisphaera	B2619_Lacunisphaera	Bacteria
B2931_Reyranella	B2931_Reyranella	Bacteria
B568_Thioalkalispira	B568_Thioalkalispira	Bacteria
F232_Mortierella	F232_Mortierella	Fungi
F236_Podospora	F236_Podospora	Fungi
B296_f_Xanthobacteraceae	B296_f_Xanthobacteraceae	Bacteria
F330_o_NA	F330_o_NA	Fungi
F151_unidentified	F151_unidentified	Fungi
F399_unidentified	F399_unidentified	Fungi
B1437_Geobacter	B1437_Geobacter	Bacteria
B613_uncultured	B613_uncultured	Bacteria
F201_unidentified	F201_unidentified	Fungi
F114_unidentified	F114_unidentified	Fungi
B504_o_NA	B504_o_NA	Bacteria
F928_o_Coniochaetales	F928_o_Coniochaetales	Fungi
F149_unidentified	F149_unidentified	Fungi
F205_Mortierella	F205_Mortierella	Fungi
F24_o_Helotiales	F24_o_Helotiales	Fungi
B505_Haliangium	B505_Haliangium	Bacteria
B1574_ADurb.Bin063-1	B1574_ADurb.Bin063-1	Bacteria
F216_unidentified	F216_unidentified	Fungi
F265_Helicodendron	F265_Helicodendron	Fungi
B152_Sideroxydans	B152_Sideroxydans	Bacteria
B572_uncultured Cytophagales bacterium	B572_uncultured Cytophagales bacterium	Bacteria
F2489_unidentified	F2489_unidentified	Fungi
B594_metagenome	B594_metagenome	Bacteria
B1882_Zavarzinella	B1882_Zavarzinella	Bacteria
B883_uncultured	B883_uncultured	Bacteria
B117_o_NA	B117_o_NA	Bacteria
B365_f_Xanthobacteraceae	B365_f_Xanthobacteraceae	Bacteria
B1158_f_SC-I-84	B1158_f_SC-I-84	Bacteria
B939_uncultured bacterium	B939_uncultured bacterium	Bacteria
B662_Bryobacter	B662_Bryobacter	Bacteria
F175_unidentified	F175_unidentified	Fungi
B707_uncultured bacterium	B707_uncultured bacterium	Bacteria
B185_ADurb.Bin063-1	B185_ADurb.Bin063-1	Bacteria
B199_f_Nocardioidaceae	B199_f_Nocardioidaceae	Bacteria
B729_uncultured	B729_uncultured	Bacteria
F211_unidentified	F211_unidentified	Fungi
B628_uncultured	B628_uncultured	Bacteria
F314_unidentified	F314_unidentified	Fungi
F157_unidentified	F157_unidentified	Fungi
F247_unidentified	F247_unidentified	Fungi
F14_o_Pleosporales	F14_o_Pleosporales	Fungi
F465_unidentified	F465_unidentified	Fungi
F80_Uncobasidium	F80_Uncobasidium	Fungi
B1065_uncultured prokaryote	B1065_uncultured prokaryote	Bacteria
B872_uncultured bacterium	B872_uncultured bacterium	Bacteria
B815_uncultured bacterium	B815_uncultured bacterium	Bacteria
B1282_uncultured bacterium	B1282_uncultured bacterium	Bacteria
B1030_ADurb.Bin063-1	B1030_ADurb.Bin063-1	Bacteria
B325_Ellin6067	B325_Ellin6067	Bacteria
B474_Gemmatimonas	B474_Gemmatimonas	Bacteria
B51_Anaerolinea	B51_Anaerolinea	Bacteria
B434_Geobacter	B434_Geobacter	Bacteria
B694_Pirellula	B694_Pirellula	Bacteria
B112_uncultured prokaryote	B112_uncultured prokaryote	Bacteria
F342_unidentified	F342_unidentified	Fungi
F61_o_Pleosporales	F61_o_Pleosporales	Fungi
F771_unidentified	F771_unidentified	Fungi
F8_unidentified	F8_unidentified	Fungi
F430_unidentified	F430_unidentified	Fungi
B4825_Candidatus Udaeobacter	B4825_Candidatus Udaeobacter	Bacteria
B443_RBG-16-58-14	B443_RBG-16-58-14	Bacteria
B1111_uncultured	B1111_uncultured	Bacteria
F76_o_Sordariales	F76_o_Sordariales	Fungi
B378_f_WD2101 soil group	B378_f_WD2101 soil group	Bacteria
B641_o_RBG-13-54-9	B641_o_RBG-13-54-9	Bacteria
F560_unidentified	F560_unidentified	Fungi
B655_f_WD2101 soil group	B655_f_WD2101 soil group	Bacteria
B508_Phenylobacterium	B508_Phenylobacterium	Bacteria
B105_Anaeromyxobacter	B105_Anaeromyxobacter	Bacteria
F26_unidentified	F26_unidentified	Fungi
B174_f_Bacteroidetes vadinHA17	B174_f_Bacteroidetes vadinHA17	Bacteria
B584_Leptolinea	B584_Leptolinea	Bacteria
B668_Chthonomonas	B668_Chthonomonas	Bacteria
F486_unidentified	F486_unidentified	Fungi
B2216_AKIW659	B2216_AKIW659	Bacteria
B436_uncultured	B436_uncultured	Bacteria
F12_o_Pleosporales	F12_o_Pleosporales	Fungi
F15_o_Helotiales	F15_o_Helotiales	Fungi
F307_unidentified	F307_unidentified	Fungi
B400_f_Micrococcaceae	B400_f_Micrococcaceae	Bacteria
B178_Cryobacterium	B178_Cryobacterium	Bacteria
B598_uncultured soil bacterium	B598_uncultured soil bacterium	Bacteria
B876_uncultured	B876_uncultured	Bacteria
F396_unidentified	F396_unidentified	Fungi
F94_Mortierella	F94_Mortierella	Fungi
F1688_o_NA	F1688_o_NA	Fungi
F1225_Cephalotrichum	F1225_Cephalotrichum	Fungi
F364_Schizothecium	F364_Schizothecium	Fungi
B1353_uncultured	B1353_uncultured	Bacteria
F433_unidentified	F433_unidentified	Fungi
F83_Schizothecium	F83_Schizothecium	Fungi
F515_unidentified	F515_unidentified	Fungi
F986_Plectosphaerella	F986_Plectosphaerella	Fungi
B985_uncultured soil bacterium PBS-II-37	B985_uncultured soil bacterium PBS-II-37	Bacteria
B3541_uncultured	B3541_uncultured	Bacteria
F75_unidentified	F75_unidentified	Fungi
B651_Gemmata	B651_Gemmata	Bacteria
F454_unidentified	F454_unidentified	Fungi
F242_unidentified	F242_unidentified	Fungi
F70_unidentified	F70_unidentified	Fungi
B567_Mycobacterium	B567_Mycobacterium	Bacteria
B441_Actinobacteria bacterium RBG_19FT_COMBO_70_19	B441_Actinobacteria bacterium RBG_19FT_COMBO_70_19	Bacteria
F279_unidentified	F279_unidentified	Fungi
F384_unidentified	F384_unidentified	Fungi
B804_Anaerolinea	B804_Anaerolinea	Bacteria
F382_unidentified	F382_unidentified	Fungi
B675_uncultured	B675_uncultured	Bacteria
B294_Geothrix	B294_Geothrix	Bacteria
F402_unidentified	F402_unidentified	Fungi
B2425_uncultured	B2425_uncultured	Bacteria
F69_o_Pleosporales	F69_o_Pleosporales	Fungi
F443_unidentified	F443_unidentified	Fungi
B1348_f_Chitinophagaceae	B1348_f_Chitinophagaceae	Bacteria
B1504_o_NA	B1504_o_NA	Bacteria
B1033_ADurb.Bin063-1	B1033_ADurb.Bin063-1	Bacteria
F240_unidentified	F240_unidentified	Fungi
B869_o_Subgroup 7	B869_o_Subgroup 7	Bacteria
B765_uncultured	B765_uncultured	Bacteria
B2276_uncultured bacterium	B2276_uncultured bacterium	Bacteria
F455_unidentified	F455_unidentified	Fungi
B2126_uncultured bacterium	B2126_uncultured bacterium	Bacteria
B1329_uncultured	B1329_uncultured	Bacteria
B713_uncultured	B713_uncultured	Bacteria
B231_Geobacter	B231_Geobacter	Bacteria
F109_o_Pleosporales	F109_o_Pleosporales	Fungi
F103_unidentified	F103_unidentified	Fungi
F427_unidentified	F427_unidentified	Fungi
B511_Thiobacillus	B511_Thiobacillus	Bacteria
F610_unidentified	F610_unidentified	Fungi
F78_unidentified	F78_unidentified	Fungi
F37_unidentified	F37_unidentified	Fungi
B4255_Pajaroellobacter	B4255_Pajaroellobacter	Bacteria
F345_unidentified	F345_unidentified	Fungi
F409_unidentified	F409_unidentified	Fungi
F224_Rhizophydium	F224_Rhizophydium	Fungi
F537_Pichia	F537_Pichia	Fungi
F335_unidentified	F335_unidentified	Fungi
B283_uncultured Thermaerobacter sp.	B283_uncultured Thermaerobacter sp.	Bacteria
B468_Geobacter	B468_Geobacter	Bacteria
F889_unidentified	F889_unidentified	Fungi
F411_Venturia	F411_Venturia	Fungi
F1175_unidentified	F1175_unidentified	Fungi
B764_f_Acidobacteriaceae (Subgroup 1)	B764_f_Acidobacteriaceae (Subgroup 1)	Bacteria
B370_Anaerolinea	B370_Anaerolinea	Bacteria
F28_f_Hypocreales_fam_Incertae_sedis	F28_f_Hypocreales_fam_Incertae_sedis	Fungi
F340_unidentified	F340_unidentified	Fungi
F1357_unidentified	F1357_unidentified	Fungi
B344_f_SC-I-84	B344_f_SC-I-84	Bacteria
B944_uncultured Conexibacteraceae bacterium	B944_uncultured Conexibacteraceae bacterium	Bacteria
F124_Stachybotrys	F124_Stachybotrys	Fungi
F234_unidentified	F234_unidentified	Fungi
F616_o_NA	F616_o_NA	Fungi
F332_Spirosphaera	F332_Spirosphaera	Fungi
B348_uncultured soil bacterium	B348_uncultured soil bacterium	Bacteria
F521_unidentified	F521_unidentified	Fungi
F603_unidentified	F603_unidentified	Fungi
F1796_unidentified	F1796_unidentified	Fungi
B698_uncultured	B698_uncultured	Bacteria
F210_unidentified	F210_unidentified	Fungi
F710_unidentified	F710_unidentified	Fungi
F868_Boothiomyces	F868_Boothiomyces	Fungi
F452_unidentified	F452_unidentified	Fungi
F3_Moesziomyces	F3_Moesziomyces	Fungi
F794_o_NA	F794_o_NA	Fungi
F358_unidentified	F358_unidentified	Fungi
F579_unidentified	F579_unidentified	Fungi
F529_unidentified	F529_unidentified	Fungi
F33_unidentified	F33_unidentified	Fungi
F829_unidentified	F829_unidentified	Fungi
F596_unidentified	F596_unidentified	Fungi
F55_f_Nectriaceae	F55_f_Nectriaceae	Fungi
F165_Cyberlindnera	F165_Cyberlindnera	Fungi
B593_uncultured.Gemmatimonadetes.bacterium	B593_uncultured.Gemmatimonadetes.bacterium	Bacteria
B291_uncultured	B291_uncultured	Bacteria
B470_o_Chthonomonadales	B470_o_Chthonomonadales	Bacteria
B1398_uncultured.Gemmatimonadetes.bacterium	B1398_uncultured.Gemmatimonadetes.bacterium	Bacteria
B2654_uncultured.delta.proteobacterium	B2654_uncultured.delta.proteobacterium	Bacteria
B862_uncultured	B862_uncultured	Bacteria
B2336_uncultured.Caldilineaceae.bacterium	B2336_uncultured.Caldilineaceae.bacterium	Bacteria
B139_RBG.16.58.14	B139_RBG.16.58.14	Bacteria
B625_uncultured.Caldilineaceae.bacterium	B625_uncultured.Caldilineaceae.bacterium	Bacteria
B427_uncultured.Gemmatimonadetes.bacterium	B427_uncultured.Gemmatimonadetes.bacterium	Bacteria
B1294_f_WD2101.soil.group	B1294_f_WD2101.soil.group	Bacteria
B1134_f_Anaerolineaceae	B1134_f_Anaerolineaceae	Bacteria
B315_uncultured.Gemmatimonadetes.bacterium	B315_uncultured.Gemmatimonadetes.bacterium	Bacteria
B1600_uncultured.Gemmatimonadetes.bacterium	B1600_uncultured.Gemmatimonadetes.bacterium	Bacteria
B619_Leptolinea	B619_Leptolinea	Bacteria
B667_Sh765B.TzT.35	B667_Sh765B.TzT.35	Bacteria
B614_uncultured	B614_uncultured	Bacteria
B250_o_RBG.13.54.9	B250_o_RBG.13.54.9	Bacteria
B554_f_WD2101.soil.group	B554_f_WD2101.soil.group	Bacteria
B1762_uncultured.bacterium	B1762_uncultured.bacterium	Bacteria
B691_uncultured.Caldilineaceae.bacterium	B691_uncultured.Caldilineaceae.bacterium	Bacteria
B247_uncultured	B247_uncultured	Bacteria
B463_uncultured	B463_uncultured	Bacteria
B218_RBG.16.58.14	B218_RBG.16.58.14	Bacteria
B3309_f_WD2101.soil.group	B3309_f_WD2101.soil.group	Bacteria
B1306_o_Microtrichales	B1306_o_Microtrichales	Bacteria
B256_uncultured.Gemmatimonadetes.bacterium	B256_uncultured.Gemmatimonadetes.bacterium	Bacteria
B563_uncultured.eubacterium.WCHB1.50	B563_uncultured.eubacterium.WCHB1.50	Bacteria
B457_uncultured.Archangiaceae.bacterium	B457_uncultured.Archangiaceae.bacterium	Bacteria
B1807_o_SBR1031	B1807_o_SBR1031	Bacteria
B449_o_SJA.15	B449_o_SJA.15	Bacteria
B530_o_RBG.13.54.9	B530_o_RBG.13.54.9	Bacteria
B549_uncultured	B549_uncultured	Bacteria
B674_uncultured.prokaryote	B674_uncultured.prokaryote	Bacteria
B2012_uncultured.Anaerolineaceae.bacterium	B2012_uncultured.Anaerolineaceae.bacterium	Bacteria
B3488_uncultured.bacterium	B3488_uncultured.bacterium	Bacteria
B456_f_Bacteroidetes.vadinHA17	B456_f_Bacteroidetes.vadinHA17	Bacteria
B1274_uncultured.soil.bacterium	B1274_uncultured.soil.bacterium	Bacteria
B805_Alsobacter	B805_Alsobacter	Bacteria
B158_uncultured.bacterium	B158_uncultured.bacterium	Bacteria
B506_uncultured.eubacterium.WCHB1.50	B506_uncultured.eubacterium.WCHB1.50	Bacteria
B1519_uncultured	B1519_uncultured	Bacteria
B396_o_RCP2.54	B396_o_RCP2.54	Bacteria
B225_uncultured.bacterium	B225_uncultured.bacterium	Bacteria
B65_o_RBG.13.54.9	B65_o_RBG.13.54.9	Bacteria
B1368_o_NA	B1368_o_NA	Bacteria
B763_Desulfobacca	B763_Desulfobacca	Bacteria
B355_Desulfobacca	B355_Desulfobacca	Bacteria
B415_uncultured.prokaryote	B415_uncultured.prokaryote	Bacteria
B418_f_SC.I.84	B418_f_SC.I.84	Bacteria
B501_Anaeromyxobacter	B501_Anaeromyxobacter	Bacteria
B1145_uncultured.Desulfuromonadales.bacterium	B1145_uncultured.Desulfuromonadales.bacterium	Bacteria
B136_Hydrogenispora	B136_Hydrogenispora	Bacteria
B742_o_NA	B742_o_NA	Bacteria
B794_o_NA	B794_o_NA	Bacteria
B652_Clostridium.sensu.stricto.5	B652_Clostridium.sensu.stricto.5	Bacteria
B1099_uncultured.soil.bacterium	B1099_uncultured.soil.bacterium	Bacteria
B440_Anaerolinea	B440_Anaerolinea	Bacteria
B2525_metagenome	B2525_metagenome	Bacteria
B1384_f_Pedosphaeraceae	B1384_f_Pedosphaeraceae	Bacteria
B270_Oryzihumus	B270_Oryzihumus	Bacteria
B680_Pseudolabrys	B680_Pseudolabrys	Bacteria
B181_uncultured.Planctomycetales.bacterium	B181_uncultured.Planctomycetales.bacterium	Bacteria
B414_uncultured.Desulfovirga.sp.	B414_uncultured.Desulfovirga.sp.	Bacteria
B1095_Bryobacter	B1095_Bryobacter	Bacteria
B724_Ellin6067	B724_Ellin6067	Bacteria
B896_JGI.0001001.H03	B896_JGI.0001001.H03	Bacteria
B706_uncultured.Desulfuromonadales.bacterium	B706_uncultured.Desulfuromonadales.bacterium	Bacteria
B395_f_uncultured	B395_f_uncultured	Bacteria
B1084_f_uncultured	B1084_f_uncultured	Bacteria
B216_uncultured	B216_uncultured	Bacteria
B129_ADurb.Bin063.1	B129_ADurb.Bin063.1	Bacteria
B1759_uncultured.Chlorobi.bacterium	B1759_uncultured.Chlorobi.bacterium	Bacteria
B499_uncultured	B499_uncultured	Bacteria
B770_f_WD2101.soil.group	B770_f_WD2101.soil.group	Bacteria
B450_uncultured.prokaryote	B450_uncultured.prokaryote	Bacteria
B1435_Phenylobacterium	B1435_Phenylobacterium	Bacteria
B1439_uncultured	B1439_uncultured	Bacteria
B404_f_Lentimicrobiaceae	B404_f_Lentimicrobiaceae	Bacteria
B1350_Desulfomonile	B1350_Desulfomonile	Bacteria
B459_uncultured	B459_uncultured	Bacteria
B319_anaerobic.bacterium.MO.CFX2	B319_anaerobic.bacterium.MO.CFX2	Bacteria
B1030_ADurb.Bin063.1	B1030_ADurb.Bin063.1	Bacteria
B255_Reyranella	B255_Reyranella	Bacteria
B573_uncultured.Gemmatimonadetes.bacterium	B573_uncultured.Gemmatimonadetes.bacterium	Bacteria
B445_Methylomicrobium	B445_Methylomicrobium	Bacteria
B431_Leptolinea	B431_Leptolinea	Bacteria
B1003_uncultured.bacterium	B1003_uncultured.bacterium	Bacteria
B251_uncultured.Bellilinea.sp.	B251_uncultured.Bellilinea.sp.	Bacteria
B1013_uncultured.soil.bacterium	B1013_uncultured.soil.bacterium	Bacteria
B2442_uncultured.soil.bacterium	B2442_uncultured.soil.bacterium	Bacteria
B168_uncultured.bacterium	B168_uncultured.bacterium	Bacteria
B107_o_NA	B107_o_NA	Bacteria
B516_uncultured.bacterium.SJA.22	B516_uncultured.bacterium.SJA.22	Bacteria
B145_uncultured.Chloroflexi.bacterium	B145_uncultured.Chloroflexi.bacterium	Bacteria
B350_Candidatus.Solibacter	B350_Candidatus.Solibacter	Bacteria
B1065_uncultured.prokaryote	B1065_uncultured.prokaryote	Bacteria
B1725_Candidatus.Solibacter	B1725_Candidatus.Solibacter	Bacteria
B921_uncultured.prokaryote	B921_uncultured.prokaryote	Bacteria
B94_uncultured.Nitrospirae.bacterium	B94_uncultured.Nitrospirae.bacterium	Bacteria
B517_uncultured.bacterium	B517_uncultured.bacterium	Bacteria
B447_ADurb.Bin063.1	B447_ADurb.Bin063.1	Bacteria
B736_Candidatus.Solibacter	B736_Candidatus.Solibacter	Bacteria
B238_uncultured.Iamiaceae.bacterium	B238_uncultured.Iamiaceae.bacterium	Bacteria
B1436_IS.44	B1436_IS.44	Bacteria
B745_uncultured.Ferrimicrobium.sp.	B745_uncultured.Ferrimicrobium.sp.	Bacteria
B605_uncultured.bacterium.SJA.22	B605_uncultured.bacterium.SJA.22	Bacteria
B2702_Gemmatimonas	B2702_Gemmatimonas	Bacteria
B1669_o_NA	B1669_o_NA	Bacteria
B120_uncultured.Anaerolineaceae.bacterium	B120_uncultured.Anaerolineaceae.bacterium	Bacteria
B845_Candidatus.Udaeobacter	B845_Candidatus.Udaeobacter	Bacteria
B546_uncultured.bacterium	B546_uncultured.bacterium	Bacteria
B133_uncultured.Desulfuromonadales.bacterium	B133_uncultured.Desulfuromonadales.bacterium	Bacteria
B690_o_Subgroup.7	B690_o_Subgroup.7	Bacteria
B104_uncultured.bacterium	B104_uncultured.bacterium	Bacteria
B655_f_WD2101.soil.group	B655_f_WD2101.soil.group	Bacteria
B2449_uncultured.Polyangiaceae.bacterium	B2449_uncultured.Polyangiaceae.bacterium	Bacteria
B38_uncultured.prokaryote	B38_uncultured.prokaryote	Bacteria
B185_ADurb.Bin063.1	B185_ADurb.Bin063.1	Bacteria
B839_f_uncultured	B839_f_uncultured	Bacteria
B5703_f_WD2101.soil.group	B5703_f_WD2101.soil.group	Bacteria
B376_Anaerolinea	B376_Anaerolinea	Bacteria
B378_f_WD2101.soil.group	B378_f_WD2101.soil.group	Bacteria
B604_Bryobacter	B604_Bryobacter	Bacteria
B174_f_Bacteroidetes.vadinHA17	B174_f_Bacteroidetes.vadinHA17	Bacteria
B443_RBG.16.58.14	B443_RBG.16.58.14	Bacteria
B4825_Candidatus.Udaeobacter	B4825_Candidatus.Udaeobacter	Bacteria
B701_uncultured.bacterium	B701_uncultured.bacterium	Bacteria
B1026_f_SC.I.84	B1026_f_SC.I.84	Bacteria
B2037_Phenylobacterium	B2037_Phenylobacterium	Bacteria
B146_uncultured.prokaryote	B146_uncultured.prokaryote	Bacteria
B349_Haliangium	B349_Haliangium	Bacteria
B2193_uncultured.bacterium	B2193_uncultured.bacterium	Bacteria
B1033_ADurb.Bin063.1	B1033_ADurb.Bin063.1	Bacteria
B469_uncultured.bacterium	B469_uncultured.bacterium	Bacteria
B537_uncultured.prokaryote	B537_uncultured.prokaryote	Bacteria
B1918_Leptolinea	B1918_Leptolinea	Bacteria
B113_o_RBG.13.54.9	B113_o_RBG.13.54.9	Bacteria
B433_f_Gallionellaceae	B433_f_Gallionellaceae	Bacteria
B872_uncultured.bacterium	B872_uncultured.bacterium	Bacteria
B411_uncultured.prokaryote	B411_uncultured.prokaryote	Bacteria
B305_f_uncultured	B305_f_uncultured	Bacteria
B4542_Nocardioides	B4542_Nocardioides	Bacteria
B784_alphaI.cluster	B784_alphaI.cluster	Bacteria
B592_uncultured.Ferrimicrobium.sp.	B592_uncultured.Ferrimicrobium.sp.	Bacteria
B361_uncultured.bacterium.126	B361_uncultured.bacterium.126	Bacteria
B1342_f_uncultured	B1342_f_uncultured	Bacteria
B1014_Geobacter	B1014_Geobacter	Bacteria
B598_uncultured.soil.bacterium	B598_uncultured.soil.bacterium	Bacteria
B88_uncultured.Alkaliflexus.sp.	B88_uncultured.Alkaliflexus.sp.	Bacteria
B764_f_Acidobacteriaceae..Subgroup.1.	B764_f_Acidobacteriaceae..Subgroup.1.	Bacteria
B606_Desulfobacca	B606_Desulfobacca	Bacteria
B869_o_Subgroup.7	B869_o_Subgroup.7	Bacteria
B908_f_Chitinophagaceae	B908_f_Chitinophagaceae	Bacteria
B953_ADurb.Bin063.1	B953_ADurb.Bin063.1	Bacteria
B150_RBG.16.58.14	B150_RBG.16.58.14	Bacteria
B1574_ADurb.Bin063.1	B1574_ADurb.Bin063.1	Bacteria
B1028_f_uncultured	B1028_f_uncultured	Bacteria
B815_uncultured.bacterium	B815_uncultured.bacterium	Bacteria
B1263_ADurb.Bin063.1	B1263_ADurb.Bin063.1	Bacteria
B711_uncultured.proteobacterium	B711_uncultured.proteobacterium	Bacteria
B53_f_SC.I.84	B53_f_SC.I.84	Bacteria
B195_uncultured.soil.bacterium	B195_uncultured.soil.bacterium	Bacteria
B612_uncultured	B612_uncultured	Bacteria
B688_Rhizobacter	B688_Rhizobacter	Bacteria
B3616_Arenimonas	B3616_Arenimonas	Bacteria
B544_uncultured.Sorangiineae.bacterium	B544_uncultured.Sorangiineae.bacterium	Bacteria
B852_f_A4b	B852_f_A4b	Bacteria
B223_uncultured.Sphingobacteriales.bacterium	B223_uncultured.Sphingobacteriales.bacterium	Bacteria
B1889_uncultured.Alkaliflexus.sp.	B1889_uncultured.Alkaliflexus.sp.	Bacteria
B283_uncultured.Thermaerobacter.sp.	B283_uncultured.Thermaerobacter.sp.	Bacteria
B571_uncultured.eubacterium.WCHB1.50	B571_uncultured.eubacterium.WCHB1.50	Bacteria
B348_uncultured.soil.bacterium	B348_uncultured.soil.bacterium	Bacteria
B205_uncultured.prokaryote	B205_uncultured.prokaryote	Bacteria
B1264_o_NA	B1264_o_NA	Bacteria
B173_uncultured.planctomycete	B173_uncultured.planctomycete	Bacteria
B1371_Reyranella	B1371_Reyranella	Bacteria
B25_uncultured.prokaryote	B25_uncultured.prokaryote	Bacteria
B1510_Candidatus.Koribacter	B1510_Candidatus.Koribacter	Bacteria
B344_f_SC.I.84	B344_f_SC.I.84	Bacteria
B1179_f_TRA3.20	B1179_f_TRA3.20	Bacteria
B316_uncultured.Thermaerobacter.sp.	B316_uncultured.Thermaerobacter.sp.	Bacteria
B372_f_SC.I.84	B372_f_SC.I.84	Bacteria
B844_Candidatus.Udaeobacter	B844_Candidatus.Udaeobacter	Bacteria
B340_Gemmatimonas	B340_Gemmatimonas	Bacteria
B112_uncultured.prokaryote	B112_uncultured.prokaryote	Bacteria
B441_Actinobacteria.bacterium.RBG_19FT_COMBO_70_19	B441_Actinobacteria.bacterium.RBG_19FT_COMBO_70_19	Bacteria
F860_o_NA	F860_o_NA	Fungi
F21_Acremonium	F21_Acremonium	Fungi
F374_unidentified	F374_unidentified	Fungi
F472_unidentified	F472_unidentified	Fungi
