id	label	Bacteria
B7330_Legionella	B7330_Legionella	Bacteria
B2322_Legionella	B2322_Legionella	Bacteria
B1727_Actinoplanes	B1727_Actinoplanes	Bacteria
B332_Actinomycetospora	B332_Actinomycetospora	Bacteria
B21_Methylobacterium	B21_Methylobacterium	Bacteria
B798_Devosia	B798_Devosia	Bacteria
B110_Roseateles	B110_Roseateles	Bacteria
B1_Pantoea	B1_Pantoea	Bacteria
B7_Curtobacterium	B7_Curtobacterium	Bacteria
F69_o_Pleosporales	F69_o_Pleosporales	Fungi
F358_unidentified	F358_unidentified	Fungi
F8_unidentified	F8_unidentified	Fungi
F2_Nigrospora	F2_Nigrospora	Fungi
F12_o_Pleosporales	F12_o_Pleosporales	Fungi
F53_Pyrenochaetopsis	F53_Pyrenochaetopsis	Fungi
F36_Moesziomyces	F36_Moesziomyces	Fungi
F1028_Rhodotorula	F1028_Rhodotorula	Fungi
B5_Pseudomonas	B5_Pseudomonas	Bacteria
B31_Quadrisphaera	B31_Quadrisphaera	Bacteria
B33_Kineococcus	B33_Kineococcus	Bacteria
F136_f_Didymosphaeriaceae	F136_f_Didymosphaeriaceae	Fungi
F273_Ascochyta	F273_Ascochyta	Fungi
B34_Bradyrhizobium	B34_Bradyrhizobium	Bacteria
B116_Geodermatophilus	B116_Geodermatophilus	Bacteria
B1102_Pseudoxanthomonas	B1102_Pseudoxanthomonas	Bacteria
B24_Bradyrhizobium	B24_Bradyrhizobium	Bacteria
F37_unidentified	F37_unidentified	Fungi
F1297_Devriesia	F1297_Devriesia	Fungi
B6_Sphingomonas	B6_Sphingomonas	Bacteria
B3182_Massilia	B3182_Massilia	Bacteria
F2515_unidentified	F2515_unidentified	Fungi
F435_Cyberlindnera	F435_Cyberlindnera	Fungi
F1045_unidentified	F1045_unidentified	Fungi
F178_Schizopora	F178_Schizopora	Fungi
F448_Perenniporia	F448_Perenniporia	Fungi
F74_f_Tilletiaceae	F74_f_Tilletiaceae	Fungi
B2160_Sphingobium	B2160_Sphingobium	Bacteria
B3_Sphingomonas	B3_Sphingomonas	Bacteria
B6986_Kineococcus	B6986_Kineococcus	Bacteria
F233_Periconia	F233_Periconia	Fungi
F356_Paraconiothyrium	F356_Paraconiothyrium	Fungi
F663_Hymenochaetopsis	F663_Hymenochaetopsis	Fungi
F250_Pseudopithomyces	F250_Pseudopithomyces	Fungi
B11665_Haliangium	B11665_Haliangium	Bacteria
B1615_Geobacter	B1615_Geobacter	Bacteria
B12123_f_A21b	B12123_f_A21b	Bacteria
B2301_Delftia	B2301_Delftia	Bacteria
B784_alphaI cluster	B784_alphaI cluster	Bacteria
F270_unidentified	F270_unidentified	Fungi
F21_Acremonium	F21_Acremonium	Fungi
F114_unidentified	F114_unidentified	Fungi
F341_Pyricularia	F341_Pyricularia	Fungi
F1374_Clitopilus	F1374_Clitopilus	Fungi
B1224_Blastococcus	B1224_Blastococcus	Bacteria
B23_f_Burkholderiaceae	B23_f_Burkholderiaceae	Bacteria
B32_Bradyrhizobium	B32_Bradyrhizobium	Bacteria
F105_Clonostachys	F105_Clonostachys	Fungi
F4_o_Pleosporales	F4_o_Pleosporales	Fungi
F28_f_Hypocreales_fam_Incertae_sedis	F28_f_Hypocreales_fam_Incertae_sedis	Fungi
F55_f_Nectriaceae	F55_f_Nectriaceae	Fungi
F5_Alternaria	F5_Alternaria	Fungi
F120_Sporobolomyces	F120_Sporobolomyces	Fungi
F45_f_Didymellaceae	F45_f_Didymellaceae	Fungi
F6_Cladosporium	F6_Cladosporium	Fungi
B6565_Bacillus	B6565_Bacillus	Bacteria
B5858_Hymenobacter	B5858_Hymenobacter	Bacteria
B4000_f_Intrasporangiaceae	B4000_f_Intrasporangiaceae	Bacteria
F33_unidentified	F33_unidentified	Fungi
F137_Malassezia	F137_Malassezia	Fungi
F567_Ceriporia	F567_Ceriporia	Fungi
B54_uncultured	B54_uncultured	Bacteria
B14651_Nocardioides	B14651_Nocardioides	Bacteria
B39_Paenibacillus	B39_Paenibacillus	Bacteria
F1664_Trechispora	F1664_Trechispora	Fungi
F3204_unidentified	F3204_unidentified	Fungi
F190_Irpex	F190_Irpex	Fungi
F280_o_Polyporales	F280_o_Polyporales	Fungi
F823_o_NA	F823_o_NA	Fungi
F708_Elmerina	F708_Elmerina	Fungi
F1486_Rosellinia	F1486_Rosellinia	Fungi
F754_Sarocladium	F754_Sarocladium	Fungi
F639_Aspergillus	F639_Aspergillus	Fungi
B5843_Cyanobium PCC-6307	B5843_Cyanobium PCC-6307	Bacteria
B3518_Corynebacterium 1	B3518_Corynebacterium 1	Bacteria
B1658_Staphylococcus	B1658_Staphylococcus	Bacteria
B227_Allorhizobium-Neorhizobium-Pararhizobium-Rhizobium	B227_Allorhizobium-Neorhizobium-Pararhizobium-Rhizobium	Bacteria
F606_unidentified	F606_unidentified	Fungi
F1730_unidentified	F1730_unidentified	Fungi
F638_Ceriporia	F638_Ceriporia	Fungi
F4858_Echinoderma	F4858_Echinoderma	Fungi
F773_Colletotrichum	F773_Colletotrichum	Fungi
B769_Pseudomonas	B769_Pseudomonas	Bacteria
B1027_Staphylococcus	B1027_Staphylococcus	Bacteria
F263_unidentified	F263_unidentified	Fungi
F292_Engyodontium	F292_Engyodontium	Fungi
F456_f_Hypocreales_fam_Incertae_sedis	F456_f_Hypocreales_fam_Incertae_sedis	Fungi
F260_Schizopora	F260_Schizopora	Fungi
F488_Penicillium	F488_Penicillium	Fungi
F994_Dacryobolus	F994_Dacryobolus	Fungi
B4395_Acinetobacter	B4395_Acinetobacter	Bacteria
F27_Curvularia	F27_Curvularia	Fungi
F22_Setophoma	F22_Setophoma	Fungi
F328_Phaeosphaeria	F328_Phaeosphaeria	Fungi
B4165_f_Burkholderiaceae	B4165_f_Burkholderiaceae	Bacteria
B17_Methylobacterium	B17_Methylobacterium	Bacteria
B4_Pantoea	B4_Pantoea	Bacteria
F288_unidentified	F288_unidentified	Fungi
F117_Saitozyma	F117_Saitozyma	Fungi
F1042_Periconia	F1042_Periconia	Fungi
F1160_Ophiognomonia	F1160_Ophiognomonia	Fungi
B13_Aureimonas	B13_Aureimonas	Bacteria
F54_Pyrenochaetopsis	F54_Pyrenochaetopsis	Fungi
F77_o_NA	F77_o_NA	Fungi
F18_f_Phaeosphaeriaceae	F18_f_Phaeosphaeriaceae	Fungi
B2956_uncultured	B2956_uncultured	Bacteria
B200_Flavobacterium	B200_Flavobacterium	Bacteria
F613_Talaromyces	F613_Talaromyces	Fungi
B3104_Dyadobacter	B3104_Dyadobacter	Bacteria
B8922_Luteolibacter	B8922_Luteolibacter	Bacteria
B9_Methylobacterium	B9_Methylobacterium	Bacteria
B265_Deinococcus	B265_Deinococcus	Bacteria
F116_Curvularia	F116_Curvularia	Fungi
B510_Devosia	B510_Devosia	Bacteria
B338_uncultured bacterium	B338_uncultured bacterium	Bacteria
B15923_Pleurocapsa PCC-7319	B15923_Pleurocapsa PCC-7319	Bacteria
F29_f_Didymellaceae	F29_f_Didymellaceae	Fungi
F276_Cercospora	F276_Cercospora	Fungi
B989_Staphylococcus	B989_Staphylococcus	Bacteria
B171_uncultured prokaryote	B171_uncultured prokaryote	Bacteria
B8_f_Rhizobiaceae	B8_f_Rhizobiaceae	Bacteria
B29_Methylobacterium	B29_Methylobacterium	Bacteria
F2854_o_NA	F2854_o_NA	Fungi
F321_Curvularia	F321_Curvularia	Fungi
F124_Stachybotrys	F124_Stachybotrys	Fungi
F81_Cladosporium	F81_Cladosporium	Fungi
F10_Guehomyces	F10_Guehomyces	Fungi
F2525_Clitocybe	F2525_Clitocybe	Fungi
B1059_o_NA	B1059_o_NA	Bacteria
F65_Sarocladium	F65_Sarocladium	Fungi
F410_Schizophyllum	F410_Schizophyllum	Fungi
F429_Bjerkandera	F429_Bjerkandera	Fungi
B633_f_Xanthomonadaceae	B633_f_Xanthomonadaceae	Bacteria
B5771_o_R7C24	B5771_o_R7C24	Bacteria
F583_Trichomerium	F583_Trichomerium	Fungi
F268_Sarocladium	F268_Sarocladium	Fungi
F482_Pichia	F482_Pichia	Fungi
F1140_unidentified	F1140_unidentified	Fungi
F989_Trametes	F989_Trametes	Fungi
F44_Zopfiella	F44_Zopfiella	Fungi
F20_Edenia	F20_Edenia	Fungi
B894_f_BIrii41	B894_f_BIrii41	Bacteria
F89_Aureobasidium	F89_Aureobasidium	Fungi
F30_unidentified	F30_unidentified	Fungi
F407_Phanerochaete	F407_Phanerochaete	Fungi
F970_Resupinatus	F970_Resupinatus	Fungi
F3_Moesziomyces	F3_Moesziomyces	Fungi
F31_Fusarium	F31_Fusarium	Fungi
F1988_Penicillium	F1988_Penicillium	Fungi
B9486_uncultured	B9486_uncultured	Bacteria
F348_Yuchengia	F348_Yuchengia	Fungi
F204_Hannaella	F204_Hannaella	Fungi
F48_unidentified	F48_unidentified	Fungi
F2681_Exophiala	F2681_Exophiala	Fungi
F11_Sarocladium	F11_Sarocladium	Fungi
F46_Microscypha	F46_Microscypha	Fungi
F2961_Nigroporus	F2961_Nigroporus	Fungi
F78_unidentified	F78_unidentified	Fungi
F251_Alternaria	F251_Alternaria	Fungi
F1868_Fusarium	F1868_Fusarium	Fungi
F3989_o_Diaporthales	F3989_o_Diaporthales	Fungi
F1134_o_Polyporales	F1134_o_Polyporales	Fungi
F362_Porostereum	F362_Porostereum	Fungi
F570_Colletotrichum	F570_Colletotrichum	Fungi
F85_Fusarium	F85_Fusarium	Fungi
B2127_o_NA	B2127_o_NA	Bacteria
B4270_uncultured.bacterium	B4270_uncultured.bacterium	Bacteria
B9123_Buchnera	B9123_Buchnera	Bacteria
B5234_Pajaroellobacter	B5234_Pajaroellobacter	Bacteria
B1229_Roseomonas	B1229_Roseomonas	Bacteria
B282_Acinetobacter	B282_Acinetobacter	Bacteria
B323_Anaeromyxobacter	B323_Anaeromyxobacter	Bacteria
B22_uncultured.Roseobacter.sp.	B22_uncultured.Roseobacter.sp.	Bacteria
B1122_Mucilaginibacter	B1122_Mucilaginibacter	Bacteria
B4224_Massilia	B4224_Massilia	Bacteria
B12502_o_NA	B12502_o_NA	Bacteria
B1400_Candidatus.Koribacter	B1400_Candidatus.Koribacter	Bacteria
B66_GOUTA6	B66_GOUTA6	Bacteria
B71_Methylobacterium	B71_Methylobacterium	Bacteria
B37_Allorhizobium.Neorhizobium.Pararhizobium.Rhizobium	B37_Allorhizobium.Neorhizobium.Pararhizobium.Rhizobium	Bacteria
B6290_Prevotella.7	B6290_Prevotella.7	Bacteria
B26_Bradyrhizobium	B26_Bradyrhizobium	Bacteria
B702_Singulisphaera	B702_Singulisphaera	Bacteria
B10_Allorhizobium.Neorhizobium.Pararhizobium.Rhizobium	B10_Allorhizobium.Neorhizobium.Pararhizobium.Rhizobium	Bacteria
B919_f_Burkholderiaceae	B919_f_Burkholderiaceae	Bacteria
B1388_Lawsonella	B1388_Lawsonella	Bacteria
B2_Methylobacterium	B2_Methylobacterium	Bacteria
B5843_Cyanobium.PCC.6307	B5843_Cyanobium.PCC.6307	Bacteria
B10070_Iamia	B10070_Iamia	Bacteria
B10525_Gemmata	B10525_Gemmata	Bacteria
B3557_uncultured	B3557_uncultured	Bacteria
B171_uncultured.prokaryote	B171_uncultured.prokaryote	Bacteria
B4194_o_Myxococcales	B4194_o_Myxococcales	Bacteria
B3518_Corynebacterium.1	B3518_Corynebacterium.1	Bacteria
B784_alphaI.cluster	B784_alphaI.cluster	Bacteria
B322_RB41	B322_RB41	Bacteria
B5507_f_Sphingobacteriaceae	B5507_f_Sphingobacteriaceae	Bacteria
B6491_Solirubrobacter	B6491_Solirubrobacter	Bacteria
B2617_Skermanella	B2617_Skermanella	Bacteria
B338_uncultured.bacterium	B338_uncultured.bacterium	Bacteria
B15923_Pleurocapsa.PCC.7319	B15923_Pleurocapsa.PCC.7319	Bacteria
B19_Xanthomonas	B19_Xanthomonas	Bacteria
B227_Allorhizobium.Neorhizobium.Pararhizobium.Rhizobium	B227_Allorhizobium.Neorhizobium.Pararhizobium.Rhizobium	Bacteria
B209_Escherichia.Shigella	B209_Escherichia.Shigella	Bacteria
B15958_Micrococcus	B15958_Micrococcus	Bacteria
F106_unidentified	F106_unidentified	Fungi
F131_unidentified	F131_unidentified	Fungi
F1540_unidentified	F1540_unidentified	Fungi
F16_Pyricularia	F16_Pyricularia	Fungi
F50_Thanatephorus	F50_Thanatephorus	Fungi
