id	label	Bacteria
B4783_f_Rhodobacteraceae	B4783_f_Rhodobacteraceae	Bacteria
B919_f_Burkholderiaceae	B919_f_Burkholderiaceae	Bacteria
B2_Methylobacterium	B2_Methylobacterium	Bacteria
B1610_Clostridium sensu stricto 10	B1610_Clostridium sensu stricto 10	Bacteria
B15_Sphingomonas	B15_Sphingomonas	Bacteria
F1135_Burgoa	F1135_Burgoa	Fungi
F4682_unidentified	F4682_unidentified	Fungi
F5795_unidentified	F5795_unidentified	Fungi
F1881_Trechispora	F1881_Trechispora	Fungi
F263_unidentified	F263_unidentified	Fungi
F2562_Trechispora	F2562_Trechispora	Fungi
F658_Candida	F658_Candida	Fungi
F667_Hannaella	F667_Hannaella	Fungi
F1071_Hericium	F1071_Hericium	Fungi
F837_Candida	F837_Candida	Fungi
F717_Sistotremastrum	F717_Sistotremastrum	Fungi
F991_o_NA	F991_o_NA	Fungi
F304_Sphaerulina	F304_Sphaerulina	Fungi
B24_Bradyrhizobium	B24_Bradyrhizobium	Bacteria
B587_Alicycliphilus	B587_Alicycliphilus	Bacteria
B814_Sediminibacterium	B814_Sediminibacterium	Bacteria
B209_Escherichia-Shigella	B209_Escherichia-Shigella	Bacteria
F23_Solicoccozyma	F23_Solicoccozyma	Fungi
F13_Zopfiella	F13_Zopfiella	Fungi
B54_uncultured	B54_uncultured	Bacteria
B19_Xanthomonas	B19_Xanthomonas	Bacteria
F52_Psilocybe	F52_Psilocybe	Fungi
F14_o_Pleosporales	F14_o_Pleosporales	Fungi
F70_unidentified	F70_unidentified	Fungi
F57_Trichoderma	F57_Trichoderma	Fungi
F53_Pyrenochaetopsis	F53_Pyrenochaetopsis	Fungi
F73_Tetracladium	F73_Tetracladium	Fungi
F97_o_Sordariales	F97_o_Sordariales	Fungi
F10_Guehomyces	F10_Guehomyces	Fungi
F66_Trichoderma	F66_Trichoderma	Fungi
F68_Pseudogymnoascus	F68_Pseudogymnoascus	Fungi
F103_unidentified	F103_unidentified	Fungi
F38_Pseudeurotium	F38_Pseudeurotium	Fungi
F9_Chaetomium	F9_Chaetomium	Fungi
B5769_f_uncultured	B5769_f_uncultured	Bacteria
F4744_unidentified	F4744_unidentified	Fungi
F561_Vishniacozyma	F561_Vishniacozyma	Fungi
F441_o_Hypocreales	F441_o_Hypocreales	Fungi
F3213_o_NA	F3213_o_NA	Fungi
F3451_Robbauera	F3451_Robbauera	Fungi
B210_Ralstonia	B210_Ralstonia	Bacteria
B10542_Flavobacterium	B10542_Flavobacterium	Bacteria
B5324_Ralstonia	B5324_Ralstonia	Bacteria
F3130_Trechispora	F3130_Trechispora	Fungi
F2277_unidentified	F2277_unidentified	Fungi
F4690_unidentified	F4690_unidentified	Fungi
F3911_unidentified	F3911_unidentified	Fungi
F280_o_Polyporales	F280_o_Polyporales	Fungi
F81_Cladosporium	F81_Cladosporium	Fungi
F448_Perenniporia	F448_Perenniporia	Fungi
F482_Pichia	F482_Pichia	Fungi
B583_Acinetobacter	B583_Acinetobacter	Bacteria
B2429_Allorhizobium-Neorhizobium-Pararhizobium-Rhizobium	B2429_Allorhizobium-Neorhizobium-Pararhizobium-Rhizobium	Bacteria
F167_unidentified	F167_unidentified	Fungi
F54_Pyrenochaetopsis	F54_Pyrenochaetopsis	Fungi
F17_o_Pleosporales	F17_o_Pleosporales	Fungi
F141_f_Nectriaceae	F141_f_Nectriaceae	Fungi
F126_Tomentellopsis	F126_Tomentellopsis	Fungi
F364_Schizothecium	F364_Schizothecium	Fungi
F83_Schizothecium	F83_Schizothecium	Fungi
F62_Mrakia	F62_Mrakia	Fungi
F90_Pseudogymnoascus	F90_Pseudogymnoascus	Fungi
F752_Arthrinium	F752_Arthrinium	Fungi
F693_Aspergillus	F693_Aspergillus	Fungi
B12200_Actinobacillus	B12200_Actinobacillus	Bacteria
B2263_Rhodococcus	B2263_Rhodococcus	Bacteria
F206_unidentified	F206_unidentified	Fungi
F61_o_Pleosporales	F61_o_Pleosporales	Fungi
F1916_unidentified	F1916_unidentified	Fungi
F929_Gonatophragmium	F929_Gonatophragmium	Fungi
F277_Peniophora	F277_Peniophora	Fungi
F461_unidentified	F461_unidentified	Fungi
F2223_Phanerochaete	F2223_Phanerochaete	Fungi
F217_unidentified	F217_unidentified	Fungi
F99_Cistella	F99_Cistella	Fungi
F37_unidentified	F37_unidentified	Fungi
F134_o_NA	F134_o_NA	Fungi
F26_unidentified	F26_unidentified	Fungi
F41_Arnium	F41_Arnium	Fungi
F34_Mortierella	F34_Mortierella	Fungi
F111_Geomyces	F111_Geomyces	Fungi
F144_Typhula	F144_Typhula	Fungi
F25_Dimorphospora	F25_Dimorphospora	Fungi
F58_Schizothecium	F58_Schizothecium	Fungi
F131_unidentified	F131_unidentified	Fungi
B7905_Fusobacterium	B7905_Fusobacterium	Bacteria
F2043_Powellomyces	F2043_Powellomyces	Fungi
F398_Diaporthe	F398_Diaporthe	Fungi
F3591_Lectera	F3591_Lectera	Fungi
F233_Periconia	F233_Periconia	Fungi
F4_o_Pleosporales	F4_o_Pleosporales	Fungi
F2629_Punctularia	F2629_Punctularia	Fungi
F429_Bjerkandera	F429_Bjerkandera	Fungi
F213_Yarrowia	F213_Yarrowia	Fungi
B260_Pseudomonas	B260_Pseudomonas	Bacteria
B717_Acinetobacter	B717_Acinetobacter	Bacteria
B14700_Cytophaga	B14700_Cytophaga	Bacteria
B1658_Staphylococcus	B1658_Staphylococcus	Bacteria
B3787_Roseomonas	B3787_Roseomonas	Bacteria
F832_f_Stereaceae	F832_f_Stereaceae	Fungi
F272_Penicillium	F272_Penicillium	Fungi
F407_Phanerochaete	F407_Phanerochaete	Fungi
F1253_Phanerochaete	F1253_Phanerochaete	Fungi
F292_Engyodontium	F292_Engyodontium	Fungi
F487_Filobasidium	F487_Filobasidium	Fungi
F503_Sordaria	F503_Sordaria	Fungi
F488_Penicillium	F488_Penicillium	Fungi
F160_Cladosporium	F160_Cladosporium	Fungi
B11474_Kocuria	B11474_Kocuria	Bacteria
B541_Achromobacter	B541_Achromobacter	Bacteria
B6076_Escherichia-Shigella	B6076_Escherichia-Shigella	Bacteria
B10878_Brevundimonas	B10878_Brevundimonas	Bacteria
F698_unidentified	F698_unidentified	Fungi
F4405_unidentified	F4405_unidentified	Fungi
F5760_unidentified	F5760_unidentified	Fungi
F895_Dipodascus	F895_Dipodascus	Fungi
F1518_Ceriporia	F1518_Ceriporia	Fungi
F623_Stereum	F623_Stereum	Fungi
F756_Hyphodontia	F756_Hyphodontia	Fungi
F45_f_Didymellaceae	F45_f_Didymellaceae	Fungi
F1911_o_Dothideales	F1911_o_Dothideales	Fungi
F248_Bipolaris	F248_Bipolaris	Fungi
B989_Staphylococcus	B989_Staphylococcus	Bacteria
B269_Pseudomonas	B269_Pseudomonas	Bacteria
B354_Paraburkholderia tropica	B354_Paraburkholderia tropica	Bacteria
B7582_Micromonospora	B7582_Micromonospora	Bacteria
F562_Leptospora	F562_Leptospora	Fungi
F888_Phellinus	F888_Phellinus	Fungi
F2953_o_Atheliales	F2953_o_Atheliales	Fungi
F1767_Pluteus	F1767_Pluteus	Fungi
F922_Phlebia	F922_Phlebia	Fungi
F674_Cystobasidium	F674_Cystobasidium	Fungi
F677_o_NA	F677_o_NA	Fungi
F362_Porostereum	F362_Porostereum	Fungi
F1226_o_Capnodiales	F1226_o_Capnodiales	Fungi
F3611_Hannaella	F3611_Hannaella	Fungi
F1430_Cutaneotrichosporon	F1430_Cutaneotrichosporon	Fungi
F568_Aspergillus	F568_Aspergillus	Fungi
F366_Colletotrichum	F366_Colletotrichum	Fungi
F98_f_Didymellaceae	F98_f_Didymellaceae	Fungi
B338_uncultured bacterium	B338_uncultured bacterium	Bacteria
F1614_unidentified	F1614_unidentified	Fungi
F458_Endoxyla	F458_Endoxyla	Fungi
F696_unidentified	F696_unidentified	Fungi
F1828_o_NA	F1828_o_NA	Fungi
F1115_unidentified	F1115_unidentified	Fungi
F1532_Mycoacia	F1532_Mycoacia	Fungi
F601_Penicillium	F601_Penicillium	Fungi
B679_Georgenia	B679_Georgenia	Bacteria
F494_Coprinellus	F494_Coprinellus	Fungi
F307_unidentified	F307_unidentified	Fungi
F1157_f_Lasiosphaeriaceae	F1157_f_Lasiosphaeriaceae	Fungi
F56_Arnium	F56_Arnium	Fungi
F346_Athelia	F346_Athelia	Fungi
F290_f_Coniochaetaceae	F290_f_Coniochaetaceae	Fungi
F46_Microscypha	F46_Microscypha	Fungi
F723_unidentified	F723_unidentified	Fungi
F16_Pyricularia	F16_Pyricularia	Fungi
F785_Peniophorella	F785_Peniophorella	Fungi
F255_unidentified	F255_unidentified	Fungi
F107_o_Helotiales	F107_o_Helotiales	Fungi
F189_Westerdykella	F189_Westerdykella	Fungi
F638_Ceriporia	F638_Ceriporia	Fungi
F694_Biscogniauxia	F694_Biscogniauxia	Fungi
F184_unidentified	F184_unidentified	Fungi
F2343_unidentified	F2343_unidentified	Fungi
F190_Irpex	F190_Irpex	Fungi
F199_Aureobasidium	F199_Aureobasidium	Fungi
F44_Zopfiella	F44_Zopfiella	Fungi
F180_Tetracladium	F180_Tetracladium	Fungi
F265_Helicodendron	F265_Helicodendron	Fungi
F5_Alternaria	F5_Alternaria	Fungi
F575_Trametes	F575_Trametes	Fungi
F1028_Rhodotorula	F1028_Rhodotorula	Fungi
F260_Schizopora	F260_Schizopora	Fungi
F1031_Schizothecium	F1031_Schizothecium	Fungi
B12296_o_Myxococcales	B12296_o_Myxococcales	Bacteria
B282_Acinetobacter	B282_Acinetobacter	Bacteria
B22_uncultured.Roseobacter.sp.	B22_uncultured.Roseobacter.sp.	Bacteria
B216_uncultured	B216_uncultured	Bacteria
B770_f_WD2101.soil.group	B770_f_WD2101.soil.group	Bacteria
B9179_f_Bacillaceae	B9179_f_Bacillaceae	Bacteria
B233_Geothrix	B233_Geothrix	Bacteria
B5022_Halomonas	B5022_Halomonas	Bacteria
B133_uncultured.Desulfuromonadales.bacterium	B133_uncultured.Desulfuromonadales.bacterium	Bacteria
B26_Bradyrhizobium	B26_Bradyrhizobium	Bacteria
B8849_uncultured.Acidobacteria.bacterium	B8849_uncultured.Acidobacteria.bacterium	Bacteria
B464_Pseudomonas	B464_Pseudomonas	Bacteria
B2228_Acinetobacter	B2228_Acinetobacter	Bacteria
B4165_f_Burkholderiaceae	B4165_f_Burkholderiaceae	Bacteria
B11420_f_Bacillaceae	B11420_f_Bacillaceae	Bacteria
B437_Escherichia.Shigella	B437_Escherichia.Shigella	Bacteria
B1610_Clostridium.sensu.stricto.10	B1610_Clostridium.sensu.stricto.10	Bacteria
B2429_Allorhizobium.Neorhizobium.Pararhizobium.Rhizobium	B2429_Allorhizobium.Neorhizobium.Pararhizobium.Rhizobium	Bacteria
B338_uncultured.bacterium	B338_uncultured.bacterium	Bacteria
B32_Bradyrhizobium	B32_Bradyrhizobium	Bacteria
B6076_Escherichia.Shigella	B6076_Escherichia.Shigella	Bacteria
B1017_Clostridium.sensu.stricto.3	B1017_Clostridium.sensu.stricto.3	Bacteria
B354_Paraburkholderia.tropica	B354_Paraburkholderia.tropica	Bacteria
B209_Escherichia.Shigella	B209_Escherichia.Shigella	Bacteria
B398_Rhodococcus	B398_Rhodococcus	Bacteria
F159_o_Helotiales	F159_o_Helotiales	Fungi
F216_unidentified	F216_unidentified	Fungi
F91_unidentified	F91_unidentified	Fungi
F19_unidentified	F19_unidentified	Fungi
F195_Cistella	F195_Cistella	Fungi
F2573_Antrodia	F2573_Antrodia	Fungi
