id	label	Bacteria
B5678_Pseudomonas	B5678_Pseudomonas	Bacteria
B12733_Clostridium sensu stricto 10	B12733_Clostridium sensu stricto 10	Bacteria
F1279_Aspergillus	F1279_Aspergillus	Fungi
F2632_Fusarium	F2632_Fusarium	Fungi
B712_f_Intrasporangiaceae	B712_f_Intrasporangiaceae	Bacteria
B4265_Acidovorax	B4265_Acidovorax	Bacteria
B5119_Acinetobacter	B5119_Acinetobacter	Bacteria
B5768_Pseudomonas	B5768_Pseudomonas	Bacteria
F723_unidentified	F723_unidentified	Fungi
F152_unidentified	F152_unidentified	Fungi
F638_Ceriporia	F638_Ceriporia	Fungi
F963_Peniophorella	F963_Peniophorella	Fungi
F20_Edenia	F20_Edenia	Fungi
F1928_Beauveria	F1928_Beauveria	Fungi
F281_Aureobasidium	F281_Aureobasidium	Fungi
F353_Diaporthe	F353_Diaporthe	Fungi
B3_Sphingomonas	B3_Sphingomonas	Bacteria
F48_unidentified	F48_unidentified	Fungi
F3_Moesziomyces	F3_Moesziomyces	Fungi
B503_Escherichia-Shigella	B503_Escherichia-Shigella	Bacteria
B12221_Neisseria	B12221_Neisseria	Bacteria
F3683_unidentified	F3683_unidentified	Fungi
F3163_o_Polyporales	F3163_o_Polyporales	Fungi
F169_Naganishia	F169_Naganishia	Fungi
F105_Clonostachys	F105_Clonostachys	Fungi
F1678_unidentified	F1678_unidentified	Fungi
F609_Talaromyces	F609_Talaromyces	Fungi
F1819_f_Meruliaceae	F1819_f_Meruliaceae	Fungi
F918_o_NA	F918_o_NA	Fungi
F36_Moesziomyces	F36_Moesziomyces	Fungi
F1322_unidentified	F1322_unidentified	Fungi
F494_Coprinellus	F494_Coprinellus	Fungi
F4871_Stagonosporopsis	F4871_Stagonosporopsis	Fungi
F970_Resupinatus	F970_Resupinatus	Fungi
F725_Cabalodontia	F725_Cabalodontia	Fungi
B1682_Escherichia-Shigella	B1682_Escherichia-Shigella	Bacteria
B8056_Pseudomonas	B8056_Pseudomonas	Bacteria
B12150_Stenotrophomonas	B12150_Stenotrophomonas	Bacteria
B2787_f_Burkholderiaceae	B2787_f_Burkholderiaceae	Bacteria
F726_unidentified	F726_unidentified	Fungi
F3845_unidentified	F3845_unidentified	Fungi
F52_Psilocybe	F52_Psilocybe	Fungi
F54_Pyrenochaetopsis	F54_Pyrenochaetopsis	Fungi
F545_Cutaneotrichosporon	F545_Cutaneotrichosporon	Fungi
F137_Malassezia	F137_Malassezia	Fungi
F391_Nigrospora	F391_Nigrospora	Fungi
F2033_Cutaneotrichosporon	F2033_Cutaneotrichosporon	Fungi
F322_Penicillium	F322_Penicillium	Fungi
F4508_Plectosphaerella	F4508_Plectosphaerella	Fungi
F407_Phanerochaete	F407_Phanerochaete	Fungi
F778_Phlebiopsis	F778_Phlebiopsis	Fungi
F600_Penicillium	F600_Penicillium	Fungi
F1990_Humicola	F1990_Humicola	Fungi
F9_Chaetomium	F9_Chaetomium	Fungi
B24_Bradyrhizobium	B24_Bradyrhizobium	Bacteria
B1_Pantoea	B1_Pantoea	Bacteria
F8_unidentified	F8_unidentified	Fungi
F4_o_Pleosporales	F4_o_Pleosporales	Fungi
B54_uncultured	B54_uncultured	Bacteria
F1085_Lenzites	F1085_Lenzites	Fungi
F81_Cladosporium	F81_Cladosporium	Fungi
F190_Irpex	F190_Irpex	Fungi
F101_Curvularia	F101_Curvularia	Fungi
F2520_unidentified	F2520_unidentified	Fungi
B2788_Massilia	B2788_Massilia	Bacteria
B4805_Pseudomonas	B4805_Pseudomonas	Bacteria
B4652_uncultured	B4652_uncultured	Bacteria
B209_Escherichia-Shigella	B209_Escherichia-Shigella	Bacteria
B235_Cellulomonas	B235_Cellulomonas	Bacteria
F1003_Mycena	F1003_Mycena	Fungi
F606_unidentified	F606_unidentified	Fungi
F1305_unidentified	F1305_unidentified	Fungi
F16_Pyricularia	F16_Pyricularia	Fungi
F34_Mortierella	F34_Mortierella	Fungi
F441_o_Hypocreales	F441_o_Hypocreales	Fungi
F487_Filobasidium	F487_Filobasidium	Fungi
F5943_Acremonium	F5943_Acremonium	Fungi
F11_Sarocladium	F11_Sarocladium	Fungi
F5_Alternaria	F5_Alternaria	Fungi
B1227_Escherichia-Shigella	B1227_Escherichia-Shigella	Bacteria
B10590_Kocuria	B10590_Kocuria	Bacteria
F1837_Calyptella	F1837_Calyptella	Fungi
F2137_unidentified	F2137_unidentified	Fungi
F791_unidentified	F791_unidentified	Fungi
F675_o_NA	F675_o_NA	Fungi
F576_Malassezia	F576_Malassezia	Fungi
F2528_Coriolopsis	F2528_Coriolopsis	Fungi
F448_Perenniporia	F448_Perenniporia	Fungi
B32_Bradyrhizobium	B32_Bradyrhizobium	Bacteria
B902_Escherichia-Shigella	B902_Escherichia-Shigella	Bacteria
F3228_o_NA	F3228_o_NA	Fungi
F968_unidentified	F968_unidentified	Fungi
F1447_Hannaella	F1447_Hannaella	Fungi
F202_Pseudozyma	F202_Pseudozyma	Fungi
F18_f_Phaeosphaeriaceae	F18_f_Phaeosphaeriaceae	Fungi
F1850_Hyphodontia	F1850_Hyphodontia	Fungi
F46_Microscypha	F46_Microscypha	Fungi
F51_Papiliotrema	F51_Papiliotrema	Fungi
F68_Pseudogymnoascus	F68_Pseudogymnoascus	Fungi
F31_Fusarium	F31_Fusarium	Fungi
F58_Schizothecium	F58_Schizothecium	Fungi
F85_Fusarium	F85_Fusarium	Fungi
F53_Pyrenochaetopsis	F53_Pyrenochaetopsis	Fungi
B1646_Asinibacterium	B1646_Asinibacterium	Bacteria
F42_unidentified	F42_unidentified	Fungi
F321_Curvularia	F321_Curvularia	Fungi
F6_Cladosporium	F6_Cladosporium	Fungi
F199_Aureobasidium	F199_Aureobasidium	Fungi
B11465_o_NA	B11465_o_NA	Bacteria
F3052_Genolevuria	F3052_Genolevuria	Fungi
F5264_unidentified	F5264_unidentified	Fungi
F308_Curvularia	F308_Curvularia	Fungi
F280_o_Polyporales	F280_o_Polyporales	Fungi
F277_Peniophora	F277_Peniophora	Fungi
F1071_Hericium	F1071_Hericium	Fungi
F178_Schizopora	F178_Schizopora	Fungi
F720_unidentified	F720_unidentified	Fungi
F482_Pichia	F482_Pichia	Fungi
F315_Trametes	F315_Trametes	Fungi
F700_Trechispora	F700_Trechispora	Fungi
F3130_Trechispora	F3130_Trechispora	Fungi
F90_Pseudogymnoascus	F90_Pseudogymnoascus	Fungi
F4274_Aspergillus	F4274_Aspergillus	Fungi
F458_Endoxyla	F458_Endoxyla	Fungi
F28_f_Hypocreales_fam_Incertae_sedis	F28_f_Hypocreales_fam_Incertae_sedis	Fungi
F260_Schizopora	F260_Schizopora	Fungi
F12_o_Pleosporales	F12_o_Pleosporales	Fungi
F663_Hymenochaetopsis	F663_Hymenochaetopsis	Fungi
F3123_Thanatephorus	F3123_Thanatephorus	Fungi
B307_Bacillus	B307_Bacillus	Bacteria
F59_Podospora	F59_Podospora	Fungi
F14_o_Pleosporales	F14_o_Pleosporales	Fungi
F740_Trametes	F740_Trametes	Fungi
F1028_Rhodotorula	F1028_Rhodotorula	Fungi
F488_Penicillium	F488_Penicillium	Fungi
F180_Tetracladium	F180_Tetracladium	Fungi
F63_Thanatephorus	F63_Thanatephorus	Fungi
F182_o_NA	F182_o_NA	Fungi
F29_f_Didymellaceae	F29_f_Didymellaceae	Fungi
F5341_Penicillium	F5341_Penicillium	Fungi
F698_unidentified	F698_unidentified	Fungi
F1482_Hyphoderma	F1482_Hyphoderma	Fungi
F5302_Dioszegia	F5302_Dioszegia	Fungi
F57_Trichoderma	F57_Trichoderma	Fungi
F10_Guehomyces	F10_Guehomyces	Fungi
F136_f_Didymosphaeriaceae	F136_f_Didymosphaeriaceae	Fungi
F951_Blakeslea	F951_Blakeslea	Fungi
F120_Sporobolomyces	F120_Sporobolomyces	Fungi
F410_Schizophyllum	F410_Schizophyllum	Fungi
F55_f_Nectriaceae	F55_f_Nectriaceae	Fungi
B926_uncultured	B926_uncultured	Bacteria
B7047_o_Acetobacterales	B7047_o_Acetobacterales	Bacteria
B22_uncultured.Roseobacter.sp.	B22_uncultured.Roseobacter.sp.	Bacteria
B7864_Pseudomonas	B7864_Pseudomonas	Bacteria
B14364_uncultured	B14364_uncultured	Bacteria
B6904_Clostridium.sensu.stricto.1	B6904_Clostridium.sensu.stricto.1	Bacteria
B6_Sphingomonas	B6_Sphingomonas	Bacteria
B26_Bradyrhizobium	B26_Bradyrhizobium	Bacteria
B743_Escherichia.Shigella	B743_Escherichia.Shigella	Bacteria
B1995_Massilia	B1995_Massilia	Bacteria
B919_f_Burkholderiaceae	B919_f_Burkholderiaceae	Bacteria
B3650_Aerococcus	B3650_Aerococcus	Bacteria
B3122_Pseudomonas	B3122_Pseudomonas	Bacteria
B1682_Escherichia.Shigella	B1682_Escherichia.Shigella	Bacteria
B503_Escherichia.Shigella	B503_Escherichia.Shigella	Bacteria
B1227_Escherichia.Shigella	B1227_Escherichia.Shigella	Bacteria
B902_Escherichia.Shigella	B902_Escherichia.Shigella	Bacteria
B209_Escherichia.Shigella	B209_Escherichia.Shigella	Bacteria
B12733_Clostridium.sensu.stricto.10	B12733_Clostridium.sensu.stricto.10	Bacteria
F61_o_Pleosporales	F61_o_Pleosporales	Fungi
F2_Nigrospora	F2_Nigrospora	Fungi
F27_Curvularia	F27_Curvularia	Fungi
F116_Curvularia	F116_Curvularia	Fungi
F292_Engyodontium	F292_Engyodontium	Fungi
