id	label	Bacteria
B69_o_NA	B69_o_NA	Bacteria
B184_f_Anaerolineaceae	B184_f_Anaerolineaceae	Bacteria
B66_GOUTA6	B66_GOUTA6	Bacteria
B38_uncultured prokaryote	B38_uncultured prokaryote	Bacteria
B241_uncultured	B241_uncultured	Bacteria
B455_Desulfobacca	B455_Desulfobacca	Bacteria
B155_Flavisolibacter	B155_Flavisolibacter	Bacteria
B205_uncultured prokaryote	B205_uncultured prokaryote	Bacteria
F107_o_Helotiales	F107_o_Helotiales	Fungi
F57_Trichoderma	F57_Trichoderma	Fungi
F97_o_Sordariales	F97_o_Sordariales	Fungi
F180_Tetracladium	F180_Tetracladium	Fungi
B360_o_SBR1031	B360_o_SBR1031	Bacteria
B274_Porphyrobacter	B274_Porphyrobacter	Bacteria
B319_anaerobic bacterium MO-CFX2	B319_anaerobic bacterium MO-CFX2	Bacteria
B47_metagenome	B47_metagenome	Bacteria
B67_uncultured	B67_uncultured	Bacteria
B196_Anaeromyxobacter	B196_Anaeromyxobacter	Bacteria
B182_f_Micrococcaceae	B182_f_Micrococcaceae	Bacteria
F17_o_Pleosporales	F17_o_Pleosporales	Fungi
F195_Cistella	F195_Cistella	Fungi
B167_Gemmatimonas	B167_Gemmatimonas	Bacteria
B168_uncultured bacterium	B168_uncultured bacterium	Bacteria
B96_uncultured	B96_uncultured	Bacteria
F375_o_NA	F375_o_NA	Fungi
F34_Mortierella	F34_Mortierella	Fungi
B325_Ellin6067	B325_Ellin6067	Bacteria
B691_uncultured Caldilineaceae bacterium	B691_uncultured Caldilineaceae bacterium	Bacteria
B706_uncultured Desulfuromonadales bacterium	B706_uncultured Desulfuromonadales bacterium	Bacteria
B1084_f_uncultured	B1084_f_uncultured	Bacteria
B2359_mle1-7	B2359_mle1-7	Bacteria
B2457_Lacunisphaera	B2457_Lacunisphaera	Bacteria
B245_f_Xanthobacteraceae	B245_f_Xanthobacteraceae	Bacteria
F217_unidentified	F217_unidentified	Fungi
F54_Pyrenochaetopsis	F54_Pyrenochaetopsis	Fungi
B236_o_SBR1031	B236_o_SBR1031	Bacteria
B181_uncultured Planctomycetales bacterium	B181_uncultured Planctomycetales bacterium	Bacteria
B94_uncultured Nitrospirae bacterium	B94_uncultured Nitrospirae bacterium	Bacteria
B150_RBG-16-58-14	B150_RBG-16-58-14	Bacteria
B114_Luteimonas	B114_Luteimonas	Bacteria
F182_o_NA	F182_o_NA	Fungi
F184_unidentified	F184_unidentified	Fungi
B218_RBG-16-58-14	B218_RBG-16-58-14	Bacteria
B91_o_NA	B91_o_NA	Bacteria
B594_metagenome	B594_metagenome	Bacteria
B154_f_Micrococcaceae	B154_f_Micrococcaceae	Bacteria
F151_unidentified	F151_unidentified	Fungi
F234_unidentified	F234_unidentified	Fungi
F23_Solicoccozyma	F23_Solicoccozyma	Fungi
F68_Pseudogymnoascus	F68_Pseudogymnoascus	Fungi
F9_Chaetomium	F9_Chaetomium	Fungi
B132_f_Intrasporangiaceae	B132_f_Intrasporangiaceae	Bacteria
B571_uncultured eubacterium WCHB1-50	B571_uncultured eubacterium WCHB1-50	Bacteria
B224_Ramlibacter	B224_Ramlibacter	Bacteria
B237_f_Micrococcaceae	B237_f_Micrococcaceae	Bacteria
F517_unidentified	F517_unidentified	Fungi
B421_Gaiella	B421_Gaiella	Bacteria
B107_o_NA	B107_o_NA	Bacteria
B120_uncultured Anaerolineaceae bacterium	B120_uncultured Anaerolineaceae bacterium	Bacteria
B1434_o_NA	B1434_o_NA	Bacteria
B701_uncultured bacterium	B701_uncultured bacterium	Bacteria
B267_f_Burkholderiaceae	B267_f_Burkholderiaceae	Bacteria
B492_metagenome	B492_metagenome	Bacteria
B339_Noviherbaspirillum	B339_Noviherbaspirillum	Bacteria
B190_o_NA	B190_o_NA	Bacteria
B429_f_Micrococcaceae	B429_f_Micrococcaceae	Bacteria
F14_o_Pleosporales	F14_o_Pleosporales	Fungi
B395_f_uncultured	B395_f_uncultured	Bacteria
B259_uncultured	B259_uncultured	Bacteria
B215_Nakamurella	B215_Nakamurella	Bacteria
B25_uncultured prokaryote	B25_uncultured prokaryote	Bacteria
F232_Mortierella	F232_Mortierella	Fungi
F205_Mortierella	F205_Mortierella	Fungi
B714_o_NA	B714_o_NA	Bacteria
F388_unidentified	F388_unidentified	Fungi
B44_f_Xanthobacteraceae	B44_f_Xanthobacteraceae	Bacteria
B897_UTBCD1	B897_UTBCD1	Bacteria
B484_Candidatus Koribacter	B484_Candidatus Koribacter	Bacteria
F2_Nigrospora	F2_Nigrospora	Fungi
F165_Cyberlindnera	F165_Cyberlindnera	Fungi
B552_Thiobacillus	B552_Thiobacillus	Bacteria
B8572_Sphingomonas	B8572_Sphingomonas	Bacteria
B872_uncultured bacterium	B872_uncultured bacterium	Bacteria
B108_Geobacter	B108_Geobacter	Bacteria
B117_o_NA	B117_o_NA	Bacteria
B2589_o_NA	B2589_o_NA	Bacteria
F128_unidentified	F128_unidentified	Fungi
F13_Zopfiella	F13_Zopfiella	Fungi
B614_uncultured	B614_uncultured	Bacteria
F255_unidentified	F255_unidentified	Fungi
F242_unidentified	F242_unidentified	Fungi
B549_uncultured	B549_uncultured	Bacteria
B221_f_Xanthobacteraceae	B221_f_Xanthobacteraceae	Bacteria
B1280_uncultured	B1280_uncultured	Bacteria
F103_unidentified	F103_unidentified	Fungi
B378_f_WD2101 soil group	B378_f_WD2101 soil group	Bacteria
B113_o_RBG-13-54-9	B113_o_RBG-13-54-9	Bacteria
F350_o_Tremellales	F350_o_Tremellales	Fungi
F26_unidentified	F26_unidentified	Fungi
B65_o_RBG-13-54-9	B65_o_RBG-13-54-9	Bacteria
B73_f_Blastocatellaceae	B73_f_Blastocatellaceae	Bacteria
B443_RBG-16-58-14	B443_RBG-16-58-14	Bacteria
B59_Terrabacter	B59_Terrabacter	Bacteria
B88_uncultured Alkaliflexus sp.	B88_uncultured Alkaliflexus sp.	Bacteria
B344_f_SC-I-84	B344_f_SC-I-84	Bacteria
B441_Actinobacteria bacterium RBG_19FT_COMBO_70_19	B441_Actinobacteria bacterium RBG_19FT_COMBO_70_19	Bacteria
F59_Podospora	F59_Podospora	Fungi
F200_Aspergillus	F200_Aspergillus	Fungi
F62_Mrakia	F62_Mrakia	Fungi
F10_Guehomyces	F10_Guehomyces	Fungi
F38_Pseudeurotium	F38_Pseudeurotium	Fungi
B158_uncultured bacterium	B158_uncultured bacterium	Bacteria
B49_Anaerolinea	B49_Anaerolinea	Bacteria
B440_Anaerolinea	B440_Anaerolinea	Bacteria
B206_uncultured bacterium	B206_uncultured bacterium	Bacteria
B180_o_NA	B180_o_NA	Bacteria
B604_Bryobacter	B604_Bryobacter	Bacteria
B609_Reyranella	B609_Reyranella	Bacteria
B50_Thiobacillus	B50_Thiobacillus	Bacteria
F19_unidentified	F19_unidentified	Fungi
F157_unidentified	F157_unidentified	Fungi
F149_unidentified	F149_unidentified	Fungi
B129_ADurb.Bin063-1	B129_ADurb.Bin063-1	Bacteria
F495_unidentified	F495_unidentified	Fungi
F189_Westerdykella	F189_Westerdykella	Fungi
B304_Ignavibacterium	B304_Ignavibacterium	Bacteria
B415_uncultured prokaryote	B415_uncultured prokaryote	Bacteria
B55_Sideroxydans	B55_Sideroxydans	Bacteria
B151_Pseudolabrys	B151_Pseudolabrys	Bacteria
B431_Leptolinea	B431_Leptolinea	Bacteria
B516_uncultured bacterium SJA-22	B516_uncultured bacterium SJA-22	Bacteria
B124_Ellin6067	B124_Ellin6067	Bacteria
B322_RB41	B322_RB41	Bacteria
B517_uncultured bacterium	B517_uncultured bacterium	Bacteria
B760_f_A21b	B760_f_A21b	Bacteria
B283_uncultured Thermaerobacter sp.	B283_uncultured Thermaerobacter sp.	Bacteria
F201_unidentified	F201_unidentified	Fungi
B501_Anaeromyxobacter	B501_Anaeromyxobacter	Bacteria
B499_uncultured	B499_uncultured	Bacteria
B1535_Pseudolabrys	B1535_Pseudolabrys	Bacteria
B1208_Anaerolinea	B1208_Anaerolinea	Bacteria
B555_uncultured organism	B555_uncultured organism	Bacteria
B662_Bryobacter	B662_Bryobacter	Bacteria
B855_uncultured eubacterium WCHB1-50	B855_uncultured eubacterium WCHB1-50	Bacteria
B950_Geobacter	B950_Geobacter	Bacteria
B1889_uncultured Alkaliflexus sp.	B1889_uncultured Alkaliflexus sp.	Bacteria
B380_f_Micrococcaceae	B380_f_Micrococcaceae	Bacteria
B128_Thiobacillus	B128_Thiobacillus	Bacteria
F284_Podospora	F284_Podospora	Fungi
F594_unidentified	F594_unidentified	Fungi
F15_o_Helotiales	F15_o_Helotiales	Fungi
B375_Sphingomonas	B375_Sphingomonas	Bacteria
B273_Syntrophobacter	B273_Syntrophobacter	Bacteria
B2184_uncultured Rhodocyclaceae bacterium	B2184_uncultured Rhodocyclaceae bacterium	Bacteria
F159_o_Helotiales	F159_o_Helotiales	Fungi
B414_uncultured Desulfovirga sp.	B414_uncultured Desulfovirga sp.	Bacteria
F46_Microscypha	F46_Microscypha	Fungi
B79_uncultured	B79_uncultured	Bacteria
B97_uncultured	B97_uncultured	Bacteria
F99_Cistella	F99_Cistella	Fungi
F224_Rhizophydium	F224_Rhizophydium	Fungi
B506_uncultured eubacterium WCHB1-50	B506_uncultured eubacterium WCHB1-50	Bacteria
B474_Gemmatimonas	B474_Gemmatimonas	Bacteria
B471_uncultured bacterium	B471_uncultured bacterium	Bacteria
F437_unidentified	F437_unidentified	Fungi
B53_f_SC-I-84	B53_f_SC-I-84	Bacteria
F7_unidentified	F7_unidentified	Fungi
B1059_o_NA	B1059_o_NA	Bacteria
F253_unidentified	F253_unidentified	Fungi
B142_Ellin6067	B142_Ellin6067	Bacteria
B225_uncultured bacterium	B225_uncultured bacterium	Bacteria
B1099_uncultured soil bacterium	B1099_uncultured soil bacterium	Bacteria
B175_Ellin6067	B175_Ellin6067	Bacteria
F105_Clonostachys	F105_Clonostachys	Fungi
F111_Geomyces	F111_Geomyces	Fungi
F126_Tomentellopsis	F126_Tomentellopsis	Fungi
F83_Schizothecium	F83_Schizothecium	Fungi
F90_Pseudogymnoascus	F90_Pseudogymnoascus	Fungi
F121_Schizothecium	F121_Schizothecium	Fungi
B396_o_RCP2-54	B396_o_RCP2-54	Bacteria
B7860_MND1	B7860_MND1	Bacteria
B682_uncultured	B682_uncultured	Bacteria
B707_uncultured bacterium	B707_uncultured bacterium	Bacteria
B543_Thiobacillus	B543_Thiobacillus	Bacteria
B825_Ellin6067	B825_Ellin6067	Bacteria
B882_Hyphomicrobium	B882_Hyphomicrobium	Bacteria
B493_Blastococcus	B493_Blastococcus	Bacteria
B754_f_Xanthobacteraceae	B754_f_Xanthobacteraceae	Bacteria
F141_f_Nectriaceae	F141_f_Nectriaceae	Fungi
F41_Arnium	F41_Arnium	Fungi
B238_uncultured Iamiaceae bacterium	B238_uncultured Iamiaceae bacterium	Bacteria
F423_Zopfiella	F423_Zopfiella	Fungi
F210_unidentified	F210_unidentified	Fungi
F25_Dimorphospora	F25_Dimorphospora	Fungi
B459_uncultured	B459_uncultured	Bacteria
B174_f_Bacteroidetes vadinHA17	B174_f_Bacteroidetes vadinHA17	Bacteria
F524_unidentified	F524_unidentified	Fungi
F705_unidentified	F705_unidentified	Fungi
F192_Fusicolla	F192_Fusicolla	Fungi
F73_Tetracladium	F73_Tetracladium	Fungi
F28_f_Hypocreales_fam_Incertae_sedis	F28_f_Hypocreales_fam_Incertae_sedis	Fungi
B251_uncultured Bellilinea sp.	B251_uncultured Bellilinea sp.	Bacteria
B51_Anaerolinea	B51_Anaerolinea	Bacteria
F314_unidentified	F314_unidentified	Fungi
F515_unidentified	F515_unidentified	Fungi
F144_Typhula	F144_Typhula	Fungi
B104_uncultured bacterium	B104_uncultured bacterium	Bacteria
B112_uncultured prokaryote	B112_uncultured prokaryote	Bacteria
F300_unidentified	F300_unidentified	Fungi
B2371_Zavarzinella	B2371_Zavarzinella	Bacteria
B270_Oryzihumus	B270_Oryzihumus	Bacteria
B346_uncultured	B346_uncultured	Bacteria
B341_uncultured	B341_uncultured	Bacteria
B309_Sideroxydans	B309_Sideroxydans	Bacteria
B199_f_Nocardioidaceae	B199_f_Nocardioidaceae	Bacteria
F342_unidentified	F342_unidentified	Fungi
F307_unidentified	F307_unidentified	Fungi
F646_unidentified	F646_unidentified	Fungi
F409_unidentified	F409_unidentified	Fungi
F134_o_NA	F134_o_NA	Fungi
F170_unidentified	F170_unidentified	Fungi
F70_unidentified	F70_unidentified	Fungi
F145_Mrakiella	F145_Mrakiella	Fungi
F66_Trichoderma	F66_Trichoderma	Fungi
B1403_Clostridium sensu stricto 13	B1403_Clostridium sensu stricto 13	Bacteria
F175_unidentified	F175_unidentified	Fungi
F79_Ceratobasidium	F79_Ceratobasidium	Fungi
B2037_Phenylobacterium	B2037_Phenylobacterium	Bacteria
B1675_uncultured Acidobacteriales bacterium	B1675_uncultured Acidobacteriales bacterium	Bacteria
B771_Sphingomonas	B771_Sphingomonas	Bacteria
B454_uncultured	B454_uncultured	Bacteria
B300_Gemmatimonas	B300_Gemmatimonas	Bacteria
F216_unidentified	F216_unidentified	Fungi
F154_Slooffia	F154_Slooffia	Fungi
F24_o_Helotiales	F24_o_Helotiales	Fungi
F67_unidentified	F67_unidentified	Fungi
B219_Pseudolabrys	B219_Pseudolabrys	Bacteria
B253_uncultured	B253_uncultured	Bacteria
B316_uncultured Thermaerobacter sp.	B316_uncultured Thermaerobacter sp.	Bacteria
B352_o_NA	B352_o_NA	Bacteria
F327_unidentified	F327_unidentified	Fungi
B140_f_Intrasporangiaceae	B140_f_Intrasporangiaceae	Bacteria
F343_unidentified	F343_unidentified	Fungi
F1185_unidentified	F1185_unidentified	Fungi
F592_unidentified	F592_unidentified	Fungi
F120_Sporobolomyces	F120_Sporobolomyces	Fungi
F63_Thanatephorus	F63_Thanatephorus	Fungi
B146_uncultured prokaryote	B146_uncultured prokaryote	Bacteria
B651_Gemmata	B651_Gemmata	Bacteria
B131_Rhodanobacter	B131_Rhodanobacter	Bacteria
B255_Reyranella	B255_Reyranella	Bacteria
B258_ADurb.Bin063-1	B258_ADurb.Bin063-1	Bacteria
F438_unidentified	F438_unidentified	Fungi
B606_Desulfobacca	B606_Desulfobacca	Bacteria
B195_uncultured soil bacterium	B195_uncultured soil bacterium	Bacteria
F497_o_NA	F497_o_NA	Fungi
F92_unidentified	F92_unidentified	Fungi
B724_Ellin6067	B724_Ellin6067	Bacteria
B850_uncultured prokaryote	B850_uncultured prokaryote	Bacteria
B1290_Candidatus Solibacter	B1290_Candidatus Solibacter	Bacteria
B2561_Anaeromyxobacter	B2561_Anaeromyxobacter	Bacteria
B249_Thiobacillus	B249_Thiobacillus	Bacteria
B504_o_NA	B504_o_NA	Bacteria
B1437_Geobacter	B1437_Geobacter	Bacteria
F389_f_Sympoventuriaceae	F389_f_Sympoventuriaceae	Fungi
F153_unidentified	F153_unidentified	Fungi
F1653_o_NA	F1653_o_NA	Fungi
B899_f_Burkholderiaceae	B899_f_Burkholderiaceae	Bacteria
B145_uncultured Chloroflexi bacterium	B145_uncultured Chloroflexi bacterium	Bacteria
F278_Peziza	F278_Peziza	Fungi
F256_Chalara	F256_Chalara	Fungi
B1105_uncultured prokaryote	B1105_uncultured prokaryote	Bacteria
F237_unidentified	F237_unidentified	Fungi
B248_o_Betaproteobacteriales	B248_o_Betaproteobacteriales	Bacteria
B336_Anaerolinea	B336_Anaerolinea	Bacteria
B350_Candidatus Solibacter	B350_Candidatus Solibacter	Bacteria
B349_Haliangium	B349_Haliangium	Bacteria
B324_Haliangium	B324_Haliangium	Bacteria
B511_Thiobacillus	B511_Thiobacillus	Bacteria
F37_unidentified	F37_unidentified	Fungi
F465_unidentified	F465_unidentified	Fungi
B1880_uncultured bacterium	B1880_uncultured bacterium	Bacteria
B643_ADurb.Bin063-1	B643_ADurb.Bin063-1	Bacteria
B2507_Sphingomonas	B2507_Sphingomonas	Bacteria
B348_uncultured soil bacterium	B348_uncultured soil bacterium	Bacteria
B1188_o_Subgroup 7	B1188_o_Subgroup 7	Bacteria
F58_Schizothecium	F58_Schizothecium	Fungi
B546_uncultured bacterium	B546_uncultured bacterium	Bacteria
B388_Mycobacterium	B388_Mycobacterium	Bacteria
B401_Sh765B-TzT-35	B401_Sh765B-TzT-35	Bacteria
F80_Uncobasidium	F80_Uncobasidium	Fungi
B193_Sideroxydans	B193_Sideroxydans	Bacteria
F374_unidentified	F374_unidentified	Fungi
F395_unidentified	F395_unidentified	Fungi
F838_unidentified	F838_unidentified	Fungi
B376_Anaerolinea	B376_Anaerolinea	Bacteria
F340_unidentified	F340_unidentified	Fungi
F359_unidentified	F359_unidentified	Fungi
B668_Chthonomonas	B668_Chthonomonas	Bacteria
F229_unidentified	F229_unidentified	Fungi
F472_unidentified	F472_unidentified	Fungi
F378_unidentified	F378_unidentified	Fungi
F44_Zopfiella	F44_Zopfiella	Fungi
F48_unidentified	F48_unidentified	Fungi
F287_unidentified	F287_unidentified	Fungi
B173_uncultured planctomycete	B173_uncultured planctomycete	Bacteria
B223_uncultured Sphingobacteriales bacterium	B223_uncultured Sphingobacteriales bacterium	Bacteria
F522_unidentified	F522_unidentified	Fungi
B703_uncultured	B703_uncultured	Bacteria
B584_Leptolinea	B584_Leptolinea	Bacteria
B160_Anaerolinea	B160_Anaerolinea	Bacteria
B296_f_Xanthobacteraceae	B296_f_Xanthobacteraceae	Bacteria
B822_Phenylobacterium	B822_Phenylobacterium	Bacteria
B644_uncultured Planctomyces sp.	B644_uncultured Planctomyces sp.	Bacteria
F282_unidentified	F282_unidentified	Fungi
F4584_unidentified	F4584_unidentified	Fungi
F56_Arnium	F56_Arnium	Fungi
F119_unidentified	F119_unidentified	Fungi
B152_Sideroxydans	B152_Sideroxydans	Bacteria
B171_uncultured prokaryote	B171_uncultured prokaryote	Bacteria
F372_Schizothecium	F372_Schizothecium	Fungi
F91_unidentified	F91_unidentified	Fungi
B447_ADurb.Bin063-1	B447_ADurb.Bin063-1	Bacteria
B1069_o_NA	B1069_o_NA	Bacteria
B468_Geobacter	B468_Geobacter	Bacteria
B1442_Gemmatimonas	B1442_Gemmatimonas	Bacteria
B648_o_NA	B648_o_NA	Bacteria
F114_unidentified	F114_unidentified	Fungi
F249_Mortierella	F249_Mortierella	Fungi
B883_uncultured	B883_uncultured	Bacteria
B244_f_Xanthobacteraceae	B244_f_Xanthobacteraceae	Bacteria
F676_o_NA	F676_o_NA	Fungi
F387_unidentified	F387_unidentified	Fungi
B133_uncultured Desulfuromonadales bacterium	B133_uncultured Desulfuromonadales bacterium	Bacteria
B688_Rhizobacter	B688_Rhizobacter	Bacteria
F3396_Coniochaeta	F3396_Coniochaeta	Fungi
F363_unidentified	F363_unidentified	Fungi
F842_unidentified	F842_unidentified	Fungi
F94_Mortierella	F94_Mortierella	Fungi
B3409_f_Pirellulaceae	B3409_f_Pirellulaceae	Bacteria
B631_Anaeromyxobacter	B631_Anaeromyxobacter	Bacteria
F122_Apodus	F122_Apodus	Fungi
F721_unidentified	F721_unidentified	Fungi
F95_o_NA	F95_o_NA	Fungi
F502_unidentified	F502_unidentified	Fungi
F371_unidentified	F371_unidentified	Fungi
B119_Acidibacter	B119_Acidibacter	Bacteria
B126_Sphingomonas	B126_Sphingomonas	Bacteria
B261_uncultured	B261_uncultured	Bacteria
F670_unidentified	F670_unidentified	Fungi
B852_f_A4b	B852_f_A4b	Bacteria
B670_f_uncultured	B670_f_uncultured	Bacteria
F185_f_Didymosphaeriaceae	F185_f_Didymosphaeriaceae	Fungi
F1933_o_NA	F1933_o_NA	Fungi
F294_unidentified	F294_unidentified	Fungi
F749_Endogone	F749_Endogone	Fungi
F69_o_Pleosporales	F69_o_Pleosporales	Fungi
F5_Alternaria	F5_Alternaria	Fungi
F493_unidentified	F493_unidentified	Fungi
B413_f_Micrococcaceae	B413_f_Micrococcaceae	Bacteria
B407_f_Burkholderiaceae	B407_f_Burkholderiaceae	Bacteria
B368_Thiobacillus	B368_Thiobacillus	Bacteria
B489_f_Micrococcaceae	B489_f_Micrococcaceae	Bacteria
F709_unidentified	F709_unidentified	Fungi
F501_unidentified	F501_unidentified	Fungi
F1984_Mortierella	F1984_Mortierella	Fungi
F402_unidentified	F402_unidentified	Fungi
F884_Peziza	F884_Peziza	Fungi
B1500_uncultured bacterium	B1500_uncultured bacterium	Bacteria
F53_Pyrenochaetopsis	F53_Pyrenochaetopsis	Fungi
F364_Schizothecium	F364_Schizothecium	Fungi
F335_unidentified	F335_unidentified	Fungi
B2409_uncultured bacterium	B2409_uncultured bacterium	Bacteria
F735_unidentified	F735_unidentified	Fungi
F412_unidentified	F412_unidentified	Fungi
F351_unidentified	F351_unidentified	Fungi
F959_unidentified	F959_unidentified	Fungi
F33_unidentified	F33_unidentified	Fungi
F384_unidentified	F384_unidentified	Fungi
B593_uncultured.Gemmatimonadetes.bacterium	B593_uncultured.Gemmatimonadetes.bacterium	Bacteria
B291_uncultured	B291_uncultured	Bacteria
B470_o_Chthonomonadales	B470_o_Chthonomonadales	Bacteria
B211_o_SBR1031	B211_o_SBR1031	Bacteria
B862_uncultured	B862_uncultured	Bacteria
B1195_f_WD2101.soil.group	B1195_f_WD2101.soil.group	Bacteria
B406_Syntrophobacter	B406_Syntrophobacter	Bacteria
B139_RBG.16.58.14	B139_RBG.16.58.14	Bacteria
B625_uncultured.Caldilineaceae.bacterium	B625_uncultured.Caldilineaceae.bacterium	Bacteria
B163_uncultured	B163_uncultured	Bacteria
B1292_o_SBR1031	B1292_o_SBR1031	Bacteria
B1134_f_Anaerolineaceae	B1134_f_Anaerolineaceae	Bacteria
B315_uncultured.Gemmatimonadetes.bacterium	B315_uncultured.Gemmatimonadetes.bacterium	Bacteria
B619_Leptolinea	B619_Leptolinea	Bacteria
B1605_uncultured.bacterium	B1605_uncultured.bacterium	Bacteria
B3593_uncultured.bacterium	B3593_uncultured.bacterium	Bacteria
B509_o_SBR1031	B509_o_SBR1031	Bacteria
B667_Sh765B.TzT.35	B667_Sh765B.TzT.35	Bacteria
B250_o_RBG.13.54.9	B250_o_RBG.13.54.9	Bacteria
B554_f_WD2101.soil.group	B554_f_WD2101.soil.group	Bacteria
B656_Gemmatimonas	B656_Gemmatimonas	Bacteria
B691_uncultured.Caldilineaceae.bacterium	B691_uncultured.Caldilineaceae.bacterium	Bacteria
B247_uncultured	B247_uncultured	Bacteria
B218_RBG.16.58.14	B218_RBG.16.58.14	Bacteria
B3021_o_NA	B3021_o_NA	Bacteria
B256_uncultured.Gemmatimonadetes.bacterium	B256_uncultured.Gemmatimonadetes.bacterium	Bacteria
B563_uncultured.eubacterium.WCHB1.50	B563_uncultured.eubacterium.WCHB1.50	Bacteria
B1807_o_SBR1031	B1807_o_SBR1031	Bacteria
B530_o_RBG.13.54.9	B530_o_RBG.13.54.9	Bacteria
B674_uncultured.prokaryote	B674_uncultured.prokaryote	Bacteria
B802_uncultured	B802_uncultured	Bacteria
B456_f_Bacteroidetes.vadinHA17	B456_f_Bacteroidetes.vadinHA17	Bacteria
B1801_uncultured	B1801_uncultured	Bacteria
B4291_uncultured.Anaerolineaceae.bacterium	B4291_uncultured.Anaerolineaceae.bacterium	Bacteria
B158_uncultured.bacterium	B158_uncultured.bacterium	Bacteria
B693_o_NA	B693_o_NA	Bacteria
B506_uncultured.eubacterium.WCHB1.50	B506_uncultured.eubacterium.WCHB1.50	Bacteria
B396_o_RCP2.54	B396_o_RCP2.54	Bacteria
B225_uncultured.bacterium	B225_uncultured.bacterium	Bacteria
B65_o_RBG.13.54.9	B65_o_RBG.13.54.9	Bacteria
B1267_uncultured	B1267_uncultured	Bacteria
B292_uncultured	B292_uncultured	Bacteria
B355_Desulfobacca	B355_Desulfobacca	Bacteria
B415_uncultured.prokaryote	B415_uncultured.prokaryote	Bacteria
B136_Hydrogenispora	B136_Hydrogenispora	Bacteria
B794_o_NA	B794_o_NA	Bacteria
B1099_uncultured.soil.bacterium	B1099_uncultured.soil.bacterium	Bacteria
B591_Anaerolinea	B591_Anaerolinea	Bacteria
B1309_Candidatus.Solibacter	B1309_Candidatus.Solibacter	Bacteria
B680_Pseudolabrys	B680_Pseudolabrys	Bacteria
B181_uncultured.Planctomycetales.bacterium	B181_uncultured.Planctomycetales.bacterium	Bacteria
B414_uncultured.Desulfovirga.sp.	B414_uncultured.Desulfovirga.sp.	Bacteria
B258_ADurb.Bin063.1	B258_ADurb.Bin063.1	Bacteria
B483_Anaerolinea	B483_Anaerolinea	Bacteria
B1146_Bryobacter	B1146_Bryobacter	Bacteria
B706_uncultured.Desulfuromonadales.bacterium	B706_uncultured.Desulfuromonadales.bacterium	Bacteria
B216_uncultured	B216_uncultured	Bacteria
B129_ADurb.Bin063.1	B129_ADurb.Bin063.1	Bacteria
B770_f_WD2101.soil.group	B770_f_WD2101.soil.group	Bacteria
B793_Haliangium	B793_Haliangium	Bacteria
B1439_uncultured	B1439_uncultured	Bacteria
B608_f_Xanthobacteraceae	B608_f_Xanthobacteraceae	Bacteria
B363_uncultured	B363_uncultured	Bacteria
B319_anaerobic.bacterium.MO.CFX2	B319_anaerobic.bacterium.MO.CFX2	Bacteria
B206_uncultured.bacterium	B206_uncultured.bacterium	Bacteria
B204_Syntrophobacter	B204_Syntrophobacter	Bacteria
B809_uncultured	B809_uncultured	Bacteria
B707_uncultured.bacterium	B707_uncultured.bacterium	Bacteria
B251_uncultured.Bellilinea.sp.	B251_uncultured.Bellilinea.sp.	Bacteria
B866_uncultured.soil.bacterium	B866_uncultured.soil.bacterium	Bacteria
B2442_uncultured.soil.bacterium	B2442_uncultured.soil.bacterium	Bacteria
B168_uncultured.bacterium	B168_uncultured.bacterium	Bacteria
B1105_uncultured.prokaryote	B1105_uncultured.prokaryote	Bacteria
B516_uncultured.bacterium.SJA.22	B516_uncultured.bacterium.SJA.22	Bacteria
B145_uncultured.Chloroflexi.bacterium	B145_uncultured.Chloroflexi.bacterium	Bacteria
B471_uncultured.bacterium	B471_uncultured.bacterium	Bacteria
B350_Candidatus.Solibacter	B350_Candidatus.Solibacter	Bacteria
B94_uncultured.Nitrospirae.bacterium	B94_uncultured.Nitrospirae.bacterium	Bacteria
B63_Methylocystis	B63_Methylocystis	Bacteria
B517_uncultured.bacterium	B517_uncultured.bacterium	Bacteria
B4250_uncultured.bacterium	B4250_uncultured.bacterium	Bacteria
B590_uncultured.Desulfuromonadales.bacterium	B590_uncultured.Desulfuromonadales.bacterium	Bacteria
B447_ADurb.Bin063.1	B447_ADurb.Bin063.1	Bacteria
B2359_mle1.7	B2359_mle1.7	Bacteria
B963_metagenome	B963_metagenome	Bacteria
B238_uncultured.Iamiaceae.bacterium	B238_uncultured.Iamiaceae.bacterium	Bacteria
B1183_RB41	B1183_RB41	Bacteria
B170_Bryobacter	B170_Bryobacter	Bacteria
B120_uncultured.Anaerolineaceae.bacterium	B120_uncultured.Anaerolineaceae.bacterium	Bacteria
B546_uncultured.bacterium	B546_uncultured.bacterium	Bacteria
B133_uncultured.Desulfuromonadales.bacterium	B133_uncultured.Desulfuromonadales.bacterium	Bacteria
B104_uncultured.bacterium	B104_uncultured.bacterium	Bacteria
B850_uncultured.prokaryote	B850_uncultured.prokaryote	Bacteria
B38_uncultured.prokaryote	B38_uncultured.prokaryote	Bacteria
B1452_o_NA	B1452_o_NA	Bacteria
B4041_Mycobacterium	B4041_Mycobacterium	Bacteria
B1880_uncultured.bacterium	B1880_uncultured.bacterium	Bacteria
B378_f_WD2101.soil.group	B378_f_WD2101.soil.group	Bacteria
B1056_o_Subgroup.7	B1056_o_Subgroup.7	Bacteria
B985_uncultured.soil.bacterium.PBS.II.37	B985_uncultured.soil.bacterium.PBS.II.37	Bacteria
B174_f_Bacteroidetes.vadinHA17	B174_f_Bacteroidetes.vadinHA17	Bacteria
B443_RBG.16.58.14	B443_RBG.16.58.14	Bacteria
B436_uncultured	B436_uncultured	Bacteria
B1403_Clostridium.sensu.stricto.13	B1403_Clostridium.sensu.stricto.13	Bacteria
B701_uncultured.bacterium	B701_uncultured.bacterium	Bacteria
B3033_uncultured.Desulfovibrio.sp.	B3033_uncultured.Desulfovibrio.sp.	Bacteria
B1994_metagenome	B1994_metagenome	Bacteria
B560_Sideroxydans	B560_Sideroxydans	Bacteria
B146_uncultured.prokaryote	B146_uncultured.prokaryote	Bacteria
B171_uncultured.prokaryote	B171_uncultured.prokaryote	Bacteria
B555_uncultured.organism	B555_uncultured.organism	Bacteria
B113_o_RBG.13.54.9	B113_o_RBG.13.54.9	Bacteria
B831_uncultured.bacterium.mle1.16	B831_uncultured.bacterium.mle1.16	Bacteria
B872_uncultured.bacterium	B872_uncultured.bacterium	Bacteria
B411_uncultured.prokaryote	B411_uncultured.prokaryote	Bacteria
B675_uncultured	B675_uncultured	Bacteria
B643_ADurb.Bin063.1	B643_ADurb.Bin063.1	Bacteria
B1675_uncultured.Acidobacteriales.bacterium	B1675_uncultured.Acidobacteriales.bacterium	Bacteria
B88_uncultured.Alkaliflexus.sp.	B88_uncultured.Alkaliflexus.sp.	Bacteria
B525_Oryzihumus	B525_Oryzihumus	Bacteria
B644_uncultured.Planctomyces.sp.	B644_uncultured.Planctomyces.sp.	Bacteria
B2656_Marmoricola	B2656_Marmoricola	Bacteria
B820_Hyphomicrobium	B820_Hyphomicrobium	Bacteria
B150_RBG.16.58.14	B150_RBG.16.58.14	Bacteria
B855_uncultured.eubacterium.WCHB1.50	B855_uncultured.eubacterium.WCHB1.50	Bacteria
B53_f_SC.I.84	B53_f_SC.I.84	Bacteria
B1304_uncultured.bacterium.KF.JG30.B11	B1304_uncultured.bacterium.KF.JG30.B11	Bacteria
B734_JGI.0001001.H03	B734_JGI.0001001.H03	Bacteria
B223_uncultured.Sphingobacteriales.bacterium	B223_uncultured.Sphingobacteriales.bacterium	Bacteria
B1889_uncultured.Alkaliflexus.sp.	B1889_uncultured.Alkaliflexus.sp.	Bacteria
B283_uncultured.Thermaerobacter.sp.	B283_uncultured.Thermaerobacter.sp.	Bacteria
B571_uncultured.eubacterium.WCHB1.50	B571_uncultured.eubacterium.WCHB1.50	Bacteria
B484_Candidatus.Koribacter	B484_Candidatus.Koribacter	Bacteria
B348_uncultured.soil.bacterium	B348_uncultured.soil.bacterium	Bacteria
B205_uncultured.prokaryote	B205_uncultured.prokaryote	Bacteria
B173_uncultured.planctomycete	B173_uncultured.planctomycete	Bacteria
B25_uncultured.prokaryote	B25_uncultured.prokaryote	Bacteria
B1188_o_Subgroup.7	B1188_o_Subgroup.7	Bacteria
B344_f_SC.I.84	B344_f_SC.I.84	Bacteria
B2184_uncultured.Rhodocyclaceae.bacterium	B2184_uncultured.Rhodocyclaceae.bacterium	Bacteria
B316_uncultured.Thermaerobacter.sp.	B316_uncultured.Thermaerobacter.sp.	Bacteria
B572_uncultured.Cytophagales.bacterium	B572_uncultured.Cytophagales.bacterium	Bacteria
B401_Sh765B.TzT.35	B401_Sh765B.TzT.35	Bacteria
B477_o_NA	B477_o_NA	Bacteria
B444_f_Fimbriimonadaceae	B444_f_Fimbriimonadaceae	Bacteria
B112_uncultured.prokaryote	B112_uncultured.prokaryote	Bacteria
B1500_uncultured.bacterium	B1500_uncultured.bacterium	Bacteria
B441_Actinobacteria.bacterium.RBG_19FT_COMBO_70_19	B441_Actinobacteria.bacterium.RBG_19FT_COMBO_70_19	Bacteria
F443_unidentified	F443_unidentified	Fungi
F106_unidentified	F106_unidentified	Fungi
F382_unidentified	F382_unidentified	Fungi
F173_unidentified	F173_unidentified	Fungi
F950_unidentified	F950_unidentified	Fungi
F2112_unidentified	F2112_unidentified	Fungi
F830_unidentified	F830_unidentified	Fungi
F336_unidentified	F336_unidentified	Fungi
F8_unidentified	F8_unidentified	Fungi
F1357_unidentified	F1357_unidentified	Fungi
F807_Trichoderma	F807_Trichoderma	Fungi
