id	label	Bacteria
B282_Acinetobacter	B282_Acinetobacter	Bacteria
B23_f_Burkholderiaceae	B23_f_Burkholderiaceae	Bacteria
B119_Acidibacter	B119_Acidibacter	Bacteria
B15_Sphingomonas	B15_Sphingomonas	Bacteria
B4_Pantoea	B4_Pantoea	Bacteria
F16_Pyricularia	F16_Pyricularia	Fungi
B22_uncultured Roseobacter sp.	B22_uncultured Roseobacter sp.	Bacteria
B6_Sphingomonas	B6_Sphingomonas	Bacteria
B11_Xanthomonas	B11_Xanthomonas	Bacteria
B2_Methylobacterium	B2_Methylobacterium	Bacteria
B9_Methylobacterium	B9_Methylobacterium	Bacteria
B76_Methylobacterium	B76_Methylobacterium	Bacteria
B222_Kineococcus	B222_Kineococcus	Bacteria
B54_uncultured	B54_uncultured	Bacteria
B21_Methylobacterium	B21_Methylobacterium	Bacteria
B135_Sphingomonas	B135_Sphingomonas	Bacteria
B29_Methylobacterium	B29_Methylobacterium	Bacteria
B33_Kineococcus	B33_Kineococcus	Bacteria
B3_Sphingomonas	B3_Sphingomonas	Bacteria
F8_unidentified	F8_unidentified	Fungi
F114_unidentified	F114_unidentified	Fungi
F2_Nigrospora	F2_Nigrospora	Fungi
F4_o_Pleosporales	F4_o_Pleosporales	Fungi
F4065_unidentified	F4065_unidentified	Fungi
F48_unidentified	F48_unidentified	Fungi
F3969_unidentified	F3969_unidentified	Fungi
F1486_Rosellinia	F1486_Rosellinia	Fungi
F639_Aspergillus	F639_Aspergillus	Fungi
F61_o_Pleosporales	F61_o_Pleosporales	Fungi
F322_Penicillium	F322_Penicillium	Fungi
B1017_Clostridium sensu stricto 3	B1017_Clostridium sensu stricto 3	Bacteria
F32_Tilletia	F32_Tilletia	Fungi
F29_f_Didymellaceae	F29_f_Didymellaceae	Fungi
F36_Moesziomyces	F36_Moesziomyces	Fungi
F55_f_Nectriaceae	F55_f_Nectriaceae	Fungi
B134_Pseudomonas	B134_Pseudomonas	Bacteria
F1315_Aspergillus	F1315_Aspergillus	Fungi
F747_unidentified	F747_unidentified	Fungi
F4939_o_NA	F4939_o_NA	Fungi
F288_unidentified	F288_unidentified	Fungi
F280_o_Polyporales	F280_o_Polyporales	Fungi
F260_Schizopora	F260_Schizopora	Fungi
F44_Zopfiella	F44_Zopfiella	Fungi
B1610_Clostridium sensu stricto 10	B1610_Clostridium sensu stricto 10	Bacteria
F1004_unidentified	F1004_unidentified	Fungi
B437_Escherichia-Shigella	B437_Escherichia-Shigella	Bacteria
B24_Bradyrhizobium	B24_Bradyrhizobium	Bacteria
B11845_Neisseria	B11845_Neisseria	Bacteria
F923_o_NA	F923_o_NA	Fungi
F583_Trichomerium	F583_Trichomerium	Fungi
F693_Aspergillus	F693_Aspergillus	Fungi
F4261_Postia	F4261_Postia	Fungi
B13_Aureimonas	B13_Aureimonas	Bacteria
B1008_Spirosoma	B1008_Spirosoma	Bacteria
B14_Burkholderia-Caballeronia-Paraburkholderia	B14_Burkholderia-Caballeronia-Paraburkholderia	Bacteria
F4927_Geastrum	F4927_Geastrum	Fungi
F137_Malassezia	F137_Malassezia	Fungi
F204_Hannaella	F204_Hannaella	Fungi
B10_Allorhizobium-Neorhizobium-Pararhizobium-Rhizobium	B10_Allorhizobium-Neorhizobium-Pararhizobium-Rhizobium	Bacteria
B8_f_Rhizobiaceae	B8_f_Rhizobiaceae	Bacteria
B11473_Selenomonas 3	B11473_Selenomonas 3	Bacteria
B4653_Geobacillus	B4653_Geobacillus	Bacteria
B17_Methylobacterium	B17_Methylobacterium	Bacteria
B338_uncultured bacterium	B338_uncultured bacterium	Bacteria
B10126_Garicola	B10126_Garicola	Bacteria
B7_Curtobacterium	B7_Curtobacterium	Bacteria
B1804_Corynebacterium	B1804_Corynebacterium	Bacteria
F102_f_Didymellaceae	F102_f_Didymellaceae	Fungi
F3_Moesziomyces	F3_Moesziomyces	Fungi
F199_Aureobasidium	F199_Aureobasidium	Fungi
B269_Pseudomonas	B269_Pseudomonas	Bacteria
B98_Sphingomonas	B98_Sphingomonas	Bacteria
B3135_Legionella	B3135_Legionella	Bacteria
B453_Allorhizobium-Neorhizobium-Pararhizobium-Rhizobium	B453_Allorhizobium-Neorhizobium-Pararhizobium-Rhizobium	Bacteria
B209_Escherichia-Shigella	B209_Escherichia-Shigella	Bacteria
F69_o_Pleosporales	F69_o_Pleosporales	Fungi
F11_Sarocladium	F11_Sarocladium	Fungi
B187_Clostridium sensu stricto 8	B187_Clostridium sensu stricto 8	Bacteria
B448_Lactococcus	B448_Lactococcus	Bacteria
F81_Cladosporium	F81_Cladosporium	Fungi
B432_Kineococcus	B432_Kineococcus	Bacteria
B467_Lactococcus	B467_Lactococcus	Bacteria
F621_Nigrospora	F621_Nigrospora	Fungi
F27_Curvularia	F27_Curvularia	Fungi
F178_Schizopora	F178_Schizopora	Fungi
F310_unidentified	F310_unidentified	Fungi
B343_Microbacterium	B343_Microbacterium	Bacteria
B1165_Sphingomonas	B1165_Sphingomonas	Bacteria
F349_Biappendiculispora	F349_Biappendiculispora	Fungi
F133_Cyphellophora	F133_Cyphellophora	Fungi
B19_Xanthomonas	B19_Xanthomonas	Bacteria
B27_Mucilaginibacter	B27_Mucilaginibacter	Bacteria
F725_Cabalodontia	F725_Cabalodontia	Fungi
B12_Novosphingobium	B12_Novosphingobium	Bacteria
F449_unidentified	F449_unidentified	Fungi
F700_Trechispora	F700_Trechispora	Fungi
F277_Peniophora	F277_Peniophora	Fungi
F28_f_Hypocreales_fam_Incertae_sedis	F28_f_Hypocreales_fam_Incertae_sedis	Fungi
F6_Cladosporium	F6_Cladosporium	Fungi
F12_o_Pleosporales	F12_o_Pleosporales	Fungi
B278_o_NA	B278_o_NA	Bacteria
B34_Bradyrhizobium	B34_Bradyrhizobium	Bacteria
B5604_Psychrobacter	B5604_Psychrobacter	Bacteria
B22_uncultured.Roseobacter.sp.	B22_uncultured.Roseobacter.sp.	Bacteria
B87_Mucilaginibacter	B87_Mucilaginibacter	Bacteria
B2489_Pir4.lineage	B2489_Pir4.lineage	Bacteria
B6224_Streptococcus	B6224_Streptococcus	Bacteria
B37_Allorhizobium.Neorhizobium.Pararhizobium.Rhizobium	B37_Allorhizobium.Neorhizobium.Pararhizobium.Rhizobium	Bacteria
B735_uncultured.bacterium	B735_uncultured.bacterium	Bacteria
B5_Pseudomonas	B5_Pseudomonas	Bacteria
B743_Escherichia.Shigella	B743_Escherichia.Shigella	Bacteria
B260_Pseudomonas	B260_Pseudomonas	Bacteria
B10_Allorhizobium.Neorhizobium.Pararhizobium.Rhizobium	B10_Allorhizobium.Neorhizobium.Pararhizobium.Rhizobium	Bacteria
B12132_Megamonas	B12132_Megamonas	Bacteria
B1388_Lawsonella	B1388_Lawsonella	Bacteria
B430_Pseudonocardia	B430_Pseudonocardia	Bacteria
B187_Clostridium.sensu.stricto.8	B187_Clostridium.sensu.stricto.8	Bacteria
B4762_f_Corynebacteriaceae	B4762_f_Corynebacteriaceae	Bacteria
B8573_Geodermatophilus	B8573_Geodermatophilus	Bacteria
B332_Actinomycetospora	B332_Actinomycetospora	Bacteria
B437_Escherichia.Shigella	B437_Escherichia.Shigella	Bacteria
B20_Pseudomonas	B20_Pseudomonas	Bacteria
B1610_Clostridium.sensu.stricto.10	B1610_Clostridium.sensu.stricto.10	Bacteria
B48_Luteibacter	B48_Luteibacter	Bacteria
B329_Paenibacillus	B329_Paenibacillus	Bacteria
B3604_Staphylococcus	B3604_Staphylococcus	Bacteria
B10845_Acinetobacter	B10845_Acinetobacter	Bacteria
B338_uncultured.bacterium	B338_uncultured.bacterium	Bacteria
B11473_Selenomonas.3	B11473_Selenomonas.3	Bacteria
B453_Allorhizobium.Neorhizobium.Pararhizobium.Rhizobium	B453_Allorhizobium.Neorhizobium.Pararhizobium.Rhizobium	Bacteria
B1776_Cloacibacterium	B1776_Cloacibacterium	Bacteria
B1017_Clostridium.sensu.stricto.3	B1017_Clostridium.sensu.stricto.3	Bacteria
B1_Pantoea	B1_Pantoea	Bacteria
B209_Escherichia.Shigella	B209_Escherichia.Shigella	Bacteria
B14_Burkholderia.Caballeronia.Paraburkholderia	B14_Burkholderia.Caballeronia.Paraburkholderia	Bacteria
B326_Bacillus	B326_Bacillus	Bacteria
F716_unidentified	F716_unidentified	Fungi
