id	label	Bacteria
B41_uncultured	B41_uncultured	Bacteria
B10_Allorhizobium-Neorhizobium-Pararhizobium-Rhizobium	B10_Allorhizobium-Neorhizobium-Pararhizobium-Rhizobium	Bacteria
B11_Xanthomonas	B11_Xanthomonas	Bacteria
B2_Methylobacterium	B2_Methylobacterium	Bacteria
B9_Methylobacterium	B9_Methylobacterium	Bacteria
B678_Sphingomonas	B678_Sphingomonas	Bacteria
B8_f_Rhizobiaceae	B8_f_Rhizobiaceae	Bacteria
B581_Devosia	B581_Devosia	Bacteria
B20_Pseudomonas	B20_Pseudomonas	Bacteria
B21_Methylobacterium	B21_Methylobacterium	Bacteria
B208_Singulisphaera	B208_Singulisphaera	Bacteria
B58_Rhodanobacter	B58_Rhodanobacter	Bacteria
B907_Terriglobus	B907_Terriglobus	Bacteria
B17_Methylobacterium	B17_Methylobacterium	Bacteria
B327_1174-901-12	B327_1174-901-12	Bacteria
B191_Pseudoxanthomonas	B191_Pseudoxanthomonas	Bacteria
B227_Allorhizobium-Neorhizobium-Pararhizobium-Rhizobium	B227_Allorhizobium-Neorhizobium-Pararhizobium-Rhizobium	Bacteria
B95_Allorhizobium-Neorhizobium-Pararhizobium-Rhizobium	B95_Allorhizobium-Neorhizobium-Pararhizobium-Rhizobium	Bacteria
F538_Ramichloridium	F538_Ramichloridium	Fungi
F259_Sakaguchia	F259_Sakaguchia	Fungi
F54_Pyrenochaetopsis	F54_Pyrenochaetopsis	Fungi
F114_unidentified	F114_unidentified	Fungi
F187_o_Chaetothyriales	F187_o_Chaetothyriales	Fungi
F78_unidentified	F78_unidentified	Fungi
F102_f_Didymellaceae	F102_f_Didymellaceae	Fungi
F583_Trichomerium	F583_Trichomerium	Fungi
F117_Saitozyma	F117_Saitozyma	Fungi
F226_Saitozyma	F226_Saitozyma	Fungi
F32_Tilletia	F32_Tilletia	Fungi
F71_Papiliotrema	F71_Papiliotrema	Fungi
F51_Papiliotrema	F51_Papiliotrema	Fungi
F33_unidentified	F33_unidentified	Fungi
F613_Talaromyces	F613_Talaromyces	Fungi
F65_Sarocladium	F65_Sarocladium	Fungi
F28_f_Hypocreales_fam_Incertae_sedis	F28_f_Hypocreales_fam_Incertae_sedis	Fungi
F6_Cladosporium	F6_Cladosporium	Fungi
F81_Cladosporium	F81_Cladosporium	Fungi
F100_Talaromyces	F100_Talaromyces	Fungi
F5_Alternaria	F5_Alternaria	Fungi
F130_Ramichloridium	F130_Ramichloridium	Fungi
B134_Pseudomonas	B134_Pseudomonas	Bacteria
B1986_Allorhizobium-Neorhizobium-Pararhizobium-Rhizobium	B1986_Allorhizobium-Neorhizobium-Pararhizobium-Rhizobium	Bacteria
B1068_f_Microbacteriaceae	B1068_f_Microbacteriaceae	Bacteria
B232_f_Sphingomonadaceae	B232_f_Sphingomonadaceae	Bacteria
B37_Allorhizobium-Neorhizobium-Pararhizobium-Rhizobium	B37_Allorhizobium-Neorhizobium-Pararhizobium-Rhizobium	Bacteria
B5_Pseudomonas	B5_Pseudomonas	Bacteria
B702_Singulisphaera	B702_Singulisphaera	Bacteria
B647_Pseudomonas	B647_Pseudomonas	Bacteria
B494_Brevundimonas	B494_Brevundimonas	Bacteria
B42_Pseudomonas	B42_Pseudomonas	Bacteria
B947_Verticia	B947_Verticia	Bacteria
B1761_Sphingobacterium	B1761_Sphingobacterium	Bacteria
B827_Stenotrophomonas	B827_Stenotrophomonas	Bacteria
B1173_Devosia	B1173_Devosia	Bacteria
B1591_Allorhizobium-Neorhizobium-Pararhizobium-Rhizobium	B1591_Allorhizobium-Neorhizobium-Pararhizobium-Rhizobium	Bacteria
B89_Burkholderia-Caballeronia-Paraburkholderia	B89_Burkholderia-Caballeronia-Paraburkholderia	Bacteria
B98_Sphingomonas	B98_Sphingomonas	Bacteria
B633_f_Xanthomonadaceae	B633_f_Xanthomonadaceae	Bacteria
B481_Stenotrophomonas	B481_Stenotrophomonas	Bacteria
B657_f_Xanthomonadaceae	B657_f_Xanthomonadaceae	Bacteria
B200_Flavobacterium	B200_Flavobacterium	Bacteria
B52_Allorhizobium-Neorhizobium-Pararhizobium-Rhizobium	B52_Allorhizobium-Neorhizobium-Pararhizobium-Rhizobium	Bacteria
B78_Sphingomonas	B78_Sphingomonas	Bacteria
B14_Burkholderia-Caballeronia-Paraburkholderia	B14_Burkholderia-Caballeronia-Paraburkholderia	Bacteria
B12_Novosphingobium	B12_Novosphingobium	Bacteria
B900_Stenotrophomonas	B900_Stenotrophomonas	Bacteria
B1256_Sphingomonas	B1256_Sphingomonas	Bacteria
F21_Acremonium	F21_Acremonium	Fungi
F75_unidentified	F75_unidentified	Fungi
F424_unidentified	F424_unidentified	Fungi
F48_unidentified	F48_unidentified	Fungi
F2_Nigrospora	F2_Nigrospora	Fungi
F42_unidentified	F42_unidentified	Fungi
F3_Moesziomyces	F3_Moesziomyces	Fungi
F4_o_Pleosporales	F4_o_Pleosporales	Fungi
F361_Phaeosphaeria	F361_Phaeosphaeria	Fungi
F18_f_Phaeosphaeriaceae	F18_f_Phaeosphaeriaceae	Fungi
F72_unidentified	F72_unidentified	Fungi
F512_Exophiala	F512_Exophiala	Fungi
F53_Pyrenochaetopsis	F53_Pyrenochaetopsis	Fungi
F36_Moesziomyces	F36_Moesziomyces	Fungi
F40_unidentified	F40_unidentified	Fungi
F11_Sarocladium	F11_Sarocladium	Fungi
F220_Acremonium	F220_Acremonium	Fungi
F93_Gaeumannomyces	F93_Gaeumannomyces	Fungi
F30_unidentified	F30_unidentified	Fungi
B19_Xanthomonas	B19_Xanthomonas	Bacteria
F169_Naganishia	F169_Naganishia	Fungi
F301_o_NA	F301_o_NA	Fungi
F199_Aureobasidium	F199_Aureobasidium	Fungi
B6_Sphingomonas	B6_Sphingomonas	Bacteria
B3_Sphingomonas	B3_Sphingomonas	Bacteria
B928_Anaerobacillus	B928_Anaerobacillus	Bacteria
B220_Burkholderia-Caballeronia-Paraburkholderia	B220_Burkholderia-Caballeronia-Paraburkholderia	Bacteria
B71_Methylobacterium	B71_Methylobacterium	Bacteria
B23_f_Burkholderiaceae	B23_f_Burkholderiaceae	Bacteria
B147_Sphingomonas	B147_Sphingomonas	Bacteria
B137_Mycobacterium	B137_Mycobacterium	Bacteria
B217_Burkholderia-Caballeronia-Paraburkholderia	B217_Burkholderia-Caballeronia-Paraburkholderia	Bacteria
B930_Achromobacter	B930_Achromobacter	Bacteria
B16_Sphingomonas	B16_Sphingomonas	Bacteria
B345_Dyella	B345_Dyella	Bacteria
B1_Pantoea	B1_Pantoea	Bacteria
B28_Burkholderia-Caballeronia-Paraburkholderia	B28_Burkholderia-Caballeronia-Paraburkholderia	Bacteria
B103_Burkholderia-Caballeronia-Paraburkholderia	B103_Burkholderia-Caballeronia-Paraburkholderia	Bacteria
F61_o_Pleosporales	F61_o_Pleosporales	Fungi
F106_unidentified	F106_unidentified	Fungi
F8_unidentified	F8_unidentified	Fungi
F50_Thanatephorus	F50_Thanatephorus	Fungi
F268_Sarocladium	F268_Sarocladium	Fungi
F124_Stachybotrys	F124_Stachybotrys	Fungi
F207_o_Tremellales	F207_o_Tremellales	Fungi
F316_Dioszegia	F316_Dioszegia	Fungi
B30_Sphingomonas	B30_Sphingomonas	Bacteria
B226_Burkholderia-Caballeronia-Paraburkholderia	B226_Burkholderia-Caballeronia-Paraburkholderia	Bacteria
B541_Achromobacter	B541_Achromobacter	Bacteria
B18_Herbaspirillum	B18_Herbaspirillum	Bacteria
B7_Curtobacterium	B7_Curtobacterium	Bacteria
B4_Pantoea	B4_Pantoea	Bacteria
F133_Cyphellophora	F133_Cyphellophora	Fungi
F12_o_Pleosporales	F12_o_Pleosporales	Fungi
F20_Edenia	F20_Edenia	Fungi
F22_Setophoma	F22_Setophoma	Fungi
B265_Deinococcus	B265_Deinococcus	Bacteria
B100_Chitinophaga	B100_Chitinophaga	Bacteria
B48_Luteibacter	B48_Luteibacter	Bacteria
B118_Oxalicibacterium	B118_Oxalicibacterium	Bacteria
F222_o_NA	F222_o_NA	Fungi
F64_unidentified	F64_unidentified	Fungi
F127_Papiliotrema	F127_Papiliotrema	Fungi
F349_Biappendiculispora	F349_Biappendiculispora	Fungi
B138_Nakamurella	B138_Nakamurella	Bacteria
B269_Pseudomonas	B269_Pseudomonas	Bacteria
B329_Paenibacillus	B329_Paenibacillus	Bacteria
B448_Lactococcus	B448_Lactococcus	Bacteria
B1476_Methylobacterium	B1476_Methylobacterium	Bacteria
B466_Allorhizobium-Neorhizobium-Pararhizobium-Rhizobium	B466_Allorhizobium-Neorhizobium-Pararhizobium-Rhizobium	Bacteria
B1117_Sphingoaurantiacus	B1117_Sphingoaurantiacus	Bacteria
F376_Gibellulopsis	F376_Gibellulopsis	Fungi
B951_Allorhizobium-Neorhizobium-Pararhizobium-Rhizobium	B951_Allorhizobium-Neorhizobium-Pararhizobium-Rhizobium	Bacteria
F105_Clonostachys	F105_Clonostachys	Fungi
F116_Curvularia	F116_Curvularia	Fungi
F754_Sarocladium	F754_Sarocladium	Fungi
B164_f_Burkholderiaceae	B164_f_Burkholderiaceae	Bacteria
F96_unidentified	F96_unidentified	Fungi
F47_f_Phaeosphaeriaceae	F47_f_Phaeosphaeriaceae	Fungi
F178_Schizopora	F178_Schizopora	Fungi
F857_Sakaguchia	F857_Sakaguchia	Fungi
F202_Pseudozyma	F202_Pseudozyma	Fungi
F707_Cryptococcus	F707_Cryptococcus	Fungi
F89_Aureobasidium	F89_Aureobasidium	Fungi
B13_Aureimonas	B13_Aureimonas	Bacteria
F69_o_Pleosporales	F69_o_Pleosporales	Fungi
B183_Mucilaginibacter	B183_Mucilaginibacter	Bacteria
B31_Quadrisphaera	B31_Quadrisphaera	Bacteria
F598_Rhodosporidiobolus	F598_Rhodosporidiobolus	Fungi
B645_Pseudomonas	B645_Pseudomonas	Bacteria
B29_Methylobacterium	B29_Methylobacterium	Bacteria
F609_Talaromyces	F609_Talaromyces	Fungi
F487_Filobasidium	F487_Filobasidium	Fungi
B1835_Allorhizobium-Neorhizobium-Pararhizobium-Rhizobium	B1835_Allorhizobium-Neorhizobium-Pararhizobium-Rhizobium	Bacteria
B986_Allorhizobium-Neorhizobium-Pararhizobium-Rhizobium	B986_Allorhizobium-Neorhizobium-Pararhizobium-Rhizobium	Bacteria
B27_Mucilaginibacter	B27_Mucilaginibacter	Bacteria
B838_Pseudomonas	B838_Pseudomonas	Bacteria
B646_Leuconostoc	B646_Leuconostoc	Bacteria
B8916_Lactobacillus	B8916_Lactobacillus	Bacteria
B33_Kineococcus	B33_Kineococcus	Bacteria
B15_Sphingomonas	B15_Sphingomonas	Bacteria
F262_Talaromyces	F262_Talaromyces	Fungi
F758_unidentified	F758_unidentified	Fungi
F209_unidentified	F209_unidentified	Fungi
F275_Cyphellophora	F275_Cyphellophora	Fungi
F354_Coniothyrium	F354_Coniothyrium	Fungi
B1048_f_Burkholderiaceae	B1048_f_Burkholderiaceae	Bacteria
F1669_Arthopyrenia	F1669_Arthopyrenia	Fungi
F74_f_Tilletiaceae	F74_f_Tilletiaceae	Fungi
F55_f_Nectriaceae	F55_f_Nectriaceae	Fungi
B254_Pseudomonas	B254_Pseudomonas	Bacteria
F1144_Papiliotrema	F1144_Papiliotrema	Fungi
F863_Hannaella	F863_Hannaella	Fungi
F689_Botryosphaeria	F689_Botryosphaeria	Fungi
F922_Phlebia	F922_Phlebia	Fungi
F45_f_Didymellaceae	F45_f_Didymellaceae	Fungi
F310_unidentified	F310_unidentified	Fungi
F260_Schizopora	F260_Schizopora	Fungi
B278_o_NA	B278_o_NA	Bacteria
B875_o_NA	B875_o_NA	Bacteria
B640_f_Intrasporangiaceae	B640_f_Intrasporangiaceae	Bacteria
B22_uncultured.Roseobacter.sp.	B22_uncultured.Roseobacter.sp.	Bacteria
B252_Spirosoma	B252_Spirosoma	Bacteria
B61_Rhodanobacter	B61_Rhodanobacter	Bacteria
B220_Burkholderia.Caballeronia.Paraburkholderia	B220_Burkholderia.Caballeronia.Paraburkholderia	Bacteria
B1986_Allorhizobium.Neorhizobium.Pararhizobium.Rhizobium	B1986_Allorhizobium.Neorhizobium.Pararhizobium.Rhizobium	Bacteria
B626_Pseudomonas	B626_Pseudomonas	Bacteria
B37_Allorhizobium.Neorhizobium.Pararhizobium.Rhizobium	B37_Allorhizobium.Neorhizobium.Pararhizobium.Rhizobium	Bacteria
B970_Allorhizobium.Neorhizobium.Pararhizobium.Rhizobium	B970_Allorhizobium.Neorhizobium.Pararhizobium.Rhizobium	Bacteria
B464_Pseudomonas	B464_Pseudomonas	Bacteria
B10_Allorhizobium.Neorhizobium.Pararhizobium.Rhizobium	B10_Allorhizobium.Neorhizobium.Pararhizobium.Rhizobium	Bacteria
B187_Clostridium.sensu.stricto.8	B187_Clostridium.sensu.stricto.8	Bacteria
B76_Methylobacterium	B76_Methylobacterium	Bacteria
B949_Verticia	B949_Verticia	Bacteria
B466_Allorhizobium.Neorhizobium.Pararhizobium.Rhizobium	B466_Allorhizobium.Neorhizobium.Pararhizobium.Rhizobium	Bacteria
B54_uncultured	B54_uncultured	Bacteria
B217_Burkholderia.Caballeronia.Paraburkholderia	B217_Burkholderia.Caballeronia.Paraburkholderia	Bacteria
B127_Sphingobacterium	B127_Sphingobacterium	Bacteria
B790_Sphingomonas	B790_Sphingomonas	Bacteria
B1591_Allorhizobium.Neorhizobium.Pararhizobium.Rhizobium	B1591_Allorhizobium.Neorhizobium.Pararhizobium.Rhizobium	Bacteria
B89_Burkholderia.Caballeronia.Paraburkholderia	B89_Burkholderia.Caballeronia.Paraburkholderia	Bacteria
B226_Burkholderia.Caballeronia.Paraburkholderia	B226_Burkholderia.Caballeronia.Paraburkholderia	Bacteria
B2201_Staphylococcus	B2201_Staphylococcus	Bacteria
B327_1174.901.12	B327_1174.901.12	Bacteria
B986_Allorhizobium.Neorhizobium.Pararhizobium.Rhizobium	B986_Allorhizobium.Neorhizobium.Pararhizobium.Rhizobium	Bacteria
B52_Allorhizobium.Neorhizobium.Pararhizobium.Rhizobium	B52_Allorhizobium.Neorhizobium.Pararhizobium.Rhizobium	Bacteria
B951_Allorhizobium.Neorhizobium.Pararhizobium.Rhizobium	B951_Allorhizobium.Neorhizobium.Pararhizobium.Rhizobium	Bacteria
B227_Allorhizobium.Neorhizobium.Pararhizobium.Rhizobium	B227_Allorhizobium.Neorhizobium.Pararhizobium.Rhizobium	Bacteria
B28_Burkholderia.Caballeronia.Paraburkholderia	B28_Burkholderia.Caballeronia.Paraburkholderia	Bacteria
B14_Burkholderia.Caballeronia.Paraburkholderia	B14_Burkholderia.Caballeronia.Paraburkholderia	Bacteria
B95_Allorhizobium.Neorhizobium.Pararhizobium.Rhizobium	B95_Allorhizobium.Neorhizobium.Pararhizobium.Rhizobium	Bacteria
B103_Burkholderia.Caballeronia.Paraburkholderia	B103_Burkholderia.Caballeronia.Paraburkholderia	Bacteria
B317_Brevundimonas	B317_Brevundimonas	Bacteria
F851_o_Chaetothyriales	F851_o_Chaetothyriales	Fungi
F3289_Pseudobensingtonia	F3289_Pseudobensingtonia	Fungi
F391_Nigrospora	F391_Nigrospora	Fungi
F29_f_Didymellaceae	F29_f_Didymellaceae	Fungi
