id	label	Bacteria
B6224_Streptococcus	B6224_Streptococcus	Bacteria
B71_Methylobacterium	B71_Methylobacterium	Bacteria
B21_Methylobacterium	B21_Methylobacterium	Bacteria
B2164_Bacillus	B2164_Bacillus	Bacteria
B6382_Acinetobacter	B6382_Acinetobacter	Bacteria
F978_unidentified	F978_unidentified	Fungi
F716_unidentified	F716_unidentified	Fungi
F312_unidentified	F312_unidentified	Fungi
F227_Diaporthe	F227_Diaporthe	Fungi
F478_Phaeosphaeria	F478_Phaeosphaeria	Fungi
F2132_Hyphoderma	F2132_Hyphoderma	Fungi
B1773_f_Nostocaceae	B1773_f_Nostocaceae	Bacteria
B1327_f_BIrii41	B1327_f_BIrii41	Bacteria
B437_Escherichia-Shigella	B437_Escherichia-Shigella	Bacteria
B2387_Sphingomonas	B2387_Sphingomonas	Bacteria
B1180_f_Lachnospiraceae	B1180_f_Lachnospiraceae	Bacteria
F1401_unidentified	F1401_unidentified	Fungi
F2500_unidentified	F2500_unidentified	Fungi
F2093_unidentified	F2093_unidentified	Fungi
F1005_Aspergillus	F1005_Aspergillus	Fungi
F1153_Naganishia	F1153_Naganishia	Fungi
F2470_Cenangium	F2470_Cenangium	Fungi
F1747_Colletotrichum	F1747_Colletotrichum	Fungi
F1965_f_Tricholomataceae	F1965_f_Tricholomataceae	Fungi
F600_Penicillium	F600_Penicillium	Fungi
F9_Chaetomium	F9_Chaetomium	Fungi
B4402_f_Isosphaeraceae	B4402_f_Isosphaeraceae	Bacteria
F1264_unidentified	F1264_unidentified	Fungi
F2055_Biscogniauxia	F2055_Biscogniauxia	Fungi
F2266_Colletotrichum	F2266_Colletotrichum	Fungi
B4844_Pseudomonas	B4844_Pseudomonas	Bacteria
B1554_Clostridium sensu stricto 12	B1554_Clostridium sensu stricto 12	Bacteria
B97_uncultured	B97_uncultured	Bacteria
B735_uncultured bacterium	B735_uncultured bacterium	Bacteria
B3190_f_SC-I-84	B3190_f_SC-I-84	Bacteria
B939_uncultured bacterium	B939_uncultured bacterium	Bacteria
B9647_Exiguobacterium	B9647_Exiguobacterium	Bacteria
B4156_Corynebacterium 1	B4156_Corynebacterium 1	Bacteria
B254_Pseudomonas	B254_Pseudomonas	Bacteria
B888_Chryseobacterium	B888_Chryseobacterium	Bacteria
F1061_unidentified	F1061_unidentified	Fungi
F3660_unidentified	F3660_unidentified	Fungi
F2844_o_Agaricales	F2844_o_Agaricales	Fungi
F54_Pyrenochaetopsis	F54_Pyrenochaetopsis	Fungi
F933_Phaeosphaeria	F933_Phaeosphaeria	Fungi
F112_Paraphaeosphaeria	F112_Paraphaeosphaeria	Fungi
F795_Colletotrichum	F795_Colletotrichum	Fungi
F53_Pyrenochaetopsis	F53_Pyrenochaetopsis	Fungi
F273_Ascochyta	F273_Ascochyta	Fungi
F2080_f_Plectosphaerellaceae	F2080_f_Plectosphaerellaceae	Fungi
F166_Aspergillus	F166_Aspergillus	Fungi
F1888_Colletotrichum	F1888_Colletotrichum	Fungi
B7625_Pseudomonas	B7625_Pseudomonas	Bacteria
B1450_Acinetobacter	B1450_Acinetobacter	Bacteria
B1386_f_uncultured	B1386_f_uncultured	Bacteria
B370_Anaerolinea	B370_Anaerolinea	Bacteria
B32_Bradyrhizobium	B32_Bradyrhizobium	Bacteria
F2135_Artomyces	F2135_Artomyces	Fungi
F739_unidentified	F739_unidentified	Fungi
F288_unidentified	F288_unidentified	Fungi
F775_Hyphoderma	F775_Hyphoderma	Fungi
F448_Perenniporia	F448_Perenniporia	Fungi
F248_Bipolaris	F248_Bipolaris	Fungi
B1077_Ralstonia	B1077_Ralstonia	Bacteria
B408_Pseudomonas	B408_Pseudomonas	Bacteria
F4079_o_NA	F4079_o_NA	Fungi
F931_o_NA	F931_o_NA	Fungi
F316_Dioszegia	F316_Dioszegia	Fungi
F226_Saitozyma	F226_Saitozyma	Fungi
B9810_Hymenobacter	B9810_Hymenobacter	Bacteria
B1556_Pseudomonas	B1556_Pseudomonas	Bacteria
F56_Arnium	F56_Arnium	Fungi
F47_f_Phaeosphaeriaceae	F47_f_Phaeosphaeriaceae	Fungi
F29_f_Didymellaceae	F29_f_Didymellaceae	Fungi
F479_Plectosphaerella	F479_Plectosphaerella	Fungi
F44_Zopfiella	F44_Zopfiella	Fungi
B1151_Pseudomonas	B1151_Pseudomonas	Bacteria
B7194_f_67-14	B7194_f_67-14	Bacteria
B1541_GOUTB8	B1541_GOUTB8	Bacteria
F382_unidentified	F382_unidentified	Fungi
F1256_unidentified	F1256_unidentified	Fungi
F3180_Coprinopsis	F3180_Coprinopsis	Fungi
F3926_unidentified	F3926_unidentified	Fungi
F240_unidentified	F240_unidentified	Fungi
F1060_Phlebia	F1060_Phlebia	Fungi
F277_Peniophora	F277_Peniophora	Fungi
F1486_Rosellinia	F1486_Rosellinia	Fungi
B222_Kineococcus	B222_Kineococcus	Bacteria
F291_o_Diaporthales	F291_o_Diaporthales	Fungi
F1786_unidentified	F1786_unidentified	Fungi
B602_uncultured Holophaga sp.	B602_uncultured Holophaga sp.	Bacteria
B7024_Staphylococcus	B7024_Staphylococcus	Bacteria
F656_unidentified	F656_unidentified	Fungi
F1334_unidentified	F1334_unidentified	Fungi
F1735_unidentified	F1735_unidentified	Fungi
F684_Endoxyla	F684_Endoxyla	Fungi
B3741_Exiguobacterium	B3741_Exiguobacterium	Bacteria
B1075_Clostridium sensu stricto 12	B1075_Clostridium sensu stricto 12	Bacteria
B492_metagenome	B492_metagenome	Bacteria
B3899_Vicinamibacter	B3899_Vicinamibacter	Bacteria
F2284_unidentified	F2284_unidentified	Fungi
F1440_Xenasmatella	F1440_Xenasmatella	Fungi
B54_uncultured	B54_uncultured	Bacteria
F107_o_Helotiales	F107_o_Helotiales	Fungi
F34_Mortierella	F34_Mortierella	Fungi
F12_o_Pleosporales	F12_o_Pleosporales	Fungi
B136_Hydrogenispora	B136_Hydrogenispora	Bacteria
B11_Xanthomonas	B11_Xanthomonas	Bacteria
B11819_Mucilaginibacter	B11819_Mucilaginibacter	Bacteria
B607_Dietzia	B607_Dietzia	Bacteria
B5918_f_Ruminococcaceae	B5918_f_Ruminococcaceae	Bacteria
F825_unidentified	F825_unidentified	Fungi
F1881_Trechispora	F1881_Trechispora	Fungi
F260_Schizopora	F260_Schizopora	Fungi
B3300_Phaeospirillum	B3300_Phaeospirillum	Bacteria
B7381_Hymenobacter	B7381_Hymenobacter	Bacteria
B7894_Acinetobacter	B7894_Acinetobacter	Bacteria
B2787_f_Burkholderiaceae	B2787_f_Burkholderiaceae	Bacteria
F791_unidentified	F791_unidentified	Fungi
F1496_o_NA	F1496_o_NA	Fungi
F147_o_Pleosporales	F147_o_Pleosporales	Fungi
F763_Resinicium	F763_Resinicium	Fungi
F161_Paraphoma	F161_Paraphoma	Fungi
F293_Microdochium	F293_Microdochium	Fungi
B1521_Dysgonomonas	B1521_Dysgonomonas	Bacteria
B13666_Neochlamydia	B13666_Neochlamydia	Bacteria
B601_Sphingobium	B601_Sphingobium	Bacteria
B4478_Hydrogenispora	B4478_Hydrogenispora	Bacteria
B2055_Devosia	B2055_Devosia	Bacteria
B12639_Thioalkalispira	B12639_Thioalkalispira	Bacteria
B3977_uncultured Cytophagales bacterium	B3977_uncultured Cytophagales bacterium	Bacteria
B2281_uncultured Rhodospirillaceae bacterium	B2281_uncultured Rhodospirillaceae bacterium	Bacteria
B3413_Clostridium sensu stricto 8	B3413_Clostridium sensu stricto 8	Bacteria
B159_Chryseobacterium	B159_Chryseobacterium	Bacteria
B188_Anaerosinus	B188_Anaerosinus	Bacteria
B101_Filimonas	B101_Filimonas	Bacteria
B1280_uncultured	B1280_uncultured	Bacteria
B8914_Acinetobacter	B8914_Acinetobacter	Bacteria
B40_Caulobacter	B40_Caulobacter	Bacteria
B3307_Arcicella	B3307_Arcicella	Bacteria
F1033_Endoxyla	F1033_Endoxyla	Fungi
F516_unidentified	F516_unidentified	Fungi
F2285_unidentified	F2285_unidentified	Fungi
F520_unidentified	F520_unidentified	Fungi
F1622_Phoma	F1622_Phoma	Fungi
F192_Fusicolla	F192_Fusicolla	Fungi
F381_o_Pleosporales	F381_o_Pleosporales	Fungi
F407_Phanerochaete	F407_Phanerochaete	Fungi
F973_Phanerochaete	F973_Phanerochaete	Fungi
F916_Periconia	F916_Periconia	Fungi
F71_Papiliotrema	F71_Papiliotrema	Fungi
F629_unidentified	F629_unidentified	Fungi
F1576_unidentified	F1576_unidentified	Fungi
F1418_unidentified	F1418_unidentified	Fungi
F199_Aureobasidium	F199_Aureobasidium	Fungi
B22_uncultured Roseobacter sp.	B22_uncultured Roseobacter sp.	Bacteria
B41_uncultured	B41_uncultured	Bacteria
B303_Methylotenera	B303_Methylotenera	Bacteria
B98_Sphingomonas	B98_Sphingomonas	Bacteria
B18_Herbaspirillum	B18_Herbaspirillum	Bacteria
B43_Sphingomonas	B43_Sphingomonas	Bacteria
B86_Sphingomonas	B86_Sphingomonas	Bacteria
B1_Pantoea	B1_Pantoea	Bacteria
B3_Sphingomonas	B3_Sphingomonas	Bacteria
F379_Gonapodya	F379_Gonapodya	Fungi
F99_Cistella	F99_Cistella	Fungi
F167_unidentified	F167_unidentified	Fungi
F972_o_Pleosporales	F972_o_Pleosporales	Fungi
B5505_Nocardioides	B5505_Nocardioides	Bacteria
F207_o_Tremellales	F207_o_Tremellales	Fungi
F66_Trichoderma	F66_Trichoderma	Fungi
F639_Aspergillus	F639_Aspergillus	Fungi
F482_Pichia	F482_Pichia	Fungi
B3828_uncultured bacterium	B3828_uncultured bacterium	Bacteria
B712_f_Intrasporangiaceae	B712_f_Intrasporangiaceae	Bacteria
B25_uncultured prokaryote	B25_uncultured prokaryote	Bacteria
F1495_Coprinopsis	F1495_Coprinopsis	Fungi
F2591_unidentified	F2591_unidentified	Fungi
F4122_unidentified	F4122_unidentified	Fungi
F579_unidentified	F579_unidentified	Fungi
F980_unidentified	F980_unidentified	Fungi
F506_unidentified	F506_unidentified	Fungi
F2495_unidentified	F2495_unidentified	Fungi
F3600_Byssochlamys	F3600_Byssochlamys	Fungi
F726_unidentified	F726_unidentified	Fungi
F4224_unidentified	F4224_unidentified	Fungi
B1388_Lawsonella	B1388_Lawsonella	Bacteria
B13175_Candidatus Omnitrophus	B13175_Candidatus Omnitrophus	Bacteria
B11841_Prosthecobacter	B11841_Prosthecobacter	Bacteria
F2085_o_NA	F2085_o_NA	Fungi
F3443_Moniliella	F3443_Moniliella	Fungi
F16_Pyricularia	F16_Pyricularia	Fungi
F62_Mrakia	F62_Mrakia	Fungi
F918_o_NA	F918_o_NA	Fungi
F194_Hannaella	F194_Hannaella	Fungi
F1604_Burgella	F1604_Burgella	Fungi
B11082_Syntrophomonas	B11082_Syntrophomonas	Bacteria
B1137_Geobacter	B1137_Geobacter	Bacteria
F109_o_Pleosporales	F109_o_Pleosporales	Fungi
F449_unidentified	F449_unidentified	Fungi
F596_unidentified	F596_unidentified	Fungi
F638_Ceriporia	F638_Ceriporia	Fungi
F880_unidentified	F880_unidentified	Fungi
F837_Candida	F837_Candida	Fungi
F982_Suillus	F982_Suillus	Fungi
F191_f_Didymellaceae	F191_f_Didymellaceae	Fungi
F205_Mortierella	F205_Mortierella	Fungi
F90_Pseudogymnoascus	F90_Pseudogymnoascus	Fungi
F787_Colletotrichum	F787_Colletotrichum	Fungi
F875_Sistotremastrum	F875_Sistotremastrum	Fungi
B902_Escherichia-Shigella	B902_Escherichia-Shigella	Bacteria
F1776_unidentified	F1776_unidentified	Fungi
B24_Bradyrhizobium	B24_Bradyrhizobium	Bacteria
B56_Allorhizobium-Neorhizobium-Pararhizobium-Rhizobium	B56_Allorhizobium-Neorhizobium-Pararhizobium-Rhizobium	Bacteria
B4_Pantoea	B4_Pantoea	Bacteria
F298_unidentified	F298_unidentified	Fungi
F1985_f_Xylariaceae	F1985_f_Xylariaceae	Fungi
F570_Colletotrichum	F570_Colletotrichum	Fungi
F23_Solicoccozyma	F23_Solicoccozyma	Fungi
F677_o_NA	F677_o_NA	Fungi
F693_Aspergillus	F693_Aspergillus	Fungi
F145_Mrakiella	F145_Mrakiella	Fungi
F159_o_Helotiales	F159_o_Helotiales	Fungi
F152_unidentified	F152_unidentified	Fungi
F347_Emericellopsis	F347_Emericellopsis	Fungi
F233_Periconia	F233_Periconia	Fungi
F339_f_Didymellaceae	F339_f_Didymellaceae	Fungi
F321_Curvularia	F321_Curvularia	Fungi
F83_Schizothecium	F83_Schizothecium	Fungi
F13_Zopfiella	F13_Zopfiella	Fungi
F1207_f_Glomerellaceae	F1207_f_Glomerellaceae	Fungi
B13042_f_Limnochordaceae	B13042_f_Limnochordaceae	Bacteria
B6753_Luteolibacter	B6753_Luteolibacter	Bacteria
F3639_unidentified	F3639_unidentified	Fungi
F3642_Vishniacozyma	F3642_Vishniacozyma	Fungi
F3764_o_NA	F3764_o_NA	Fungi
F429_Bjerkandera	F429_Bjerkandera	Fungi
F362_Porostereum	F362_Porostereum	Fungi
F605_o_Pleosporales	F605_o_Pleosporales	Fungi
F68_Pseudogymnoascus	F68_Pseudogymnoascus	Fungi
F468_Keissleriella	F468_Keissleriella	Fungi
B12623_uncultured	B12623_uncultured	Bacteria
B318_Caulobacter	B318_Caulobacter	Bacteria
F861_unidentified	F861_unidentified	Fungi
F20_Edenia	F20_Edenia	Fungi
B9480_Elstera	B9480_Elstera	Bacteria
F441_o_Hypocreales	F441_o_Hypocreales	Fungi
B385_o_Gastranaerophilales	B385_o_Gastranaerophilales	Bacteria
F270_unidentified	F270_unidentified	Fungi
F733_o_NA	F733_o_NA	Fungi
F989_Trametes	F989_Trametes	Fungi
B210_Ralstonia	B210_Ralstonia	Bacteria
B8736_Actinomyces	B8736_Actinomyces	Bacteria
F4928_o_NA	F4928_o_NA	Fungi
F3_Moesziomyces	F3_Moesziomyces	Fungi
B29_Methylobacterium	B29_Methylobacterium	Bacteria
B150_RBG-16-58-14	B150_RBG-16-58-14	Bacteria
B2199_Opitutus	B2199_Opitutus	Bacteria
F120_Sporobolomyces	F120_Sporobolomyces	Fungi
B125_Niveispirillum	B125_Niveispirillum	Bacteria
B209_Escherichia-Shigella	B209_Escherichia-Shigella	Bacteria
F137_Malassezia	F137_Malassezia	Fungi
F494_Coprinellus	F494_Coprinellus	Fungi
F773_Colletotrichum	F773_Colletotrichum	Fungi
F1916_unidentified	F1916_unidentified	Fungi
F6_Cladosporium	F6_Cladosporium	Fungi
F5_Alternaria	F5_Alternaria	Fungi
B8_f_Rhizobiaceae	B8_f_Rhizobiaceae	Bacteria
B10885_Stenotrophomonas	B10885_Stenotrophomonas	Bacteria
F61_o_Pleosporales	F61_o_Pleosporales	Fungi
F25_Dimorphospora	F25_Dimorphospora	Fungi
B1020_Nubsella	B1020_Nubsella	Bacteria
F45_f_Didymellaceae	F45_f_Didymellaceae	Fungi
F36_Moesziomyces	F36_Moesziomyces	Fungi
F3427_unidentified	F3427_unidentified	Fungi
B338_uncultured bacterium	B338_uncultured bacterium	Bacteria
B814_Sediminibacterium	B814_Sediminibacterium	Bacteria
F4073_unidentified	F4073_unidentified	Fungi
F3303_unidentified	F3303_unidentified	Fungi
F318_Saccharomyces	F318_Saccharomyces	Fungi
F4_o_Pleosporales	F4_o_Pleosporales	Fungi
F100_Talaromyces	F100_Talaromyces	Fungi
F715_Kondoa	F715_Kondoa	Fungi
F2058_Hymenochaete	F2058_Hymenochaete	Fungi
F18_f_Phaeosphaeriaceae	F18_f_Phaeosphaeriaceae	Fungi
B398_Rhodococcus	B398_Rhodococcus	Bacteria
F37_unidentified	F37_unidentified	Fungi
B5536_Acidaminobacter	B5536_Acidaminobacter	Bacteria
B12724_uncultured	B12724_uncultured	Bacteria
F1665_Colletotrichum	F1665_Colletotrichum	Fungi
F1150_f_Magnaporthaceae	F1150_f_Magnaporthaceae	Fungi
F4757_unidentified	F4757_unidentified	Fungi
F4819_unidentified	F4819_unidentified	Fungi
F280_o_Polyporales	F280_o_Polyporales	Fungi
F2963_Eutypella	F2963_Eutypella	Fungi
F38_Pseudeurotium	F38_Pseudeurotium	Fungi
B989_Staphylococcus	B989_Staphylococcus	Bacteria
F1071_Hericium	F1071_Hericium	Fungi
F93_Gaeumannomyces	F93_Gaeumannomyces	Fungi
F1925_f_Cordycipitaceae	F1925_f_Cordycipitaceae	Fungi
F1237_Acremonium	F1237_Acremonium	Fungi
B2217_Streptococcus	B2217_Streptococcus	Bacteria
F2238_Colletotrichum	F2238_Colletotrichum	Fungi
F121_Schizothecium	F121_Schizothecium	Fungi
F832_f_Stereaceae	F832_f_Stereaceae	Fungi
F178_Schizopora	F178_Schizopora	Fungi
B6370_Geobacter	B6370_Geobacter	Bacteria
B541_Achromobacter	B541_Achromobacter	Bacteria
B2550_uncultured Syntrophobacteraceae bacterium	B2550_uncultured Syntrophobacteraceae bacterium	Bacteria
B307_Bacillus	B307_Bacillus	Bacteria
B411_uncultured prokaryote	B411_uncultured prokaryote	Bacteria
F3883_unidentified	F3883_unidentified	Fungi
F294_unidentified	F294_unidentified	Fungi
B3303_Polyangium	B3303_Polyangium	Bacteria
B13886_Ellin6067	B13886_Ellin6067	Bacteria
B13283_f_Ruminococcaceae	B13283_f_Ruminococcaceae	Bacteria
F206_unidentified	F206_unidentified	Fungi
F2709_o_NA	F2709_o_NA	Fungi
F57_Trichoderma	F57_Trichoderma	Fungi
F195_Cistella	F195_Cistella	Fungi
F297_Coniothyrium	F297_Coniothyrium	Fungi
F58_Schizothecium	F58_Schizothecium	Fungi
F712_Fusarium	F712_Fusarium	Fungi
F1349_unidentified	F1349_unidentified	Fungi
F17_o_Pleosporales	F17_o_Pleosporales	Fungi
F2955_Lactarius	F2955_Lactarius	Fungi
F216_unidentified	F216_unidentified	Fungi
F2026_o_NA	F2026_o_NA	Fungi
F190_Irpex	F190_Irpex	Fungi
F111_Geomyces	F111_Geomyces	Fungi
F3260_unidentified	F3260_unidentified	Fungi
F723_unidentified	F723_unidentified	Fungi
F2572_Stereum	F2572_Stereum	Fungi
F46_Microscypha	F46_Microscypha	Fungi
F97_o_Sordariales	F97_o_Sordariales	Fungi
F160_Cladosporium	F160_Cladosporium	Fungi
F568_Aspergillus	F568_Aspergillus	Fungi
F1958_Aspergillus	F1958_Aspergillus	Fungi
F582_Mycoleptodiscus	F582_Mycoleptodiscus	Fungi
F292_Engyodontium	F292_Engyodontium	Fungi
F10_Guehomyces	F10_Guehomyces	Fungi
F184_unidentified	F184_unidentified	Fungi
F421_Talaromyces	F421_Talaromyces	Fungi
F134_o_NA	F134_o_NA	Fungi
F328_Phaeosphaeria	F328_Phaeosphaeria	Fungi
F24_o_Helotiales	F24_o_Helotiales	Fungi
F576_Malassezia	F576_Malassezia	Fungi
F2812_unidentified	F2812_unidentified	Fungi
F385_Coprinellus	F385_Coprinellus	Fungi
B5775_f_Ruminococcaceae	B5775_f_Ruminococcaceae	Bacteria
B163_uncultured	B163_uncultured	Bacteria
B4047_f_Nodosilineaceae	B4047_f_Nodosilineaceae	Bacteria
B619_Leptolinea	B619_Leptolinea	Bacteria
B2179_f_JG30.KF.CM45	B2179_f_JG30.KF.CM45	Bacteria
B12346_f_Christensenellaceae	B12346_f_Christensenellaceae	Bacteria
B13435_o_Candidatus.Nomurabacteria	B13435_o_Candidatus.Nomurabacteria	Bacteria
B12411_o_NA	B12411_o_NA	Bacteria
B218_RBG.16.58.14	B218_RBG.16.58.14	Bacteria
B12917_f_Ilumatobacteraceae	B12917_f_Ilumatobacteraceae	Bacteria
B7849_uncultured.bacterium	B7849_uncultured.bacterium	Bacteria
B15281_o_NA	B15281_o_NA	Bacteria
B739_uncultured	B739_uncultured	Bacteria
B4989_Leptolyngbya.ANT.L52.2	B4989_Leptolyngbya.ANT.L52.2	Bacteria
B1944_uncultured.bacterium	B1944_uncultured.bacterium	Bacteria
B282_Acinetobacter	B282_Acinetobacter	Bacteria
B158_uncultured.bacterium	B158_uncultured.bacterium	Bacteria
B1870_f_Lachnospiraceae	B1870_f_Lachnospiraceae	Bacteria
B34_Bradyrhizobium	B34_Bradyrhizobium	Bacteria
B1941_f_Burkholderiaceae	B1941_f_Burkholderiaceae	Bacteria
B2278_Hydrogenispora	B2278_Hydrogenispora	Bacteria
B4898_Fonticella	B4898_Fonticella	Bacteria
B323_Anaeromyxobacter	B323_Anaeromyxobacter	Bacteria
B1606_Christensenellaceae.R.7.group	B1606_Christensenellaceae.R.7.group	Bacteria
B602_uncultured.Holophaga.sp.	B602_uncultured.Holophaga.sp.	Bacteria
B1554_Clostridium.sensu.stricto.12	B1554_Clostridium.sensu.stricto.12	Bacteria
B330_Magnetospirillum	B330_Magnetospirillum	Bacteria
B13614_uncultured.soil.bacterium.PBS.71	B13614_uncultured.soil.bacterium.PBS.71	Bacteria
B22_uncultured.Roseobacter.sp.	B22_uncultured.Roseobacter.sp.	Bacteria
B258_ADurb.Bin063.1	B258_ADurb.Bin063.1	Bacteria
B10223_Sulfuritalea	B10223_Sulfuritalea	Bacteria
B1350_Desulfomonile	B1350_Desulfomonile	Bacteria
B5608_Paenibacillus	B5608_Paenibacillus	Bacteria
B255_Reyranella	B255_Reyranella	Bacteria
B12490_Blastomonas	B12490_Blastomonas	Bacteria
B6342_uncultured	B6342_uncultured	Bacteria
B13035_uncultured	B13035_uncultured	Bacteria
B23_f_Burkholderiaceae	B23_f_Burkholderiaceae	Bacteria
B735_uncultured.bacterium	B735_uncultured.bacterium	Bacteria
B26_Bradyrhizobium	B26_Bradyrhizobium	Bacteria
B2_Methylobacterium	B2_Methylobacterium	Bacteria
B376_Anaerolinea	B376_Anaerolinea	Bacteria
B9_Methylobacterium	B9_Methylobacterium	Bacteria
B13175_Candidatus.Omnitrophus	B13175_Candidatus.Omnitrophus	Bacteria
B455_Desulfobacca	B455_Desulfobacca	Bacteria
B4537_IMCC26207	B4537_IMCC26207	Bacteria
B1862_Pajaroellobacter	B1862_Pajaroellobacter	Bacteria
B3190_f_SC.I.84	B3190_f_SC.I.84	Bacteria
B437_Escherichia.Shigella	B437_Escherichia.Shigella	Bacteria
B939_uncultured.bacterium	B939_uncultured.bacterium	Bacteria
B3828_uncultured.bacterium	B3828_uncultured.bacterium	Bacteria
B1075_Clostridium.sensu.stricto.12	B1075_Clostridium.sensu.stricto.12	Bacteria
B411_uncultured.prokaryote	B411_uncultured.prokaryote	Bacteria
B3977_uncultured.Cytophagales.bacterium	B3977_uncultured.Cytophagales.bacterium	Bacteria
B1882_Zavarzinella	B1882_Zavarzinella	Bacteria
B3586_uncultured	B3586_uncultured	Bacteria
B3856_uncultured.bacterium	B3856_uncultured.bacterium	Bacteria
B2281_uncultured.Rhodospirillaceae.bacterium	B2281_uncultured.Rhodospirillaceae.bacterium	Bacteria
B3413_Clostridium.sensu.stricto.8	B3413_Clostridium.sensu.stricto.8	Bacteria
B3383_Tumebacillus	B3383_Tumebacillus	Bacteria
B17_Methylobacterium	B17_Methylobacterium	Bacteria
B150_RBG.16.58.14	B150_RBG.16.58.14	Bacteria
B10105_Pirellula	B10105_Pirellula	Bacteria
B7194_f_67.14	B7194_f_67.14	Bacteria
B14669_Ruminococcaceae.UCG.005	B14669_Ruminococcaceae.UCG.005	Bacteria
B338_uncultured.bacterium	B338_uncultured.bacterium	Bacteria
B9680_Bryobacter	B9680_Bryobacter	Bacteria
B15_Sphingomonas	B15_Sphingomonas	Bacteria
B14697_Porphyrobacter	B14697_Porphyrobacter	Bacteria
B6449_Nocardioides	B6449_Nocardioides	Bacteria
B2550_uncultured.Syntrophobacteraceae.bacterium	B2550_uncultured.Syntrophobacteraceae.bacterium	Bacteria
B4156_Corynebacterium.1	B4156_Corynebacterium.1	Bacteria
B902_Escherichia.Shigella	B902_Escherichia.Shigella	Bacteria
B25_uncultured.prokaryote	B25_uncultured.prokaryote	Bacteria
B209_Escherichia.Shigella	B209_Escherichia.Shigella	Bacteria
F458_Endoxyla	F458_Endoxyla	Fungi
F1149_f_Magnaporthaceae	F1149_f_Magnaporthaceae	Fungi
F131_unidentified	F131_unidentified	Fungi
F698_unidentified	F698_unidentified	Fungi
F157_unidentified	F157_unidentified	Fungi
F2204_unidentified	F2204_unidentified	Fungi
F696_unidentified	F696_unidentified	Fungi
F213_Yarrowia	F213_Yarrowia	Fungi
F73_Tetracladium	F73_Tetracladium	Fungi
