id	label	Bacteria
B19_Xanthomonas	B19_Xanthomonas	Bacteria
F3_Moesziomyces	F3_Moesziomyces	Fungi
F98_f_Didymellaceae	F98_f_Didymellaceae	Fungi
F28_f_Hypocreales_fam_Incertae_sedis	F28_f_Hypocreales_fam_Incertae_sedis	Fungi
F54_Pyrenochaetopsis	F54_Pyrenochaetopsis	Fungi
F47_f_Phaeosphaeriaceae	F47_f_Phaeosphaeriaceae	Fungi
F45_f_Didymellaceae	F45_f_Didymellaceae	Fungi
F89_Aureobasidium	F89_Aureobasidium	Fungi
B138_Nakamurella	B138_Nakamurella	Bacteria
B2152_Spirosoma	B2152_Spirosoma	Bacteria
F360_Papiliotrema	F360_Papiliotrema	Fungi
B1358_Delftia	B1358_Delftia	Bacteria
F1086_Sporobolomyces	F1086_Sporobolomyces	Fungi
F174_unidentified	F174_unidentified	Fungi
B5_Pseudomonas	B5_Pseudomonas	Bacteria
B3_Sphingomonas	B3_Sphingomonas	Bacteria
F69_o_Pleosporales	F69_o_Pleosporales	Fungi
F8_unidentified	F8_unidentified	Fungi
F120_Sporobolomyces	F120_Sporobolomyces	Fungi
F71_Papiliotrema	F71_Papiliotrema	Fungi
F1043_Lecanicillium	F1043_Lecanicillium	Fungi
F231_Bullera	F231_Bullera	Fungi
F181_f_Didymellaceae	F181_f_Didymellaceae	Fungi
F55_f_Nectriaceae	F55_f_Nectriaceae	Fungi
F643_Symmetrospora	F643_Symmetrospora	Fungi
F5_Alternaria	F5_Alternaria	Fungi
B89_Burkholderia-Caballeronia-Paraburkholderia	B89_Burkholderia-Caballeronia-Paraburkholderia	Bacteria
B1_Pantoea	B1_Pantoea	Bacteria
B12_Novosphingobium	B12_Novosphingobium	Bacteria
B4_Pantoea	B4_Pantoea	Bacteria
F219_unidentified	F219_unidentified	Fungi
F152_unidentified	F152_unidentified	Fungi
F76_o_Sordariales	F76_o_Sordariales	Fungi
F418_Hannaella	F418_Hannaella	Fungi
F12_o_Pleosporales	F12_o_Pleosporales	Fungi
F112_Paraphaeosphaeria	F112_Paraphaeosphaeria	Fungi
F33_unidentified	F33_unidentified	Fungi
F36_Moesziomyces	F36_Moesziomyces	Fungi
F29_f_Didymellaceae	F29_f_Didymellaceae	Fungi
B461_Acinetobacter	B461_Acinetobacter	Bacteria
B29_Methylobacterium	B29_Methylobacterium	Bacteria
F920_o_NA	F920_o_NA	Fungi
F137_Malassezia	F137_Malassezia	Fungi
B1911_Sphingomonas	B1911_Sphingomonas	Bacteria
F53_Pyrenochaetopsis	F53_Pyrenochaetopsis	Fungi
B24_Bradyrhizobium	B24_Bradyrhizobium	Bacteria
B553_Devosia	B553_Devosia	Bacteria
B33_Kineococcus	B33_Kineococcus	Bacteria
B227_Allorhizobium-Neorhizobium-Pararhizobium-Rhizobium	B227_Allorhizobium-Neorhizobium-Pararhizobium-Rhizobium	Bacteria
B317_Brevundimonas	B317_Brevundimonas	Bacteria
B1256_Sphingomonas	B1256_Sphingomonas	Bacteria
F628_Myrothecium	F628_Myrothecium	Fungi
F48_unidentified	F48_unidentified	Fungi
F202_Pseudozyma	F202_Pseudozyma	Fungi
F18_f_Phaeosphaeriaceae	F18_f_Phaeosphaeriaceae	Fungi
F6_Cladosporium	F6_Cladosporium	Fungi
B11820_Pedobacter	B11820_Pedobacter	Bacteria
B16_Sphingomonas	B16_Sphingomonas	Bacteria
B3586_uncultured	B3586_uncultured	Bacteria
F81_Cladosporium	F81_Cladosporium	Fungi
B332_Actinomycetospora	B332_Actinomycetospora	Bacteria
B7_Curtobacterium	B7_Curtobacterium	Bacteria
F510_unidentified	F510_unidentified	Fungi
F27_Curvularia	F27_Curvularia	Fungi
F257_Papiliotrema	F257_Papiliotrema	Fungi
F22_Setophoma	F22_Setophoma	Fungi
B14_Burkholderia-Caballeronia-Paraburkholderia	B14_Burkholderia-Caballeronia-Paraburkholderia	Bacteria
F115_unidentified	F115_unidentified	Fungi
F316_Dioszegia	F316_Dioszegia	Fungi
B17_Methylobacterium	B17_Methylobacterium	Bacteria
B28_Burkholderia-Caballeronia-Paraburkholderia	B28_Burkholderia-Caballeronia-Paraburkholderia	Bacteria
B1242_Novosphingobium	B1242_Novosphingobium	Bacteria
F172_unidentified	F172_unidentified	Fungi
F276_Cercospora	F276_Cercospora	Fungi
F297_Coniothyrium	F297_Coniothyrium	Fungi
B13_Aureimonas	B13_Aureimonas	Bacteria
F30_unidentified	F30_unidentified	Fungi
B3862_Xanthomonas	B3862_Xanthomonas	Bacteria
F61_o_Pleosporales	F61_o_Pleosporales	Fungi
F2_Nigrospora	F2_Nigrospora	Fungi
F65_Sarocladium	F65_Sarocladium	Fungi
F250_Pseudopithomyces	F250_Pseudopithomyces	Fungi
F21_Acremonium	F21_Acremonium	Fungi
F637_o_NA	F637_o_NA	Fungi
F78_unidentified	F78_unidentified	Fungi
F4_o_Pleosporales	F4_o_Pleosporales	Fungi
F354_Coniothyrium	F354_Coniothyrium	Fungi
F605_o_Pleosporales	F605_o_Pleosporales	Fungi
F289_Aspergillus	F289_Aspergillus	Fungi
F1432_Dactylella	F1432_Dactylella	Fungi
F16_Pyricularia	F16_Pyricularia	Fungi
F194_Hannaella	F194_Hannaella	Fungi
F207_o_Tremellales	F207_o_Tremellales	Fungi
F1271_Rachicladosporium	F1271_Rachicladosporium	Fungi
F51_Papiliotrema	F51_Papiliotrema	Fungi
F117_Saitozyma	F117_Saitozyma	Fungi
F20_Edenia	F20_Edenia	Fungi
F1479_Paraphaeosphaeria	F1479_Paraphaeosphaeria	Fungi
F127_Papiliotrema	F127_Papiliotrema	Fungi
F116_Curvularia	F116_Curvularia	Fungi
B780_Spirosoma	B780_Spirosoma	Bacteria
B282_Acinetobacter	B282_Acinetobacter	Bacteria
B22_uncultured.Roseobacter.sp.	B22_uncultured.Roseobacter.sp.	Bacteria
B1620_Melittangium	B1620_Melittangium	Bacteria
B5894_uncultured	B5894_uncultured	Bacteria
B71_Methylobacterium	B71_Methylobacterium	Bacteria
B6_Sphingomonas	B6_Sphingomonas	Bacteria
B464_Pseudomonas	B464_Pseudomonas	Bacteria
B5420_f_Blastocatellaceae	B5420_f_Blastocatellaceae	Bacteria
B116_Geodermatophilus	B116_Geodermatophilus	Bacteria
B11_Xanthomonas	B11_Xanthomonas	Bacteria
B919_f_Burkholderiaceae	B919_f_Burkholderiaceae	Bacteria
B2_Methylobacterium	B2_Methylobacterium	Bacteria
B430_Pseudonocardia	B430_Pseudonocardia	Bacteria
B717_Acinetobacter	B717_Acinetobacter	Bacteria
B9_Methylobacterium	B9_Methylobacterium	Bacteria
B265_Deinococcus	B265_Deinococcus	Bacteria
B54_uncultured	B54_uncultured	Bacteria
B972_Singulisphaera	B972_Singulisphaera	Bacteria
B827_Stenotrophomonas	B827_Stenotrophomonas	Bacteria
B11818_Chroococcidiopsis.SAG.2023	B11818_Chroococcidiopsis.SAG.2023	Bacteria
B2665_f_Rhizobiaceae	B2665_f_Rhizobiaceae	Bacteria
B89_Burkholderia.Caballeronia.Paraburkholderia	B89_Burkholderia.Caballeronia.Paraburkholderia	Bacteria
B338_uncultured.bacterium	B338_uncultured.bacterium	Bacteria
B32_Bradyrhizobium	B32_Bradyrhizobium	Bacteria
B6779_Allorhizobium.Neorhizobium.Pararhizobium.Rhizobium	B6779_Allorhizobium.Neorhizobium.Pararhizobium.Rhizobium	Bacteria
B227_Allorhizobium.Neorhizobium.Pararhizobium.Rhizobium	B227_Allorhizobium.Neorhizobium.Pararhizobium.Rhizobium	Bacteria
B28_Burkholderia.Caballeronia.Paraburkholderia	B28_Burkholderia.Caballeronia.Paraburkholderia	Bacteria
F106_unidentified	F106_unidentified	Fungi
F131_unidentified	F131_unidentified	Fungi
F77_o_NA	F77_o_NA	Fungi
F226_Saitozyma	F226_Saitozyma	Fungi
F356_Paraconiothyrium	F356_Paraconiothyrium	Fungi
