id	label	Bacteria
B5446_f_Isosphaeraceae	B5446_f_Isosphaeraceae	Bacteria
B2091_f_Enterobacteriaceae	B2091_f_Enterobacteriaceae	Bacteria
B71_Methylobacterium	B71_Methylobacterium	Bacteria
B11_Xanthomonas	B11_Xanthomonas	Bacteria
B9_Methylobacterium	B9_Methylobacterium	Bacteria
B265_Deinococcus	B265_Deinococcus	Bacteria
B1839_Aquisphaera	B1839_Aquisphaera	Bacteria
B35_Methylobacterium	B35_Methylobacterium	Bacteria
F60_Nakataea	F60_Nakataea	Fungi
F137_Malassezia	F137_Malassezia	Fungi
F4_o_Pleosporales	F4_o_Pleosporales	Fungi
B222_Kineococcus	B222_Kineococcus	Bacteria
B54_uncultured	B54_uncultured	Bacteria
F188_Arthrinium	F188_Arthrinium	Fungi
F181_f_Didymellaceae	F181_f_Didymellaceae	Fungi
B23_f_Burkholderiaceae	B23_f_Burkholderiaceae	Bacteria
B5_Pseudomonas	B5_Pseudomonas	Bacteria
B31_Quadrisphaera	B31_Quadrisphaera	Bacteria
B28_Burkholderia-Caballeronia-Paraburkholderia	B28_Burkholderia-Caballeronia-Paraburkholderia	Bacteria
B14_Burkholderia-Caballeronia-Paraburkholderia	B14_Burkholderia-Caballeronia-Paraburkholderia	Bacteria
B7_Curtobacterium	B7_Curtobacterium	Bacteria
F88_unidentified	F88_unidentified	Fungi
F187_o_Chaetothyriales	F187_o_Chaetothyriales	Fungi
F78_unidentified	F78_unidentified	Fungi
F16_Pyricularia	F16_Pyricularia	Fungi
F120_Sporobolomyces	F120_Sporobolomyces	Fungi
F71_Papiliotrema	F71_Papiliotrema	Fungi
F40_unidentified	F40_unidentified	Fungi
F65_Sarocladium	F65_Sarocladium	Fungi
F220_Acremonium	F220_Acremonium	Fungi
F55_f_Nectriaceae	F55_f_Nectriaceae	Fungi
F5_Alternaria	F5_Alternaria	Fungi
F22_Setophoma	F22_Setophoma	Fungi
F526_Pyrenochaetopsis	F526_Pyrenochaetopsis	Fungi
B2973_f_Burkholderiaceae	B2973_f_Burkholderiaceae	Bacteria
B187_Clostridium sensu stricto 8	B187_Clostridium sensu stricto 8	Bacteria
B500_Pseudomonas	B500_Pseudomonas	Bacteria
B626_Pseudomonas	B626_Pseudomonas	Bacteria
B6_Sphingomonas	B6_Sphingomonas	Bacteria
B260_Pseudomonas	B260_Pseudomonas	Bacteria
B269_Pseudomonas	B269_Pseudomonas	Bacteria
B329_Paenibacillus	B329_Paenibacillus	Bacteria
B467_Lactococcus	B467_Lactococcus	Bacteria
B326_Bacillus	B326_Bacillus	Bacteria
B646_Leuconostoc	B646_Leuconostoc	Bacteria
B725_Lactococcus	B725_Lactococcus	Bacteria
F105_Clonostachys	F105_Clonostachys	Fungi
F243_unidentified	F243_unidentified	Fungi
F29_f_Didymellaceae	F29_f_Didymellaceae	Fungi
F36_Moesziomyces	F36_Moesziomyces	Fungi
B32_Bradyrhizobium	B32_Bradyrhizobium	Bacteria
F360_Papiliotrema	F360_Papiliotrema	Fungi
B933_Pseudomonas	B933_Pseudomonas	Bacteria
B448_Lactococcus	B448_Lactococcus	Bacteria
B13_Aureimonas	B13_Aureimonas	Bacteria
B3417_Brevibacillus	B3417_Brevibacillus	Bacteria
B127_Sphingobacterium	B127_Sphingobacterium	Bacteria
B19_Xanthomonas	B19_Xanthomonas	Bacteria
F61_o_Pleosporales	F61_o_Pleosporales	Fungi
F48_unidentified	F48_unidentified	Fungi
F2_Nigrospora	F2_Nigrospora	Fungi
F209_unidentified	F209_unidentified	Fungi
F12_o_Pleosporales	F12_o_Pleosporales	Fungi
F50_Thanatephorus	F50_Thanatephorus	Fungi
F6_Cladosporium	F6_Cladosporium	Fungi
F124_Stachybotrys	F124_Stachybotrys	Fungi
F54_Pyrenochaetopsis	F54_Pyrenochaetopsis	Fungi
B1466_Cystobacter	B1466_Cystobacter	Bacteria
B647_Pseudomonas	B647_Pseudomonas	Bacteria
B3_Sphingomonas	B3_Sphingomonas	Bacteria
F3_Moesziomyces	F3_Moesziomyces	Fungi
F28_f_Hypocreales_fam_Incertae_sedis	F28_f_Hypocreales_fam_Incertae_sedis	Fungi
F89_Aureobasidium	F89_Aureobasidium	Fungi
F299_Cladosporium	F299_Cladosporium	Fungi
F53_Pyrenochaetopsis	F53_Pyrenochaetopsis	Fungi
B393_Azospira	B393_Azospira	Bacteria
F8_unidentified	F8_unidentified	Fungi
B37_Allorhizobium-Neorhizobium-Pararhizobium-Rhizobium	B37_Allorhizobium-Neorhizobium-Pararhizobium-Rhizobium	Bacteria
B990_Pseudomonas	B990_Pseudomonas	Bacteria
F81_Cladosporium	F81_Cladosporium	Fungi
B532_Siphonobacter	B532_Siphonobacter	Bacteria
F27_Curvularia	F27_Curvularia	Fungi
F20_Edenia	F20_Edenia	Fungi
B989_Staphylococcus	B989_Staphylococcus	Bacteria
B93_Pedobacter	B93_Pedobacter	Bacteria
B343_Microbacterium	B343_Microbacterium	Bacteria
B3104_Dyadobacter	B3104_Dyadobacter	Bacteria
F320_f_Coniochaetaceae	F320_f_Coniochaetaceae	Fungi
B726_Chryseobacterium	B726_Chryseobacterium	Bacteria
B645_Pseudomonas	B645_Pseudomonas	Bacteria
B904_Microbacterium	B904_Microbacterium	Bacteria
B59_Terrabacter	B59_Terrabacter	Bacteria
B2617_Skermanella	B2617_Skermanella	Bacteria
B83_Bradyrhizobium	B83_Bradyrhizobium	Bacteria
B737_Pseudomonas	B737_Pseudomonas	Bacteria
B4_Pantoea	B4_Pantoea	Bacteria
F152_unidentified	F152_unidentified	Fungi
F424_unidentified	F424_unidentified	Fungi
B266_Allorhizobium-Neorhizobium-Pararhizobium-Rhizobium	B266_Allorhizobium-Neorhizobium-Pararhizobium-Rhizobium	Bacteria
B338_uncultured bacterium	B338_uncultured bacterium	Bacteria
B4156_Corynebacterium 1	B4156_Corynebacterium 1	Bacteria
B4116_Lactobacillus	B4116_Lactobacillus	Bacteria
F534_Microdochium	F534_Microdochium	Fungi
F1043_Lecanicillium	F1043_Lecanicillium	Fungi
B494_Brevundimonas	B494_Brevundimonas	Bacteria
B4443_f_Burkholderiaceae	B4443_f_Burkholderiaceae	Bacteria
B39_Paenibacillus	B39_Paenibacillus	Bacteria
B2153_uncultured	B2153_uncultured	Bacteria
B2116_Pseudomonas	B2116_Pseudomonas	Bacteria
B5723_f_Sphingobacteriaceae	B5723_f_Sphingobacteriaceae	Bacteria
B1_Pantoea	B1_Pantoea	Bacteria
B8489_Acinetobacter	B8489_Acinetobacter	Bacteria
F69_o_Pleosporales	F69_o_Pleosporales	Fungi
F21_Acremonium	F21_Acremonium	Fungi
F98_f_Didymellaceae	F98_f_Didymellaceae	Fungi
F30_unidentified	F30_unidentified	Fungi
B81_Stenotrophomonas	B81_Stenotrophomonas	Bacteria
B6689_f_Isosphaeraceae	B6689_f_Isosphaeraceae	Bacteria
B17_Methylobacterium	B17_Methylobacterium	Bacteria
B1597_Staphylococcus	B1597_Staphylococcus	Bacteria
B928_Anaerobacillus	B928_Anaerobacillus	Bacteria
F202_Pseudozyma	F202_Pseudozyma	Fungi
F257_Papiliotrema	F257_Papiliotrema	Fungi
B1793_Janthinobacterium	B1793_Janthinobacterium	Bacteria
B581_Devosia	B581_Devosia	Bacteria
B1682_Escherichia-Shigella	B1682_Escherichia-Shigella	Bacteria
B317_Brevundimonas	B317_Brevundimonas	Bacteria
B1776_Cloacibacterium	B1776_Cloacibacterium	Bacteria
B4653_Geobacillus	B4653_Geobacillus	Bacteria
B1132_Brevundimonas	B1132_Brevundimonas	Bacteria
F102_f_Didymellaceae	F102_f_Didymellaceae	Fungi
B5546_uncultured Anaerolineaceae bacterium	B5546_uncultured Anaerolineaceae bacterium	Bacteria
B1678_Bacillus	B1678_Bacillus	Bacteria
B930_Achromobacter	B930_Achromobacter	Bacteria
B138_Nakamurella	B138_Nakamurella	Bacteria
F115_unidentified	F115_unidentified	Fungi
B77_Allorhizobium-Neorhizobium-Pararhizobium-Rhizobium	B77_Allorhizobium-Neorhizobium-Pararhizobium-Rhizobium	Bacteria
F1042_Periconia	F1042_Periconia	Fungi
B1139_Mucilaginibacter	B1139_Mucilaginibacter	Bacteria
B1107_Stenotrophomonas	B1107_Stenotrophomonas	Bacteria
B27_Mucilaginibacter	B27_Mucilaginibacter	Bacteria
B2885_Pseudomonas	B2885_Pseudomonas	Bacteria
B103_Burkholderia-Caballeronia-Paraburkholderia	B103_Burkholderia-Caballeronia-Paraburkholderia	Bacteria
B1447_Achromobacter	B1447_Achromobacter	Bacteria
B1649_f_Enterobacteriaceae	B1649_f_Enterobacteriaceae	Bacteria
F33_unidentified	F33_unidentified	Fungi
F18_f_Phaeosphaeriaceae	F18_f_Phaeosphaeriaceae	Fungi
B4527_Nitrosospira	B4527_Nitrosospira	Bacteria
F45_f_Didymellaceae	F45_f_Didymellaceae	Fungi
F174_unidentified	F174_unidentified	Fungi
F552_unidentified	F552_unidentified	Fungi
F628_Myrothecium	F628_Myrothecium	Fungi
F354_Coniothyrium	F354_Coniothyrium	Fungi
F250_Pseudopithomyces	F250_Pseudopithomyces	Fungi
F127_Papiliotrema	F127_Papiliotrema	Fungi
F85_Fusarium	F85_Fusarium	Fungi
B2127_o_NA	B2127_o_NA	Bacteria
B9118_Anaerobacterium	B9118_Anaerobacterium	Bacteria
B1275_o_NA	B1275_o_NA	Bacteria
B6887_Sphingomonas	B6887_Sphingomonas	Bacteria
B1870_f_Lachnospiraceae	B1870_f_Lachnospiraceae	Bacteria
B22_uncultured.Roseobacter.sp.	B22_uncultured.Roseobacter.sp.	Bacteria
B2833_Methylobacterium	B2833_Methylobacterium	Bacteria
B252_Spirosoma	B252_Spirosoma	Bacteria
B11681_Pirellula	B11681_Pirellula	Bacteria
B1620_Melittangium	B1620_Melittangium	Bacteria
B3365_wastewater.metagenome	B3365_wastewater.metagenome	Bacteria
B521_Peredibacter	B521_Peredibacter	Bacteria
B7154_uncultured.bacterium	B7154_uncultured.bacterium	Bacteria
B379_f_Micrococcaceae	B379_f_Micrococcaceae	Bacteria
B5094_uncultured	B5094_uncultured	Bacteria
B2375_f_Burkholderiaceae	B2375_f_Burkholderiaceae	Bacteria
B37_Allorhizobium.Neorhizobium.Pararhizobium.Rhizobium	B37_Allorhizobium.Neorhizobium.Pararhizobium.Rhizobium	Bacteria
B5499_Marmoricola	B5499_Marmoricola	Bacteria
B5616_Micromonospora	B5616_Micromonospora	Bacteria
B26_Bradyrhizobium	B26_Bradyrhizobium	Bacteria
B4709_f_Burkholderiaceae	B4709_f_Burkholderiaceae	Bacteria
B10_Allorhizobium.Neorhizobium.Pararhizobium.Rhizobium	B10_Allorhizobium.Neorhizobium.Pararhizobium.Rhizobium	Bacteria
B2_Methylobacterium	B2_Methylobacterium	Bacteria
B1128_Azospirillum	B1128_Azospirillum	Bacteria
B187_Clostridium.sensu.stricto.8	B187_Clostridium.sensu.stricto.8	Bacteria
B76_Methylobacterium	B76_Methylobacterium	Bacteria
B1151_Pseudomonas	B1151_Pseudomonas	Bacteria
B949_Verticia	B949_Verticia	Bacteria
B332_Actinomycetospora	B332_Actinomycetospora	Bacteria
B437_Escherichia.Shigella	B437_Escherichia.Shigella	Bacteria
B1716_Nocardioides	B1716_Nocardioides	Bacteria
B266_Allorhizobium.Neorhizobium.Pararhizobium.Rhizobium	B266_Allorhizobium.Neorhizobium.Pararhizobium.Rhizobium	Bacteria
B20_Pseudomonas	B20_Pseudomonas	Bacteria
B7187_Segetibacter	B7187_Segetibacter	Bacteria
B1682_Escherichia.Shigella	B1682_Escherichia.Shigella	Bacteria
B1937_Singulisphaera	B1937_Singulisphaera	Bacteria
B5546_uncultured.Anaerolineaceae.bacterium	B5546_uncultured.Anaerolineaceae.bacterium	Bacteria
B2983_Acinetobacter	B2983_Acinetobacter	Bacteria
B77_Allorhizobium.Neorhizobium.Pararhizobium.Rhizobium	B77_Allorhizobium.Neorhizobium.Pararhizobium.Rhizobium	Bacteria
B6493_Subgroup.10	B6493_Subgroup.10	Bacteria
B873_f_Enterobacteriaceae	B873_f_Enterobacteriaceae	Bacteria
B338_uncultured.bacterium	B338_uncultured.bacterium	Bacteria
B3193_Dysgonomonas	B3193_Dysgonomonas	Bacteria
B776_Lactococcus	B776_Lactococcus	Bacteria
B2681_Lactobacillus	B2681_Lactobacillus	Bacteria
B1711_Corynebacterium.1	B1711_Corynebacterium.1	Bacteria
B4156_Corynebacterium.1	B4156_Corynebacterium.1	Bacteria
B1658_Staphylococcus	B1658_Staphylococcus	Bacteria
B6633_uncultured.bacterium	B6633_uncultured.bacterium	Bacteria
B200_Flavobacterium	B200_Flavobacterium	Bacteria
B5006_Paenibacillus	B5006_Paenibacillus	Bacteria
B28_Burkholderia.Caballeronia.Paraburkholderia	B28_Burkholderia.Caballeronia.Paraburkholderia	Bacteria
B14_Burkholderia.Caballeronia.Paraburkholderia	B14_Burkholderia.Caballeronia.Paraburkholderia	Bacteria
B103_Burkholderia.Caballeronia.Paraburkholderia	B103_Burkholderia.Caballeronia.Paraburkholderia	Bacteria
B12_Novosphingobium	B12_Novosphingobium	Bacteria
F106_unidentified	F106_unidentified	Fungi
F76_o_Sordariales	F76_o_Sordariales	Fungi
