id	label	Bacteria
B893_o_NA	B893_o_NA	Bacteria
F266_unidentified	F266_unidentified	Fungi
F13_Zopfiella	F13_Zopfiella	Fungi
F299_Cladosporium	F299_Cladosporium	Fungi
B6_Sphingomonas	B6_Sphingomonas	Bacteria
B5_Pseudomonas	B5_Pseudomonas	Bacteria
B1745_Enterococcus	B1745_Enterococcus	Bacteria
B2_Methylobacterium	B2_Methylobacterium	Bacteria
B494_Brevundimonas	B494_Brevundimonas	Bacteria
B437_Escherichia-Shigella	B437_Escherichia-Shigella	Bacteria
B54_uncultured	B54_uncultured	Bacteria
B30_Sphingomonas	B30_Sphingomonas	Bacteria
B863_Microbacterium	B863_Microbacterium	Bacteria
B553_Devosia	B553_Devosia	Bacteria
B17_Methylobacterium	B17_Methylobacterium	Bacteria
B39_Paenibacillus	B39_Paenibacillus	Bacteria
B873_f_Enterobacteriaceae	B873_f_Enterobacteriaceae	Bacteria
B386_Rhodopseudomonas	B386_Rhodopseudomonas	Bacteria
B645_Pseudomonas	B645_Pseudomonas	Bacteria
B68_Chryseobacterium	B68_Chryseobacterium	Bacteria
B3_Sphingomonas	B3_Sphingomonas	Bacteria
B149_Mucilaginibacter	B149_Mucilaginibacter	Bacteria
B317_Brevundimonas	B317_Brevundimonas	Bacteria
B12_Novosphingobium	B12_Novosphingobium	Bacteria
B4_Pantoea	B4_Pantoea	Bacteria
F7_unidentified	F7_unidentified	Fungi
F186_unidentified	F186_unidentified	Fungi
F286_unidentified	F286_unidentified	Fungi
F99_Cistella	F99_Cistella	Fungi
F19_unidentified	F19_unidentified	Fungi
F140_unidentified	F140_unidentified	Fungi
F59_Podospora	F59_Podospora	Fungi
F39_unidentified	F39_unidentified	Fungi
F143_unidentified	F143_unidentified	Fungi
F108_unidentified	F108_unidentified	Fungi
F14_o_Pleosporales	F14_o_Pleosporales	Fungi
F54_Pyrenochaetopsis	F54_Pyrenochaetopsis	Fungi
F79_Ceratobasidium	F79_Ceratobasidium	Fungi
F17_o_Pleosporales	F17_o_Pleosporales	Fungi
F114_unidentified	F114_unidentified	Fungi
F218_unidentified	F218_unidentified	Fungi
F311_unidentified	F311_unidentified	Fungi
F26_unidentified	F26_unidentified	Fungi
F77_o_NA	F77_o_NA	Fungi
F296_unidentified	F296_unidentified	Fungi
F70_unidentified	F70_unidentified	Fungi
F489_unidentified	F489_unidentified	Fungi
F2_Nigrospora	F2_Nigrospora	Fungi
F42_unidentified	F42_unidentified	Fungi
F3_Moesziomyces	F3_Moesziomyces	Fungi
F12_o_Pleosporales	F12_o_Pleosporales	Fungi
F47_f_Phaeosphaeriaceae	F47_f_Phaeosphaeriaceae	Fungi
F27_Curvularia	F27_Curvularia	Fungi
F280_o_Polyporales	F280_o_Polyporales	Fungi
F74_f_Tilletiaceae	F74_f_Tilletiaceae	Fungi
F32_Tilletia	F32_Tilletia	Fungi
F120_Sporobolomyces	F120_Sporobolomyces	Fungi
F72_unidentified	F72_unidentified	Fungi
F195_Cistella	F195_Cistella	Fungi
F46_Microscypha	F46_Microscypha	Fungi
F25_Dimorphospora	F25_Dimorphospora	Fungi
F36_Moesziomyces	F36_Moesziomyces	Fungi
F92_unidentified	F92_unidentified	Fungi
F11_Sarocladium	F11_Sarocladium	Fungi
F310_unidentified	F310_unidentified	Fungi
F81_Cladosporium	F81_Cladosporium	Fungi
F24_o_Helotiales	F24_o_Helotiales	Fungi
F15_o_Helotiales	F15_o_Helotiales	Fungi
F55_f_Nectriaceae	F55_f_Nectriaceae	Fungi
F84_Tilletia	F84_Tilletia	Fungi
F178_Schizopora	F178_Schizopora	Fungi
F207_o_Tremellales	F207_o_Tremellales	Fungi
F5_Alternaria	F5_Alternaria	Fungi
F22_Setophoma	F22_Setophoma	Fungi
F63_Thanatephorus	F63_Thanatephorus	Fungi
F93_Gaeumannomyces	F93_Gaeumannomyces	Fungi
F9_Chaetomium	F9_Chaetomium	Fungi
B1068_f_Microbacteriaceae	B1068_f_Microbacteriaceae	Bacteria
B36_Stenotrophomonas	B36_Stenotrophomonas	Bacteria
B495_Mucilaginibacter	B495_Mucilaginibacter	Bacteria
B476_Chitinophaga	B476_Chitinophaga	Bacteria
B20_Pseudomonas	B20_Pseudomonas	Bacteria
B208_Singulisphaera	B208_Singulisphaera	Bacteria
B277_Sphingomonas	B277_Sphingomonas	Bacteria
B2785_Massilia	B2785_Massilia	Bacteria
B535_Burkholderia-Caballeronia-Paraburkholderia	B535_Burkholderia-Caballeronia-Paraburkholderia	Bacteria
B16_Sphingomonas	B16_Sphingomonas	Bacteria
B15_Sphingomonas	B15_Sphingomonas	Bacteria
B327_1174-901-12	B327_1174-901-12	Bacteria
B1784_Niastella	B1784_Niastella	Bacteria
B18_Herbaspirillum	B18_Herbaspirillum	Bacteria
B308_Filimonas	B308_Filimonas	Bacteria
B43_Sphingomonas	B43_Sphingomonas	Bacteria
B86_Sphingomonas	B86_Sphingomonas	Bacteria
B1_Pantoea	B1_Pantoea	Bacteria
B191_Pseudoxanthomonas	B191_Pseudoxanthomonas	Bacteria
B227_Allorhizobium-Neorhizobium-Pararhizobium-Rhizobium	B227_Allorhizobium-Neorhizobium-Pararhizobium-Rhizobium	Bacteria
B933_Pseudomonas	B933_Pseudomonas	Bacteria
B4165_f_Burkholderiaceae	B4165_f_Burkholderiaceae	Bacteria
B48_Luteibacter	B48_Luteibacter	Bacteria
B769_Pseudomonas	B769_Pseudomonas	Bacteria
B1388_Lawsonella	B1388_Lawsonella	Bacteria
B989_Staphylococcus	B989_Staphylococcus	Bacteria
B6928_Neisseria	B6928_Neisseria	Bacteria
F112_Paraphaeosphaeria	F112_Paraphaeosphaeria	Fungi
F681_Malassezia	F681_Malassezia	Fungi
F272_Penicillium	F272_Penicillium	Fungi
F191_f_Didymellaceae	F191_f_Didymellaceae	Fungi
F101_Curvularia	F101_Curvularia	Fungi
B9_Methylobacterium	B9_Methylobacterium	Bacteria
B1323_Comamonas	B1323_Comamonas	Bacteria
B1227_Escherichia-Shigella	B1227_Escherichia-Shigella	Bacteria
B814_Sediminibacterium	B814_Sediminibacterium	Bacteria
B918_Bacillus	B918_Bacillus	Bacteria
B928_Anaerobacillus	B928_Anaerobacillus	Bacteria
B430_Pseudonocardia	B430_Pseudonocardia	Bacteria
F338_unidentified	F338_unidentified	Fungi
B260_Pseudomonas	B260_Pseudomonas	Bacteria
B467_Lactococcus	B467_Lactococcus	Bacteria
B116_Geodermatophilus	B116_Geodermatophilus	Bacteria
B100_Chitinophaga	B100_Chitinophaga	Bacteria
B93_Pedobacter	B93_Pedobacter	Bacteria
B58_Rhodanobacter	B58_Rhodanobacter	Bacteria
B33_Kineococcus	B33_Kineococcus	Bacteria
B110_Roseateles	B110_Roseateles	Bacteria
B329_Paenibacillus	B329_Paenibacillus	Bacteria
B646_Leuconostoc	B646_Leuconostoc	Bacteria
B187_Clostridium sensu stricto 8	B187_Clostridium sensu stricto 8	Bacteria
F453_unidentified	F453_unidentified	Fungi
B10_Allorhizobium-Neorhizobium-Pararhizobium-Rhizobium	B10_Allorhizobium-Neorhizobium-Pararhizobium-Rhizobium	Bacteria
B209_Escherichia-Shigella	B209_Escherichia-Shigella	Bacteria
B14_Burkholderia-Caballeronia-Paraburkholderia	B14_Burkholderia-Caballeronia-Paraburkholderia	Bacteria
B7_Curtobacterium	B7_Curtobacterium	Bacteria
B95_Allorhizobium-Neorhizobium-Pararhizobium-Rhizobium	B95_Allorhizobium-Neorhizobium-Pararhizobium-Rhizobium	Bacteria
F581_f_Leptosphaeriaceae	F581_f_Leptosphaeriaceae	Fungi
F8_unidentified	F8_unidentified	Fungi
F137_Malassezia	F137_Malassezia	Fungi
F288_unidentified	F288_unidentified	Fungi
F117_Saitozyma	F117_Saitozyma	Fungi
F664_unidentified	F664_unidentified	Fungi
F174_unidentified	F174_unidentified	Fungi
F98_f_Didymellaceae	F98_f_Didymellaceae	Fungi
F100_Talaromyces	F100_Talaromyces	Fungi
B31_Quadrisphaera	B31_Quadrisphaera	Bacteria
F352_o_NA	F352_o_NA	Fungi
F297_Coniothyrium	F297_Coniothyrium	Fungi
F89_Aureobasidium	F89_Aureobasidium	Fungi
B6489_uncultured	B6489_uncultured	Bacteria
B52_Allorhizobium-Neorhizobium-Pararhizobium-Rhizobium	B52_Allorhizobium-Neorhizobium-Pararhizobium-Rhizobium	Bacteria
B5873_Corynebacterium 1	B5873_Corynebacterium 1	Bacteria
F301_o_NA	F301_o_NA	Fungi
B27_Mucilaginibacter	B27_Mucilaginibacter	Bacteria
F202_Pseudozyma	F202_Pseudozyma	Fungi
F6_Cladosporium	F6_Cladosporium	Fungi
B393_Azospira	B393_Azospira	Bacteria
B269_Pseudomonas	B269_Pseudomonas	Bacteria
B3301_Staphylococcus	B3301_Staphylococcus	Bacteria
B5476_Bacillus	B5476_Bacillus	Bacteria
B7806_Candidatus Alysiosphaera	B7806_Candidatus Alysiosphaera	Bacteria
B448_Lactococcus	B448_Lactococcus	Bacteria
B737_Pseudomonas	B737_Pseudomonas	Bacteria
B2175_Serratia	B2175_Serratia	Bacteria
B3279_Comamonas	B3279_Comamonas	Bacteria
B3193_Dysgonomonas	B3193_Dysgonomonas	Bacteria
B326_Bacillus	B326_Bacillus	Bacteria
B4116_Lactobacillus	B4116_Lactobacillus	Bacteria
B8_f_Rhizobiaceae	B8_f_Rhizobiaceae	Bacteria
F71_Papiliotrema	F71_Papiliotrema	Fungi
F131_unidentified	F131_unidentified	Fungi
F21_Acremonium	F21_Acremonium	Fungi
F133_Cyphellophora	F133_Cyphellophora	Fungi
F369_Penicillium	F369_Penicillium	Fungi
F16_Pyricularia	F16_Pyricularia	Fungi
F349_Biappendiculispora	F349_Biappendiculispora	Fungi
F233_Periconia	F233_Periconia	Fungi
F322_Penicillium	F322_Penicillium	Fungi
F308_Curvularia	F308_Curvularia	Fungi
F380_unidentified	F380_unidentified	Fungi
F45_f_Didymellaceae	F45_f_Didymellaceae	Fungi
F28_f_Hypocreales_fam_Incertae_sedis	F28_f_Hypocreales_fam_Incertae_sedis	Fungi
F262_Talaromyces	F262_Talaromyces	Fungi
F250_Pseudopithomyces	F250_Pseudopithomyces	Fungi
B904_Microbacterium	B904_Microbacterium	Bacteria
B503_Escherichia-Shigella	B503_Escherichia-Shigella	Bacteria
F29_f_Didymellaceae	F29_f_Didymellaceae	Fungi
B3003_uncultured	B3003_uncultured	Bacteria
B10535_Woeseia	B10535_Woeseia	Bacteria
B4260_o_NA	B4260_o_NA	Bacteria
B9471_Paracoccus	B9471_Paracoccus	Bacteria
F1766_o_Diaporthales	F1766_o_Diaporthales	Fungi
F745_Penicillium	F745_Penicillium	Fungi
B776_Lactococcus	B776_Lactococcus	Bacteria
B4719_Brevibacillus	B4719_Brevibacillus	Bacteria
F18_f_Phaeosphaeriaceae	F18_f_Phaeosphaeriaceae	Fungi
B5515_Massilia	B5515_Massilia	Bacteria
B6081_Bifidobacterium	B6081_Bifidobacterium	Bacteria
B877_Bacillus	B877_Bacillus	Bacteria
B2627_Pseudomonas	B2627_Pseudomonas	Bacteria
F105_Clonostachys	F105_Clonostachys	Fungi
F2272_Xylodon	F2272_Xylodon	Fungi
B968_Acidibacter	B968_Acidibacter	Bacteria
B28_Burkholderia-Caballeronia-Paraburkholderia	B28_Burkholderia-Caballeronia-Paraburkholderia	Bacteria
B1349_Mucilaginibacter	B1349_Mucilaginibacter	Bacteria
F631_unidentified	F631_unidentified	Fungi
F573_unidentified	F573_unidentified	Fungi
F428_unidentified	F428_unidentified	Fungi
F78_unidentified	F78_unidentified	Fungi
F41_Arnium	F41_Arnium	Fungi
F177_unidentified	F177_unidentified	Fungi
F260_Schizopora	F260_Schizopora	Fungi
F44_Zopfiella	F44_Zopfiella	Fungi
F69_o_Pleosporales	F69_o_Pleosporales	Fungi
B1319_Staphylococcus	B1319_Staphylococcus	Bacteria
B956_Corynebacterium 1	B956_Corynebacterium 1	Bacteria
F784_Resupinatus	F784_Resupinatus	Fungi
B2201_Staphylococcus	B2201_Staphylococcus	Bacteria
F116_Curvularia	F116_Curvularia	Fungi
B532_Siphonobacter	B532_Siphonobacter	Bacteria
F764_unidentified	F764_unidentified	Fungi
F190_Irpex	F190_Irpex	Fungi
F30_unidentified	F30_unidentified	Fungi
B1017_Clostridium sensu stricto 3	B1017_Clostridium sensu stricto 3	Bacteria
F124_Stachybotrys	F124_Stachybotrys	Fungi
F923_o_NA	F923_o_NA	Fungi
F546_o_NA	F546_o_NA	Fungi
F1480_unidentified	F1480_unidentified	Fungi
F1040_Microcera	F1040_Microcera	Fungi
F933_Phaeosphaeria	F933_Phaeosphaeria	Fungi
F1224_Perenniporia	F1224_Perenniporia	Fungi
F410_Schizophyllum	F410_Schizophyllum	Fungi
F448_Perenniporia	F448_Perenniporia	Fungi
F800_unidentified	F800_unidentified	Fungi
F634_unidentified	F634_unidentified	Fungi
F159_o_Helotiales	F159_o_Helotiales	Fungi
F491_unidentified	F491_unidentified	Fungi
F353_Diaporthe	F353_Diaporthe	Fungi
F869_Bulleribasidium	F869_Bulleribasidium	Fungi
F862_o_NA	F862_o_NA	Fungi
F4_o_Pleosporales	F4_o_Pleosporales	Fungi
F10_Guehomyces	F10_Guehomyces	Fungi
F65_Sarocladium	F65_Sarocladium	Fungi
F53_Pyrenochaetopsis	F53_Pyrenochaetopsis	Fungi
F1018_unidentified	F1018_unidentified	Fungi
F1336_Cylindrium	F1336_Cylindrium	Fungi
F147_o_Pleosporales	F147_o_Pleosporales	Fungi
F199_Aureobasidium	F199_Aureobasidium	Fungi
F494_Coprinellus	F494_Coprinellus	Fungi
F127_Papiliotrema	F127_Papiliotrema	Fungi
F907_Penicillium	F907_Penicillium	Fungi
F194_Hannaella	F194_Hannaella	Fungi
F715_Kondoa	F715_Kondoa	Fungi
F85_Fusarium	F85_Fusarium	Fungi
F1889_Neopestalotiopsis	F1889_Neopestalotiopsis	Fungi
B1229_Roseomonas	B1229_Roseomonas	Bacteria
B34_Bradyrhizobium	B34_Bradyrhizobium	Bacteria
B22_uncultured.Roseobacter.sp.	B22_uncultured.Roseobacter.sp.	Bacteria
B87_Mucilaginibacter	B87_Mucilaginibacter	Bacteria
B252_Spirosoma	B252_Spirosoma	Bacteria
B500_Pseudomonas	B500_Pseudomonas	Bacteria
B1620_Melittangium	B1620_Melittangium	Bacteria
B6731_Thiothrix	B6731_Thiothrix	Bacteria
B9180_f_Ruminococcaceae	B9180_f_Ruminococcaceae	Bacteria
B498_Terrimicrobium	B498_Terrimicrobium	Bacteria
B626_Pseudomonas	B626_Pseudomonas	Bacteria
B37_Allorhizobium.Neorhizobium.Pararhizobium.Rhizobium	B37_Allorhizobium.Neorhizobium.Pararhizobium.Rhizobium	Bacteria
B143_Bradyrhizobium	B143_Bradyrhizobium	Bacteria
B26_Bradyrhizobium	B26_Bradyrhizobium	Bacteria
B464_Pseudomonas	B464_Pseudomonas	Bacteria
B10_Allorhizobium.Neorhizobium.Pararhizobium.Rhizobium	B10_Allorhizobium.Neorhizobium.Pararhizobium.Rhizobium	Bacteria
B11_Xanthomonas	B11_Xanthomonas	Bacteria
B187_Clostridium.sensu.stricto.8	B187_Clostridium.sensu.stricto.8	Bacteria
B1761_Sphingobacterium	B1761_Sphingobacterium	Bacteria
B8147_Proteiniphilum	B8147_Proteiniphilum	Bacteria
B8442_Corynebacterium.1	B8442_Corynebacterium.1	Bacteria
B437_Escherichia.Shigella	B437_Escherichia.Shigella	Bacteria
B1556_Pseudomonas	B1556_Pseudomonas	Bacteria
B838_Pseudomonas	B838_Pseudomonas	Bacteria
B24_Bradyrhizobium	B24_Bradyrhizobium	Bacteria
B119_Acidibacter	B119_Acidibacter	Bacteria
B1738_uncultured.Termite.group.1.bacterium	B1738_uncultured.Termite.group.1.bacterium	Bacteria
B2282_Staphylococcus	B2282_Staphylococcus	Bacteria
B338_uncultured.bacterium	B338_uncultured.bacterium	Bacteria
B535_Burkholderia.Caballeronia.Paraburkholderia	B535_Burkholderia.Caballeronia.Paraburkholderia	Bacteria
B32_Bradyrhizobium	B32_Bradyrhizobium	Bacteria
B7806_Candidatus.Alysiosphaera	B7806_Candidatus.Alysiosphaera	Bacteria
B9268_Chryseobacterium	B9268_Chryseobacterium	Bacteria
B607_Dietzia	B607_Dietzia	Bacteria
B1904_Blastococcus	B1904_Blastococcus	Bacteria
B1227_Escherichia.Shigella	B1227_Escherichia.Shigella	Bacteria
B327_1174.901.12	B327_1174.901.12	Bacteria
B19_Xanthomonas	B19_Xanthomonas	Bacteria
B1643_uncultured.eubacterium.WD264	B1643_uncultured.eubacterium.WD264	Bacteria
B13_Aureimonas	B13_Aureimonas	Bacteria
B52_Allorhizobium.Neorhizobium.Pararhizobium.Rhizobium	B52_Allorhizobium.Neorhizobium.Pararhizobium.Rhizobium	Bacteria
B1017_Clostridium.sensu.stricto.3	B1017_Clostridium.sensu.stricto.3	Bacteria
B227_Allorhizobium.Neorhizobium.Pararhizobium.Rhizobium	B227_Allorhizobium.Neorhizobium.Pararhizobium.Rhizobium	Bacteria
B209_Escherichia.Shigella	B209_Escherichia.Shigella	Bacteria
B14_Burkholderia.Caballeronia.Paraburkholderia	B14_Burkholderia.Caballeronia.Paraburkholderia	Bacteria
B725_Lactococcus	B725_Lactococcus	Bacteria
B95_Allorhizobium.Neorhizobium.Pararhizobium.Rhizobium	B95_Allorhizobium.Neorhizobium.Pararhizobium.Rhizobium	Bacteria
B5873_Corynebacterium.1	B5873_Corynebacterium.1	Bacteria
F1514_o_Capnodiales	F1514_o_Capnodiales	Fungi
F343_unidentified	F343_unidentified	Fungi
F397_unidentified	F397_unidentified	Fungi
F325_unidentified	F325_unidentified	Fungi
F446_unidentified	F446_unidentified	Fungi
F406_unidentified	F406_unidentified	Fungi
F1070_o_NA	F1070_o_NA	Fungi
F329_o_NA	F329_o_NA	Fungi
F318_Saccharomyces	F318_Saccharomyces	Fungi
F653_Penicillium	F653_Penicillium	Fungi
F561_Vishniacozyma	F561_Vishniacozyma	Fungi
F1138_Malassezia	F1138_Malassezia	Fungi
F51_Papiliotrema	F51_Papiliotrema	Fungi
F1087_Ophioceras	F1087_Ophioceras	Fungi
