id	label	Bacteria
B1515_o_NA	B1515_o_NA	Bacteria
B270_Oryzihumus	B270_Oryzihumus	Bacteria
B102_f_Xanthobacteraceae	B102_f_Xanthobacteraceae	Bacteria
F186_unidentified	F186_unidentified	Fungi
F39_unidentified	F39_unidentified	Fungi
F108_unidentified	F108_unidentified	Fungi
B1022_Candidatus Cardinium	B1022_Candidatus Cardinium	Bacteria
B669_o_Vampirovibrionales	B669_o_Vampirovibrionales	Bacteria
B558_uncultured	B558_uncultured	Bacteria
B2114_f_Lachnospiraceae	B2114_f_Lachnospiraceae	Bacteria
B964_Syntrophobacter	B964_Syntrophobacter	Bacteria
B1803_Hyphomicrobium	B1803_Hyphomicrobium	Bacteria
B2004_Clostridium sensu stricto 8	B2004_Clostridium sensu stricto 8	Bacteria
B56_Allorhizobium-Neorhizobium-Pararhizobium-Rhizobium	B56_Allorhizobium-Neorhizobium-Pararhizobium-Rhizobium	Bacteria
B1293_Fonticella	B1293_Fonticella	Bacteria
B179_Mucilaginibacter	B179_Mucilaginibacter	Bacteria
F140_unidentified	F140_unidentified	Fungi
F423_Zopfiella	F423_Zopfiella	Fungi
B490_f_Holophagaceae	B490_f_Holophagaceae	Bacteria
B242_Anaeromyxobacter	B242_Anaeromyxobacter	Bacteria
B74_f_Rhodocyclaceae	B74_f_Rhodocyclaceae	Bacteria
B1927_Candidatus Koribacter	B1927_Candidatus Koribacter	Bacteria
B658_Telmatospirillum	B658_Telmatospirillum	Bacteria
B3775_Ruminiclostridium 1	B3775_Ruminiclostridium 1	Bacteria
B642_uncultured	B642_uncultured	Bacteria
B818_uncultured	B818_uncultured	Bacteria
B3070_Desulfovibrio	B3070_Desulfovibrio	Bacteria
B1753_f_Rhodocyclaceae	B1753_f_Rhodocyclaceae	Bacteria
B3428_Desulfomonile	B3428_Desulfomonile	Bacteria
B188_Anaerosinus	B188_Anaerosinus	Bacteria
B654_uncultured	B654_uncultured	Bacteria
B280_f_Acidobacteriaceae (Subgroup 1)	B280_f_Acidobacteriaceae (Subgroup 1)	Bacteria
B1557_Aureimonas	B1557_Aureimonas	Bacteria
B1766_Pseudogulbenkiania	B1766_Pseudogulbenkiania	Bacteria
B1115_Clostridium sensu stricto 12	B1115_Clostridium sensu stricto 12	Bacteria
B2245_Sporomusa	B2245_Sporomusa	Bacteria
F52_Psilocybe	F52_Psilocybe	Fungi
B748_f_Rhodocyclaceae	B748_f_Rhodocyclaceae	Bacteria
B462_uncultured Chloroflexi bacterium	B462_uncultured Chloroflexi bacterium	Bacteria
B160_Anaerolinea	B160_Anaerolinea	Bacteria
B303_Methylotenera	B303_Methylotenera	Bacteria
B235_Cellulomonas	B235_Cellulomonas	Bacteria
B681_f_Lachnospiraceae	B681_f_Lachnospiraceae	Bacteria
B1959_Fonticella	B1959_Fonticella	Bacteria
B2240_Brevundimonas	B2240_Brevundimonas	Bacteria
B3383_Tumebacillus	B3383_Tumebacillus	Bacteria
B2355_f_Gracilibacteraceae	B2355_f_Gracilibacteraceae	Bacteria
B716_f_Rhodanobacteraceae	B716_f_Rhodanobacteraceae	Bacteria
F81_Cladosporium	F81_Cladosporium	Fungi
B1047_uncultured	B1047_uncultured	Bacteria
B1001_Dongia	B1001_Dongia	Bacteria
B1230_Sphingomonas	B1230_Sphingomonas	Bacteria
B1135_Massilia	B1135_Massilia	Bacteria
F19_unidentified	F19_unidentified	Fungi
F311_unidentified	F311_unidentified	Fungi
F97_o_Sordariales	F97_o_Sordariales	Fungi
B86_Sphingomonas	B86_Sphingomonas	Bacteria
F13_Zopfiella	F13_Zopfiella	Fungi
B356_Ruminiclostridium 1	B356_Ruminiclostridium 1	Bacteria
B24_Bradyrhizobium	B24_Bradyrhizobium	Bacteria
B7355_Asticcacaulis	B7355_Asticcacaulis	Bacteria
B101_Filimonas	B101_Filimonas	Bacteria
F131_unidentified	F131_unidentified	Fungi
B1899_uncultured	B1899_uncultured	Bacteria
B22_uncultured Roseobacter sp.	B22_uncultured Roseobacter sp.	Bacteria
B410_bacterium enrichment culture clone auto67_4W	B410_bacterium enrichment culture clone auto67_4W	Bacteria
B46_f_Rhodocyclaceae	B46_f_Rhodocyclaceae	Bacteria
F7_unidentified	F7_unidentified	Fungi
F397_unidentified	F397_unidentified	Fungi
F286_unidentified	F286_unidentified	Fungi
F143_unidentified	F143_unidentified	Fungi
F447_unidentified	F447_unidentified	Fungi
F558_unidentified	F558_unidentified	Fungi
B4045_Bacillus	B4045_Bacillus	Bacteria
B34_Bradyrhizobium	B34_Bradyrhizobium	Bacteria
B44_f_Xanthobacteraceae	B44_f_Xanthobacteraceae	Bacteria
B284_Pseudolabrys	B284_Pseudolabrys	Bacteria
B256_uncultured Gemmatimonadetes bacterium	B256_uncultured Gemmatimonadetes bacterium	Bacteria
B26_Bradyrhizobium	B26_Bradyrhizobium	Bacteria
B187_Clostridium sensu stricto 8	B187_Clostridium sensu stricto 8	Bacteria
B2969_f_Lachnospiraceae	B2969_f_Lachnospiraceae	Bacteria
B659_f_Burkholderiaceae	B659_f_Burkholderiaceae	Bacteria
F1109_unidentified	F1109_unidentified	Fungi
F26_unidentified	F26_unidentified	Fungi
F2_Nigrospora	F2_Nigrospora	Fungi
F621_Nigrospora	F621_Nigrospora	Fungi
B246_Spirochaeta 2	B246_Spirochaeta 2	Bacteria
B954_f_Ruminococcaceae	B954_f_Ruminococcaceae	Bacteria
B392_Allorhizobium-Neorhizobium-Pararhizobium-Rhizobium	B392_Allorhizobium-Neorhizobium-Pararhizobium-Rhizobium	Bacteria
B243_Ciceribacter	B243_Ciceribacter	Bacteria
B43_Sphingomonas	B43_Sphingomonas	Bacteria
B106_Pseudolabrys	B106_Pseudolabrys	Bacteria
B1318_Pseudomonas	B1318_Pseudomonas	Bacteria
F59_Podospora	F59_Podospora	Fungi
F70_unidentified	F70_unidentified	Fungi
F135_o_Pleosporales	F135_o_Pleosporales	Fungi
F12_o_Pleosporales	F12_o_Pleosporales	Fungi
F53_Pyrenochaetopsis	F53_Pyrenochaetopsis	Fungi
F98_f_Didymellaceae	F98_f_Didymellaceae	Fungi
F6_Cladosporium	F6_Cladosporium	Fungi
F5_Alternaria	F5_Alternaria	Fungi
B1244_f_Enterobacteriaceae	B1244_f_Enterobacteriaceae	Bacteria
B125_Niveispirillum	B125_Niveispirillum	Bacteria
F631_unidentified	F631_unidentified	Fungi
B1744_Candidatus Solibacter	B1744_Candidatus Solibacter	Bacteria
B1681_uncultured	B1681_uncultured	Bacteria
B600_Kineosporia	B600_Kineosporia	Bacteria
B442_uncultured	B442_uncultured	Bacteria
B67_uncultured	B67_uncultured	Bacteria
B145_uncultured Chloroflexi bacterium	B145_uncultured Chloroflexi bacterium	Bacteria
B3503_Nannocystis	B3503_Nannocystis	Bacteria
B3114_f_Fimbriimonadaceae	B3114_f_Fimbriimonadaceae	Bacteria
B817_Chryseobacterium	B817_Chryseobacterium	Bacteria
B798_Devosia	B798_Devosia	Bacteria
B611_metagenome	B611_metagenome	Bacteria
B533_Cellulomonas	B533_Cellulomonas	Bacteria
F63_Thanatephorus	F63_Thanatephorus	Fungi
B1961_Ruminiclostridium 1	B1961_Ruminiclostridium 1	Bacteria
F106_unidentified	F106_unidentified	Fungi
B5088_uncultured microorganism	B5088_uncultured microorganism	Bacteria
B806_uncultured	B806_uncultured	Bacteria
B733_Azospirillum	B733_Azospirillum	Bacteria
B992_Sphingomonas	B992_Sphingomonas	Bacteria
B756_Dongia	B756_Dongia	Bacteria
B465_Clostridium sensu stricto 1	B465_Clostridium sensu stricto 1	Bacteria
F554_unidentified	F554_unidentified	Fungi
F611_unidentified	F611_unidentified	Fungi
B562_Syntrophorhabdus	B562_Syntrophorhabdus	Bacteria
B741_Devosia	B741_Devosia	Bacteria
B559_Spirochaeta 2	B559_Spirochaeta 2	Bacteria
B719_uncultured	B719_uncultured	Bacteria
B257_f_uncultured	B257_f_uncultured	Bacteria
B121_Caulobacter	B121_Caulobacter	Bacteria
B203_Chitinophaga	B203_Chitinophaga	Bacteria
B57_Streptomyces	B57_Streptomyces	Bacteria
F14_o_Pleosporales	F14_o_Pleosporales	Fungi
F15_o_Helotiales	F15_o_Helotiales	Fungi
B1664_Hydrogenispora	B1664_Hydrogenispora	Bacteria
B676_Propionivibrio	B676_Propionivibrio	Bacteria
F67_unidentified	F67_unidentified	Fungi
B438_Geobacter	B438_Geobacter	Bacteria
B375_Sphingomonas	B375_Sphingomonas	Bacteria
B895_Methylomonas	B895_Methylomonas	Bacteria
B1769_Verrucomicrobium	B1769_Verrucomicrobium	Bacteria
B128_Thiobacillus	B128_Thiobacillus	Bacteria
F122_Apodus	F122_Apodus	Fungi
B176_uncultured bacterium	B176_uncultured bacterium	Bacteria
F446_unidentified	F446_unidentified	Fungi
B2418_Rhizobacter	B2418_Rhizobacter	Bacteria
B750_Tolumonas	B750_Tolumonas	Bacteria
B413_f_Micrococcaceae	B413_f_Micrococcaceae	Bacteria
F788_unidentified	F788_unidentified	Fungi
B1317_Desulfovirga	B1317_Desulfovirga	Bacteria
B865_Rhodanobacter	B865_Rhodanobacter	Bacteria
B2642_Phenylobacterium	B2642_Phenylobacterium	Bacteria
B3040_Pseudolabrys	B3040_Pseudolabrys	Bacteria
B2895_f_Desulfobulbaceae	B2895_f_Desulfobulbaceae	Bacteria
B2082_Clostridium sensu stricto 12	B2082_Clostridium sensu stricto 12	Bacteria
B652_Clostridium sensu stricto 5	B652_Clostridium sensu stricto 5	Bacteria
B1653_o_Chthoniobacterales	B1653_o_Chthoniobacterales	Bacteria
B1445_uncultured	B1445_uncultured	Bacteria
B2119_Clostridium sensu stricto 12	B2119_Clostridium sensu stricto 12	Bacteria
B231_Geobacter	B231_Geobacter	Bacteria
B712_f_Intrasporangiaceae	B712_f_Intrasporangiaceae	Bacteria
B398_Rhodococcus	B398_Rhodococcus	Bacteria
B1330_Bradyrhizobium	B1330_Bradyrhizobium	Bacteria
F96_unidentified	F96_unidentified	Fungi
B4204_uncultured	B4204_uncultured	Bacteria
B3422_Brevundimonas	B3422_Brevundimonas	Bacteria
B4010_f_Chitinophagaceae	B4010_f_Chitinophagaceae	Bacteria
B290_Novosphingobium	B290_Novosphingobium	Bacteria
B1465_Chthoniobacter	B1465_Chthoniobacter	Bacteria
B107_o_NA	B107_o_NA	Bacteria
B155_Flavisolibacter	B155_Flavisolibacter	Bacteria
B2576_Allorhizobium-Neorhizobium-Pararhizobium-Rhizobium	B2576_Allorhizobium-Neorhizobium-Pararhizobium-Rhizobium	Bacteria
B264_f_Burkholderiaceae	B264_f_Burkholderiaceae	Bacteria
F604_Chalara	F604_Chalara	Fungi
B64_Rhizomicrobium	B64_Rhizomicrobium	Bacteria
B313_Clostridium sensu stricto 8	B313_Clostridium sensu stricto 8	Bacteria
B90_Variovorax	B90_Variovorax	Bacteria
B1016_Hydrogenispora	B1016_Hydrogenispora	Bacteria
B480_Pseudomonas	B480_Pseudomonas	Bacteria
B141_Ciceribacter	B141_Ciceribacter	Bacteria
B83_Bradyrhizobium	B83_Bradyrhizobium	Bacteria
F595_unidentified	F595_unidentified	Fungi
F9_Chaetomium	F9_Chaetomium	Fungi
B664_Reyranella	B664_Reyranella	Bacteria
B6014_Mucilaginibacter	B6014_Mucilaginibacter	Bacteria
B1124_Ruminiclostridium 1	B1124_Ruminiclostridium 1	Bacteria
B963_metagenome	B963_metagenome	Bacteria
B1938_Allorhizobium-Neorhizobium-Pararhizobium-Rhizobium	B1938_Allorhizobium-Neorhizobium-Pararhizobium-Rhizobium	Bacteria
B788_f_Clostridiaceae 1	B788_f_Clostridiaceae 1	Bacteria
B3788_Anaerobacterium	B3788_Anaerobacterium	Bacteria
F296_unidentified	F296_unidentified	Fungi
B1324_Gaiella	B1324_Gaiella	Bacteria
B40_Caulobacter	B40_Caulobacter	Bacteria
F61_o_Pleosporales	F61_o_Pleosporales	Fungi
F152_unidentified	F152_unidentified	Fungi
F54_Pyrenochaetopsis	F54_Pyrenochaetopsis	Fungi
F8_unidentified	F8_unidentified	Fungi
F338_unidentified	F338_unidentified	Fungi
F41_Arnium	F41_Arnium	Fungi
F258_Nigrospora	F258_Nigrospora	Fungi
F233_Periconia	F233_Periconia	Fungi
F4_o_Pleosporales	F4_o_Pleosporales	Fungi
F376_Gibellulopsis	F376_Gibellulopsis	Fungi
F145_Mrakiella	F145_Mrakiella	Fungi
F29_f_Didymellaceae	F29_f_Didymellaceae	Fungi
F1231_Acremonium	F1231_Acremonium	Fungi
F85_Fusarium	F85_Fusarium	Fungi
B3181_Desulfosporosinus	B3181_Desulfosporosinus	Bacteria
B382_Desulfovirga	B382_Desulfovirga	Bacteria
B144_Bradyrhizobium	B144_Bradyrhizobium	Bacteria
B192_Candidatus Koribacter	B192_Candidatus Koribacter	Bacteria
B371_Dongia	B371_Dongia	Bacteria
B761_Bryobacter	B761_Bryobacter	Bacteria
B575_Actinomadura	B575_Actinomadura	Bacteria
B405_Pelosinus	B405_Pelosinus	Bacteria
B452_o_NA	B452_o_NA	Bacteria
B32_Bradyrhizobium	B32_Bradyrhizobium	Bacteria
B288_Methylocystis	B288_Methylocystis	Bacteria
F1245_unidentified	F1245_unidentified	Fungi
B1201_Mycobacterium	B1201_Mycobacterium	Bacteria
B3981_Duganella	B3981_Duganella	Bacteria
B2041_Ferrovibrio	B2041_Ferrovibrio	Bacteria
B1241_f_Micromonosporaceae	B1241_f_Micromonosporaceae	Bacteria
B2417_f_Ruminococcaceae	B2417_f_Ruminococcaceae	Bacteria
B3157_uncultured bacterium	B3157_uncultured bacterium	Bacteria
B2128_f_Xanthobacteraceae	B2128_f_Xanthobacteraceae	Bacteria
B335_f_Kineosporiaceae	B335_f_Kineosporiaceae	Bacteria
F483_unidentified	F483_unidentified	Fungi
F48_unidentified	F48_unidentified	Fungi
F42_unidentified	F42_unidentified	Fungi
F276_Cercospora	F276_Cercospora	Fungi
B856_Clostridium sensu stricto 12	B856_Clostridium sensu stricto 12	Bacteria
B358_uncultured	B358_uncultured	Bacteria
B2946_uncultured	B2946_uncultured	Bacteria
B6_Sphingomonas	B6_Sphingomonas	Bacteria
B2842_uncultured bacterium	B2842_uncultured bacterium	Bacteria
B321_f_Micromonosporaceae	B321_f_Micromonosporaceae	Bacteria
B1916_uncultured	B1916_uncultured	Bacteria
B846_Dongia	B846_Dongia	Bacteria
F491_unidentified	F491_unidentified	Fungi
F331_o_Helotiales	F331_o_Helotiales	Fungi
B439_Novosphingobium	B439_Novosphingobium	Bacteria
B143_Bradyrhizobium	B143_Bradyrhizobium	Bacteria
B3742_Singulisphaera	B3742_Singulisphaera	Bacteria
F885_unidentified	F885_unidentified	Fungi
B660_o_NA	B660_o_NA	Bacteria
B999_Ruminiclostridium 1	B999_Ruminiclostridium 1	Bacteria
B757_Mycobacterium	B757_Mycobacterium	Bacteria
F1494_unidentified	F1494_unidentified	Fungi
F325_unidentified	F325_unidentified	Fungi
F1517_unidentified	F1517_unidentified	Fungi
B63_Methylocystis	B63_Methylocystis	Bacteria
B347_f_Enterobacteriaceae	B347_f_Enterobacteriaceae	Bacteria
B165_Treponema	B165_Treponema	Bacteria
B312_Sphingobium	B312_Sphingobium	Bacteria
B245_f_Xanthobacteraceae	B245_f_Xanthobacteraceae	Bacteria
F403_unidentified	F403_unidentified	Fungi
F25_Dimorphospora	F25_Dimorphospora	Fungi
B993_uncultured	B993_uncultured	Bacteria
B1153_Syntrophobacter	B1153_Syntrophobacter	Bacteria
B564_Candidatus Solibacter	B564_Candidatus Solibacter	Bacteria
B3433_f_Rhizobiaceae	B3433_f_Rhizobiaceae	Bacteria
B216_uncultured	B216_uncultured	Bacteria
B73_f_Blastocatellaceae	B73_f_Blastocatellaceae	Bacteria
B4422_Gemmata	B4422_Gemmata	Bacteria
B2517_uncultured Acidobacterium sp.	B2517_uncultured Acidobacterium sp.	Bacteria
B567_Mycobacterium	B567_Mycobacterium	Bacteria
B2963_uncultured bacterium	B2963_uncultured bacterium	Bacteria
B940_Pseudomonas	B940_Pseudomonas	Bacteria
B307_Bacillus	B307_Bacillus	Bacteria
B302_Acinetobacter	B302_Acinetobacter	Bacteria
F46_Microscypha	F46_Microscypha	Fungi
B3012_Geobacter	B3012_Geobacter	Bacteria
B692_Pseudomonas	B692_Pseudomonas	Bacteria
B72_Allorhizobium-Neorhizobium-Pararhizobium-Rhizobium	B72_Allorhizobium-Neorhizobium-Pararhizobium-Rhizobium	Bacteria
B2394_Pandoraea	B2394_Pandoraea	Bacteria
F44_Zopfiella	F44_Zopfiella	Fungi
B99_f_Burkholderiaceae	B99_f_Burkholderiaceae	Bacteria
F459_unidentified	F459_unidentified	Fungi
B239_Sporomusa	B239_Sporomusa	Bacteria
F453_unidentified	F453_unidentified	Fungi
B423_Paludibaculum	B423_Paludibaculum	Bacteria
B1177_f_Burkholderiaceae	B1177_f_Burkholderiaceae	Bacteria
B226_Burkholderia-Caballeronia-Paraburkholderia	B226_Burkholderia-Caballeronia-Paraburkholderia	Bacteria
B2774_uncultured	B2774_uncultured	Bacteria
F218_unidentified	F218_unidentified	Fungi
B860_Opitutus	B860_Opitutus	Bacteria
B3400_uncultured bacterium	B3400_uncultured bacterium	Bacteria
B157_uncultured	B157_uncultured	Bacteria
B1851_Pleomorphomonas	B1851_Pleomorphomonas	Bacteria
B1429_Geobacter	B1429_Geobacter	Bacteria
B62_Clostridium sensu stricto 1	B62_Clostridium sensu stricto 1	Bacteria
F37_unidentified	F37_unidentified	Fungi
B879_uncultured Chlorobiales bacterium	B879_uncultured Chlorobiales bacterium	Bacteria
F816_unidentified	F816_unidentified	Fungi
B275_f_Enterobacteriaceae	B275_f_Enterobacteriaceae	Bacteria
B718_uncultured bacterium	B718_uncultured bacterium	Bacteria
B320_f_Burkholderiaceae	B320_f_Burkholderiaceae	Bacteria
B119_Acidibacter	B119_Acidibacter	Bacteria
B4308_Cellulomonas	B4308_Cellulomonas	Bacteria
B110_Roseateles	B110_Roseateles	Bacteria
F647_unidentified	F647_unidentified	Fungi
F343_unidentified	F343_unidentified	Fungi
F573_unidentified	F573_unidentified	Fungi
F481_unidentified	F481_unidentified	Fungi
F746_unidentified	F746_unidentified	Fungi
F266_unidentified	F266_unidentified	Fungi
B946_uncultured Chlorobiales bacterium	B946_uncultured Chlorobiales bacterium	Bacteria
B859_Sphingomonas	B859_Sphingomonas	Bacteria
B1440_Dactylosporangium	B1440_Dactylosporangium	Bacteria
B85_Mycobacterium	B85_Mycobacterium	Bacteria
B762_Geobacter	B762_Geobacter	Bacteria
B213_Desulfovibrio	B213_Desulfovibrio	Bacteria
B351_f_Burkholderiaceae	B351_f_Burkholderiaceae	Bacteria
B466_Allorhizobium-Neorhizobium-Pararhizobium-Rhizobium	B466_Allorhizobium-Neorhizobium-Pararhizobium-Rhizobium	Bacteria
B1062_f_Burkholderiaceae	B1062_f_Burkholderiaceae	Bacteria
B1103_Sphingobium	B1103_Sphingobium	Bacteria
B951_Allorhizobium-Neorhizobium-Pararhizobium-Rhizobium	B951_Allorhizobium-Neorhizobium-Pararhizobium-Rhizobium	Bacteria
B556_Burkholderia-Caballeronia-Paraburkholderia	B556_Burkholderia-Caballeronia-Paraburkholderia	Bacteria
B66_GOUTA6	B66_GOUTA6	Bacteria
B1295_Bacillus	B1295_Bacillus	Bacteria
B2289_Methylotenera	B2289_Methylotenera	Bacteria
B772_Desulfovibrio	B772_Desulfovibrio	Bacteria
B749_Azospirillum	B749_Azospirillum	Bacteria
B337_uncultured	B337_uncultured	Bacteria
B673_Acidovorax	B673_Acidovorax	Bacteria
B416_Pseudomonas	B416_Pseudomonas	Bacteria
B1647_Chryseobacterium	B1647_Chryseobacterium	Bacteria
B285_uncultured	B285_uncultured	Bacteria
B84_Azospirillum	B84_Azospirillum	Bacteria
B174_f_Bacteroidetes vadinHA17	B174_f_Bacteroidetes vadinHA17	Bacteria
B492_metagenome	B492_metagenome	Bacteria
B359_f_Xanthobacteraceae	B359_f_Xanthobacteraceae	Bacteria
B363_uncultured	B363_uncultured	Bacteria
B1387_f_Anaerolineaceae	B1387_f_Anaerolineaceae	Bacteria
B560_Sideroxydans	B560_Sideroxydans	Bacteria
B2007_AKIW659	B2007_AKIW659	Bacteria
B2666_f_Burkholderiaceae	B2666_f_Burkholderiaceae	Bacteria
B800_f_Rhodocyclaceae	B800_f_Rhodocyclaceae	Bacteria
F599_unidentified	F599_unidentified	Fungi
B1209_f_Ruminococcaceae	B1209_f_Ruminococcaceae	Bacteria
B2110_unidentified eubacterium clone BSV40	B2110_unidentified eubacterium clone BSV40	Bacteria
B1692_Dyella	B1692_Dyella	Bacteria
B730_Syntrophobacter	B730_Syntrophobacter	Bacteria
B608_f_Xanthobacteraceae	B608_f_Xanthobacteraceae	Bacteria
B1205_Ancalomicrobium	B1205_Ancalomicrobium	Bacteria
B244_f_Xanthobacteraceae	B244_f_Xanthobacteraceae	Bacteria
B221_f_Xanthobacteraceae	B221_f_Xanthobacteraceae	Bacteria
F1034_unidentified	F1034_unidentified	Fungi
B4344_Smithella	B4344_Smithella	Bacteria
B333_metagenome	B333_metagenome	Bacteria
B2135_f_Methylococcaceae	B2135_f_Methylococcaceae	Bacteria
B1053_Streptomyces	B1053_Streptomyces	Bacteria
B1884_Novosphingobium	B1884_Novosphingobium	Bacteria
B373_Niastella	B373_Niastella	Bacteria
B217_Burkholderia-Caballeronia-Paraburkholderia	B217_Burkholderia-Caballeronia-Paraburkholderia	Bacteria
B166_Sphingobium	B166_Sphingobium	Bacteria
B1277_Pseudomonas	B1277_Pseudomonas	Bacteria
B298_Burkholderia-Caballeronia-Paraburkholderia	B298_Burkholderia-Caballeronia-Paraburkholderia	Bacteria
F245_o_NA	F245_o_NA	Fungi
F57_Trichoderma	F57_Trichoderma	Fungi
F17_o_Pleosporales	F17_o_Pleosporales	Fungi
B2748_Sphingobacterium	B2748_Sphingobacterium	Bacteria
B54_uncultured	B54_uncultured	Bacteria
B751_Arenimonas	B751_Arenimonas	Bacteria
B699_Asticcacaulis	B699_Asticcacaulis	Bacteria
B59_Terrabacter	B59_Terrabacter	Bacteria
B1141_Niastella	B1141_Niastella	Bacteria
B1834_f_Ruminococcaceae	B1834_f_Ruminococcaceae	Bacteria
B261_uncultured	B261_uncultured	Bacteria
B1104_Clostridium sensu stricto 13	B1104_Clostridium sensu stricto 13	Bacteria
B1506_Bacillus	B1506_Bacillus	Bacteria
B627_Candidatus Solibacter	B627_Candidatus Solibacter	Bacteria
B976_Clostridium sensu stricto 1	B976_Clostridium sensu stricto 1	Bacteria
B3415_Desulfosporosinus	B3415_Desulfosporosinus	Bacteria
B5440_Mycobacterium	B5440_Mycobacterium	Bacteria
B2669_Bacillus	B2669_Bacillus	Bacteria
B1073_Cryobacterium	B1073_Cryobacterium	Bacteria
F24_o_Helotiales	F24_o_Helotiales	Fungi
F123_Thanatephorus	F123_Thanatephorus	Fungi
B50_Thiobacillus	B50_Thiobacillus	Bacteria
B1595_Dyella	B1595_Dyella	Bacteria
B233_Geothrix	B233_Geothrix	Bacteria
F898_unidentified	F898_unidentified	Fungi
B1365_Devosia	B1365_Devosia	Bacteria
B4626_f_env.OPS 17	B4626_f_env.OPS 17	Bacteria
B1955_f_Veillonellaceae	B1955_f_Veillonellaceae	Bacteria
B4358_uncultured Acidobacteriales bacterium	B4358_uncultured Acidobacteriales bacterium	Bacteria
B787_Lacunisphaera	B787_Lacunisphaera	Bacteria
B401_Sh765B-TzT-35	B401_Sh765B-TzT-35	Bacteria
B988_metagenome	B988_metagenome	Bacteria
B2188_o_Gastranaerophilales	B2188_o_Gastranaerophilales	Bacteria
B105_Anaeromyxobacter	B105_Anaeromyxobacter	Bacteria
B311_Anaeromyxobacter	B311_Anaeromyxobacter	Bacteria
B1111_uncultured	B1111_uncultured	Bacteria
B8_f_Rhizobiaceae	B8_f_Rhizobiaceae	Bacteria
B3213_Ruminiclostridium 1	B3213_Ruminiclostridium 1	Bacteria
B629_WCHB1-32	B629_WCHB1-32	Bacteria
B318_Caulobacter	B318_Caulobacter	Bacteria
F416_unidentified	F416_unidentified	Fungi
F428_unidentified	F428_unidentified	Fungi
F489_unidentified	F489_unidentified	Fungi
F943_unidentified	F943_unidentified	Fungi
F1587_unidentified	F1587_unidentified	Fungi
B1582_Pedobacter	B1582_Pedobacter	Bacteria
B268_uncultured	B268_uncultured	Bacteria
B536_Azorhizobium	B536_Azorhizobium	Bacteria
B630_Desulfobulbus	B630_Desulfobulbus	Bacteria
B1333_Opitutus	B1333_Opitutus	Bacteria
B306_f_Enterobacteriaceae	B306_f_Enterobacteriaceae	Bacteria
B754_f_Xanthobacteraceae	B754_f_Xanthobacteraceae	Bacteria
F2355_unidentified	F2355_unidentified	Fungi
B48_Luteibacter	B48_Luteibacter	Bacteria
B142_Ellin6067	B142_Ellin6067	Bacteria
B2432_f_Ruminococcaceae	B2432_f_Ruminococcaceae	Bacteria
B385_o_Gastranaerophilales	B385_o_Gastranaerophilales	Bacteria
F18_f_Phaeosphaeriaceae	F18_f_Phaeosphaeriaceae	Fungi
F191_f_Didymellaceae	F191_f_Didymellaceae	Fungi
F394_unidentified	F394_unidentified	Fungi
B428_f_Enterobacteriaceae	B428_f_Enterobacteriaceae	Bacteria
F10_Guehomyces	F10_Guehomyces	Fungi
F79_Ceratobasidium	F79_Ceratobasidium	Fungi
F16_Pyricularia	F16_Pyricularia	Fungi
F406_unidentified	F406_unidentified	Fungi
B370_Anaerolinea	B370_Anaerolinea	Bacteria
B482_Hydrogenispora	B482_Hydrogenispora	Bacteria
F1027_unidentified	F1027_unidentified	Fungi
B777_Occallatibacter	B777_Occallatibacter	Bacteria
B451_uncultured soil bacterium	B451_uncultured soil bacterium	Bacteria
B1006_Prosthecobacter	B1006_Prosthecobacter	Bacteria
B1198_f_Streptomycetaceae	B1198_f_Streptomycetaceae	Bacteria
F256_Chalara	F256_Chalara	Fungi
B1094_Candidatus Solibacter	B1094_Candidatus Solibacter	Bacteria
B5850_uncultured	B5850_uncultured	Bacteria
B212_Acidovorax	B212_Acidovorax	Bacteria
B154_f_Micrococcaceae	B154_f_Micrococcaceae	Bacteria
B1596_Bacillus	B1596_Bacillus	Bacteria
B3535_Fonticella	B3535_Fonticella	Bacteria
B2328_Asticcacaulis	B2328_Asticcacaulis	Bacteria
B599_Paludibaculum	B599_Paludibaculum	Bacteria
B545_Terracidiphilus	B545_Terracidiphilus	Bacteria
F2003_unidentified	F2003_unidentified	Fungi
F1023_o_Hypocreales	F1023_o_Hypocreales	Fungi
F56_Arnium	F56_Arnium	Fungi
B409_Hyphomicrobium	B409_Hyphomicrobium	Bacteria
F77_o_NA	F77_o_NA	Fungi
F2106_unidentified	F2106_unidentified	Fungi
B254_Pseudomonas	B254_Pseudomonas	Bacteria
B814_Sediminibacterium	B814_Sediminibacterium	Bacteria
F713_unidentified	F713_unidentified	Fungi
F853_unidentified	F853_unidentified	Fungi
F738_unidentified	F738_unidentified	Fungi
B25_uncultured prokaryote	B25_uncultured prokaryote	Bacteria
B294_Geothrix	B294_Geothrix	Bacteria
F107_o_Helotiales	F107_o_Helotiales	Fungi
B472_Haliangium	B472_Haliangium	Bacteria
B1523_f_Rhizobiaceae	B1523_f_Rhizobiaceae	Bacteria
B843_f_SB-5	B843_f_SB-5	Bacteria
F782_unidentified	F782_unidentified	Fungi
B1067_Uliginosibacterium	B1067_Uliginosibacterium	Bacteria
F45_f_Didymellaceae	F45_f_Didymellaceae	Fungi
B1015_uncultured	B1015_uncultured	Bacteria
F751_unidentified	F751_unidentified	Fungi
F189_Westerdykella	F189_Westerdykella	Fungi
F1761_unidentified	F1761_unidentified	Fungi
F323_unidentified	F323_unidentified	Fungi
B1000_Desulfovibrio	B1000_Desulfovibrio	Bacteria
F1312_unidentified	F1312_unidentified	Fungi
F391_Nigrospora	F391_Nigrospora	Fungi
F2458_unidentified	F2458_unidentified	Fungi
F62_Mrakia	F62_Mrakia	Fungi
B291_uncultured	B291_uncultured	Bacteria
B4777_Anaerolinea	B4777_Anaerolinea	Bacteria
B2403_Syntrophomonas	B2403_Syntrophomonas	Bacteria
B1650_Methylomagnum	B1650_Methylomagnum	Bacteria
B10910_uncultured	B10910_uncultured	Bacteria
B672_f_Anaerolineaceae	B672_f_Anaerolineaceae	Bacteria
B6034_Anaerolinea	B6034_Anaerolinea	Bacteria
B1502_Hydrogenispora	B1502_Hydrogenispora	Bacteria
B139_RBG.16.58.14	B139_RBG.16.58.14	Bacteria
B941_uncultured.bacterium	B941_uncultured.bacterium	Bacteria
B9717_Fonticella	B9717_Fonticella	Bacteria
B6577_o_Gastranaerophilales	B6577_o_Gastranaerophilales	Bacteria
B4390_uncultured	B4390_uncultured	Bacteria
B4454_o_Clostridiales	B4454_o_Clostridiales	Bacteria
B1022_Candidatus.Cardinium	B1022_Candidatus.Cardinium	Bacteria
B853_Syntrophorhabdus	B853_Syntrophorhabdus	Bacteria
B3397_Hydrogenispora	B3397_Hydrogenispora	Bacteria
B952_o_NA	B952_o_NA	Bacteria
B184_f_Anaerolineaceae	B184_f_Anaerolineaceae	Bacteria
B2252_uncultured.Gemmatimonadetes.bacterium	B2252_uncultured.Gemmatimonadetes.bacterium	Bacteria
B502_Anaeromyxobacter	B502_Anaeromyxobacter	Bacteria
B1623_uncultured	B1623_uncultured	Bacteria
B926_uncultured	B926_uncultured	Bacteria
B1734_uncultured	B1734_uncultured	Bacteria
B1215_o_Bacteroidales	B1215_o_Bacteroidales	Bacteria
B5088_uncultured.microorganism	B5088_uncultured.microorganism	Bacteria
B5012_Anaerolinea	B5012_Anaerolinea	Bacteria
B246_Spirochaeta.2	B246_Spirochaeta.2	Bacteria
B6655_uncultured.forest.soil.bacterium	B6655_uncultured.forest.soil.bacterium	Bacteria
B256_uncultured.Gemmatimonadetes.bacterium	B256_uncultured.Gemmatimonadetes.bacterium	Bacteria
B2209_o_NA	B2209_o_NA	Bacteria
B2257_Ancalomicrobium	B2257_Ancalomicrobium	Bacteria
B2712_f_WD2101.soil.group	B2712_f_WD2101.soil.group	Bacteria
B7225_uncultured.Gemmatimonadetes.bacterium	B7225_uncultured.Gemmatimonadetes.bacterium	Bacteria
B875_o_NA	B875_o_NA	Bacteria
B2651_Spirochaeta.2	B2651_Spirochaeta.2	Bacteria
B1864_FukuN18.freshwater.group	B1864_FukuN18.freshwater.group	Bacteria
B3771_uncultured.Gemmatimonadetes.bacterium	B3771_uncultured.Gemmatimonadetes.bacterium	Bacteria
B674_uncultured.prokaryote	B674_uncultured.prokaryote	Bacteria
B528_Sporobacter	B528_Sporobacter	Bacteria
B2823_uncultured.prokaryote	B2823_uncultured.prokaryote	Bacteria
B367_Dactylosporangium	B367_Dactylosporangium	Bacteria
B5047_uncultured	B5047_uncultured	Bacteria
B282_Acinetobacter	B282_Acinetobacter	Bacteria
B1952_uncultured	B1952_uncultured	Bacteria
B49_Anaerolinea	B49_Anaerolinea	Bacteria
B4496_uncultured.bacterium	B4496_uncultured.bacterium	Bacteria
B1744_Candidatus.Solibacter	B1744_Candidatus.Solibacter	Bacteria
B123_uncultured	B123_uncultured	Bacteria
B1124_Ruminiclostridium.1	B1124_Ruminiclostridium.1	Bacteria
B60_Rhizomicrobium	B60_Rhizomicrobium	Bacteria
B582_f_Ruminococcaceae	B582_f_Ruminococcaceae	Bacteria
B3477_Lutispora	B3477_Lutispora	Bacteria
B732_uncultured	B732_uncultured	Bacteria
B3514_Fonticella	B3514_Fonticella	Bacteria
B721_uncultured	B721_uncultured	Bacteria
B313_Clostridium.sensu.stricto.8	B313_Clostridium.sensu.stricto.8	Bacteria
B136_Hydrogenispora	B136_Hydrogenispora	Bacteria
B156_Hydrogenispora	B156_Hydrogenispora	Bacteria
B2404_Fonticella	B2404_Fonticella	Bacteria
B1207_uncultured.organism	B1207_uncultured.organism	Bacteria
B22_uncultured.Roseobacter.sp.	B22_uncultured.Roseobacter.sp.	Bacteria
B652_Clostridium.sensu.stricto.5	B652_Clostridium.sensu.stricto.5	Bacteria
B3400_uncultured.bacterium	B3400_uncultured.bacterium	Bacteria
B258_ADurb.Bin063.1	B258_ADurb.Bin063.1	Bacteria
B724_Ellin6067	B724_Ellin6067	Bacteria
B5451_f_A4b	B5451_f_A4b	Bacteria
B1346_Crenothrix	B1346_Crenothrix	Bacteria
B1455_Spirochaeta.2	B1455_Spirochaeta.2	Bacteria
B2426_Sphingomonas	B2426_Sphingomonas	Bacteria
B240_Novosphingobium	B240_Novosphingobium	Bacteria
B1456_f_Anaerolineaceae	B1456_f_Anaerolineaceae	Bacteria
B2826_Clostridium.sensu.stricto.10	B2826_Clostridium.sensu.stricto.10	Bacteria
B356_Ruminiclostridium.1	B356_Ruminiclostridium.1	Bacteria
B1927_Candidatus.Koribacter	B1927_Candidatus.Koribacter	Bacteria
B220_Burkholderia.Caballeronia.Paraburkholderia	B220_Burkholderia.Caballeronia.Paraburkholderia	Bacteria
B564_Candidatus.Solibacter	B564_Candidatus.Solibacter	Bacteria
B176_uncultured.bacterium	B176_uncultured.bacterium	Bacteria
B557_Azospirillum	B557_Azospirillum	Bacteria
B1143_Candidatus.Cardinium	B1143_Candidatus.Cardinium	Bacteria
B255_Reyranella	B255_Reyranella	Bacteria
B80_Bradyrhizobium	B80_Bradyrhizobium	Bacteria
B410_bacterium.enrichment.culture.clone.auto67_4W	B410_bacterium.enrichment.culture.clone.auto67_4W	Bacteria
B2491_Bosea	B2491_Bosea	Bacteria
B5408_Candidatus.Ovatusbacter	B5408_Candidatus.Ovatusbacter	Bacteria
B518_Anaeromyxobacter	B518_Anaeromyxobacter	Bacteria
B3578_f_uncultured	B3578_f_uncultured	Bacteria
B251_uncultured.Bellilinea.sp.	B251_uncultured.Bellilinea.sp.	Bacteria
B3775_Ruminiclostridium.1	B3775_Ruminiclostridium.1	Bacteria
B3811_Phenylobacterium	B3811_Phenylobacterium	Bacteria
B3271_o_Gastranaerophilales	B3271_o_Gastranaerophilales	Bacteria
B979_o_RBG.13.54.9	B979_o_RBG.13.54.9	Bacteria
B2952_o_NA	B2952_o_NA	Bacteria
B5699_uncultured.Bacteroidales.bacterium	B5699_uncultured.Bacteroidales.bacterium	Bacteria
B145_uncultured.Chloroflexi.bacterium	B145_uncultured.Chloroflexi.bacterium	Bacteria
B718_uncultured.bacterium	B718_uncultured.bacterium	Bacteria
B3339_AKIW659	B3339_AKIW659	Bacteria
B2963_uncultured.bacterium	B2963_uncultured.bacterium	Bacteria
B526_Aquisphaera	B526_Aquisphaera	Bacteria
B2132_uncultured.Chloroflexi.bacterium	B2132_uncultured.Chloroflexi.bacterium	Bacteria
B462_uncultured.Chloroflexi.bacterium	B462_uncultured.Chloroflexi.bacterium	Bacteria
B4011_Ellin6067	B4011_Ellin6067	Bacteria
B192_Candidatus.Koribacter	B192_Candidatus.Koribacter	Bacteria
B1069_o_NA	B1069_o_NA	Bacteria
B8426_Acinetobacter	B8426_Acinetobacter	Bacteria
B1104_Clostridium.sensu.stricto.13	B1104_Clostridium.sensu.stricto.13	Bacteria
B51_Anaerolinea	B51_Anaerolinea	Bacteria
B6678_Frankia	B6678_Frankia	Bacteria
B104_uncultured.bacterium	B104_uncultured.bacterium	Bacteria
B38_uncultured.prokaryote	B38_uncultured.prokaryote	Bacteria
B4358_uncultured.Acidobacteriales.bacterium	B4358_uncultured.Acidobacteriales.bacterium	Bacteria
B201_Massilia	B201_Massilia	Bacteria
B2110_unidentified.eubacterium.clone.BSV40	B2110_unidentified.eubacterium.clone.BSV40	Bacteria
B376_Anaerolinea	B376_Anaerolinea	Bacteria
B2227_Hydrogenispora	B2227_Hydrogenispora	Bacteria
B187_Clostridium.sensu.stricto.8	B187_Clostridium.sensu.stricto.8	Bacteria
B1961_Ruminiclostridium.1	B1961_Ruminiclostridium.1	Bacteria
B1120_Chthoniobacter	B1120_Chthoniobacter	Bacteria
B786_Sandaracinus	B786_Sandaracinus	Bacteria
B2059_Fluviicola	B2059_Fluviicola	Bacteria
B935_f_Micromonosporaceae	B935_f_Micromonosporaceae	Bacteria
B2710_Massilia	B2710_Massilia	Bacteria
B1881_uncultured	B1881_uncultured	Bacteria
B1954_Inquilinus	B1954_Inquilinus	Bacteria
B1176_Caulobacter	B1176_Caulobacter	Bacteria
B609_Reyranella	B609_Reyranella	Bacteria
B559_Spirochaeta.2	B559_Spirochaeta.2	Bacteria
B1494_o_R7C24	B1494_o_R7C24	Bacteria
B1094_Candidatus.Solibacter	B1094_Candidatus.Solibacter	Bacteria
B7269_Bradyrhizobium	B7269_Bradyrhizobium	Bacteria
B4626_f_env.OPS.17	B4626_f_env.OPS.17	Bacteria
B451_uncultured.soil.bacterium	B451_uncultured.soil.bacterium	Bacteria
B981_Syntrophobacter	B981_Syntrophobacter	Bacteria
B856_Clostridium.sensu.stricto.12	B856_Clostridium.sensu.stricto.12	Bacteria
B2576_Allorhizobium.Neorhizobium.Pararhizobium.Rhizobium	B2576_Allorhizobium.Neorhizobium.Pararhizobium.Rhizobium	Bacteria
B1140_uncultured	B1140_uncultured	Bacteria
B3179_Roseomonas	B3179_Roseomonas	Bacteria
B466_Allorhizobium.Neorhizobium.Pararhizobium.Rhizobium	B466_Allorhizobium.Neorhizobium.Pararhizobium.Rhizobium	Bacteria
B2947_o_NA	B2947_o_NA	Bacteria
B999_Ruminiclostridium.1	B999_Ruminiclostridium.1	Bacteria
B217_Burkholderia.Caballeronia.Paraburkholderia	B217_Burkholderia.Caballeronia.Paraburkholderia	Bacteria
B597_f_Nocardioidaceae	B597_f_Nocardioidaceae	Bacteria
B1034_Mucilaginibacter	B1034_Mucilaginibacter	Bacteria
B627_Candidatus.Solibacter	B627_Candidatus.Solibacter	Bacteria
B392_Allorhizobium.Neorhizobium.Pararhizobium.Rhizobium	B392_Allorhizobium.Neorhizobium.Pararhizobium.Rhizobium	Bacteria
B2004_Clostridium.sensu.stricto.8	B2004_Clostridium.sensu.stricto.8	Bacteria
B1938_Allorhizobium.Neorhizobium.Pararhizobium.Rhizobium	B1938_Allorhizobium.Neorhizobium.Pararhizobium.Rhizobium	Bacteria
B72_Allorhizobium.Neorhizobium.Pararhizobium.Rhizobium	B72_Allorhizobium.Neorhizobium.Pararhizobium.Rhizobium	Bacteria
B976_Clostridium.sensu.stricto.1	B976_Clostridium.sensu.stricto.1	Bacteria
B226_Burkholderia.Caballeronia.Paraburkholderia	B226_Burkholderia.Caballeronia.Paraburkholderia	Bacteria
B56_Allorhizobium.Neorhizobium.Pararhizobium.Rhizobium	B56_Allorhizobium.Neorhizobium.Pararhizobium.Rhizobium	Bacteria
B3157_uncultured.bacterium	B3157_uncultured.bacterium	Bacteria
B1443_f_Desulfobulbaceae	B1443_f_Desulfobulbaceae	Bacteria
B629_WCHB1.32	B629_WCHB1.32	Bacteria
B262_uncultured	B262_uncultured	Bacteria
B946_uncultured.Chlorobiales.bacterium	B946_uncultured.Chlorobiales.bacterium	Bacteria
B1113_Dactylosporangium	B1113_Dactylosporangium	Bacteria
B1076_ADurb.Bin063.1	B1076_ADurb.Bin063.1	Bacteria
B991_Kaistia	B991_Kaistia	Bacteria
B788_f_Clostridiaceae.1	B788_f_Clostridiaceae.1	Bacteria
B3876_Nocardioides	B3876_Nocardioides	Bacteria
B25_uncultured.prokaryote	B25_uncultured.prokaryote	Bacteria
B280_f_Acidobacteriaceae..Subgroup.1.	B280_f_Acidobacteriaceae..Subgroup.1.	Bacteria
B951_Allorhizobium.Neorhizobium.Pararhizobium.Rhizobium	B951_Allorhizobium.Neorhizobium.Pararhizobium.Rhizobium	Bacteria
B298_Burkholderia.Caballeronia.Paraburkholderia	B298_Burkholderia.Caballeronia.Paraburkholderia	Bacteria
B2082_Clostridium.sensu.stricto.12	B2082_Clostridium.sensu.stricto.12	Bacteria
B62_Clostridium.sensu.stricto.1	B62_Clostridium.sensu.stricto.1	Bacteria
B1115_Clostridium.sensu.stricto.12	B1115_Clostridium.sensu.stricto.12	Bacteria
B556_Burkholderia.Caballeronia.Paraburkholderia	B556_Burkholderia.Caballeronia.Paraburkholderia	Bacteria
B465_Clostridium.sensu.stricto.1	B465_Clostridium.sensu.stricto.1	Bacteria
F1188_unidentified	F1188_unidentified	Fungi
F195_Cistella	F195_Cistella	Fungi
