id	label	Bacteria
B2033_Kineosporia	B2033_Kineosporia	Bacteria
B54_uncultured	B54_uncultured	Bacteria
B32_Bradyrhizobium	B32_Bradyrhizobium	Bacteria
F48_unidentified	F48_unidentified	Fungi
F1013_unidentified	F1013_unidentified	Fungi
F576_Malassezia	F576_Malassezia	Fungi
F1792_Meira	F1792_Meira	Fungi
F62_Mrakia	F62_Mrakia	Fungi
F6_Cladosporium	F6_Cladosporium	Fungi
B2236_Pseudopedobacter	B2236_Pseudopedobacter	Bacteria
B254_Pseudomonas	B254_Pseudomonas	Bacteria
F106_unidentified	F106_unidentified	Fungi
F3_Moesziomyces	F3_Moesziomyces	Fungi
F1088_Rhodotorula	F1088_Rhodotorula	Fungi
F103_unidentified	F103_unidentified	Fungi
B9385_Escherichia-Shigella	B9385_Escherichia-Shigella	Bacteria
B260_Pseudomonas	B260_Pseudomonas	Bacteria
B398_Rhodococcus	B398_Rhodococcus	Bacteria
F378_unidentified	F378_unidentified	Fungi
F183_Curvularia	F183_Curvularia	Fungi
F160_Cladosporium	F160_Cladosporium	Fungi
B2610_Taibaiella	B2610_Taibaiella	Bacteria
F5_Alternaria	F5_Alternaria	Fungi
F1567_Coniosporium	F1567_Coniosporium	Fungi
B464_Pseudomonas	B464_Pseudomonas	Bacteria
B902_Escherichia-Shigella	B902_Escherichia-Shigella	Bacteria
F263_unidentified	F263_unidentified	Fungi
F20_Edenia	F20_Edenia	Fungi
F681_Malassezia	F681_Malassezia	Fungi
F1511_Candida	F1511_Candida	Fungi
F36_Moesziomyces	F36_Moesziomyces	Fungi
B14676_Solobacterium	B14676_Solobacterium	Bacteria
F598_Rhodosporidiobolus	F598_Rhodosporidiobolus	Fungi
F429_Bjerkandera	F429_Bjerkandera	Fungi
F9_Chaetomium	F9_Chaetomium	Fungi
B354_Paraburkholderia tropica	B354_Paraburkholderia tropica	Bacteria
B1295_Bacillus	B1295_Bacillus	Bacteria
F61_o_Pleosporales	F61_o_Pleosporales	Fungi
F179_unidentified	F179_unidentified	Fungi
F190_Irpex	F190_Irpex	Fungi
F362_Porostereum	F362_Porostereum	Fungi
F568_Aspergillus	F568_Aspergillus	Fungi
F2899_unidentified	F2899_unidentified	Fungi
B7772_Variovorax	B7772_Variovorax	Bacteria
B1610_Clostridium sensu stricto 10	B1610_Clostridium sensu stricto 10	Bacteria
F318_Saccharomyces	F318_Saccharomyces	Fungi
F53_Pyrenochaetopsis	F53_Pyrenochaetopsis	Fungi
B503_Escherichia-Shigella	B503_Escherichia-Shigella	Bacteria
B1738_uncultured Termite group 1 bacterium	B1738_uncultured Termite group 1 bacterium	Bacteria
F166_Aspergillus	F166_Aspergillus	Fungi
B269_Pseudomonas	B269_Pseudomonas	Bacteria
B14701_Rothia	B14701_Rothia	Bacteria
B209_Escherichia-Shigella	B209_Escherichia-Shigella	Bacteria
F17_o_Pleosporales	F17_o_Pleosporales	Fungi
F81_Cladosporium	F81_Cladosporium	Fungi
F38_Pseudeurotium	F38_Pseudeurotium	Fungi
F4552_o_Eurotiales	F4552_o_Eurotiales	Fungi
F410_Schizophyllum	F410_Schizophyllum	Fungi
F441_o_Hypocreales	F441_o_Hypocreales	Fungi
F292_Engyodontium	F292_Engyodontium	Fungi
F228_Purpureocillium	F228_Purpureocillium	Fungi
F723_unidentified	F723_unidentified	Fungi
F29_f_Didymellaceae	F29_f_Didymellaceae	Fungi
F381_o_Pleosporales	F381_o_Pleosporales	Fungi
F488_Penicillium	F488_Penicillium	Fungi
F277_Peniophora	F277_Peniophora	Fungi
F762_unidentified	F762_unidentified	Fungi
F178_Schizopora	F178_Schizopora	Fungi
F280_o_Polyporales	F280_o_Polyporales	Fungi
F1071_Hericium	F1071_Hericium	Fungi
F303_unidentified	F303_unidentified	Fungi
F2_Nigrospora	F2_Nigrospora	Fungi
F448_Perenniporia	F448_Perenniporia	Fungi
B13405_Staphylococcus	B13405_Staphylococcus	Bacteria
B4701_Patulibacter	B4701_Patulibacter	Bacteria
B34_Bradyrhizobium	B34_Bradyrhizobium	Bacteria
B22_uncultured.Roseobacter.sp.	B22_uncultured.Roseobacter.sp.	Bacteria
B6520_Curvibacter	B6520_Curvibacter	Bacteria
B521_Peredibacter	B521_Peredibacter	Bacteria
B3679_Microvirga	B3679_Microvirga	Bacteria
B9385_Escherichia.Shigella	B9385_Escherichia.Shigella	Bacteria
B2359_mle1.7	B2359_mle1.7	Bacteria
B1995_Massilia	B1995_Massilia	Bacteria
B3246_Sphingobacterium	B3246_Sphingobacterium	Bacteria
B461_Acinetobacter	B461_Acinetobacter	Bacteria
B437_Escherichia.Shigella	B437_Escherichia.Shigella	Bacteria
B1610_Clostridium.sensu.stricto.10	B1610_Clostridium.sensu.stricto.10	Bacteria
B24_Bradyrhizobium	B24_Bradyrhizobium	Bacteria
B503_Escherichia.Shigella	B503_Escherichia.Shigella	Bacteria
B1738_uncultured.Termite.group.1.bacterium	B1738_uncultured.Termite.group.1.bacterium	Bacteria
B15_Sphingomonas	B15_Sphingomonas	Bacteria
B902_Escherichia.Shigella	B902_Escherichia.Shigella	Bacteria
B12253_Bacillus	B12253_Bacillus	Bacteria
B354_Paraburkholderia.tropica	B354_Paraburkholderia.tropica	Bacteria
B209_Escherichia.Shigella	B209_Escherichia.Shigella	Bacteria
F131_unidentified	F131_unidentified	Fungi
F16_Pyricularia	F16_Pyricularia	Fungi
F658_Candida	F658_Candida	Fungi
F2321_Aspergillus	F2321_Aspergillus	Fungi
F1094_Phellinus	F1094_Phellinus	Fungi
