id	label	Bacteria
B190_o_NA	B190_o_NA	Bacteria
F17_o_Pleosporales	F17_o_Pleosporales	Fungi
B363_uncultured	B363_uncultured	Bacteria
B766_uncultured	B766_uncultured	Bacteria
B402_uncultured soil bacterium	B402_uncultured soil bacterium	Bacteria
B484_Candidatus Koribacter	B484_Candidatus Koribacter	Bacteria
B182_f_Micrococcaceae	B182_f_Micrococcaceae	Bacteria
B759_BSV13	B759_BSV13	Bacteria
F134_o_NA	F134_o_NA	Fungi
F53_Pyrenochaetopsis	F53_Pyrenochaetopsis	Fungi
F25_Dimorphospora	F25_Dimorphospora	Fungi
B199_f_Nocardioidaceae	B199_f_Nocardioidaceae	Bacteria
B268_uncultured	B268_uncultured	Bacteria
B129_ADurb.Bin063-1	B129_ADurb.Bin063-1	Bacteria
B163_uncultured	B163_uncultured	Bacteria
B1354_uncultured soil bacterium	B1354_uncultured soil bacterium	Bacteria
B256_uncultured Gemmatimonadetes bacterium	B256_uncultured Gemmatimonadetes bacterium	Bacteria
B49_Anaerolinea	B49_Anaerolinea	Bacteria
B67_uncultured	B67_uncultured	Bacteria
B180_o_NA	B180_o_NA	Bacteria
B97_uncultured	B97_uncultured	Bacteria
B51_Anaerolinea	B51_Anaerolinea	Bacteria
B604_Bryobacter	B604_Bryobacter	Bacteria
B822_Phenylobacterium	B822_Phenylobacterium	Bacteria
B50_Thiobacillus	B50_Thiobacillus	Bacteria
B311_Anaeromyxobacter	B311_Anaeromyxobacter	Bacteria
B114_Luteimonas	B114_Luteimonas	Bacteria
F307_unidentified	F307_unidentified	Fungi
F14_o_Pleosporales	F14_o_Pleosporales	Fungi
F73_Tetracladium	F73_Tetracladium	Fungi
F24_o_Helotiales	F24_o_Helotiales	Fungi
F90_Pseudogymnoascus	F90_Pseudogymnoascus	Fungi
F185_f_Didymosphaeriaceae	F185_f_Didymosphaeriaceae	Fungi
B3668_Opitutus	B3668_Opitutus	Bacteria
B117_o_NA	B117_o_NA	Bacteria
B360_o_SBR1031	B360_o_SBR1031	Bacteria
B355_Desulfobacca	B355_Desulfobacca	Bacteria
B74_f_Rhodocyclaceae	B74_f_Rhodocyclaceae	Bacteria
B181_uncultured Planctomycetales bacterium	B181_uncultured Planctomycetales bacterium	Bacteria
B376_Anaerolinea	B376_Anaerolinea	Bacteria
B522_uncultured soil bacterium	B522_uncultured soil bacterium	Bacteria
B99_f_Burkholderiaceae	B99_f_Burkholderiaceae	Bacteria
B488_uncultured prokaryote	B488_uncultured prokaryote	Bacteria
B178_Cryobacterium	B178_Cryobacterium	Bacteria
F237_unidentified	F237_unidentified	Fungi
B139_RBG-16-58-14	B139_RBG-16-58-14	Bacteria
B247_uncultured	B247_uncultured	Bacteria
B204_Syntrophobacter	B204_Syntrophobacter	Bacteria
B170_Bryobacter	B170_Bryobacter	Bacteria
B253_uncultured	B253_uncultured	Bacteria
B613_uncultured	B613_uncultured	Bacteria
B215_Nakamurella	B215_Nakamurella	Bacteria
B380_f_Micrococcaceae	B380_f_Micrococcaceae	Bacteria
F99_Cistella	F99_Cistella	Fungi
B824_uncultured soil bacterium	B824_uncultured soil bacterium	Bacteria
B2443_uncultured bacterium	B2443_uncultured bacterium	Bacteria
B655_f_WD2101 soil group	B655_f_WD2101 soil group	Bacteria
B773_Paludibacter	B773_Paludibacter	Bacteria
B446_Pajaroellobacter	B446_Pajaroellobacter	Bacteria
B154_f_Micrococcaceae	B154_f_Micrococcaceae	Bacteria
F171_unidentified	F171_unidentified	Fungi
F91_unidentified	F91_unidentified	Fungi
F107_o_Helotiales	F107_o_Helotiales	Fungi
F661_unidentified	F661_unidentified	Fungi
F58_Schizothecium	F58_Schizothecium	Fungi
B315_uncultured Gemmatimonadetes bacterium	B315_uncultured Gemmatimonadetes bacterium	Bacteria
B184_f_Anaerolineaceae	B184_f_Anaerolineaceae	Bacteria
B218_RBG-16-58-14	B218_RBG-16-58-14	Bacteria
B158_uncultured bacterium	B158_uncultured bacterium	Bacteria
B225_uncultured bacterium	B225_uncultured bacterium	Bacteria
B65_o_RBG-13-54-9	B65_o_RBG-13-54-9	Bacteria
B136_Hydrogenispora	B136_Hydrogenispora	Bacteria
B270_Oryzihumus	B270_Oryzihumus	Bacteria
B460_uncultured prokaryote	B460_uncultured prokaryote	Bacteria
B896_JGI 0001001-H03	B896_JGI 0001001-H03	Bacteria
B274_Porphyrobacter	B274_Porphyrobacter	Bacteria
B858_Geobacter	B858_Geobacter	Bacteria
B73_f_Blastocatellaceae	B73_f_Blastocatellaceae	Bacteria
B47_metagenome	B47_metagenome	Bacteria
B145_uncultured Chloroflexi bacterium	B145_uncultured Chloroflexi bacterium	Bacteria
B66_GOUTA6	B66_GOUTA6	Bacteria
B690_o_Subgroup 7	B690_o_Subgroup 7	Bacteria
B38_uncultured prokaryote	B38_uncultured prokaryote	Bacteria
B174_f_Bacteroidetes vadinHA17	B174_f_Bacteroidetes vadinHA17	Bacteria
B609_Reyranella	B609_Reyranella	Bacteria
B146_uncultured prokaryote	B146_uncultured prokaryote	Bacteria
B872_uncultured bacterium	B872_uncultured bacterium	Bacteria
B140_f_Intrasporangiaceae	B140_f_Intrasporangiaceae	Bacteria
B132_f_Intrasporangiaceae	B132_f_Intrasporangiaceae	Bacteria
B53_f_SC-I-84	B53_f_SC-I-84	Bacteria
B262_uncultured	B262_uncultured	Bacteria
B880_ADurb.Bin063-1	B880_ADurb.Bin063-1	Bacteria
B128_Thiobacillus	B128_Thiobacillus	Bacteria
B444_f_Fimbriimonadaceae	B444_f_Fimbriimonadaceae	Bacteria
B69_o_NA	B69_o_NA	Bacteria
F151_unidentified	F151_unidentified	Fungi
F902_o_NA	F902_o_NA	Fungi
F736_unidentified	F736_unidentified	Fungi
F77_o_NA	F77_o_NA	Fungi
F57_Trichoderma	F57_Trichoderma	Fungi
F111_Geomyces	F111_Geomyces	Fungi
F23_Solicoccozyma	F23_Solicoccozyma	Fungi
F195_Cistella	F195_Cistella	Fungi
F205_Mortierella	F205_Mortierella	Fungi
F221_unidentified	F221_unidentified	Fungi
B1292_o_SBR1031	B1292_o_SBR1031	Bacteria
B551_o_NA	B551_o_NA	Bacteria
B660_o_NA	B660_o_NA	Bacteria
B2176_Ellin6067	B2176_Ellin6067	Bacteria
B1489_f_Rhodocyclaceae	B1489_f_Rhodocyclaceae	Bacteria
B1033_ADurb.Bin063-1	B1033_ADurb.Bin063-1	Bacteria
B469_uncultured bacterium	B469_uncultured bacterium	Bacteria
B612_uncultured	B612_uncultured	Bacteria
B1073_Cryobacterium	B1073_Cryobacterium	Bacteria
F431_Coprinopsis	F431_Coprinopsis	Fungi
F52_Psilocybe	F52_Psilocybe	Fungi
F335_unidentified	F335_unidentified	Fungi
F70_unidentified	F70_unidentified	Fungi
F604_Chalara	F604_Chalara	Fungi
F34_Mortierella	F34_Mortierella	Fungi
F300_unidentified	F300_unidentified	Fungi
F964_Peziza	F964_Peziza	Fungi
F80_Uncobasidium	F80_Uncobasidium	Fungi
F68_Pseudogymnoascus	F68_Pseudogymnoascus	Fungi
F189_Westerdykella	F189_Westerdykella	Fungi
B417_Desulfobacca	B417_Desulfobacca	Bacteria
B1890_anaerobic bacterium MO-CFX2	B1890_anaerobic bacterium MO-CFX2	Bacteria
B793_Haliangium	B793_Haliangium	Bacteria
B63_Methylocystis	B63_Methylocystis	Bacteria
B133_uncultured Desulfuromonadales bacterium	B133_uncultured Desulfuromonadales bacterium	Bacteria
B1037_f_uncultured	B1037_f_uncultured	Bacteria
B746_f_uncultured	B746_f_uncultured	Bacteria
B868_Methylocystis	B868_Methylocystis	Bacteria
B616_Lacunisphaera	B616_Lacunisphaera	Bacteria
F96_unidentified	F96_unidentified	Fungi
F175_unidentified	F175_unidentified	Fungi
F145_Mrakiella	F145_Mrakiella	Fungi
F38_Pseudeurotium	F38_Pseudeurotium	Fungi
B304_Ignavibacterium	B304_Ignavibacterium	Bacteria
B44_f_Xanthobacteraceae	B44_f_Xanthobacteraceae	Bacteria
B176_uncultured bacterium	B176_uncultured bacterium	Bacteria
B531_Syntrophus	B531_Syntrophus	Bacteria
B316_uncultured Thermaerobacter sp.	B316_uncultured Thermaerobacter sp.	Bacteria
F852_unidentified	F852_unidentified	Fungi
F242_unidentified	F242_unidentified	Fungi
F46_Microscypha	F46_Microscypha	Fungi
F551_Goffeauzyma	F551_Goffeauzyma	Fungi
F15_o_Helotiales	F15_o_Helotiales	Fungi
B258_ADurb.Bin063-1	B258_ADurb.Bin063-1	Bacteria
F216_unidentified	F216_unidentified	Fungi
F412_unidentified	F412_unidentified	Fungi
F388_unidentified	F388_unidentified	Fungi
B46_f_Rhodocyclaceae	B46_f_Rhodocyclaceae	Bacteria
B91_o_NA	B91_o_NA	Bacteria
F141_f_Nectriaceae	F141_f_Nectriaceae	Fungi
F387_unidentified	F387_unidentified	Fungi
B194_o_OPB41	B194_o_OPB41	Bacteria
B79_uncultured	B79_uncultured	Bacteria
B411_uncultured prokaryote	B411_uncultured prokaryote	Bacteria
B375_Sphingomonas	B375_Sphingomonas	Bacteria
B341_uncultured	B341_uncultured	Bacteria
B1291_o_Gastranaerophilales	B1291_o_Gastranaerophilales	Bacteria
B142_Ellin6067	B142_Ellin6067	Bacteria
B119_Acidibacter	B119_Acidibacter	Bacteria
B1021_uncultured delta proteobacterium	B1021_uncultured delta proteobacterium	Bacteria
F350_o_Tremellales	F350_o_Tremellales	Fungi
F62_Mrakia	F62_Mrakia	Fungi
B436_uncultured	B436_uncultured	Bacteria
B1484_Marmoricola	B1484_Marmoricola	Bacteria
B573_uncultured Gemmatimonadetes bacterium	B573_uncultured Gemmatimonadetes bacterium	Bacteria
B643_ADurb.Bin063-1	B643_ADurb.Bin063-1	Bacteria
B1283_uncultured Syntrophaceae bacterium	B1283_uncultured Syntrophaceae bacterium	Bacteria
F7_unidentified	F7_unidentified	Fungi
F184_unidentified	F184_unidentified	Fungi
F265_Helicodendron	F265_Helicodendron	Fungi
B2033_Kineosporia	B2033_Kineosporia	Bacteria
B236_o_SBR1031	B236_o_SBR1031	Bacteria
B59_Terrabacter	B59_Terrabacter	Bacteria
B696_uncultured	B696_uncultured	Bacteria
B322_RB41	B322_RB41	Bacteria
B339_Noviherbaspirillum	B339_Noviherbaspirillum	Bacteria
B223_uncultured Sphingobacteriales bacterium	B223_uncultured Sphingobacteriales bacterium	Bacteria
B340_Gemmatimonas	B340_Gemmatimonas	Bacteria
B641_o_RBG-13-54-9	B641_o_RBG-13-54-9	Bacteria
F363_unidentified	F363_unidentified	Fungi
B516_uncultured bacterium SJA-22	B516_uncultured bacterium SJA-22	Bacteria
B104_uncultured bacterium	B104_uncultured bacterium	Bacteria
B378_f_WD2101 soil group	B378_f_WD2101 soil group	Bacteria
B254_Pseudomonas	B254_Pseudomonas	Bacteria
B682_uncultured	B682_uncultured	Bacteria
B1480_Conexibacter	B1480_Conexibacter	Bacteria
B62_Clostridium sensu stricto 1	B62_Clostridium sensu stricto 1	Bacteria
F455_unidentified	F455_unidentified	Fungi
F804_Fereydounia	F804_Fereydounia	Fungi
B1213_Geobacter	B1213_Geobacter	Bacteria
F279_unidentified	F279_unidentified	Fungi
F607_unidentified	F607_unidentified	Fungi
F67_unidentified	F67_unidentified	Fungi
F66_Trichoderma	F66_Trichoderma	Fungi
B273_Syntrophobacter	B273_Syntrophobacter	Bacteria
B547_Anaeromyxobacter	B547_Anaeromyxobacter	Bacteria
B2913_Bryobacter	B2913_Bryobacter	Bacteria
B550_Phaselicystis	B550_Phaselicystis	Bacteria
B160_Anaerolinea	B160_Anaerolinea	Bacteria
B635_ADurb.Bin063-1	B635_ADurb.Bin063-1	Bacteria
B113_o_RBG-13-54-9	B113_o_RBG-13-54-9	Bacteria
B88_uncultured Alkaliflexus sp.	B88_uncultured Alkaliflexus sp.	Bacteria
B525_Oryzihumus	B525_Oryzihumus	Bacteria
F496_unidentified	F496_unidentified	Fungi
F236_Podospora	F236_Podospora	Fungi
B983_Flavisolibacter	B983_Flavisolibacter	Bacteria
B895_Methylomonas	B895_Methylomonas	Bacteria
B259_uncultured	B259_uncultured	Bacteria
B155_Flavisolibacter	B155_Flavisolibacter	Bacteria
B284_Pseudolabrys	B284_Pseudolabrys	Bacteria
B131_Rhodanobacter	B131_Rhodanobacter	Bacteria
B413_f_Micrococcaceae	B413_f_Micrococcaceae	Bacteria
F39_unidentified	F39_unidentified	Fungi
F154_Slooffia	F154_Slooffia	Fungi
B112_uncultured prokaryote	B112_uncultured prokaryote	Bacteria
F159_o_Helotiales	F159_o_Helotiales	Fungi
F13_Zopfiella	F13_Zopfiella	Fungi
B449_o_SJA-15	B449_o_SJA-15	Bacteria
B121_Caulobacter	B121_Caulobacter	Bacteria
B472_Haliangium	B472_Haliangium	Bacteria
F232_Mortierella	F232_Mortierella	Fungi
F200_Aspergillus	F200_Aspergillus	Fungi
B805_Alsobacter	B805_Alsobacter	Bacteria
B292_uncultured	B292_uncultured	Bacteria
B732_uncultured	B732_uncultured	Bacteria
B537_uncultured prokaryote	B537_uncultured prokaryote	Bacteria
B3917_uncultured bacterium	B3917_uncultured bacterium	Bacteria
B1183_RB41	B1183_RB41	Bacteria
B1558_f_Holophagaceae	B1558_f_Holophagaceae	Bacteria
F37_unidentified	F37_unidentified	Fungi
B193_Sideroxydans	B193_Sideroxydans	Bacteria
B123_uncultured	B123_uncultured	Bacteria
B458_uncultured prokaryote	B458_uncultured prokaryote	Bacteria
B969_Geobacter	B969_Geobacter	Bacteria
B2817_o_NA	B2817_o_NA	Bacteria
B255_Reyranella	B255_Reyranella	Bacteria
B912_uncultured	B912_uncultured	Bacteria
B152_Sideroxydans	B152_Sideroxydans	Bacteria
F103_unidentified	F103_unidentified	Fungi
B2023_uncultured bacterium	B2023_uncultured bacterium	Bacteria
B572_uncultured Cytophagales bacterium	B572_uncultured Cytophagales bacterium	Bacteria
B2662_f_Rhodocyclaceae	B2662_f_Rhodocyclaceae	Bacteria
B280_f_Acidobacteriaceae (Subgroup 1)	B280_f_Acidobacteriaceae (Subgroup 1)	Bacteria
F10_Guehomyces	F10_Guehomyces	Fungi
F524_unidentified	F524_unidentified	Fungi
B168_uncultured bacterium	B168_uncultured bacterium	Bacteria
B122_Anaeromyxobacter	B122_Anaeromyxobacter	Bacteria
B150_RBG-16-58-14	B150_RBG-16-58-14	Bacteria
F395_unidentified	F395_unidentified	Fungi
F121_Schizothecium	F121_Schizothecium	Fungi
B120_uncultured Anaerolineaceae bacterium	B120_uncultured Anaerolineaceae bacterium	Bacteria
B96_uncultured	B96_uncultured	Bacteria
B388_Mycobacterium	B388_Mycobacterium	Bacteria
B323_Anaeromyxobacter	B323_Anaeromyxobacter	Bacteria
B1129_uncultured soil bacterium	B1129_uncultured soil bacterium	Bacteria
F94_Mortierella	F94_Mortierella	Fungi
B1232_Pseudomonas	B1232_Pseudomonas	Bacteria
B415_uncultured prokaryote	B415_uncultured prokaryote	Bacteria
B251_uncultured Bellilinea sp.	B251_uncultured Bellilinea sp.	Bacteria
B2407_f_SG8-4	B2407_f_SG8-4	Bacteria
B1065_uncultured prokaryote	B1065_uncultured prokaryote	Bacteria
B205_uncultured prokaryote	B205_uncultured prokaryote	Bacteria
B25_uncultured prokaryote	B25_uncultured prokaryote	Bacteria
B833_f_UA-50	B833_f_UA-50	Bacteria
F1731_o_NA	F1731_o_NA	Fungi
F1031_Schizothecium	F1031_Schizothecium	Fungi
B1038_WCHB1-32	B1038_WCHB1-32	Bacteria
B216_uncultured	B216_uncultured	Bacteria
B379_f_Micrococcaceae	B379_f_Micrococcaceae	Bacteria
B736_Candidatus Solibacter	B736_Candidatus Solibacter	Bacteria
B349_Haliangium	B349_Haliangium	Bacteria
B300_Gemmatimonas	B300_Gemmatimonas	Bacteria
F603_unidentified	F603_unidentified	Fungi
F549_unidentified	F549_unidentified	Fungi
F59_Podospora	F59_Podospora	Fungi
F332_Spirosphaera	F332_Spirosphaera	Fungi
F122_Apodus	F122_Apodus	Fungi
B1449_uncultured	B1449_uncultured	Bacteria
B440_Anaerolinea	B440_Anaerolinea	Bacteria
B459_uncultured	B459_uncultured	Bacteria
B107_o_NA	B107_o_NA	Bacteria
B1009_anaerobic bacterium MO-CFX2	B1009_anaerobic bacterium MO-CFX2	Bacteria
B108_Geobacter	B108_Geobacter	Bacteria
B1112_Syntrophus	B1112_Syntrophus	Bacteria
B2380_ADurb.Bin063-1	B2380_ADurb.Bin063-1	Bacteria
F345_unidentified	F345_unidentified	Fungi
F76_o_Sordariales	F76_o_Sordariales	Fungi
B352_o_NA	B352_o_NA	Bacteria
F3017_unidentified	F3017_unidentified	Fungi
B1368_o_NA	B1368_o_NA	Bacteria
B750_Tolumonas	B750_Tolumonas	Bacteria
B757_Mycobacterium	B757_Mycobacterium	Bacteria
F336_unidentified	F336_unidentified	Fungi
B1264_o_NA	B1264_o_NA	Bacteria
B483_Anaerolinea	B483_Anaerolinea	Bacteria
B1621_Candidatus Solibacter	B1621_Candidatus Solibacter	Bacteria
B760_f_A21b	B760_f_A21b	Bacteria
B124_Ellin6067	B124_Ellin6067	Bacteria
B1918_Leptolinea	B1918_Leptolinea	Bacteria
B836_Nocardioides	B836_Nocardioides	Bacteria
B2668_Geobacter	B2668_Geobacter	Bacteria
F294_unidentified	F294_unidentified	Fungi
B1925_o_NA	B1925_o_NA	Bacteria
F19_unidentified	F19_unidentified	Fungi
F402_unidentified	F402_unidentified	Fungi
B383_uncultured bacterium	B383_uncultured bacterium	Bacteria
B1063_o_Gaiellales	B1063_o_Gaiellales	Bacteria
B237_f_Micrococcaceae	B237_f_Micrococcaceae	Bacteria
F247_unidentified	F247_unidentified	Fungi
F48_unidentified	F48_unidentified	Fungi
F192_Fusicolla	F192_Fusicolla	Fungi
B401_Sh765B-TzT-35	B401_Sh765B-TzT-35	Bacteria
B1973_o_Subgroup 7	B1973_o_Subgroup 7	Bacteria
B196_Anaeromyxobacter	B196_Anaeromyxobacter	Bacteria
B751_Arenimonas	B751_Arenimonas	Bacteria
F173_unidentified	F173_unidentified	Fungi
F240_unidentified	F240_unidentified	Fungi
B1581_Candidatus Solibacter	B1581_Candidatus Solibacter	Bacteria
B2708_Sideroxydans	B2708_Sideroxydans	Bacteria
F153_unidentified	F153_unidentified	Fungi
F114_unidentified	F114_unidentified	Fungi
B2385_Candidatus Solibacter	B2385_Candidatus Solibacter	Bacteria
B597_f_Nocardioidaceae	B597_f_Nocardioidaceae	Bacteria
F849_unidentified	F849_unidentified	Fungi
F372_Schizothecium	F372_Schizothecium	Fungi
B305_f_uncultured	B305_f_uncultured	Bacteria
B493_Blastococcus	B493_Blastococcus	Bacteria
B1164_Singulisphaera	B1164_Singulisphaera	Bacteria
B404_f_Lentimicrobiaceae	B404_f_Lentimicrobiaceae	Bacteria
F364_Schizothecium	F364_Schizothecium	Fungi
B618_Gemmatimonas	B618_Gemmatimonas	Bacteria
B283_uncultured Thermaerobacter sp.	B283_uncultured Thermaerobacter sp.	Bacteria
B477_o_NA	B477_o_NA	Bacteria
F234_unidentified	F234_unidentified	Fungi
B1400_Candidatus Koribacter	B1400_Candidatus Koribacter	Bacteria
B2046_f_WD2101 soil group	B2046_f_WD2101 soil group	Bacteria
B1791_f_uncultured	B1791_f_uncultured	Bacteria
B1356_Haliangium	B1356_Haliangium	Bacteria
B2037_Phenylobacterium	B2037_Phenylobacterium	Bacteria
B2027_Gemmatimonas	B2027_Gemmatimonas	Bacteria
B820_Hyphomicrobium	B820_Hyphomicrobium	Bacteria
B730_Syntrophobacter	B730_Syntrophobacter	Bacteria
F128_unidentified	F128_unidentified	Fungi
F384_unidentified	F384_unidentified	Fungi
F9_Chaetomium	F9_Chaetomium	Fungi
B450_uncultured prokaryote	B450_uncultured prokaryote	Bacteria
B1074_Pseudomonas	B1074_Pseudomonas	Bacteria
B1584_Opitutus	B1584_Opitutus	Bacteria
F515_unidentified	F515_unidentified	Fungi
B810_uncultured	B810_uncultured	Bacteria
F517_unidentified	F517_unidentified	Fungi
B185_ADurb.Bin063-1	B185_ADurb.Bin063-1	Bacteria
B852_f_A4b	B852_f_A4b	Bacteria
B148_Thiobacillus	B148_Thiobacillus	Bacteria
B431_Leptolinea	B431_Leptolinea	Bacteria
B1551_Anaerolinea	B1551_Anaerolinea	Bacteria
B1028_f_uncultured	B1028_f_uncultured	Bacteria
B1564_f_Pedosphaeraceae	B1564_f_Pedosphaeraceae	Bacteria
B171_uncultured prokaryote	B171_uncultured prokaryote	Bacteria
B319_anaerobic bacterium MO-CFX2	B319_anaerobic bacterium MO-CFX2	Bacteria
F196_unidentified	F196_unidentified	Fungi
B3171_Roseimarinus	B3171_Roseimarinus	Bacteria
B1290_Candidatus Solibacter	B1290_Candidatus Solibacter	Bacteria
B173_uncultured planctomycete	B173_uncultured planctomycete	Bacteria
B831_uncultured bacterium mle1-16	B831_uncultured bacterium mle1-16	Bacteria
B224_Ramlibacter	B224_Ramlibacter	Bacteria
B590_uncultured Desulfuromonadales bacterium	B590_uncultured Desulfuromonadales bacterium	Bacteria
B2762_Candidatus Koribacter	B2762_Candidatus Koribacter	Bacteria
B771_Sphingomonas	B771_Sphingomonas	Bacteria
F249_Mortierella	F249_Mortierella	Fungi
B2174_Terrimonas	B2174_Terrimonas	Bacteria
B2276_uncultured bacterium	B2276_uncultured bacterium	Bacteria
B801_Syntrophorhabdus	B801_Syntrophorhabdus	Bacteria
F493_unidentified	F493_unidentified	Fungi
F884_Peziza	F884_Peziza	Fungi
B126_Sphingomonas	B126_Sphingomonas	Bacteria
B195_uncultured soil bacterium	B195_uncultured soil bacterium	Bacteria
B1004_Pedobacter	B1004_Pedobacter	Bacteria
B368_Thiobacillus	B368_Thiobacillus	Bacteria
F375_o_NA	F375_o_NA	Fungi
F495_unidentified	F495_unidentified	Fungi
F83_Schizothecium	F83_Schizothecium	Fungi
B2293_WCHB1-32	B2293_WCHB1-32	Bacteria
F119_unidentified	F119_unidentified	Fungi
F167_unidentified	F167_unidentified	Fungi
F278_Peziza	F278_Peziza	Fungi
B560_Sideroxydans	B560_Sideroxydans	Bacteria
B1190_uncultured soil bacterium	B1190_uncultured soil bacterium	Bacteria
F437_unidentified	F437_unidentified	Fungi
B4763_uncultured soil bacterium	B4763_uncultured soil bacterium	Bacteria
B584_Leptolinea	B584_Leptolinea	Bacteria
B361_uncultured bacterium 126	B361_uncultured bacterium 126	Bacteria
F516_unidentified	F516_unidentified	Fungi
B434_Geobacter	B434_Geobacter	Bacteria
F255_unidentified	F255_unidentified	Fungi
F210_unidentified	F210_unidentified	Fungi
F290_f_Coniochaetaceae	F290_f_Coniochaetaceae	Fungi
F165_Cyberlindnera	F165_Cyberlindnera	Fungi
B943_f_Lentimicrobiaceae	B943_f_Lentimicrobiaceae	Bacteria
F711_unidentified	F711_unidentified	Fungi
F748_unidentified	F748_unidentified	Fungi
F180_Tetracladium	F180_Tetracladium	Fungi
B985_uncultured soil bacterium PBS-II-37	B985_uncultured soil bacterium PBS-II-37	Bacteria
F472_unidentified	F472_unidentified	Fungi
F1044_unidentified	F1044_unidentified	Fungi
F1341_unidentified	F1341_unidentified	Fungi
F44_Zopfiella	F44_Zopfiella	Fungi
F212_o_NA	F212_o_NA	Fungi
F371_unidentified	F371_unidentified	Fungi
F522_unidentified	F522_unidentified	Fungi
F401_unidentified	F401_unidentified	Fungi
B443_RBG-16-58-14	B443_RBG-16-58-14	Bacteria
B598_uncultured soil bacterium	B598_uncultured soil bacterium	Bacteria
B407_f_Burkholderiaceae	B407_f_Burkholderiaceae	Bacteria
B333_metagenome	B333_metagenome	Bacteria
B519_Syntrophorhabdus	B519_Syntrophorhabdus	Bacteria
B454_uncultured	B454_uncultured	Bacteria
B1508_wastewater metagenome	B1508_wastewater metagenome	Bacteria
F340_unidentified	F340_unidentified	Fungi
B24_Bradyrhizobium	B24_Bradyrhizobium	Bacteria
B546_uncultured bacterium	B546_uncultured bacterium	Bacteria
B713_uncultured	B713_uncultured	Bacteria
F330_o_NA	F330_o_NA	Fungi
B523_Thiobacillus	B523_Thiobacillus	Bacteria
F179_unidentified	F179_unidentified	Fungi
F427_unidentified	F427_unidentified	Fungi
B648_o_NA	B648_o_NA	Bacteria
B249_Thiobacillus	B249_Thiobacillus	Bacteria
B2378_Mucilaginibacter	B2378_Mucilaginibacter	Bacteria
F443_unidentified	F443_unidentified	Fungi
F887_unidentified	F887_unidentified	Fungi
F287_unidentified	F287_unidentified	Fungi
B662_Bryobacter	B662_Bryobacter	Bacteria
F426_Fusarium	F426_Fusarium	Fungi
B1208_Anaerolinea	B1208_Anaerolinea	Bacteria
B966_f_Opitutaceae	B966_f_Opitutaceae	Bacteria
F229_unidentified	F229_unidentified	Fungi
B1041_Geobacter	B1041_Geobacter	Bacteria
F946_unidentified	F946_unidentified	Fungi
B651_Gemmata	B651_Gemmata	Bacteria
F26_unidentified	F26_unidentified	Fungi
F438_unidentified	F438_unidentified	Fungi
F120_Sporobolomyces	F120_Sporobolomyces	Fungi
B1250_uncultured	B1250_uncultured	Bacteria
B1255_uncultured bacterium	B1255_uncultured bacterium	Bacteria
B740_f_Burkholderiaceae	B740_f_Burkholderiaceae	Bacteria
B348_uncultured soil bacterium	B348_uncultured soil bacterium	Bacteria
B201_Massilia	B201_Massilia	Bacteria
F314_unidentified	F314_unidentified	Fungi
B711_uncultured proteobacterium	B711_uncultured proteobacterium	Bacteria
B2056_uncultured bacterium	B2056_uncultured bacterium	Bacteria
B1079_uncultured	B1079_uncultured	Bacteria
B5106_uncultured	B5106_uncultured	Bacteria
B510_Devosia	B510_Devosia	Bacteria
F936_o_Helotiales	F936_o_Helotiales	Fungi
B1694_WCHB1-32	B1694_WCHB1-32	Bacteria
B931_f_Burkholderiaceae	B931_f_Burkholderiaceae	Bacteria
B1471_uncultured bacterium 5G12	B1471_uncultured bacterium 5G12	Bacteria
F182_o_NA	F182_o_NA	Fungi
B2283_f_Burkholderiaceae	B2283_f_Burkholderiaceae	Bacteria
B2199_Opitutus	B2199_Opitutus	Bacteria
F442_unidentified	F442_unidentified	Fungi
B261_uncultured	B261_uncultured	Bacteria
F411_Venturia	F411_Venturia	Fungi
F501_unidentified	F501_unidentified	Fungi
F157_unidentified	F157_unidentified	Fungi
B1987_AKIW659	B1987_AKIW659	Bacteria
B105_Anaeromyxobacter	B105_Anaeromyxobacter	Bacteria
B372_f_SC-I-84	B372_f_SC-I-84	Bacteria
F359_unidentified	F359_unidentified	Fungi
F830_unidentified	F830_unidentified	Fungi
B1576_uncultured soil bacterium	B1576_uncultured soil bacterium	Bacteria
F282_unidentified	F282_unidentified	Fungi
B2425_uncultured	B2425_uncultured	Bacteria
B1541_GOUTB8	B1541_GOUTB8	Bacteria
B538_f_SC-I-84	B538_f_SC-I-84	Bacteria
B1340_uncultured Prosthecobacter sp.	B1340_uncultured Prosthecobacter sp.	Bacteria
F203_unidentified	F203_unidentified	Fungi
F430_unidentified	F430_unidentified	Fungi
B1059_o_NA	B1059_o_NA	Bacteria
B869_o_Subgroup 7	B869_o_Subgroup 7	Bacteria
B4937_uncultured	B4937_uncultured	Bacteria
F941_unidentified	F941_unidentified	Fungi
B544_uncultured Sorangiineae bacterium	B544_uncultured Sorangiineae bacterium	Bacteria
B385_o_Gastranaerophilales	B385_o_Gastranaerophilales	Bacteria
B1433_f_Gallionellaceae	B1433_f_Gallionellaceae	Bacteria
F393_unidentified	F393_unidentified	Fungi
F497_o_NA	F497_o_NA	Fungi
B508_Phenylobacterium	B508_Phenylobacterium	Bacteria
F541_unidentified	F541_unidentified	Fungi
F705_unidentified	F705_unidentified	Fungi
B885_uncultured	B885_uncultured	Bacteria
F358_unidentified	F358_unidentified	Fungi
F542_unidentified	F542_unidentified	Fungi
B344_f_SC-I-84	B344_f_SC-I-84	Bacteria
F224_Rhizophydium	F224_Rhizophydium	Fungi
F467_Saitozyma	F467_Saitozyma	Fungi
F245_o_NA	F245_o_NA	Fungi
F471_Mortierella	F471_Mortierella	Fungi
F201_unidentified	F201_unidentified	Fungi
B879_uncultured Chlorobiales bacterium	B879_uncultured Chlorobiales bacterium	Bacteria
F92_unidentified	F92_unidentified	Fungi
F546_o_NA	F546_o_NA	Fungi
F464_Rhizophydium	F464_Rhizophydium	Fungi
F659_unidentified	F659_unidentified	Fungi
F378_unidentified	F378_unidentified	Fungi
F519_f_Hyaloscyphaceae	F519_f_Hyaloscyphaceae	Fungi
F1132_unidentified	F1132_unidentified	Fungi
F312_unidentified	F312_unidentified	Fungi
F347_Emericellopsis	F347_Emericellopsis	Fungi
B593_uncultured.Gemmatimonadetes.bacterium	B593_uncultured.Gemmatimonadetes.bacterium	Bacteria
B291_uncultured	B291_uncultured	Bacteria
B1537_Anaerolinea	B1537_Anaerolinea	Bacteria
B3527_uncultured.Chlorobiales.bacterium	B3527_uncultured.Chlorobiales.bacterium	Bacteria
B211_o_SBR1031	B211_o_SBR1031	Bacteria
B1239_uncultured	B1239_uncultured	Bacteria
B1195_f_WD2101.soil.group	B1195_f_WD2101.soil.group	Bacteria
B520_AKIW659	B520_AKIW659	Bacteria
B406_Syntrophobacter	B406_Syntrophobacter	Bacteria
B139_RBG.16.58.14	B139_RBG.16.58.14	Bacteria
B941_uncultured.bacterium	B941_uncultured.bacterium	Bacteria
B427_uncultured.Gemmatimonadetes.bacterium	B427_uncultured.Gemmatimonadetes.bacterium	Bacteria
B1294_f_WD2101.soil.group	B1294_f_WD2101.soil.group	Bacteria
B315_uncultured.Gemmatimonadetes.bacterium	B315_uncultured.Gemmatimonadetes.bacterium	Bacteria
B1354_uncultured.soil.bacterium	B1354_uncultured.soil.bacterium	Bacteria
B619_Leptolinea	B619_Leptolinea	Bacteria
B1064_RBG.16.58.14	B1064_RBG.16.58.14	Bacteria
B3656_uncultured.soil.bacterium	B3656_uncultured.soil.bacterium	Bacteria
B1454_o_Bacteroidales	B1454_o_Bacteroidales	Bacteria
B1200_Leptolinea	B1200_Leptolinea	Bacteria
B1046_uncultured.bacterium	B1046_uncultured.bacterium	Bacteria
B667_Sh765B.TzT.35	B667_Sh765B.TzT.35	Bacteria
B565_uncultured	B565_uncultured	Bacteria
B554_f_WD2101.soil.group	B554_f_WD2101.soil.group	Bacteria
B2769_f_WD2101.soil.group	B2769_f_WD2101.soil.group	Bacteria
B691_uncultured.Caldilineaceae.bacterium	B691_uncultured.Caldilineaceae.bacterium	Bacteria
B1811_LD29	B1811_LD29	Bacteria
B463_uncultured	B463_uncultured	Bacteria
B978_BSV13	B978_BSV13	Bacteria
B1998_uncultured.bacterium.KF.JG30.B11	B1998_uncultured.bacterium.KF.JG30.B11	Bacteria
B218_RBG.16.58.14	B218_RBG.16.58.14	Bacteria
B1779_Anaeromyxobacter	B1779_Anaeromyxobacter	Bacteria
B1431_uncultured.deep.sea.bacterium	B1431_uncultured.deep.sea.bacterium	Bacteria
B1306_o_Microtrichales	B1306_o_Microtrichales	Bacteria
B824_uncultured.soil.bacterium	B824_uncultured.soil.bacterium	Bacteria
B256_uncultured.Gemmatimonadetes.bacterium	B256_uncultured.Gemmatimonadetes.bacterium	Bacteria
B834_Anaerolinea	B834_Anaerolinea	Bacteria
B563_uncultured.eubacterium.WCHB1.50	B563_uncultured.eubacterium.WCHB1.50	Bacteria
B2527_uncultured.bacterium	B2527_uncultured.bacterium	Bacteria
B2651_Spirochaeta.2	B2651_Spirochaeta.2	Bacteria
B1467_uncultured.bacterium	B1467_uncultured.bacterium	Bacteria
B739_uncultured	B739_uncultured	Bacteria
B449_o_SJA.15	B449_o_SJA.15	Bacteria
B1528_uncultured.bacterium	B1528_uncultured.bacterium	Bacteria
B1890_anaerobic.bacterium.MO.CFX2	B1890_anaerobic.bacterium.MO.CFX2	Bacteria
B549_uncultured	B549_uncultured	Bacteria
B674_uncultured.prokaryote	B674_uncultured.prokaryote	Bacteria
B1653_o_Chthoniobacterales	B1653_o_Chthoniobacterales	Bacteria
B802_uncultured	B802_uncultured	Bacteria
B901_uncultured.bacterium	B901_uncultured.bacterium	Bacteria
B367_Dactylosporangium	B367_Dactylosporangium	Bacteria
B64_Rhizomicrobium	B64_Rhizomicrobium	Bacteria
B158_uncultured.bacterium	B158_uncultured.bacterium	Bacteria
B693_o_NA	B693_o_NA	Bacteria
B506_uncultured.eubacterium.WCHB1.50	B506_uncultured.eubacterium.WCHB1.50	Bacteria
B925_Candidatus.Accumulibacter	B925_Candidatus.Accumulibacter	Bacteria
B396_o_RCP2.54	B396_o_RCP2.54	Bacteria
B189_Sideroxydans	B189_Sideroxydans	Bacteria
B225_uncultured.bacterium	B225_uncultured.bacterium	Bacteria
B1038_WCHB1.32	B1038_WCHB1.32	Bacteria
B65_o_RBG.13.54.9	B65_o_RBG.13.54.9	Bacteria
B2371_Zavarzinella	B2371_Zavarzinella	Bacteria
B60_Rhizomicrobium	B60_Rhizomicrobium	Bacteria
B415_uncultured.prokaryote	B415_uncultured.prokaryote	Bacteria
B621_Syntrophobacter	B621_Syntrophobacter	Bacteria
B167_Gemmatimonas	B167_Gemmatimonas	Bacteria
B586_uncultured.Chlorobi.bacterium	B586_uncultured.Chlorobi.bacterium	Bacteria
B421_Gaiella	B421_Gaiella	Bacteria
B1982_uncultured.archaeon	B1982_uncultured.archaeon	Bacteria
B242_Anaeromyxobacter	B242_Anaeromyxobacter	Bacteria
B794_o_NA	B794_o_NA	Bacteria
B1099_uncultured.soil.bacterium	B1099_uncultured.soil.bacterium	Bacteria
B1309_Candidatus.Solibacter	B1309_Candidatus.Solibacter	Bacteria
B1384_f_Pedosphaeraceae	B1384_f_Pedosphaeraceae	Bacteria
B460_uncultured.prokaryote	B460_uncultured.prokaryote	Bacteria
B181_uncultured.Planctomycetales.bacterium	B181_uncultured.Planctomycetales.bacterium	Bacteria
B414_uncultured.Desulfovirga.sp.	B414_uncultured.Desulfovirga.sp.	Bacteria
B258_ADurb.Bin063.1	B258_ADurb.Bin063.1	Bacteria
B896_JGI.0001001.H03	B896_JGI.0001001.H03	Bacteria
B706_uncultured.Desulfuromonadales.bacterium	B706_uncultured.Desulfuromonadales.bacterium	Bacteria
B2385_Candidatus.Solibacter	B2385_Candidatus.Solibacter	Bacteria
B55_Sideroxydans	B55_Sideroxydans	Bacteria
B865_Rhodanobacter	B865_Rhodanobacter	Bacteria
B129_ADurb.Bin063.1	B129_ADurb.Bin063.1	Bacteria
B5237_uncultured.bacterium.SJA.22	B5237_uncultured.bacterium.SJA.22	Bacteria
B499_uncultured	B499_uncultured	Bacteria
B442_uncultured	B442_uncultured	Bacteria
B1651_uncultured	B1651_uncultured	Bacteria
B770_f_WD2101.soil.group	B770_f_WD2101.soil.group	Bacteria
B450_uncultured.prokaryote	B450_uncultured.prokaryote	Bacteria
B3205_Geothrix	B3205_Geothrix	Bacteria
B2358_f_BIrii41	B2358_f_BIrii41	Bacteria
B1512_unidentified.eubacterium.clone.BSV40	B1512_unidentified.eubacterium.clone.BSV40	Bacteria
B1012_WCHB1.32	B1012_WCHB1.32	Bacteria
B1922_Pir2.lineage	B1922_Pir2.lineage	Bacteria
B1473_uncultured.soil.bacterium.PRR.12	B1473_uncultured.soil.bacterium.PRR.12	Bacteria
B151_Pseudolabrys	B151_Pseudolabrys	Bacteria
B1770_metagenome	B1770_metagenome	Bacteria
B1856_Geobacter	B1856_Geobacter	Bacteria
B728_uncultured	B728_uncultured	Bacteria
B1621_Candidatus.Solibacter	B1621_Candidatus.Solibacter	Bacteria
B176_uncultured.bacterium	B176_uncultured.bacterium	Bacteria
B319_anaerobic.bacterium.MO.CFX2	B319_anaerobic.bacterium.MO.CFX2	Bacteria
B573_uncultured.Gemmatimonadetes.bacterium	B573_uncultured.Gemmatimonadetes.bacterium	Bacteria
B1144_Opitutus	B1144_Opitutus	Bacteria
B2899_uncultured.Chlorobiales.bacterium	B2899_uncultured.Chlorobiales.bacterium	Bacteria
B1817_o_NA	B1817_o_NA	Bacteria
B1788_Leptolinea	B1788_Leptolinea	Bacteria
B809_uncultured	B809_uncultured	Bacteria
B251_uncultured.Bellilinea.sp.	B251_uncultured.Bellilinea.sp.	Bacteria
B3917_uncultured.bacterium	B3917_uncultured.bacterium	Bacteria
B2795_f_WD2101.soil.group	B2795_f_WD2101.soil.group	Bacteria
B628_uncultured	B628_uncultured	Bacteria
B168_uncultured.bacterium	B168_uncultured.bacterium	Bacteria
B336_Anaerolinea	B336_Anaerolinea	Bacteria
B516_uncultured.bacterium.SJA.22	B516_uncultured.bacterium.SJA.22	Bacteria
B2443_uncultured.bacterium	B2443_uncultured.bacterium	Bacteria
B1416_uncultured	B1416_uncultured	Bacteria
B1972_f_uncultured	B1972_f_uncultured	Bacteria
B2407_f_SG8.4	B2407_f_SG8.4	Bacteria
B819_Nitrospira	B819_Nitrospira	Bacteria
B145_uncultured.Chloroflexi.bacterium	B145_uncultured.Chloroflexi.bacterium	Bacteria
B471_uncultured.bacterium	B471_uncultured.bacterium	Bacteria
B213_Desulfovibrio	B213_Desulfovibrio	Bacteria
B1065_uncultured.prokaryote	B1065_uncultured.prokaryote	Bacteria
B94_uncultured.Nitrospirae.bacterium	B94_uncultured.Nitrospirae.bacterium	Bacteria
B458_uncultured.prokaryote	B458_uncultured.prokaryote	Bacteria
B1546_uncultured.Acidobacteria.bacterium	B1546_uncultured.Acidobacteria.bacterium	Bacteria
B1009_anaerobic.bacterium.MO.CFX2	B1009_anaerobic.bacterium.MO.CFX2	Bacteria
B1735_uncultured.Acidobacteria.bacterium	B1735_uncultured.Acidobacteria.bacterium	Bacteria
B1152_o_SBR1031	B1152_o_SBR1031	Bacteria
B462_uncultured.Chloroflexi.bacterium	B462_uncultured.Chloroflexi.bacterium	Bacteria
B945_uncultured.proteobacterium	B945_uncultured.proteobacterium	Bacteria
B590_uncultured.Desulfuromonadales.bacterium	B590_uncultured.Desulfuromonadales.bacterium	Bacteria
B736_Candidatus.Solibacter	B736_Candidatus.Solibacter	Bacteria
B90_Variovorax	B90_Variovorax	Bacteria
B6_Sphingomonas	B6_Sphingomonas	Bacteria
B3479_Sphingomonas	B3479_Sphingomonas	Bacteria
B605_uncultured.bacterium.SJA.22	B605_uncultured.bacterium.SJA.22	Bacteria
B505_Haliangium	B505_Haliangium	Bacteria
B2353_ADurb.Bin063.1	B2353_ADurb.Bin063.1	Bacteria
B120_uncultured.Anaerolineaceae.bacterium	B120_uncultured.Anaerolineaceae.bacterium	Bacteria
B845_Candidatus.Udaeobacter	B845_Candidatus.Udaeobacter	Bacteria
B2703_o_SBR1031	B2703_o_SBR1031	Bacteria
B1953_uncultured.Firmicutes.bacterium	B1953_uncultured.Firmicutes.bacterium	Bacteria
B546_uncultured.bacterium	B546_uncultured.bacterium	Bacteria
B133_uncultured.Desulfuromonadales.bacterium	B133_uncultured.Desulfuromonadales.bacterium	Bacteria
B690_o_Subgroup.7	B690_o_Subgroup.7	Bacteria
B1348_f_Chitinophagaceae	B1348_f_Chitinophagaceae	Bacteria
B104_uncultured.bacterium	B104_uncultured.bacterium	Bacteria
B655_f_WD2101.soil.group	B655_f_WD2101.soil.group	Bacteria
B38_uncultured.prokaryote	B38_uncultured.prokaryote	Bacteria
B185_ADurb.Bin063.1	B185_ADurb.Bin063.1	Bacteria
B241_uncultured	B241_uncultured	Bacteria
B687_uncultured.Alkaliflexus.sp.	B687_uncultured.Alkaliflexus.sp.	Bacteria
B924_uncultured	B924_uncultured	Bacteria
B778_Mucilaginibacter	B778_Mucilaginibacter	Bacteria
B839_f_uncultured	B839_f_uncultured	Bacteria
B1504_o_NA	B1504_o_NA	Bacteria
B876_uncultured	B876_uncultured	Bacteria
B378_f_WD2101.soil.group	B378_f_WD2101.soil.group	Bacteria
B2762_Candidatus.Koribacter	B2762_Candidatus.Koribacter	Bacteria
B985_uncultured.soil.bacterium.PBS.II.37	B985_uncultured.soil.bacterium.PBS.II.37	Bacteria
B1129_uncultured.soil.bacterium	B1129_uncultured.soil.bacterium	Bacteria
B174_f_Bacteroidetes.vadinHA17	B174_f_Bacteroidetes.vadinHA17	Bacteria
B443_RBG.16.58.14	B443_RBG.16.58.14	Bacteria
B4516_Desulfatiglans	B4516_Desulfatiglans	Bacteria
B3582_Pir3.lineage	B3582_Pir3.lineage	Bacteria
B2304_Candidatus.Solibacter	B2304_Candidatus.Solibacter	Bacteria
B455_Desulfobacca	B455_Desulfobacca	Bacteria
B938_Clostridium.sensu.stricto.12	B938_Clostridium.sensu.stricto.12	Bacteria
B1085_uncultured.prokaryote	B1085_uncultured.prokaryote	Bacteria
B1508_wastewater.metagenome	B1508_wastewater.metagenome	Bacteria
B267_f_Burkholderiaceae	B267_f_Burkholderiaceae	Bacteria
B422_uncultured	B422_uncultured	Bacteria
B2877_Ferruginibacter	B2877_Ferruginibacter	Bacteria
B522_uncultured.soil.bacterium	B522_uncultured.soil.bacterium	Bacteria
B146_uncultured.prokaryote	B146_uncultured.prokaryote	Bacteria
B804_Anaerolinea	B804_Anaerolinea	Bacteria
B402_uncultured.soil.bacterium	B402_uncultured.soil.bacterium	Bacteria
B4095_Candidatus.Anammoximicrobium	B4095_Candidatus.Anammoximicrobium	Bacteria
B171_uncultured.prokaryote	B171_uncultured.prokaryote	Bacteria
B1033_ADurb.Bin063.1	B1033_ADurb.Bin063.1	Bacteria
B1692_Dyella	B1692_Dyella	Bacteria
B635_ADurb.Bin063.1	B635_ADurb.Bin063.1	Bacteria
B469_uncultured.bacterium	B469_uncultured.bacterium	Bacteria
B537_uncultured.prokaryote	B537_uncultured.prokaryote	Bacteria
B4284_uncultured.soil.bacterium	B4284_uncultured.soil.bacterium	Bacteria
B1255_uncultured.bacterium	B1255_uncultured.bacterium	Bacteria
B113_o_RBG.13.54.9	B113_o_RBG.13.54.9	Bacteria
B872_uncultured.bacterium	B872_uncultured.bacterium	Bacteria
B411_uncultured.prokaryote	B411_uncultured.prokaryote	Bacteria
B1039_uncultured.prokaryote	B1039_uncultured.prokaryote	Bacteria
B1355_Bryobacter	B1355_Bryobacter	Bacteria
B245_f_Xanthobacteraceae	B245_f_Xanthobacteraceae	Bacteria
B779_Flavisolibacter	B779_Flavisolibacter	Bacteria
B1290_Candidatus.Solibacter	B1290_Candidatus.Solibacter	Bacteria
B1710_Luteolibacter	B1710_Luteolibacter	Bacteria
B643_ADurb.Bin063.1	B643_ADurb.Bin063.1	Bacteria
B231_Geobacter	B231_Geobacter	Bacteria
B1066_o_IMCC26256	B1066_o_IMCC26256	Bacteria
B631_Anaeromyxobacter	B631_Anaeromyxobacter	Bacteria
B1381_metagenome	B1381_metagenome	Bacteria
B1644_uncultured.Acidobacteriaceae.bacterium	B1644_uncultured.Acidobacteriaceae.bacterium	Bacteria
B1973_o_Subgroup.7	B1973_o_Subgroup.7	Bacteria
B598_uncultured.soil.bacterium	B598_uncultured.soil.bacterium	Bacteria
B88_uncultured.Alkaliflexus.sp.	B88_uncultured.Alkaliflexus.sp.	Bacteria
B1581_Candidatus.Solibacter	B1581_Candidatus.Solibacter	Bacteria
B606_Desulfobacca	B606_Desulfobacca	Bacteria
B538_f_SC.I.84	B538_f_SC.I.84	Bacteria
B150_RBG.16.58.14	B150_RBG.16.58.14	Bacteria
B1574_ADurb.Bin063.1	B1574_ADurb.Bin063.1	Bacteria
B6769_Rhodanobacter	B6769_Rhodanobacter	Bacteria
B1283_uncultured.Syntrophaceae.bacterium	B1283_uncultured.Syntrophaceae.bacterium	Bacteria
B815_uncultured.bacterium	B815_uncultured.bacterium	Bacteria
B2380_ADurb.Bin063.1	B2380_ADurb.Bin063.1	Bacteria
B53_f_SC.I.84	B53_f_SC.I.84	Bacteria
B195_uncultured.soil.bacterium	B195_uncultured.soil.bacterium	Bacteria
B1247_uncultured.soil.bacterium	B1247_uncultured.soil.bacterium	Bacteria
B294_Geothrix	B294_Geothrix	Bacteria
B1304_uncultured.bacterium.KF.JG30.B11	B1304_uncultured.bacterium.KF.JG30.B11	Bacteria
B544_uncultured.Sorangiineae.bacterium	B544_uncultured.Sorangiineae.bacterium	Bacteria
B488_uncultured.prokaryote	B488_uncultured.prokaryote	Bacteria
B223_uncultured.Sphingobacteriales.bacterium	B223_uncultured.Sphingobacteriales.bacterium	Bacteria
B1694_WCHB1.32	B1694_WCHB1.32	Bacteria
B283_uncultured.Thermaerobacter.sp.	B283_uncultured.Thermaerobacter.sp.	Bacteria
B484_Candidatus.Koribacter	B484_Candidatus.Koribacter	Bacteria
B348_uncultured.soil.bacterium	B348_uncultured.soil.bacterium	Bacteria
B1340_uncultured.Prosthecobacter.sp.	B1340_uncultured.Prosthecobacter.sp.	Bacteria
B205_uncultured.prokaryote	B205_uncultured.prokaryote	Bacteria
B1190_uncultured.soil.bacterium	B1190_uncultured.soil.bacterium	Bacteria
B670_f_uncultured	B670_f_uncultured	Bacteria
B1113_Dactylosporangium	B1113_Dactylosporangium	Bacteria
B173_uncultured.planctomycete	B173_uncultured.planctomycete	Bacteria
B25_uncultured.prokaryote	B25_uncultured.prokaryote	Bacteria
B1188_o_Subgroup.7	B1188_o_Subgroup.7	Bacteria
B344_f_SC.I.84	B344_f_SC.I.84	Bacteria
B316_uncultured.Thermaerobacter.sp.	B316_uncultured.Thermaerobacter.sp.	Bacteria
B1329_uncultured	B1329_uncultured	Bacteria
B1576_uncultured.soil.bacterium	B1576_uncultured.soil.bacterium	Bacteria
B1561_Thiobacillus	B1561_Thiobacillus	Bacteria
B572_uncultured.Cytophagales.bacterium	B572_uncultured.Cytophagales.bacterium	Bacteria
B880_ADurb.Bin063.1	B880_ADurb.Bin063.1	Bacteria
B2276_uncultured.bacterium	B2276_uncultured.bacterium	Bacteria
B62_Clostridium.sensu.stricto.1	B62_Clostridium.sensu.stricto.1	Bacteria
B112_uncultured.prokaryote	B112_uncultured.prokaryote	Bacteria
B383_uncultured.bacterium	B383_uncultured.bacterium	Bacteria
B879_uncultured.Chlorobiales.bacterium	B879_uncultured.Chlorobiales.bacterium	Bacteria
B441_Actinobacteria.bacterium.RBG_19FT_COMBO_70_19	B441_Actinobacteria.bacterium.RBG_19FT_COMBO_70_19	Bacteria
F217_unidentified	F217_unidentified	Fungi
F342_unidentified	F342_unidentified	Fungi
F382_unidentified	F382_unidentified	Fungi
F796_unidentified	F796_unidentified	Fungi
F374_unidentified	F374_unidentified	Fungi
F1235_unidentified	F1235_unidentified	Fungi
F2598_unidentified	F2598_unidentified	Fungi
F842_unidentified	F842_unidentified	Fungi
F579_unidentified	F579_unidentified	Fungi
F396_unidentified	F396_unidentified	Fungi
F54_Pyrenochaetopsis	F54_Pyrenochaetopsis	Fungi
F959_unidentified	F959_unidentified	Fungi
F1304_unidentified	F1304_unidentified	Fungi
F807_Trichoderma	F807_Trichoderma	Fungi
F326_Mortierella	F326_Mortierella	Fungi
