id	label	Bacteria
B2112_Clostridium sensu stricto 8	B2112_Clostridium sensu stricto 8	Bacteria
B5607_Pantoea	B5607_Pantoea	Bacteria
B464_Pseudomonas	B464_Pseudomonas	Bacteria
B1208_Anaerolinea	B1208_Anaerolinea	Bacteria
B9908_Allorhizobium-Neorhizobium-Pararhizobium-Rhizobium	B9908_Allorhizobium-Neorhizobium-Pararhizobium-Rhizobium	Bacteria
B837_f_Burkholderiaceae	B837_f_Burkholderiaceae	Bacteria
F3275_o_NA	F3275_o_NA	Fungi
F277_Peniophora	F277_Peniophora	Fungi
F120_Sporobolomyces	F120_Sporobolomyces	Fungi
F488_Penicillium	F488_Penicillium	Fungi
F85_Fusarium	F85_Fusarium	Fungi
B442_uncultured	B442_uncultured	Bacteria
B6538_Pedobacter	B6538_Pedobacter	Bacteria
B113_o_RBG-13-54-9	B113_o_RBG-13-54-9	Bacteria
B8317_Rothia	B8317_Rothia	Bacteria
B9662_Streptomyces	B9662_Streptomyces	Bacteria
B3543_Bacillus	B3543_Bacillus	Bacteria
B8631_Corynebacterium	B8631_Corynebacterium	Bacteria
F48_unidentified	F48_unidentified	Fungi
F28_f_Hypocreales_fam_Incertae_sedis	F28_f_Hypocreales_fam_Incertae_sedis	Fungi
F89_Aureobasidium	F89_Aureobasidium	Fungi
F5_Alternaria	F5_Alternaria	Fungi
F199_Aureobasidium	F199_Aureobasidium	Fungi
B1646_Asinibacterium	B1646_Asinibacterium	Bacteria
F1226_o_Capnodiales	F1226_o_Capnodiales	Fungi
F991_o_NA	F991_o_NA	Fungi
B5789_Pseudomonas	B5789_Pseudomonas	Bacteria
B1287_Allorhizobium-Neorhizobium-Pararhizobium-Rhizobium	B1287_Allorhizobium-Neorhizobium-Pararhizobium-Rhizobium	Bacteria
B3510_Lysinibacillus	B3510_Lysinibacillus	Bacteria
F4_o_Pleosporales	F4_o_Pleosporales	Fungi
F1757_Rhodotorula	F1757_Rhodotorula	Fungi
B5797_Acinetobacter	B5797_Acinetobacter	Bacteria
B23_f_Burkholderiaceae	B23_f_Burkholderiaceae	Bacteria
B338_uncultured bacterium	B338_uncultured bacterium	Bacteria
F137_Malassezia	F137_Malassezia	Fungi
F391_Nigrospora	F391_Nigrospora	Fungi
F20_Edenia	F20_Edenia	Fungi
F280_o_Polyporales	F280_o_Polyporales	Fungi
F328_Phaeosphaeria	F328_Phaeosphaeria	Fungi
F166_Aspergillus	F166_Aspergillus	Fungi
B21_Methylobacterium	B21_Methylobacterium	Bacteria
B2136_Spirosoma	B2136_Spirosoma	Bacteria
B838_Pseudomonas	B838_Pseudomonas	Bacteria
B12207_Larkinella	B12207_Larkinella	Bacteria
B906_Clostridium sensu stricto 11	B906_Clostridium sensu stricto 11	Bacteria
F1422_Penicillium	F1422_Penicillium	Fungi
F16_Pyricularia	F16_Pyricularia	Fungi
F1191_Preussia	F1191_Preussia	Fungi
F3226_Penicillium	F3226_Penicillium	Fungi
F9_Chaetomium	F9_Chaetomium	Fungi
B9_Methylobacterium	B9_Methylobacterium	Bacteria
B54_uncultured	B54_uncultured	Bacteria
B3_Sphingomonas	B3_Sphingomonas	Bacteria
B1470_uncultured	B1470_uncultured	Bacteria
B7798_Corynebacterium 1	B7798_Corynebacterium 1	Bacteria
B2656_Marmoricola	B2656_Marmoricola	Bacteria
B1738_uncultured Termite group 1 bacterium	B1738_uncultured Termite group 1 bacterium	Bacteria
F356_Paraconiothyrium	F356_Paraconiothyrium	Fungi
F29_f_Didymellaceae	F29_f_Didymellaceae	Fungi
F6_Cladosporium	F6_Cladosporium	Fungi
F36_Moesziomyces	F36_Moesziomyces	Fungi
B77_Allorhizobium-Neorhizobium-Pararhizobium-Rhizobium	B77_Allorhizobium-Neorhizobium-Pararhizobium-Rhizobium	Bacteria
B32_Bradyrhizobium	B32_Bradyrhizobium	Bacteria
B1610_Clostridium sensu stricto 10	B1610_Clostridium sensu stricto 10	Bacteria
F13_Zopfiella	F13_Zopfiella	Fungi
B7072_o_NA	B7072_o_NA	Bacteria
B11421_Streptococcus	B11421_Streptococcus	Bacteria
B98_Sphingomonas	B98_Sphingomonas	Bacteria
F832_f_Stereaceae	F832_f_Stereaceae	Fungi
F913_Auriporia	F913_Auriporia	Fungi
F1478_o_Saccharomycetales	F1478_o_Saccharomycetales	Fungi
F809_f_Didymellaceae	F809_f_Didymellaceae	Fungi
F441_o_Hypocreales	F441_o_Hypocreales	Fungi
F575_Trametes	F575_Trametes	Fungi
F90_Pseudogymnoascus	F90_Pseudogymnoascus	Fungi
B1542_uncultured	B1542_uncultured	Bacteria
F11_Sarocladium	F11_Sarocladium	Fungi
F31_Fusarium	F31_Fusarium	Fungi
B26_Bradyrhizobium	B26_Bradyrhizobium	Bacteria
B6612_Pseudomonas	B6612_Pseudomonas	Bacteria
B10101_uncultured	B10101_uncultured	Bacteria
F22_Setophoma	F22_Setophoma	Fungi
B461_Acinetobacter	B461_Acinetobacter	Bacteria
B15934_SR1 bacterium oral taxon 875	B15934_SR1 bacterium oral taxon 875	Bacteria
B13_Aureimonas	B13_Aureimonas	Bacteria
B769_Pseudomonas	B769_Pseudomonas	Bacteria
B7_Curtobacterium	B7_Curtobacterium	Bacteria
F5944_unidentified	F5944_unidentified	Fungi
F1626_unidentified	F1626_unidentified	Fungi
B8591_o_Bacillales	B8591_o_Bacillales	Bacteria
B209_Escherichia-Shigella	B209_Escherichia-Shigella	Bacteria
F1509_unidentified	F1509_unidentified	Fungi
B12701_uncultured bacterium	B12701_uncultured bacterium	Bacteria
F228_Purpureocillium	F228_Purpureocillium	Fungi
B24_Bradyrhizobium	B24_Bradyrhizobium	Bacteria
F3_Moesziomyces	F3_Moesziomyces	Fungi
B2089_Rubrobacter	B2089_Rubrobacter	Bacteria
B138_Nakamurella	B138_Nakamurella	Bacteria
B173_uncultured planctomycete	B173_uncultured planctomycete	Bacteria
B307_Bacillus	B307_Bacillus	Bacteria
B814_Sediminibacterium	B814_Sediminibacterium	Bacteria
F131_unidentified	F131_unidentified	Fungi
F4117_unidentified	F4117_unidentified	Fungi
F361_Phaeosphaeria	F361_Phaeosphaeria	Fungi
F158_Diaporthe	F158_Diaporthe	Fungi
F27_Curvularia	F27_Curvularia	Fungi
B2_Methylobacterium	B2_Methylobacterium	Bacteria
B254_Pseudomonas	B254_Pseudomonas	Bacteria
B2601_Acinetobacter	B2601_Acinetobacter	Bacteria
F961_o_Chaetothyriales	F961_o_Chaetothyriales	Fungi
F1718_Candida	F1718_Candida	Fungi
F2430_unidentified	F2430_unidentified	Fungi
F673_Erythrobasidium	F673_Erythrobasidium	Fungi
F178_Schizopora	F178_Schizopora	Fungi
B11880_Chryseobacterium	B11880_Chryseobacterium	Bacteria
F3758_Hypochnicium	F3758_Hypochnicium	Fungi
F292_Engyodontium	F292_Engyodontium	Fungi
B5963_Prevotella	B5963_Prevotella	Bacteria
F2_Nigrospora	F2_Nigrospora	Fungi
F61_o_Pleosporales	F61_o_Pleosporales	Fungi
F12_o_Pleosporales	F12_o_Pleosporales	Fungi
F241_o_Tremellales	F241_o_Tremellales	Fungi
F190_Irpex	F190_Irpex	Fungi
B13325_uncultured.soil.bacterium	B13325_uncultured.soil.bacterium	Bacteria
B10416_f_Thermoactinomycetaceae	B10416_f_Thermoactinomycetaceae	Bacteria
B7735_o_NA	B7735_o_NA	Bacteria
B276_Leifsonia	B276_Leifsonia	Bacteria
B1601_o_NA	B1601_o_NA	Bacteria
B2112_Clostridium.sensu.stricto.8	B2112_Clostridium.sensu.stricto.8	Bacteria
B2013_uncultured	B2013_uncultured	Bacteria
B22_uncultured.Roseobacter.sp.	B22_uncultured.Roseobacter.sp.	Bacteria
B7518_Thermincola	B7518_Thermincola	Bacteria
B2675_uncultured	B2675_uncultured	Bacteria
B1288_Luteibacter	B1288_Luteibacter	Bacteria
B6598_uncultured.bacterium	B6598_uncultured.bacterium	Bacteria
B5839_Ralstonia	B5839_Ralstonia	Bacteria
B210_Ralstonia	B210_Ralstonia	Bacteria
B919_f_Burkholderiaceae	B919_f_Burkholderiaceae	Bacteria
B113_o_RBG.13.54.9	B113_o_RBG.13.54.9	Bacteria
B1610_Clostridium.sensu.stricto.10	B1610_Clostridium.sensu.stricto.10	Bacteria
B503_Escherichia.Shigella	B503_Escherichia.Shigella	Bacteria
B7798_Corynebacterium.1	B7798_Corynebacterium.1	Bacteria
B4075_Tumebacillus	B4075_Tumebacillus	Bacteria
B906_Clostridium.sensu.stricto.11	B906_Clostridium.sensu.stricto.11	Bacteria
B77_Allorhizobium.Neorhizobium.Pararhizobium.Rhizobium	B77_Allorhizobium.Neorhizobium.Pararhizobium.Rhizobium	Bacteria
B1738_uncultured.Termite.group.1.bacterium	B1738_uncultured.Termite.group.1.bacterium	Bacteria
B338_uncultured.bacterium	B338_uncultured.bacterium	Bacteria
B262_uncultured	B262_uncultured	Bacteria
B671_uncultured.Geobacter.sp.	B671_uncultured.Geobacter.sp.	Bacteria
B12701_uncultured.bacterium	B12701_uncultured.bacterium	Bacteria
B15_Sphingomonas	B15_Sphingomonas	Bacteria
B173_uncultured.planctomycete	B173_uncultured.planctomycete	Bacteria
B1287_Allorhizobium.Neorhizobium.Pararhizobium.Rhizobium	B1287_Allorhizobium.Neorhizobium.Pararhizobium.Rhizobium	Bacteria
B1_Pantoea	B1_Pantoea	Bacteria
B9908_Allorhizobium.Neorhizobium.Pararhizobium.Rhizobium	B9908_Allorhizobium.Neorhizobium.Pararhizobium.Rhizobium	Bacteria
B209_Escherichia.Shigella	B209_Escherichia.Shigella	Bacteria
