id	label	Bacteria
B510_Devosia	B510_Devosia	Bacteria
B3445_Luteolibacter	B3445_Luteolibacter	Bacteria
B6590_f_Burkholderiaceae	B6590_f_Burkholderiaceae	Bacteria
B1450_Acinetobacter	B1450_Acinetobacter	Bacteria
B2780_f_Burkholderiaceae	B2780_f_Burkholderiaceae	Bacteria
B1804_Corynebacterium	B1804_Corynebacterium	Bacteria
F8_unidentified	F8_unidentified	Fungi
F567_Ceriporia	F567_Ceriporia	Fungi
B2481_uncultured Acidobacteria bacterium	B2481_uncultured Acidobacteria bacterium	Bacteria
B1177_f_Burkholderiaceae	B1177_f_Burkholderiaceae	Bacteria
B1530_Pseudoflavitalea	B1530_Pseudoflavitalea	Bacteria
B1768_o_NA	B1768_o_NA	Bacteria
B209_Escherichia-Shigella	B209_Escherichia-Shigella	Bacteria
B144_Bradyrhizobium	B144_Bradyrhizobium	Bacteria
B29_Methylobacterium	B29_Methylobacterium	Bacteria
B54_uncultured	B54_uncultured	Bacteria
B388_Mycobacterium	B388_Mycobacterium	Bacteria
B437_Escherichia-Shigella	B437_Escherichia-Shigella	Bacteria
B272_Novosphingobium	B272_Novosphingobium	Bacteria
B1567_Devosia	B1567_Devosia	Bacteria
B1281_Polaromonas	B1281_Polaromonas	Bacteria
B110_Roseateles	B110_Roseateles	Bacteria
F81_Cladosporium	F81_Cladosporium	Fungi
F648_unidentified	F648_unidentified	Fungi
F5_Alternaria	F5_Alternaria	Fungi
B260_Pseudomonas	B260_Pseudomonas	Bacteria
B153_Ralstonia	B153_Ralstonia	Bacteria
B919_f_Burkholderiaceae	B919_f_Burkholderiaceae	Bacteria
B317_Brevundimonas	B317_Brevundimonas	Bacteria
B1862_Pajaroellobacter	B1862_Pajaroellobacter	Bacteria
B5155_uncultured	B5155_uncultured	Bacteria
B6928_Neisseria	B6928_Neisseria	Bacteria
B1776_Cloacibacterium	B1776_Cloacibacterium	Bacteria
B227_Allorhizobium-Neorhizobium-Pararhizobium-Rhizobium	B227_Allorhizobium-Neorhizobium-Pararhizobium-Rhizobium	Bacteria
F187_o_Chaetothyriales	F187_o_Chaetothyriales	Fungi
F404_Curvularia	F404_Curvularia	Fungi
F795_Colletotrichum	F795_Colletotrichum	Fungi
F268_Sarocladium	F268_Sarocladium	Fungi
B138_Nakamurella	B138_Nakamurella	Bacteria
B1174_Nocardioides	B1174_Nocardioides	Bacteria
F133_Cyphellophora	F133_Cyphellophora	Fungi
F33_unidentified	F33_unidentified	Fungi
F389_f_Sympoventuriaceae	F389_f_Sympoventuriaceae	Fungi
B37_Allorhizobium-Neorhizobium-Pararhizobium-Rhizobium	B37_Allorhizobium-Neorhizobium-Pararhizobium-Rhizobium	Bacteria
B11_Xanthomonas	B11_Xanthomonas	Bacteria
B21_Methylobacterium	B21_Methylobacterium	Bacteria
B31_Quadrisphaera	B31_Quadrisphaera	Bacteria
B33_Kineococcus	B33_Kineococcus	Bacteria
B2727_Nocardioides	B2727_Nocardioides	Bacteria
B636_Curtobacterium	B636_Curtobacterium	Bacteria
B19_Xanthomonas	B19_Xanthomonas	Bacteria
F115_unidentified	F115_unidentified	Fungi
F2_Nigrospora	F2_Nigrospora	Fungi
F117_Saitozyma	F117_Saitozyma	Fungi
F50_Thanatephorus	F50_Thanatephorus	Fungi
F29_f_Didymellaceae	F29_f_Didymellaceae	Fungi
F36_Moesziomyces	F36_Moesziomyces	Fungi
F22_Setophoma	F22_Setophoma	Fungi
B2787_f_Burkholderiaceae	B2787_f_Burkholderiaceae	Bacteria
B2664_Singulisphaera	B2664_Singulisphaera	Bacteria
B4265_Acidovorax	B4265_Acidovorax	Bacteria
F106_unidentified	F106_unidentified	Fungi
F130_Ramichloridium	F130_Ramichloridium	Fungi
B3909_Endobacter	B3909_Endobacter	Bacteria
B5911_Actinomyces	B5911_Actinomyces	Bacteria
B3744_Corynebacterium	B3744_Corynebacterium	Bacteria
B7_Curtobacterium	B7_Curtobacterium	Bacteria
F785_Peniophorella	F785_Peniophorella	Fungi
F4_o_Pleosporales	F4_o_Pleosporales	Fungi
F6_Cladosporium	F6_Cladosporium	Fungi
B1716_Nocardioides	B1716_Nocardioides	Bacteria
B8173_o_Subgroup 7	B8173_o_Subgroup 7	Bacteria
B894_f_BIrii41	B894_f_BIrii41	Bacteria
B8751_uncultured bacterium	B8751_uncultured bacterium	Bacteria
B3308_o_R7C24	B3308_o_R7C24	Bacteria
F75_unidentified	F75_unidentified	Fungi
F330_o_NA	F330_o_NA	Fungi
F1537_o_NA	F1537_o_NA	Fungi
B850_uncultured prokaryote	B850_uncultured prokaryote	Bacteria
B2523_metagenome	B2523_metagenome	Bacteria
B5152_Xanthomonas	B5152_Xanthomonas	Bacteria
B820_Hyphomicrobium	B820_Hyphomicrobium	Bacteria
B2229_Roseomonas	B2229_Roseomonas	Bacteria
B5189_Sediminibacterium	B5189_Sediminibacterium	Bacteria
F743_Sclerostagonospora	F743_Sclerostagonospora	Fungi
B8917_Bacillus	B8917_Bacillus	Bacteria
B24_Bradyrhizobium	B24_Bradyrhizobium	Bacteria
B4_Pantoea	B4_Pantoea	Bacteria
F61_o_Pleosporales	F61_o_Pleosporales	Fungi
F53_Pyrenochaetopsis	F53_Pyrenochaetopsis	Fungi
B1745_Enterococcus	B1745_Enterococcus	Bacteria
B3931_f_Burkholderiaceae	B3931_f_Burkholderiaceae	Bacteria
B4804_Neisseria	B4804_Neisseria	Bacteria
B4366_Actinomyces	B4366_Actinomyces	Bacteria
F99_Cistella	F99_Cistella	Fungi
F37_unidentified	F37_unidentified	Fungi
F752_Arthrinium	F752_Arthrinium	Fungi
B797_Pandoraea	B797_Pandoraea	Bacteria
B553_Devosia	B553_Devosia	Bacteria
B4768_Corynebacterium	B4768_Corynebacterium	Bacteria
F3898_o_NA	F3898_o_NA	Fungi
F688_Alternaria	F688_Alternaria	Fungi
F137_Malassezia	F137_Malassezia	Fungi
F376_Gibellulopsis	F376_Gibellulopsis	Fungi
F660_Simplicillium	F660_Simplicillium	Fungi
F1318_Toxicocladosporium	F1318_Toxicocladosporium	Fungi
B968_Acidibacter	B968_Acidibacter	Bacteria
F12_o_Pleosporales	F12_o_Pleosporales	Fungi
B39_Paenibacillus	B39_Paenibacillus	Bacteria
B95_Allorhizobium-Neorhizobium-Pararhizobium-Rhizobium	B95_Allorhizobium-Neorhizobium-Pararhizobium-Rhizobium	Bacteria
F105_Clonostachys	F105_Clonostachys	Fungi
F3_Moesziomyces	F3_Moesziomyces	Fungi
F20_Edenia	F20_Edenia	Fungi
F28_f_Hypocreales_fam_Incertae_sedis	F28_f_Hypocreales_fam_Incertae_sedis	Fungi
B2_Methylobacterium	B2_Methylobacterium	Bacteria
B1_Pantoea	B1_Pantoea	Bacteria
F54_Pyrenochaetopsis	F54_Pyrenochaetopsis	Fungi
F135_o_Pleosporales	F135_o_Pleosporales	Fungi
F124_Stachybotrys	F124_Stachybotrys	Fungi
B1667_o_NA	B1667_o_NA	Bacteria
B1541_GOUTB8	B1541_GOUTB8	Bacteria
F131_unidentified	F131_unidentified	Fungi
F85_Fusarium	F85_Fusarium	Fungi
B13_Aureimonas	B13_Aureimonas	Bacteria
F55_f_Nectriaceae	F55_f_Nectriaceae	Fungi
B6624_Bryocella	B6624_Bryocella	Bacteria
F16_Pyricularia	F16_Pyricularia	Fungi
B11862_Crocinitomix	B11862_Crocinitomix	Bacteria
F69_o_Pleosporales	F69_o_Pleosporales	Fungi
F27_Curvularia	F27_Curvularia	Fungi
B3383_Tumebacillus	B3383_Tumebacillus	Bacteria
F322_Penicillium	F322_Penicillium	Fungi
F116_Curvularia	F116_Curvularia	Fungi
B3508_Burkholderia-Caballeronia-Paraburkholderia	B3508_Burkholderia-Caballeronia-Paraburkholderia	Bacteria
F1206_Coprinellus	F1206_Coprinellus	Fungi
B4043_uncultured	B4043_uncultured	Bacteria
F18_f_Phaeosphaeriaceae	F18_f_Phaeosphaeriaceae	Fungi
B5289_Lysobacter	B5289_Lysobacter	Bacteria
B12261_Sporosarcina	B12261_Sporosarcina	Bacteria
B149_Mucilaginibacter	B149_Mucilaginibacter	Bacteria
F59_Podospora	F59_Podospora	Fungi
B9670_f_Veillonellaceae	B9670_f_Veillonellaceae	Bacteria
F435_Cyberlindnera	F435_Cyberlindnera	Fungi
F220_Acremonium	F220_Acremonium	Fungi
F93_Gaeumannomyces	F93_Gaeumannomyces	Fungi
F30_unidentified	F30_unidentified	Fungi
B587_Alicycliphilus	B587_Alicycliphilus	Bacteria
B1008_Spirosoma	B1008_Spirosoma	Bacteria
B4470_uncultured	B4470_uncultured	Bacteria
F639_Aspergillus	F639_Aspergillus	Fungi
F712_Fusarium	F712_Fusarium	Fungi
B3_Sphingomonas	B3_Sphingomonas	Bacteria
B338_uncultured bacterium	B338_uncultured bacterium	Bacteria
B1114_Dyadobacter	B1114_Dyadobacter	Bacteria
B62_Clostridium sensu stricto 1	B62_Clostridium sensu stricto 1	Bacteria
F199_Aureobasidium	F199_Aureobasidium	Fungi
F277_Peniophora	F277_Peniophora	Fungi
F226_Saitozyma	F226_Saitozyma	Fungi
B9464_f_Pasteurellaceae	B9464_f_Pasteurellaceae	Bacteria
F1164_Antrodiella	F1164_Antrodiella	Fungi
F354_Coniothyrium	F354_Coniothyrium	Fungi
B10353_uncultured	B10353_uncultured	Bacteria
B339_Noviherbaspirillum	B339_Noviherbaspirillum	Bacteria
B3345_Actinomycetospora	B3345_Actinomycetospora	Bacteria
B4570_Phycicoccus	B4570_Phycicoccus	Bacteria
F2624_Knufia	F2624_Knufia	Fungi
F361_Phaeosphaeria	F361_Phaeosphaeria	Fungi
F233_Periconia	F233_Periconia	Fungi
B5119_Acinetobacter	B5119_Acinetobacter	Bacteria
F310_unidentified	F310_unidentified	Fungi
F356_Paraconiothyrium	F356_Paraconiothyrium	Fungi
F219_unidentified	F219_unidentified	Fungi
F89_Aureobasidium	F89_Aureobasidium	Fungi
F21_Acremonium	F21_Acremonium	Fungi
F107_o_Helotiales	F107_o_Helotiales	Fungi
F773_Colletotrichum	F773_Colletotrichum	Fungi
B1139_Mucilaginibacter	B1139_Mucilaginibacter	Bacteria
F337_Myrmecridium	F337_Myrmecridium	Fungi
F207_o_Tremellales	F207_o_Tremellales	Fungi
F45_f_Didymellaceae	F45_f_Didymellaceae	Fungi
F893_Hypoxylon	F893_Hypoxylon	Fungi
B5264_o_OPB56	B5264_o_OPB56	Bacteria
B2127_o_NA	B2127_o_NA	Bacteria
B13981_f_Pedosphaeraceae	B13981_f_Pedosphaeraceae	Bacteria
B12791_uncultured.verrucomicrobium.DEV008	B12791_uncultured.verrucomicrobium.DEV008	Bacteria
B780_Spirosoma	B780_Spirosoma	Bacteria
B10625_uncultured.bacterium	B10625_uncultured.bacterium	Bacteria
B12366_Acidobacteria.bacterium.WX27	B12366_Acidobacteria.bacterium.WX27	Bacteria
B1778_o_SJA.15	B1778_o_SJA.15	Bacteria
B10181_Moheibacter	B10181_Moheibacter	Bacteria
B5398_Spirosoma	B5398_Spirosoma	Bacteria
B2322_Legionella	B2322_Legionella	Bacteria
B282_Acinetobacter	B282_Acinetobacter	Bacteria
B4701_Patulibacter	B4701_Patulibacter	Bacteria
B34_Bradyrhizobium	B34_Bradyrhizobium	Bacteria
B640_f_Intrasporangiaceae	B640_f_Intrasporangiaceae	Bacteria
B6334_Desulfovibrio	B6334_Desulfovibrio	Bacteria
B22_uncultured.Roseobacter.sp.	B22_uncultured.Roseobacter.sp.	Bacteria
B5890_Singulisphaera	B5890_Singulisphaera	Bacteria
B9374_o_NA	B9374_o_NA	Bacteria
B8105_f_Fimbriimonadaceae	B8105_f_Fimbriimonadaceae	Bacteria
B2481_uncultured.Acidobacteria.bacterium	B2481_uncultured.Acidobacteria.bacterium	Bacteria
B10475_Hydrogenispora	B10475_Hydrogenispora	Bacteria
B2091_f_Enterobacteriaceae	B2091_f_Enterobacteriaceae	Bacteria
B2489_Pir4.lineage	B2489_Pir4.lineage	Bacteria
B10047_o_NA	B10047_o_NA	Bacteria
B4877_Labrys	B4877_Labrys	Bacteria
B71_Methylobacterium	B71_Methylobacterium	Bacteria
B37_Allorhizobium.Neorhizobium.Pararhizobium.Rhizobium	B37_Allorhizobium.Neorhizobium.Pararhizobium.Rhizobium	Bacteria
B735_uncultured.bacterium	B735_uncultured.bacterium	Bacteria
B26_Bradyrhizobium	B26_Bradyrhizobium	Bacteria
B464_Pseudomonas	B464_Pseudomonas	Bacteria
B5_Pseudomonas	B5_Pseudomonas	Bacteria
B850_uncultured.prokaryote	B850_uncultured.prokaryote	Bacteria
B116_Geodermatophilus	B116_Geodermatophilus	Bacteria
B10_Allorhizobium.Neorhizobium.Pararhizobium.Rhizobium	B10_Allorhizobium.Neorhizobium.Pararhizobium.Rhizobium	Bacteria
B1388_Lawsonella	B1388_Lawsonella	Bacteria
B9409_Gemmata	B9409_Gemmata	Bacteria
B9624_possible.genus.04	B9624_possible.genus.04	Bacteria
B9_Methylobacterium	B9_Methylobacterium	Bacteria
B5146_f_Acidobacteriaceae..Subgroup.1.	B5146_f_Acidobacteriaceae..Subgroup.1.	Bacteria
B4582_f_Microbacteriaceae	B4582_f_Microbacteriaceae	Bacteria
B371_Dongia	B371_Dongia	Bacteria
B5313_f_env.OPS.17	B5313_f_env.OPS.17	Bacteria
B265_Deinococcus	B265_Deinococcus	Bacteria
B222_Kineococcus	B222_Kineococcus	Bacteria
B437_Escherichia.Shigella	B437_Escherichia.Shigella	Bacteria
B1029_Massilia	B1029_Massilia	Bacteria
B7182_Fimbriiglobus	B7182_Fimbriiglobus	Bacteria
B1323_Comamonas	B1323_Comamonas	Bacteria
B12189_Oligoflexus	B12189_Oligoflexus	Bacteria
B784_alphaI.cluster	B784_alphaI.cluster	Bacteria
B3301_Staphylococcus	B3301_Staphylococcus	Bacteria
B4110_Skermanella	B4110_Skermanella	Bacteria
B847_f_Fimbriimonadaceae	B847_f_Fimbriimonadaceae	Bacteria
B8032_Flavisolibacter	B8032_Flavisolibacter	Bacteria
B5546_uncultured.Anaerolineaceae.bacterium	B5546_uncultured.Anaerolineaceae.bacterium	Bacteria
B2832_uncultured	B2832_uncultured	Bacteria
B1596_Bacillus	B1596_Bacillus	Bacteria
B3508_Burkholderia.Caballeronia.Paraburkholderia	B3508_Burkholderia.Caballeronia.Paraburkholderia	Bacteria
B3192_Paenarthrobacter	B3192_Paenarthrobacter	Bacteria
B8173_o_Subgroup.7	B8173_o_Subgroup.7	Bacteria
B338_uncultured.bacterium	B338_uncultured.bacterium	Bacteria
B32_Bradyrhizobium	B32_Bradyrhizobium	Bacteria
B15_Sphingomonas	B15_Sphingomonas	Bacteria
B8751_uncultured.bacterium	B8751_uncultured.bacterium	Bacteria
B4407_f_Burkholderiaceae	B4407_f_Burkholderiaceae	Bacteria
B227_Allorhizobium.Neorhizobium.Pararhizobium.Rhizobium	B227_Allorhizobium.Neorhizobium.Pararhizobium.Rhizobium	Bacteria
B814_Sediminibacterium	B814_Sediminibacterium	Bacteria
B769_Pseudomonas	B769_Pseudomonas	Bacteria
B209_Escherichia.Shigella	B209_Escherichia.Shigella	Bacteria
B95_Allorhizobium.Neorhizobium.Pararhizobium.Rhizobium	B95_Allorhizobium.Neorhizobium.Pararhizobium.Rhizobium	Bacteria
B4489_Hymenobacter	B4489_Hymenobacter	Bacteria
B3325_Hymenobacter	B3325_Hymenobacter	Bacteria
F791_unidentified	F791_unidentified	Fungi
F48_unidentified	F48_unidentified	Fungi
F621_Nigrospora	F621_Nigrospora	Fungi
F190_Irpex	F190_Irpex	Fungi
