id	label	Bacteria
B4941_Pantoea	B4941_Pantoea	Bacteria
F223_Curvularia	F223_Curvularia	Fungi
F27_Curvularia	F27_Curvularia	Fungi
B271_Microbacterium	B271_Microbacterium	Bacteria
B904_Microbacterium	B904_Microbacterium	Bacteria
B420_Microbacterium	B420_Microbacterium	Bacteria
B343_Microbacterium	B343_Microbacterium	Bacteria
B863_Microbacterium	B863_Microbacterium	Bacteria
B9_Methylobacterium	B9_Methylobacterium	Bacteria
B39_Paenibacillus	B39_Paenibacillus	Bacteria
B89_Burkholderia-Caballeronia-Paraburkholderia	B89_Burkholderia-Caballeronia-Paraburkholderia	Bacteria
B1_Pantoea	B1_Pantoea	Bacteria
B28_Burkholderia-Caballeronia-Paraburkholderia	B28_Burkholderia-Caballeronia-Paraburkholderia	Bacteria
B14_Burkholderia-Caballeronia-Paraburkholderia	B14_Burkholderia-Caballeronia-Paraburkholderia	Bacteria
B103_Burkholderia-Caballeronia-Paraburkholderia	B103_Burkholderia-Caballeronia-Paraburkholderia	Bacteria
B4_Pantoea	B4_Pantoea	Bacteria
F29_f_Didymellaceae	F29_f_Didymellaceae	Fungi
F8_unidentified	F8_unidentified	Fungi
F22_Setophoma	F22_Setophoma	Fungi
B2_Methylobacterium	B2_Methylobacterium	Bacteria
B8_f_Rhizobiaceae	B8_f_Rhizobiaceae	Bacteria
B15_Sphingomonas	B15_Sphingomonas	Bacteria
F2_Nigrospora	F2_Nigrospora	Fungi
B19_Xanthomonas	B19_Xanthomonas	Bacteria
F30_unidentified	F30_unidentified	Fungi
B35_Methylobacterium	B35_Methylobacterium	Bacteria
F109_o_Pleosporales	F109_o_Pleosporales	Fungi
F4_o_Pleosporales	F4_o_Pleosporales	Fungi
F339_f_Didymellaceae	F339_f_Didymellaceae	Fungi
F53_Pyrenochaetopsis	F53_Pyrenochaetopsis	Fungi
F508_Papiliotrema	F508_Papiliotrema	Fungi
F251_Alternaria	F251_Alternaria	Fungi
F194_Hannaella	F194_Hannaella	Fungi
F36_Moesziomyces	F36_Moesziomyces	Fungi
B7_Curtobacterium	B7_Curtobacterium	Bacteria
F5_Alternaria	F5_Alternaria	Fungi
B17_Methylobacterium	B17_Methylobacterium	Bacteria
F61_o_Pleosporales	F61_o_Pleosporales	Fungi
F51_Papiliotrema	F51_Papiliotrema	Fungi
F241_o_Tremellales	F241_o_Tremellales	Fungi
F18_f_Phaeosphaeriaceae	F18_f_Phaeosphaeriaceae	Fungi
F321_Curvularia	F321_Curvularia	Fungi
F118_Curvularia	F118_Curvularia	Fungi
F3_Moesziomyces	F3_Moesziomyces	Fungi
F381_o_Pleosporales	F381_o_Pleosporales	Fungi
F47_f_Phaeosphaeriaceae	F47_f_Phaeosphaeriaceae	Fungi
F552_unidentified	F552_unidentified	Fungi
B3_Sphingomonas	B3_Sphingomonas	Bacteria
F303_unidentified	F303_unidentified	Fungi
F45_f_Didymellaceae	F45_f_Didymellaceae	Fungi
F62_Mrakia	F62_Mrakia	Fungi
F356_Paraconiothyrium	F356_Paraconiothyrium	Fungi
F93_Gaeumannomyces	F93_Gaeumannomyces	Fungi
F85_Fusarium	F85_Fusarium	Fungi
B41_uncultured	B41_uncultured	Bacteria
B412_Microbacterium	B412_Microbacterium	Bacteria
B71_Methylobacterium	B71_Methylobacterium	Bacteria
B23_f_Burkholderiaceae	B23_f_Burkholderiaceae	Bacteria
B5_Pseudomonas	B5_Pseudomonas	Bacteria
B11_Xanthomonas	B11_Xanthomonas	Bacteria
B21_Methylobacterium	B21_Methylobacterium	Bacteria
B3619_Pseudomonas	B3619_Pseudomonas	Bacteria
B13_Aureimonas	B13_Aureimonas	Bacteria
B840_Burkholderia-Caballeronia-Paraburkholderia	B840_Burkholderia-Caballeronia-Paraburkholderia	Bacteria
B548_Pseudomonas	B548_Pseudomonas	Bacteria
F69_o_Pleosporales	F69_o_Pleosporales	Fungi
F272_Penicillium	F272_Penicillium	Fungi
F315_Trametes	F315_Trametes	Fungi
F975_Daedaleopsis	F975_Daedaleopsis	Fungi
F81_Cladosporium	F81_Cladosporium	Fungi
F679_Stagonospora	F679_Stagonospora	Fungi
F55_f_Nectriaceae	F55_f_Nectriaceae	Fungi
