id	label	Bacteria
B437_Escherichia-Shigella	B437_Escherichia-Shigella	Bacteria
B15_Sphingomonas	B15_Sphingomonas	Bacteria
F8_unidentified	F8_unidentified	Fungi
F347_Emericellopsis	F347_Emericellopsis	Fungi
F102_f_Didymellaceae	F102_f_Didymellaceae	Fungi
F161_Paraphoma	F161_Paraphoma	Fungi
F461_unidentified	F461_unidentified	Fungi
F180_Tetracladium	F180_Tetracladium	Fungi
F12_o_Pleosporales	F12_o_Pleosporales	Fungi
F410_Schizophyllum	F410_Schizophyllum	Fungi
B464_Pseudomonas	B464_Pseudomonas	Bacteria
B210_Ralstonia	B210_Ralstonia	Bacteria
B2787_f_Burkholderiaceae	B2787_f_Burkholderiaceae	Bacteria
F3143_o_NA	F3143_o_NA	Fungi
F2918_o_Xylariales	F2918_o_Xylariales	Fungi
F1164_Antrodiella	F1164_Antrodiella	Fungi
F27_Curvularia	F27_Curvularia	Fungi
F953_Pseudomerulius	F953_Pseudomerulius	Fungi
F71_Papiliotrema	F71_Papiliotrema	Fungi
F98_f_Didymellaceae	F98_f_Didymellaceae	Fungi
F694_Biscogniauxia	F694_Biscogniauxia	Fungi
F482_Pichia	F482_Pichia	Fungi
B22_uncultured Roseobacter sp.	B22_uncultured Roseobacter sp.	Bacteria
B10_Allorhizobium-Neorhizobium-Pararhizobium-Rhizobium	B10_Allorhizobium-Neorhizobium-Pararhizobium-Rhizobium	Bacteria
B299_Allorhizobium-Neorhizobium-Pararhizobium-Rhizobium	B299_Allorhizobium-Neorhizobium-Pararhizobium-Rhizobium	Bacteria
B93_Pedobacter	B93_Pedobacter	Bacteria
B21_Methylobacterium	B21_Methylobacterium	Bacteria
B301_f_Microbacteriaceae	B301_f_Microbacteriaceae	Bacteria
B3533_Pseudomonas	B3533_Pseudomonas	Bacteria
B2335_Delftia	B2335_Delftia	Bacteria
B7677_Dyadobacter	B7677_Dyadobacter	Bacteria
B17_Methylobacterium	B17_Methylobacterium	Bacteria
B902_Escherichia-Shigella	B902_Escherichia-Shigella	Bacteria
B19_Xanthomonas	B19_Xanthomonas	Bacteria
B1647_Chryseobacterium	B1647_Chryseobacterium	Bacteria
B52_Allorhizobium-Neorhizobium-Pararhizobium-Rhizobium	B52_Allorhizobium-Neorhizobium-Pararhizobium-Rhizobium	Bacteria
B7_Curtobacterium	B7_Curtobacterium	Bacteria
B1108_Ochrobactrum	B1108_Ochrobactrum	Bacteria
F2149_o_NA	F2149_o_NA	Fungi
F57_Trichoderma	F57_Trichoderma	Fungi
F895_Dipodascus	F895_Dipodascus	Fungi
F147_o_Pleosporales	F147_o_Pleosporales	Fungi
F576_Malassezia	F576_Malassezia	Fungi
F708_Elmerina	F708_Elmerina	Fungi
F53_Pyrenochaetopsis	F53_Pyrenochaetopsis	Fungi
F334_Plectosphaerella	F334_Plectosphaerella	Fungi
F600_Penicillium	F600_Penicillium	Fungi
F2578_Holtermanniella	F2578_Holtermanniella	Fungi
F85_Fusarium	F85_Fusarium	Fungi
F9_Chaetomium	F9_Chaetomium	Fungi
B817_Chryseobacterium	B817_Chryseobacterium	Bacteria
B11_Xanthomonas	B11_Xanthomonas	Bacteria
B9221_Staphylococcus	B9221_Staphylococcus	Bacteria
B1646_Asinibacterium	B1646_Asinibacterium	Bacteria
B11158_f_Bacillaceae	B11158_f_Bacillaceae	Bacteria
B254_Pseudomonas	B254_Pseudomonas	Bacteria
B4_Pantoea	B4_Pantoea	Bacteria
F3496_o_NA	F3496_o_NA	Fungi
F3717_Hymenochaete	F3717_Hymenochaete	Fungi
F1136_unidentified	F1136_unidentified	Fungi
F292_Engyodontium	F292_Engyodontium	Fungi
F693_Aspergillus	F693_Aspergillus	Fungi
F6_Cladosporium	F6_Cladosporium	Fungi
F160_Cladosporium	F160_Cladosporium	Fungi
F1389_Coprinopsis	F1389_Coprinopsis	Fungi
B7644_Ralstonia	B7644_Ralstonia	Bacteria
B743_Escherichia-Shigella	B743_Escherichia-Shigella	Bacteria
B9_Methylobacterium	B9_Methylobacterium	Bacteria
B54_uncultured	B54_uncultured	Bacteria
B1596_Bacillus	B1596_Bacillus	Bacteria
B737_Pseudomonas	B737_Pseudomonas	Bacteria
B814_Sediminibacterium	B814_Sediminibacterium	Bacteria
B3_Sphingomonas	B3_Sphingomonas	Bacteria
F458_Endoxyla	F458_Endoxyla	Fungi
F1998_unidentified	F1998_unidentified	Fungi
F3399_unidentified	F3399_unidentified	Fungi
F913_Auriporia	F913_Auriporia	Fungi
F3419_o_NA	F3419_o_NA	Fungi
F606_unidentified	F606_unidentified	Fungi
F545_Cutaneotrichosporon	F545_Cutaneotrichosporon	Fungi
F3_Moesziomyces	F3_Moesziomyces	Fungi
F2007_f_Erysiphaceae	F2007_f_Erysiphaceae	Fungi
F3211_unidentified	F3211_unidentified	Fungi
F4255_unidentified	F4255_unidentified	Fungi
F854_Penicillium	F854_Penicillium	Fungi
F10_Guehomyces	F10_Guehomyces	Fungi
F899_Microdochium	F899_Microdochium	Fungi
F55_f_Nectriaceae	F55_f_Nectriaceae	Fungi
F1301_Ceriporiopsis	F1301_Ceriporiopsis	Fungi
B23_f_Burkholderiaceae	B23_f_Burkholderiaceae	Bacteria
B42_Pseudomonas	B42_Pseudomonas	Bacteria
B56_Allorhizobium-Neorhizobium-Pararhizobium-Rhizobium	B56_Allorhizobium-Neorhizobium-Pararhizobium-Rhizobium	Bacteria
F219_unidentified	F219_unidentified	Fungi
F131_unidentified	F131_unidentified	Fungi
F1656_o_Tremellales	F1656_o_Tremellales	Fungi
F2045_f_Phaeosphaeriaceae	F2045_f_Phaeosphaeriaceae	Fungi
F169_Naganishia	F169_Naganishia	Fungi
F990_f_Pleosporaceae	F990_f_Pleosporaceae	Fungi
F81_Cladosporium	F81_Cladosporium	Fungi
F231_Bullera	F231_Bullera	Fungi
F238_Coniochaeta	F238_Coniochaeta	Fungi
F213_Yarrowia	F213_Yarrowia	Fungi
F50_Thanatephorus	F50_Thanatephorus	Fungi
F136_f_Didymosphaeriaceae	F136_f_Didymosphaeriaceae	Fungi
F228_Purpureocillium	F228_Purpureocillium	Fungi
F184_unidentified	F184_unidentified	Fungi
B2_Methylobacterium	B2_Methylobacterium	Bacteria
F190_Irpex	F190_Irpex	Fungi
F106_unidentified	F106_unidentified	Fungi
F1743_o_NA	F1743_o_NA	Fungi
F1554_Penicillium	F1554_Penicillium	Fungi
F673_Erythrobasidium	F673_Erythrobasidium	Fungi
F120_Sporobolomyces	F120_Sporobolomyces	Fungi
F362_Porostereum	F362_Porostereum	Fungi
F1584_Phlebiopsis	F1584_Phlebiopsis	Fungi
B77_Allorhizobium-Neorhizobium-Pararhizobium-Rhizobium	B77_Allorhizobium-Neorhizobium-Pararhizobium-Rhizobium	Bacteria
F575_Trametes	F575_Trametes	Fungi
F2_Nigrospora	F2_Nigrospora	Fungi
F166_Aspergillus	F166_Aspergillus	Fungi
F45_f_Didymellaceae	F45_f_Didymellaceae	Fungi
B24_Bradyrhizobium	B24_Bradyrhizobium	Bacteria
B587_Alicycliphilus	B587_Alicycliphilus	Bacteria
B32_Bradyrhizobium	B32_Bradyrhizobium	Bacteria
F116_Curvularia	F116_Curvularia	Fungi
F178_Schizopora	F178_Schizopora	Fungi
F14_o_Pleosporales	F14_o_Pleosporales	Fungi
F778_Phlebiopsis	F778_Phlebiopsis	Fungi
F780_Daldinia	F780_Daldinia	Fungi
B5554_Pseudomonas	B5554_Pseudomonas	Bacteria
B2608_Paracoccus	B2608_Paracoccus	Bacteria
B103_Burkholderia-Caballeronia-Paraburkholderia	B103_Burkholderia-Caballeronia-Paraburkholderia	Bacteria
F1686_Torula	F1686_Torula	Fungi
F441_o_Hypocreales	F441_o_Hypocreales	Fungi
F1086_Sporobolomyces	F1086_Sporobolomyces	Fungi
F328_Phaeosphaeria	F328_Phaeosphaeria	Fungi
F260_Schizopora	F260_Schizopora	Fungi
F1397_f_Pyronemataceae	F1397_f_Pyronemataceae	Fungi
B1_Pantoea	B1_Pantoea	Bacteria
B98_Sphingomonas	B98_Sphingomonas	Bacteria
B1658_Staphylococcus	B1658_Staphylococcus	Bacteria
B4652_uncultured	B4652_uncultured	Bacteria
F1773_o_NA	F1773_o_NA	Fungi
F1199_Nigrospora	F1199_Nigrospora	Fungi
F1035_Tilletiopsis	F1035_Tilletiopsis	Fungi
F206_unidentified	F206_unidentified	Fungi
F931_o_NA	F931_o_NA	Fungi
F841_Podosphaera	F841_Podosphaera	Fungi
F47_f_Phaeosphaeriaceae	F47_f_Phaeosphaeriaceae	Fungi
F429_Bjerkandera	F429_Bjerkandera	Fungi
F1443_Trichoderma	F1443_Trichoderma	Fungi
F348_Yuchengia	F348_Yuchengia	Fungi
B5817_Pseudomonas	B5817_Pseudomonas	Bacteria
B209_Escherichia-Shigella	B209_Escherichia-Shigella	Bacteria
B81_Stenotrophomonas	B81_Stenotrophomonas	Bacteria
F1179_unidentified	F1179_unidentified	Fungi
F832_f_Stereaceae	F832_f_Stereaceae	Fungi
F16_Pyricularia	F16_Pyricularia	Fungi
F346_Athelia	F346_Athelia	Fungi
F1191_Preussia	F1191_Preussia	Fungi
F785_Peniophorella	F785_Peniophorella	Fungi
F806_Pseudomerulius	F806_Pseudomerulius	Fungi
F250_Pseudopithomyces	F250_Pseudopithomyces	Fungi
F329_o_NA	F329_o_NA	Fungi
F1141_Annulohypoxylon	F1141_Annulohypoxylon	Fungi
F1264_unidentified	F1264_unidentified	Fungi
F181_f_Didymellaceae	F181_f_Didymellaceae	Fungi
F199_Aureobasidium	F199_Aureobasidium	Fungi
F2810_Obba	F2810_Obba	Fungi
F1590_o_Pleosporales	F1590_o_Pleosporales	Fungi
F4247_o_Sordariales	F4247_o_Sordariales	Fungi
F46_Microscypha	F46_Microscypha	Fungi
F5_Alternaria	F5_Alternaria	Fungi
F280_o_Polyporales	F280_o_Polyporales	Fungi
F29_f_Didymellaceae	F29_f_Didymellaceae	Fungi
F100_Talaromyces	F100_Talaromyces	Fungi
B276_Leifsonia	B276_Leifsonia	Bacteria
B282_Acinetobacter	B282_Acinetobacter	Bacteria
B34_Bradyrhizobium	B34_Bradyrhizobium	Bacteria
B3989_Schumannella	B3989_Schumannella	Bacteria
B22_uncultured.Roseobacter.sp.	B22_uncultured.Roseobacter.sp.	Bacteria
B144_Bradyrhizobium	B144_Bradyrhizobium	Bacteria
B71_Methylobacterium	B71_Methylobacterium	Bacteria
B6_Sphingomonas	B6_Sphingomonas	Bacteria
B743_Escherichia.Shigella	B743_Escherichia.Shigella	Bacteria
B10_Allorhizobium.Neorhizobium.Pararhizobium.Rhizobium	B10_Allorhizobium.Neorhizobium.Pararhizobium.Rhizobium	Bacteria
B299_Allorhizobium.Neorhizobium.Pararhizobium.Rhizobium	B299_Allorhizobium.Neorhizobium.Pararhizobium.Rhizobium	Bacteria
B7656_Ralstonia	B7656_Ralstonia	Bacteria
B437_Escherichia.Shigella	B437_Escherichia.Shigella	Bacteria
B305_f_uncultured	B305_f_uncultured	Bacteria
B77_Allorhizobium.Neorhizobium.Pararhizobium.Rhizobium	B77_Allorhizobium.Neorhizobium.Pararhizobium.Rhizobium	Bacteria
B56_Allorhizobium.Neorhizobium.Pararhizobium.Rhizobium	B56_Allorhizobium.Neorhizobium.Pararhizobium.Rhizobium	Bacteria
B338_uncultured.bacterium	B338_uncultured.bacterium	Bacteria
B114_Luteimonas	B114_Luteimonas	Bacteria
B902_Escherichia.Shigella	B902_Escherichia.Shigella	Bacteria
B52_Allorhizobium.Neorhizobium.Pararhizobium.Rhizobium	B52_Allorhizobium.Neorhizobium.Pararhizobium.Rhizobium	Bacteria
B209_Escherichia.Shigella	B209_Escherichia.Shigella	Bacteria
B103_Burkholderia.Caballeronia.Paraburkholderia	B103_Burkholderia.Caballeronia.Paraburkholderia	Bacteria
F61_o_Pleosporales	F61_o_Pleosporales	Fungi
F318_Saccharomyces	F318_Saccharomyces	Fungi
F277_Peniophora	F277_Peniophora	Fungi
F36_Moesziomyces	F36_Moesziomyces	Fungi
