id	label	Bacteria
B135_Sphingomonas	B135_Sphingomonas	Bacteria
B15_Sphingomonas	B15_Sphingomonas	Bacteria
F653_Penicillium	F653_Penicillium	Fungi
F11_Sarocladium	F11_Sarocladium	Fungi
B1422_Novosphingobium	B1422_Novosphingobium	Bacteria
B232_f_Sphingomonadaceae	B232_f_Sphingomonadaceae	Bacteria
B18_Herbaspirillum	B18_Herbaspirillum	Bacteria
B1_Pantoea	B1_Pantoea	Bacteria
B12_Novosphingobium	B12_Novosphingobium	Bacteria
B217_Burkholderia-Caballeronia-Paraburkholderia	B217_Burkholderia-Caballeronia-Paraburkholderia	Bacteria
F78_unidentified	F78_unidentified	Fungi
B1562_Rhodopseudomonas	B1562_Rhodopseudomonas	Bacteria
B6_Sphingomonas	B6_Sphingomonas	Bacteria
B37_Allorhizobium-Neorhizobium-Pararhizobium-Rhizobium	B37_Allorhizobium-Neorhizobium-Pararhizobium-Rhizobium	Bacteria
B702_Singulisphaera	B702_Singulisphaera	Bacteria
B10_Allorhizobium-Neorhizobium-Pararhizobium-Rhizobium	B10_Allorhizobium-Neorhizobium-Pararhizobium-Rhizobium	Bacteria
B11_Xanthomonas	B11_Xanthomonas	Bacteria
B2_Methylobacterium	B2_Methylobacterium	Bacteria
B9_Methylobacterium	B9_Methylobacterium	Bacteria
B76_Methylobacterium	B76_Methylobacterium	Bacteria
B48_Luteibacter	B48_Luteibacter	Bacteria
B208_Singulisphaera	B208_Singulisphaera	Bacteria
B183_Mucilaginibacter	B183_Mucilaginibacter	Bacteria
B30_Sphingomonas	B30_Sphingomonas	Bacteria
B535_Burkholderia-Caballeronia-Paraburkholderia	B535_Burkholderia-Caballeronia-Paraburkholderia	Bacteria
B327_1174-901-12	B327_1174-901-12	Bacteria
B13_Aureimonas	B13_Aureimonas	Bacteria
B52_Allorhizobium-Neorhizobium-Pararhizobium-Rhizobium	B52_Allorhizobium-Neorhizobium-Pararhizobium-Rhizobium	Bacteria
B35_Methylobacterium	B35_Methylobacterium	Bacteria
B28_Burkholderia-Caballeronia-Paraburkholderia	B28_Burkholderia-Caballeronia-Paraburkholderia	Bacteria
B14_Burkholderia-Caballeronia-Paraburkholderia	B14_Burkholderia-Caballeronia-Paraburkholderia	Bacteria
B103_Burkholderia-Caballeronia-Paraburkholderia	B103_Burkholderia-Caballeronia-Paraburkholderia	Bacteria
B27_Mucilaginibacter	B27_Mucilaginibacter	Bacteria
F117_Saitozyma	F117_Saitozyma	Fungi
F3_Moesziomyces	F3_Moesziomyces	Fungi
F321_Curvularia	F321_Curvularia	Fungi
F272_Penicillium	F272_Penicillium	Fungi
F72_unidentified	F72_unidentified	Fungi
F53_Pyrenochaetopsis	F53_Pyrenochaetopsis	Fungi
F613_Talaromyces	F613_Talaromyces	Fungi
F36_Moesziomyces	F36_Moesziomyces	Fungi
F124_Stachybotrys	F124_Stachybotrys	Fungi
F5_Alternaria	F5_Alternaria	Fungi
F85_Fusarium	F85_Fusarium	Fungi
B4991_Singulisphaera	B4991_Singulisphaera	Bacteria
B16_Sphingomonas	B16_Sphingomonas	Bacteria
F116_Curvularia	F116_Curvularia	Fungi
F362_Porostereum	F362_Porostereum	Fungi
F6_Cladosporium	F6_Cladosporium	Fungi
F1293_Corticium	F1293_Corticium	Fungi
B71_Methylobacterium	B71_Methylobacterium	Bacteria
B147_Sphingomonas	B147_Sphingomonas	Bacteria
B744_Allorhizobium-Neorhizobium-Pararhizobium-Rhizobium	B744_Allorhizobium-Neorhizobium-Pararhizobium-Rhizobium	Bacteria
B202_f_Burkholderiaceae	B202_f_Burkholderiaceae	Bacteria
B58_Rhodanobacter	B58_Rhodanobacter	Bacteria
B930_Achromobacter	B930_Achromobacter	Bacteria
B17_Methylobacterium	B17_Methylobacterium	Bacteria
B541_Achromobacter	B541_Achromobacter	Bacteria
B19_Xanthomonas	B19_Xanthomonas	Bacteria
B7_Curtobacterium	B7_Curtobacterium	Bacteria
B4_Pantoea	B4_Pantoea	Bacteria
F222_o_NA	F222_o_NA	Fungi
F2_Nigrospora	F2_Nigrospora	Fungi
F4_o_Pleosporales	F4_o_Pleosporales	Fungi
F51_Papiliotrema	F51_Papiliotrema	Fungi
F98_f_Didymellaceae	F98_f_Didymellaceae	Fungi
F161_Paraphoma	F161_Paraphoma	Fungi
F1298_o_NA	F1298_o_NA	Fungi
F276_Cercospora	F276_Cercospora	Fungi
B89_Burkholderia-Caballeronia-Paraburkholderia	B89_Burkholderia-Caballeronia-Paraburkholderia	Bacteria
F21_Acremonium	F21_Acremonium	Fungi
F133_Cyphellophora	F133_Cyphellophora	Fungi
F47_f_Phaeosphaeriaceae	F47_f_Phaeosphaeriaceae	Fungi
F32_Tilletia	F32_Tilletia	Fungi
F71_Papiliotrema	F71_Papiliotrema	Fungi
F1008_Penicillium	F1008_Penicillium	Fungi
B351_f_Burkholderiaceae	B351_f_Burkholderiaceae	Bacteria
F54_Pyrenochaetopsis	F54_Pyrenochaetopsis	Fungi
F12_o_Pleosporales	F12_o_Pleosporales	Fungi
B29_Methylobacterium	B29_Methylobacterium	Bacteria
F74_f_Tilletiaceae	F74_f_Tilletiaceae	Fungi
F120_Sporobolomyces	F120_Sporobolomyces	Fungi
B830_f_Burkholderiaceae	B830_f_Burkholderiaceae	Bacteria
B8_f_Rhizobiaceae	B8_f_Rhizobiaceae	Bacteria
B93_Pedobacter	B93_Pedobacter	Bacteria
B31_Quadrisphaera	B31_Quadrisphaera	Bacteria
B33_Kineococcus	B33_Kineococcus	Bacteria
B164_f_Burkholderiaceae	B164_f_Burkholderiaceae	Bacteria
B98_Sphingomonas	B98_Sphingomonas	Bacteria
B1477_Candidatus Paracaedibacter	B1477_Candidatus Paracaedibacter	Bacteria
B68_Chryseobacterium	B68_Chryseobacterium	Bacteria
B179_Mucilaginibacter	B179_Mucilaginibacter	Bacteria
B3_Sphingomonas	B3_Sphingomonas	Bacteria
B149_Mucilaginibacter	B149_Mucilaginibacter	Bacteria
F758_unidentified	F758_unidentified	Fungi
F106_unidentified	F106_unidentified	Fungi
F114_unidentified	F114_unidentified	Fungi
F48_unidentified	F48_unidentified	Fungi
F27_Curvularia	F27_Curvularia	Fungi
F100_Talaromyces	F100_Talaromyces	Fungi
F285_Tetraplosphaeria	F285_Tetraplosphaeria	Fungi
F716_unidentified	F716_unidentified	Fungi
F61_o_Pleosporales	F61_o_Pleosporales	Fungi
F1050_Aspergillus	F1050_Aspergillus	Fungi
F207_o_Tremellales	F207_o_Tremellales	Fungi
F488_Penicillium	F488_Penicillium	Fungi
F8_unidentified	F8_unidentified	Fungi
F65_Sarocladium	F65_Sarocladium	Fungi
F28_f_Hypocreales_fam_Incertae_sedis	F28_f_Hypocreales_fam_Incertae_sedis	Fungi
B7387_Legionella	B7387_Legionella	Bacteria
B24_Bradyrhizobium	B24_Bradyrhizobium	Bacteria
B403_Luteibacter	B403_Luteibacter	Bacteria
F2360_Steccherinum	F2360_Steccherinum	Fungi
B78_Sphingomonas	B78_Sphingomonas	Bacteria
F262_Talaromyces	F262_Talaromyces	Fungi
B386_Rhodopseudomonas	B386_Rhodopseudomonas	Bacteria
B4059_Dyadobacter	B4059_Dyadobacter	Bacteria
B889_Allorhizobium-Neorhizobium-Pararhizobium-Rhizobium	B889_Allorhizobium-Neorhizobium-Pararhizobium-Rhizobium	Bacteria
F3210_Cystobasidium	F3210_Cystobasidium	Fungi
F460_Trichothecium	F460_Trichothecium	Fungi
F1708_Lepista	F1708_Lepista	Fungi
B267_f_Burkholderiaceae	B267_f_Burkholderiaceae	Bacteria
B581_Devosia	B581_Devosia	Bacteria
F882_Aspergillus	F882_Aspergillus	Fungi
F1318_Toxicocladosporium	F1318_Toxicocladosporium	Fungi
B266_Allorhizobium-Neorhizobium-Pararhizobium-Rhizobium	B266_Allorhizobium-Neorhizobium-Pararhizobium-Rhizobium	Bacteria
B972_Singulisphaera	B972_Singulisphaera	Bacteria
F369_Penicillium	F369_Penicillium	Fungi
B1662_Jatrophihabitans	B1662_Jatrophihabitans	Bacteria
F202_Pseudozyma	F202_Pseudozyma	Fungi
B191_Pseudoxanthomonas	B191_Pseudoxanthomonas	Bacteria
B1670_1174-901-12	B1670_1174-901-12	Bacteria
B95_Allorhizobium-Neorhizobium-Pararhizobium-Rhizobium	B95_Allorhizobium-Neorhizobium-Pararhizobium-Rhizobium	Bacteria
F1240_Penicillium	F1240_Penicillium	Fungi
F192_Fusicolla	F192_Fusicolla	Fungi
B317_Brevundimonas	B317_Brevundimonas	Bacteria
B302_Acinetobacter	B302_Acinetobacter	Bacteria
B769_Pseudomonas	B769_Pseudomonas	Bacteria
F684_Endoxyla	F684_Endoxyla	Fungi
B2062_Pseudorhodoferax	B2062_Pseudorhodoferax	Bacteria
F445_Talaromyces	F445_Talaromyces	Fungi
B72_Allorhizobium-Neorhizobium-Pararhizobium-Rhizobium	B72_Allorhizobium-Neorhizobium-Pararhizobium-Rhizobium	Bacteria
B1132_Brevundimonas	B1132_Brevundimonas	Bacteria
F1360_Xylaria	F1360_Xylaria	Fungi
F448_Perenniporia	F448_Perenniporia	Fungi
F694_Biscogniauxia	F694_Biscogniauxia	Fungi
B1107_Stenotrophomonas	B1107_Stenotrophomonas	Bacteria
F2732_Kurtzmanomyces	F2732_Kurtzmanomyces	Fungi
F22_Setophoma	F22_Setophoma	Fungi
B8163_uncultured bacterium	B8163_uncultured bacterium	Bacteria
B92_Chryseobacterium	B92_Chryseobacterium	Bacteria
F45_f_Didymellaceae	F45_f_Didymellaceae	Fungi
F348_Yuchengia	F348_Yuchengia	Fungi
F268_Sarocladium	F268_Sarocladium	Fungi
F2837_f_Geastraceae	F2837_f_Geastraceae	Fungi
F105_Clonostachys	F105_Clonostachys	Fungi
F539_Cenococcum	F539_Cenococcum	Fungi
F2309_unidentified	F2309_unidentified	Fungi
F101_Curvularia	F101_Curvularia	Fungi
B808_Stenotrophomonas	B808_Stenotrophomonas	Bacteria
F3155_Paraphoma	F3155_Paraphoma	Fungi
F353_Diaporthe	F353_Diaporthe	Fungi
F194_Hannaella	F194_Hannaella	Fungi
F30_unidentified	F30_unidentified	Fungi
F1955_unidentified	F1955_unidentified	Fungi
F349_Biappendiculispora	F349_Biappendiculispora	Fungi
F1389_Coprinopsis	F1389_Coprinopsis	Fungi
F7_unidentified	F7_unidentified	Fungi
F260_Schizopora	F260_Schizopora	Fungi
F322_Penicillium	F322_Penicillium	Fungi
F4736_Pyricularia	F4736_Pyricularia	Fungi
F81_Cladosporium	F81_Cladosporium	Fungi
F9_Chaetomium	F9_Chaetomium	Fungi
F127_Papiliotrema	F127_Papiliotrema	Fungi
F29_f_Didymellaceae	F29_f_Didymellaceae	Fungi
F391_Nigrospora	F391_Nigrospora	Fungi
F89_Aureobasidium	F89_Aureobasidium	Fungi
F2657_o_NA	F2657_o_NA	Fungi
F580_Psathyrella	F580_Psathyrella	Fungi
F1623_Lycoperdon	F1623_Lycoperdon	Fungi
F40_unidentified	F40_unidentified	Fungi
F147_o_Pleosporales	F147_o_Pleosporales	Fungi
F1000_Ganoderma	F1000_Ganoderma	Fungi
F609_Talaromyces	F609_Talaromyces	Fungi
F429_Bjerkandera	F429_Bjerkandera	Fungi
F55_f_Nectriaceae	F55_f_Nectriaceae	Fungi
F199_Aureobasidium	F199_Aureobasidium	Fungi
F3607_Myrmecridium	F3607_Myrmecridium	Fungi
F130_Ramichloridium	F130_Ramichloridium	Fungi
B1379_Bdellovibrio	B1379_Bdellovibrio	Bacteria
B1312_o_NA	B1312_o_NA	Bacteria
B1497_Bdellovibrio	B1497_Bdellovibrio	Bacteria
B22_uncultured.Roseobacter.sp.	B22_uncultured.Roseobacter.sp.	Bacteria
B87_Mucilaginibacter	B87_Mucilaginibacter	Bacteria
B240_Novosphingobium	B240_Novosphingobium	Bacteria
B41_uncultured	B41_uncultured	Bacteria
B314_Segniliparus	B314_Segniliparus	Bacteria
B37_Allorhizobium.Neorhizobium.Pararhizobium.Rhizobium	B37_Allorhizobium.Neorhizobium.Pararhizobium.Rhizobium	Bacteria
B23_f_Burkholderiaceae	B23_f_Burkholderiaceae	Bacteria
B735_uncultured.bacterium	B735_uncultured.bacterium	Bacteria
B6173_Sphingorhabdus	B6173_Sphingorhabdus	Bacteria
B5_Pseudomonas	B5_Pseudomonas	Bacteria
B36_Stenotrophomonas	B36_Stenotrophomonas	Bacteria
B260_Pseudomonas	B260_Pseudomonas	Bacteria
B116_Geodermatophilus	B116_Geodermatophilus	Bacteria
B10_Allorhizobium.Neorhizobium.Pararhizobium.Rhizobium	B10_Allorhizobium.Neorhizobium.Pararhizobium.Rhizobium	Bacteria
B744_Allorhizobium.Neorhizobium.Pararhizobium.Rhizobium	B744_Allorhizobium.Neorhizobium.Pararhizobium.Rhizobium	Bacteria
B949_Verticia	B949_Verticia	Bacteria
B332_Actinomycetospora	B332_Actinomycetospora	Bacteria
B54_uncultured	B54_uncultured	Bacteria
B266_Allorhizobium.Neorhizobium.Pararhizobium.Rhizobium	B266_Allorhizobium.Neorhizobium.Pararhizobium.Rhizobium	Bacteria
B20_Pseudomonas	B20_Pseudomonas	Bacteria
B137_Mycobacterium	B137_Mycobacterium	Bacteria
B217_Burkholderia.Caballeronia.Paraburkholderia	B217_Burkholderia.Caballeronia.Paraburkholderia	Bacteria
B965_Bdellovibrio	B965_Bdellovibrio	Bacteria
B1670_1174.901.12	B1670_1174.901.12	Bacteria
B927_Tepidisphaera	B927_Tepidisphaera	Bacteria
B8163_uncultured.bacterium	B8163_uncultured.bacterium	Bacteria
B77_Allorhizobium.Neorhizobium.Pararhizobium.Rhizobium	B77_Allorhizobium.Neorhizobium.Pararhizobium.Rhizobium	Bacteria
B89_Burkholderia.Caballeronia.Paraburkholderia	B89_Burkholderia.Caballeronia.Paraburkholderia	Bacteria
B535_Burkholderia.Caballeronia.Paraburkholderia	B535_Burkholderia.Caballeronia.Paraburkholderia	Bacteria
B1477_Candidatus.Paracaedibacter	B1477_Candidatus.Paracaedibacter	Bacteria
B633_f_Xanthomonadaceae	B633_f_Xanthomonadaceae	Bacteria
B327_1174.901.12	B327_1174.901.12	Bacteria
B1018_f_Burkholderiaceae	B1018_f_Burkholderiaceae	Bacteria
B43_Sphingomonas	B43_Sphingomonas	Bacteria
B948_Mucilaginibacter	B948_Mucilaginibacter	Bacteria
B1828_metagenome	B1828_metagenome	Bacteria
B52_Allorhizobium.Neorhizobium.Pararhizobium.Rhizobium	B52_Allorhizobium.Neorhizobium.Pararhizobium.Rhizobium	Bacteria
B86_Sphingomonas	B86_Sphingomonas	Bacteria
B345_Dyella	B345_Dyella	Bacteria
B28_Burkholderia.Caballeronia.Paraburkholderia	B28_Burkholderia.Caballeronia.Paraburkholderia	Bacteria
B1853_Pseudomonas	B1853_Pseudomonas	Bacteria
B14_Burkholderia.Caballeronia.Paraburkholderia	B14_Burkholderia.Caballeronia.Paraburkholderia	Bacteria
B95_Allorhizobium.Neorhizobium.Pararhizobium.Rhizobium	B95_Allorhizobium.Neorhizobium.Pararhizobium.Rhizobium	Bacteria
B103_Burkholderia.Caballeronia.Paraburkholderia	B103_Burkholderia.Caballeronia.Paraburkholderia	Bacteria
F1122_Alutaceodontia	F1122_Alutaceodontia	Fungi
F88_unidentified	F88_unidentified	Fungi
F69_o_Pleosporales	F69_o_Pleosporales	Fungi
F865_Moesziomyces	F865_Moesziomyces	Fungi
F5032_unidentified	F5032_unidentified	Fungi
F862_o_NA	F862_o_NA	Fungi
F1117_Geastrum	F1117_Geastrum	Fungi
F638_Ceriporia	F638_Ceriporia	Fungi
F280_o_Polyporales	F280_o_Polyporales	Fungi
F310_unidentified	F310_unidentified	Fungi
F178_Schizopora	F178_Schizopora	Fungi
F875_Sistotremastrum	F875_Sistotremastrum	Fungi
