id	label	Bacteria
B549_uncultured	B549_uncultured	Bacteria
B1309_Candidatus Solibacter	B1309_Candidatus Solibacter	Bacteria
B255_Reyranella	B255_Reyranella	Bacteria
B1003_uncultured bacterium	B1003_uncultured bacterium	Bacteria
B180_o_NA	B180_o_NA	Bacteria
B66_GOUTA6	B66_GOUTA6	Bacteria
B94_uncultured Nitrospirae bacterium	B94_uncultured Nitrospirae bacterium	Bacteria
B51_Anaerolinea	B51_Anaerolinea	Bacteria
B133_uncultured Desulfuromonadales bacterium	B133_uncultured Desulfuromonadales bacterium	Bacteria
B146_uncultured prokaryote	B146_uncultured prokaryote	Bacteria
B88_uncultured Alkaliflexus sp.	B88_uncultured Alkaliflexus sp.	Bacteria
B417_Desulfobacca	B417_Desulfobacca	Bacteria
B25_uncultured prokaryote	B25_uncultured prokaryote	Bacteria
B79_uncultured	B79_uncultured	Bacteria
B148_Thiobacillus	B148_Thiobacillus	Bacteria
B1469_f_Intrasporangiaceae	B1469_f_Intrasporangiaceae	Bacteria
F46_Microscypha	F46_Microscypha	Fungi
B471_uncultured bacterium	B471_uncultured bacterium	Bacteria
B538_f_SC-I-84	B538_f_SC-I-84	Bacteria
B128_Thiobacillus	B128_Thiobacillus	Bacteria
B450_uncultured prokaryote	B450_uncultured prokaryote	Bacteria
B700_f_Micrococcaceae	B700_f_Micrococcaceae	Bacteria
F19_unidentified	F19_unidentified	Fungi
F68_Pseudogymnoascus	F68_Pseudogymnoascus	Fungi
B1092_f_Anaerolineaceae	B1092_f_Anaerolineaceae	Bacteria
B158_uncultured bacterium	B158_uncultured bacterium	Bacteria
B396_o_RCP2-54	B396_o_RCP2-54	Bacteria
B167_Gemmatimonas	B167_Gemmatimonas	Bacteria
B602_uncultured Holophaga sp.	B602_uncultured Holophaga sp.	Bacteria
B181_uncultured Planctomycetales bacterium	B181_uncultured Planctomycetales bacterium	Bacteria
B483_Anaerolinea	B483_Anaerolinea	Bacteria
B73_f_Blastocatellaceae	B73_f_Blastocatellaceae	Bacteria
B67_uncultured	B67_uncultured	Bacteria
B168_uncultured bacterium	B168_uncultured bacterium	Bacteria
B97_uncultured	B97_uncultured	Bacteria
B170_Bryobacter	B170_Bryobacter	Bacteria
B38_uncultured prokaryote	B38_uncultured prokaryote	Bacteria
B622_Novosphingobium	B622_Novosphingobium	Bacteria
B1282_uncultured bacterium	B1282_uncultured bacterium	Bacteria
B171_uncultured prokaryote	B171_uncultured prokaryote	Bacteria
B113_o_RBG-13-54-9	B113_o_RBG-13-54-9	Bacteria
B50_Thiobacillus	B50_Thiobacillus	Bacteria
B322_RB41	B322_RB41	Bacteria
B131_Rhodanobacter	B131_Rhodanobacter	Bacteria
B150_RBG-16-58-14	B150_RBG-16-58-14	Bacteria
B53_f_SC-I-84	B53_f_SC-I-84	Bacteria
B223_uncultured Sphingobacteriales bacterium	B223_uncultured Sphingobacteriales bacterium	Bacteria
B114_Luteimonas	B114_Luteimonas	Bacteria
B205_uncultured prokaryote	B205_uncultured prokaryote	Bacteria
B173_uncultured planctomycete	B173_uncultured planctomycete	Bacteria
B401_Sh765B-TzT-35	B401_Sh765B-TzT-35	Bacteria
B112_uncultured prokaryote	B112_uncultured prokaryote	Bacteria
B2306_o_NA	B2306_o_NA	Bacteria
F99_Cistella	F99_Cistella	Fungi
F41_Arnium	F41_Arnium	Fungi
F56_Arnium	F56_Arnium	Fungi
F9_Chaetomium	F9_Chaetomium	Fungi
B1276_Ignavibacterium	B1276_Ignavibacterium	Bacteria
B122_Anaeromyxobacter	B122_Anaeromyxobacter	Bacteria
B189_Sideroxydans	B189_Sideroxydans	Bacteria
B1145_uncultured Desulfuromonadales bacterium	B1145_uncultured Desulfuromonadales bacterium	Bacteria
B365_f_Xanthobacteraceae	B365_f_Xanthobacteraceae	Bacteria
F52_Psilocybe	F52_Psilocybe	Fungi
F79_Ceratobasidium	F79_Ceratobasidium	Fungi
F237_unidentified	F237_unidentified	Fungi
F24_o_Helotiales	F24_o_Helotiales	Fungi
F165_Cyberlindnera	F165_Cyberlindnera	Fungi
B789_Anaeromyxobacter	B789_Anaeromyxobacter	Bacteria
B953_ADurb.Bin063-1	B953_ADurb.Bin063-1	Bacteria
F106_unidentified	F106_unidentified	Fungi
B350_Candidatus Solibacter	B350_Candidatus Solibacter	Bacteria
B1134_f_Anaerolineaceae	B1134_f_Anaerolineaceae	Bacteria
B247_uncultured	B247_uncultured	Bacteria
B4392_uncultured bacterium	B4392_uncultured bacterium	Bacteria
B4660_Pedomicrobium	B4660_Pedomicrobium	Bacteria
B1146_Bryobacter	B1146_Bryobacter	Bacteria
B145_uncultured Chloroflexi bacterium	B145_uncultured Chloroflexi bacterium	Bacteria
B96_uncultured	B96_uncultured	Bacteria
B59_Terrabacter	B59_Terrabacter	Bacteria
B1290_Candidatus Solibacter	B1290_Candidatus Solibacter	Bacteria
B3534_uncultured Gemmatimonadetes bacterium	B3534_uncultured Gemmatimonadetes bacterium	Bacteria
B190_o_NA	B190_o_NA	Bacteria
F1350_o_NA	F1350_o_NA	Fungi
F330_o_NA	F330_o_NA	Fungi
F200_Aspergillus	F200_Aspergillus	Fungi
B49_Anaerolinea	B49_Anaerolinea	Bacteria
B319_anaerobic bacterium MO-CFX2	B319_anaerobic bacterium MO-CFX2	Bacteria
B682_uncultured	B682_uncultured	Bacteria
B605_uncultured bacterium SJA-22	B605_uncultured bacterium SJA-22	Bacteria
B104_uncultured bacterium	B104_uncultured bacterium	Bacteria
B584_Leptolinea	B584_Leptolinea	Bacteria
B723_Thiobacillus	B723_Thiobacillus	Bacteria
B836_Nocardioides	B836_Nocardioides	Bacteria
B440_Anaerolinea	B440_Anaerolinea	Bacteria
B154_f_Micrococcaceae	B154_f_Micrococcaceae	Bacteria
F375_o_NA	F375_o_NA	Fungi
F427_unidentified	F427_unidentified	Fungi
F240_unidentified	F240_unidentified	Fungi
F57_Trichoderma	F57_Trichoderma	Fungi
F290_f_Coniochaetaceae	F290_f_Coniochaetaceae	Fungi
F66_Trichoderma	F66_Trichoderma	Fungi
B216_uncultured	B216_uncultured	Bacteria
B459_uncultured	B459_uncultured	Bacteria
B185_ADurb.Bin063-1	B185_ADurb.Bin063-1	Bacteria
B378_f_WD2101 soil group	B378_f_WD2101 soil group	Bacteria
B196_Anaeromyxobacter	B196_Anaeromyxobacter	Bacteria
B436_uncultured	B436_uncultured	Bacteria
B433_f_Gallionellaceae	B433_f_Gallionellaceae	Bacteria
B434_Geobacter	B434_Geobacter	Bacteria
B199_f_Nocardioidaceae	B199_f_Nocardioidaceae	Bacteria
B132_f_Intrasporangiaceae	B132_f_Intrasporangiaceae	Bacteria
B178_Cryobacterium	B178_Cryobacterium	Bacteria
F374_unidentified	F374_unidentified	Fungi
F39_unidentified	F39_unidentified	Fungi
F53_Pyrenochaetopsis	F53_Pyrenochaetopsis	Fungi
B431_Leptolinea	B431_Leptolinea	Bacteria
B555_uncultured organism	B555_uncultured organism	Bacteria
B224_Ramlibacter	B224_Ramlibacter	Bacteria
F7_unidentified	F7_unidentified	Fungi
F232_Mortierella	F232_Mortierella	Fungi
B1158_f_SC-I-84	B1158_f_SC-I-84	Bacteria
B742_o_NA	B742_o_NA	Bacteria
B580_uncultured	B580_uncultured	Bacteria
B848_Rhodanobacter	B848_Rhodanobacter	Bacteria
B215_Nakamurella	B215_Nakamurella	Bacteria
B2040_Nocardioides	B2040_Nocardioides	Bacteria
B3167_uncultured proteobacterium	B3167_uncultured proteobacterium	Bacteria
F182_o_NA	F182_o_NA	Fungi
F1978_unidentified	F1978_unidentified	Fungi
F384_unidentified	F384_unidentified	Fungi
B978_BSV13	B978_BSV13	Bacteria
B1267_uncultured	B1267_uncultured	Bacteria
B160_Anaerolinea	B160_Anaerolinea	Bacteria
B348_uncultured soil bacterium	B348_uncultured soil bacterium	Bacteria
B182_f_Micrococcaceae	B182_f_Micrococcaceae	Bacteria
B1041_Geobacter	B1041_Geobacter	Bacteria
B264_f_Burkholderiaceae	B264_f_Burkholderiaceae	Bacteria
B1095_Bryobacter	B1095_Bryobacter	Bacteria
B442_uncultured	B442_uncultured	Bacteria
B447_ADurb.Bin063-1	B447_ADurb.Bin063-1	Bacteria
B1210_f_Burkholderiaceae	B1210_f_Burkholderiaceae	Bacteria
F128_unidentified	F128_unidentified	Fungi
F63_Thanatephorus	F63_Thanatephorus	Fungi
B44_f_Xanthobacteraceae	B44_f_Xanthobacteraceae	Bacteria
B898_f_Blastocatellaceae	B898_f_Blastocatellaceae	Bacteria
B793_Haliangium	B793_Haliangium	Bacteria
B921_uncultured prokaryote	B921_uncultured prokaryote	Bacteria
B296_f_Xanthobacteraceae	B296_f_Xanthobacteraceae	Bacteria
B1490_Geobacter	B1490_Geobacter	Bacteria
B1028_f_uncultured	B1028_f_uncultured	Bacteria
B283_uncultured Thermaerobacter sp.	B283_uncultured Thermaerobacter sp.	Bacteria
F847_unidentified	F847_unidentified	Fungi
F86_Serendipita	F86_Serendipita	Fungi
B2296_f_Chitinophagaceae	B2296_f_Chitinophagaceae	Bacteria
B474_Gemmatimonas	B474_Gemmatimonas	Bacteria
B261_uncultured	B261_uncultured	Bacteria
B795_Pir2 lineage	B795_Pir2 lineage	Bacteria
B376_Anaerolinea	B376_Anaerolinea	Bacteria
B939_uncultured bacterium	B939_uncultured bacterium	Bacteria
F234_unidentified	F234_unidentified	Fungi
B530_o_RBG-13-54-9	B530_o_RBG-13-54-9	Bacteria
B74_f_Rhodocyclaceae	B74_f_Rhodocyclaceae	Bacteria
B129_ADurb.Bin063-1	B129_ADurb.Bin063-1	Bacteria
B274_Porphyrobacter	B274_Porphyrobacter	Bacteria
B908_f_Chitinophagaceae	B908_f_Chitinophagaceae	Bacteria
F618_o_NA	F618_o_NA	Fungi
F345_unidentified	F345_unidentified	Fungi
F70_unidentified	F70_unidentified	Fungi
F44_Zopfiella	F44_Zopfiella	Fungi
F126_Tomentellopsis	F126_Tomentellopsis	Fungi
B273_Syntrophobacter	B273_Syntrophobacter	Bacteria
F378_unidentified	F378_unidentified	Fungi
F602_unidentified	F602_unidentified	Fungi
B979_o_RBG-13-54-9	B979_o_RBG-13-54-9	Bacteria
B2776_o_Subgroup 7	B2776_o_Subgroup 7	Bacteria
B63_Methylocystis	B63_Methylocystis	Bacteria
B124_Ellin6067	B124_Ellin6067	Bacteria
B140_f_Intrasporangiaceae	B140_f_Intrasporangiaceae	Bacteria
F140_unidentified	F140_unidentified	Fungi
F37_unidentified	F37_unidentified	Fungi
F134_o_NA	F134_o_NA	Fungi
F17_o_Pleosporales	F17_o_Pleosporales	Fungi
F67_unidentified	F67_unidentified	Fungi
F144_Typhula	F144_Typhula	Fungi
F519_f_Hyaloscyphaceae	F519_f_Hyaloscyphaceae	Fungi
B47_metagenome	B47_metagenome	Bacteria
B668_Chthonomonas	B668_Chthonomonas	Bacteria
B488_uncultured prokaryote	B488_uncultured prokaryote	Bacteria
B372_f_SC-I-84	B372_f_SC-I-84	Bacteria
B441_Actinobacteria bacterium RBG_19FT_COMBO_70_19	B441_Actinobacteria bacterium RBG_19FT_COMBO_70_19	Bacteria
F351_unidentified	F351_unidentified	Fungi
F97_o_Sordariales	F97_o_Sordariales	Fungi
B805_Alsobacter	B805_Alsobacter	Bacteria
F59_Podospora	F59_Podospora	Fungi
F23_Solicoccozyma	F23_Solicoccozyma	Fungi
F145_Mrakiella	F145_Mrakiella	Fungi
F38_Pseudeurotium	F38_Pseudeurotium	Fungi
F189_Westerdykella	F189_Westerdykella	Fungi
B604_Bryobacter	B604_Bryobacter	Bacteria
B142_Ellin6067	B142_Ellin6067	Bacteria
B304_Ignavibacterium	B304_Ignavibacterium	Bacteria
B194_o_OPB41	B194_o_OPB41	Bacteria
B860_Opitutus	B860_Opitutus	Bacteria
B107_o_NA	B107_o_NA	Bacteria
B259_uncultured	B259_uncultured	Bacteria
F91_unidentified	F91_unidentified	Fungi
B1024_Flavisolibacter	B1024_Flavisolibacter	Bacteria
B241_uncultured	B241_uncultured	Bacteria
B872_uncultured bacterium	B872_uncultured bacterium	Bacteria
F170_unidentified	F170_unidentified	Fungi
B69_o_NA	B69_o_NA	Bacteria
B765_uncultured	B765_uncultured	Bacteria
B573_uncultured Gemmatimonadetes bacterium	B573_uncultured Gemmatimonadetes bacterium	Bacteria
B193_Sideroxydans	B193_Sideroxydans	Bacteria
B340_Gemmatimonas	B340_Gemmatimonas	Bacteria
B2371_Zavarzinella	B2371_Zavarzinella	Bacteria
B6519_Pajaroellobacter	B6519_Pajaroellobacter	Bacteria
B346_uncultured	B346_uncultured	Bacteria
B1037_f_uncultured	B1037_f_uncultured	Bacteria
F579_unidentified	F579_unidentified	Fungi
F15_o_Helotiales	F15_o_Helotiales	Fungi
B1725_Candidatus Solibacter	B1725_Candidatus Solibacter	Bacteria
B766_uncultured	B766_uncultured	Bacteria
F26_unidentified	F26_unidentified	Fungi
B379_f_Micrococcaceae	B379_f_Micrococcaceae	Bacteria
B388_Mycobacterium	B388_Mycobacterium	Bacteria
B120_uncultured Anaerolineaceae bacterium	B120_uncultured Anaerolineaceae bacterium	Bacteria
B355_Desulfobacca	B355_Desulfobacca	Bacteria
F307_unidentified	F307_unidentified	Fungi
B1100_o_NA	B1100_o_NA	Bacteria
B91_o_NA	B91_o_NA	Bacteria
B2496_uncultured bacterium	B2496_uncultured bacterium	Bacteria
B380_f_Micrococcaceae	B380_f_Micrococcaceae	Bacteria
B729_uncultured	B729_uncultured	Bacteria
F1140_unidentified	F1140_unidentified	Fungi
F119_unidentified	F119_unidentified	Fungi
B759_BSV13	B759_BSV13	Bacteria
B395_f_uncultured	B395_f_uncultured	Bacteria
B1616_uncultured bacterium	B1616_uncultured bacterium	Bacteria
B511_Thiobacillus	B511_Thiobacillus	Bacteria
B1973_o_Subgroup 7	B1973_o_Subgroup 7	Bacteria
B567_Mycobacterium	B567_Mycobacterium	Bacteria
B1198_f_Streptomycetaceae	B1198_f_Streptomycetaceae	Bacteria
F419_unidentified	F419_unidentified	Fungi
F279_unidentified	F279_unidentified	Fungi
F48_unidentified	F48_unidentified	Fungi
F294_unidentified	F294_unidentified	Fungi
F27_Curvularia	F27_Curvularia	Fungi
F599_unidentified	F599_unidentified	Fungi
B238_uncultured Iamiaceae bacterium	B238_uncultured Iamiaceae bacterium	Bacteria
F858_unidentified	F858_unidentified	Fungi
F388_unidentified	F388_unidentified	Fungi
F10_Guehomyces	F10_Guehomyces	Fungi
F986_Plectosphaerella	F986_Plectosphaerella	Fungi
B174_f_Bacteroidetes vadinHA17	B174_f_Bacteroidetes vadinHA17	Bacteria
F314_unidentified	F314_unidentified	Fungi
F748_unidentified	F748_unidentified	Fungi
F501_unidentified	F501_unidentified	Fungi
F733_o_NA	F733_o_NA	Fungi
F1132_unidentified	F1132_unidentified	Fungi
F154_Slooffia	F154_Slooffia	Fungi
F62_Mrakia	F62_Mrakia	Fungi
F122_Apodus	F122_Apodus	Fungi
B2239_Streptosporangium	B2239_Streptosporangium	Bacteria
B976_Clostridium sensu stricto 1	B976_Clostridium sensu stricto 1	Bacteria
F107_o_Helotiales	F107_o_Helotiales	Fungi
B248_o_Betaproteobacteriales	B248_o_Betaproteobacteriales	Bacteria
B126_Sphingomonas	B126_Sphingomonas	Bacteria
B136_Hydrogenispora	B136_Hydrogenispora	Bacteria
B219_Pseudolabrys	B219_Pseudolabrys	Bacteria
B339_Noviherbaspirillum	B339_Noviherbaspirillum	Bacteria
B249_Thiobacillus	B249_Thiobacillus	Bacteria
B1982_uncultured archaeon	B1982_uncultured archaeon	Bacteria
B945_uncultured proteobacterium	B945_uncultured proteobacterium	Bacteria
B2354_o_NA	B2354_o_NA	Bacteria
B920_Candidatus Koribacter	B920_Candidatus Koribacter	Bacteria
B268_uncultured	B268_uncultured	Bacteria
B2425_uncultured	B2425_uncultured	Bacteria
F96_unidentified	F96_unidentified	Fungi
B363_uncultured	B363_uncultured	Bacteria
B4183_Haliangium	B4183_Haliangium	Bacteria
F28_f_Hypocreales_fam_Incertae_sedis	F28_f_Hypocreales_fam_Incertae_sedis	Fungi
B352_o_NA	B352_o_NA	Bacteria
F73_Tetracladium	F73_Tetracladium	Fungi
B711_uncultured proteobacterium	B711_uncultured proteobacterium	Bacteria
F502_unidentified	F502_unidentified	Fungi
F282_unidentified	F282_unidentified	Fungi
F2_Nigrospora	F2_Nigrospora	Fungi
F347_Emericellopsis	F347_Emericellopsis	Fungi
B383_uncultured bacterium	B383_uncultured bacterium	Bacteria
B294_Geothrix	B294_Geothrix	Bacteria
F255_unidentified	F255_unidentified	Fungi
F42_unidentified	F42_unidentified	Fungi
F121_Schizothecium	F121_Schizothecium	Fungi
B912_uncultured	B912_uncultured	Bacteria
B477_o_NA	B477_o_NA	Bacteria
B195_uncultured soil bacterium	B195_uncultured soil bacterium	Bacteria
B713_uncultured	B713_uncultured	Bacteria
B368_Thiobacillus	B368_Thiobacillus	Bacteria
B206_uncultured bacterium	B206_uncultured bacterium	Bacteria
B810_uncultured	B810_uncultured	Bacteria
B568_Thioalkalispira	B568_Thioalkalispira	Bacteria
F6_Cladosporium	F6_Cladosporium	Fungi
F359_unidentified	F359_unidentified	Fungi
B57_Streptomyces	B57_Streptomyces	Bacteria
F515_unidentified	F515_unidentified	Fungi
F149_unidentified	F149_unidentified	Fungi
B204_Syntrophobacter	B204_Syntrophobacter	Bacteria
B324_Haliangium	B324_Haliangium	Bacteria
B552_Thiobacillus	B552_Thiobacillus	Bacteria
B443_RBG-16-58-14	B443_RBG-16-58-14	Bacteria
B344_f_SC-I-84	B344_f_SC-I-84	Bacteria
F796_unidentified	F796_unidentified	Fungi
B1097_Bryobacter	B1097_Bryobacter	Bacteria
B864_Geobacter	B864_Geobacter	Bacteria
B105_Anaeromyxobacter	B105_Anaeromyxobacter	Bacteria
B231_Geobacter	B231_Geobacter	Bacteria
B251_uncultured Bellilinea sp.	B251_uncultured Bellilinea sp.	Bacteria
F711_unidentified	F711_unidentified	Fungi
F393_unidentified	F393_unidentified	Fungi
F217_unidentified	F217_unidentified	Fungi
F13_Zopfiella	F13_Zopfiella	Fungi
F175_unidentified	F175_unidentified	Fungi
B1336_Pajaroellobacter	B1336_Pajaroellobacter	Bacteria
B361_uncultured bacterium 126	B361_uncultured bacterium 126	Bacteria
B117_o_NA	B117_o_NA	Bacteria
B760_f_A21b	B760_f_A21b	Bacteria
B253_uncultured	B253_uncultured	Bacteria
B316_uncultured Thermaerobacter sp.	B316_uncultured Thermaerobacter sp.	Bacteria
B508_Phenylobacterium	B508_Phenylobacterium	Bacteria
F14_o_Pleosporales	F14_o_Pleosporales	Fungi
F442_unidentified	F442_unidentified	Fungi
F58_Schizothecium	F58_Schizothecium	Fungi
B631_Anaeromyxobacter	B631_Anaeromyxobacter	Bacteria
F412_unidentified	F412_unidentified	Fungi
B571_uncultured eubacterium WCHB1-50	B571_uncultured eubacterium WCHB1-50	Bacteria
B3138_Candidatus Udaeobacter	B3138_Candidatus Udaeobacter	Bacteria
B454_uncultured	B454_uncultured	Bacteria
F765_unidentified	F765_unidentified	Fungi
F485_unidentified	F485_unidentified	Fungi
F265_Helicodendron	F265_Helicodendron	Fungi
B641_o_RBG-13-54-9	B641_o_RBG-13-54-9	Bacteria
F123_Thanatephorus	F123_Thanatephorus	Fungi
B155_Flavisolibacter	B155_Flavisolibacter	Bacteria
F151_unidentified	F151_unidentified	Fungi
F211_unidentified	F211_unidentified	Fungi
F827_unidentified	F827_unidentified	Fungi
F401_unidentified	F401_unidentified	Fungi
F210_unidentified	F210_unidentified	Fungi
F1063_o_NA	F1063_o_NA	Fungi
F1064_unidentified	F1064_unidentified	Fungi
F95_o_NA	F95_o_NA	Fungi
F34_Mortierella	F34_Mortierella	Fungi
F111_Geomyces	F111_Geomyces	Fungi
F90_Pseudogymnoascus	F90_Pseudogymnoascus	Fungi
F180_Tetracladium	F180_Tetracladium	Fungi
B1026_f_SC-I-84	B1026_f_SC-I-84	Bacteria
B855_uncultured eubacterium WCHB1-50	B855_uncultured eubacterium WCHB1-50	Bacteria
B606_Desulfobacca	B606_Desulfobacca	Bacteria
B1007_uncultured bacterium	B1007_uncultured bacterium	Bacteria
F184_unidentified	F184_unidentified	Fungi
B309_Sideroxydans	B309_Sideroxydans	Bacteria
B1421_Mesorhizobium	B1421_Mesorhizobium	Bacteria
B517_uncultured bacterium	B517_uncultured bacterium	Bacteria
F1235_unidentified	F1235_unidentified	Fungi
B152_Sideroxydans	B152_Sideroxydans	Bacteria
F386_o_Pleosporales	F386_o_Pleosporales	Fungi
F249_Mortierella	F249_Mortierella	Fungi
F300_unidentified	F300_unidentified	Fungi
B618_Gemmatimonas	B618_Gemmatimonas	Bacteria
B966_f_Opitutaceae	B966_f_Opitutaceae	Bacteria
F402_unidentified	F402_unidentified	Fungi
F514_unidentified	F514_unidentified	Fungi
F452_unidentified	F452_unidentified	Fungi
F358_unidentified	F358_unidentified	Fungi
F1305_unidentified	F1305_unidentified	Fungi
B469_uncultured bacterium	B469_uncultured bacterium	Bacteria
F430_unidentified	F430_unidentified	Fungi
B2025_o_Subgroup 7	B2025_o_Subgroup 7	Bacteria
B844_Candidatus Udaeobacter	B844_Candidatus Udaeobacter	Bacteria
F1570_unidentified	F1570_unidentified	Fungi
B531_Syntrophus	B531_Syntrophus	Bacteria
B1452_o_NA	B1452_o_NA	Bacteria
B869_o_Subgroup 7	B869_o_Subgroup 7	Bacteria
F829_unidentified	F829_unidentified	Fungi
F659_unidentified	F659_unidentified	Fungi
F54_Pyrenochaetopsis	F54_Pyrenochaetopsis	Fungi
F242_unidentified	F242_unidentified	Fungi
F205_Mortierella	F205_Mortierella	Fungi
B1079_uncultured	B1079_uncultured	Bacteria
F195_Cistella	F195_Cistella	Fungi
F253_unidentified	F253_unidentified	Fungi
F467_Saitozyma	F467_Saitozyma	Fungi
B2146_uncultured planctomycete	B2146_uncultured planctomycete	Bacteria
F138_Humicola	F138_Humicola	Fungi
F2063_unidentified	F2063_unidentified	Fungi
B1021_uncultured delta proteobacterium	B1021_uncultured delta proteobacterium	Bacteria
F141_f_Nectriaceae	F141_f_Nectriaceae	Fungi
F83_Schizothecium	F83_Schizothecium	Fungi
F434_unidentified	F434_unidentified	Fungi
B1343_o_NA	B1343_o_NA	Bacteria
F173_unidentified	F173_unidentified	Fungi
F3_Moesziomyces	F3_Moesziomyces	Fungi
B1076_ADurb.Bin063-1	B1076_ADurb.Bin063-1	Bacteria
F522_unidentified	F522_unidentified	Fungi
B1480_Conexibacter	B1480_Conexibacter	Bacteria
F332_Spirosphaera	F332_Spirosphaera	Fungi
B504_o_NA	B504_o_NA	Bacteria
B119_Acidibacter	B119_Acidibacter	Bacteria
F156_Serendipita	F156_Serendipita	Fungi
B734_JGI 0001001-H03	B734_JGI 0001001-H03	Bacteria
B452_o_NA	B452_o_NA	Bacteria
B305_f_uncultured	B305_f_uncultured	Bacteria
B644_uncultured Planctomyces sp.	B644_uncultured Planctomyces sp.	Bacteria
F443_unidentified	F443_unidentified	Fungi
F521_unidentified	F521_unidentified	Fungi
F387_unidentified	F387_unidentified	Fungi
B688_Rhizobacter	B688_Rhizobacter	Bacteria
B885_uncultured	B885_uncultured	Bacteria
F1849_unidentified	F1849_unidentified	Fungi
F77_o_NA	F77_o_NA	Fungi
B833_f_UA-50	B833_f_UA-50	Bacteria
B1286_uncultured	B1286_uncultured	Bacteria
F438_unidentified	F438_unidentified	Fungi
B40_Caulobacter	B40_Caulobacter	Bacteria
F64_unidentified	F64_unidentified	Fungi
F61_o_Pleosporales	F61_o_Pleosporales	Fungi
F465_unidentified	F465_unidentified	Fungi
B524_f_Micrococcaceae	B524_f_Micrococcaceae	Bacteria
B2122_uncultured Caldilinea sp.	B2122_uncultured Caldilinea sp.	Bacteria
F25_Dimorphospora	F25_Dimorphospora	Fungi
F661_unidentified	F661_unidentified	Fungi
B616_Lacunisphaera	B616_Lacunisphaera	Bacteria
F335_unidentified	F335_unidentified	Fungi
F224_Rhizophydium	F224_Rhizophydium	Fungi
F236_Podospora	F236_Podospora	Fungi
F868_Boothiomyces	F868_Boothiomyces	Fungi
F542_unidentified	F542_unidentified	Fungi
F495_unidentified	F495_unidentified	Fungi
F65_Sarocladium	F65_Sarocladium	Fungi
F212_o_NA	F212_o_NA	Fungi
F549_unidentified	F549_unidentified	Fungi
F364_Schizothecium	F364_Schizothecium	Fungi
F45_f_Didymellaceae	F45_f_Didymellaceae	Fungi
F371_unidentified	F371_unidentified	Fungi
F334_Plectosphaerella	F334_Plectosphaerella	Fungi
F157_unidentified	F157_unidentified	Fungi
F103_unidentified	F103_unidentified	Fungi
F336_unidentified	F336_unidentified	Fungi
F20_Edenia	F20_Edenia	Fungi
F546_o_NA	F546_o_NA	Fungi
B593_uncultured.Gemmatimonadetes.bacterium	B593_uncultured.Gemmatimonadetes.bacterium	Bacteria
B291_uncultured	B291_uncultured	Bacteria
B470_o_Chthonomonadales	B470_o_Chthonomonadales	Bacteria
B1398_uncultured.Gemmatimonadetes.bacterium	B1398_uncultured.Gemmatimonadetes.bacterium	Bacteria
B211_o_SBR1031	B211_o_SBR1031	Bacteria
B1239_uncultured	B1239_uncultured	Bacteria
B1830_f_WD2101.soil.group	B1830_f_WD2101.soil.group	Bacteria
B520_AKIW659	B520_AKIW659	Bacteria
B406_Syntrophobacter	B406_Syntrophobacter	Bacteria
B139_RBG.16.58.14	B139_RBG.16.58.14	Bacteria
B625_uncultured.Caldilineaceae.bacterium	B625_uncultured.Caldilineaceae.bacterium	Bacteria
B163_uncultured	B163_uncultured	Bacteria
B427_uncultured.Gemmatimonadetes.bacterium	B427_uncultured.Gemmatimonadetes.bacterium	Bacteria
B1294_f_WD2101.soil.group	B1294_f_WD2101.soil.group	Bacteria
B1149_uncultured	B1149_uncultured	Bacteria
B315_uncultured.Gemmatimonadetes.bacterium	B315_uncultured.Gemmatimonadetes.bacterium	Bacteria
B3336_uncultured	B3336_uncultured	Bacteria
B509_o_SBR1031	B509_o_SBR1031	Bacteria
B1212_f_uncultured	B1212_f_uncultured	Bacteria
B614_uncultured	B614_uncultured	Bacteria
B184_f_Anaerolineaceae	B184_f_Anaerolineaceae	Bacteria
B565_uncultured	B565_uncultured	Bacteria
B554_f_WD2101.soil.group	B554_f_WD2101.soil.group	Bacteria
B2330_uncultured.bacterium	B2330_uncultured.bacterium	Bacteria
B1762_uncultured.bacterium	B1762_uncultured.bacterium	Bacteria
B656_Gemmatimonas	B656_Gemmatimonas	Bacteria
B691_uncultured.Caldilineaceae.bacterium	B691_uncultured.Caldilineaceae.bacterium	Bacteria
B1481_Bryobacter	B1481_Bryobacter	Bacteria
B463_uncultured	B463_uncultured	Bacteria
B218_RBG.16.58.14	B218_RBG.16.58.14	Bacteria
B1431_uncultured.deep.sea.bacterium	B1431_uncultured.deep.sea.bacterium	Bacteria
B824_uncultured.soil.bacterium	B824_uncultured.soil.bacterium	Bacteria
B256_uncultured.Gemmatimonadetes.bacterium	B256_uncultured.Gemmatimonadetes.bacterium	Bacteria
B551_o_NA	B551_o_NA	Bacteria
B236_o_SBR1031	B236_o_SBR1031	Bacteria
B4674_uncultured	B4674_uncultured	Bacteria
B530_o_RBG.13.54.9	B530_o_RBG.13.54.9	Bacteria
B674_uncultured.prokaryote	B674_uncultured.prokaryote	Bacteria
B901_uncultured.bacterium	B901_uncultured.bacterium	Bacteria
B456_f_Bacteroidetes.vadinHA17	B456_f_Bacteroidetes.vadinHA17	Bacteria
B803_uncultured.planctomycete	B803_uncultured.planctomycete	Bacteria
B6157_uncultured.proteobacterium	B6157_uncultured.proteobacterium	Bacteria
B4392_uncultured.bacterium	B4392_uncultured.bacterium	Bacteria
B795_Pir2.lineage	B795_Pir2.lineage	Bacteria
B64_Rhizomicrobium	B64_Rhizomicrobium	Bacteria
B158_uncultured.bacterium	B158_uncultured.bacterium	Bacteria
B396_o_RCP2.54	B396_o_RCP2.54	Bacteria
B225_uncultured.bacterium	B225_uncultured.bacterium	Bacteria
B1038_WCHB1.32	B1038_WCHB1.32	Bacteria
B65_o_RBG.13.54.9	B65_o_RBG.13.54.9	Bacteria
B292_uncultured	B292_uncultured	Bacteria
B763_Desulfobacca	B763_Desulfobacca	Bacteria
B415_uncultured.prokaryote	B415_uncultured.prokaryote	Bacteria
B942_uncultured.archaeon	B942_uncultured.archaeon	Bacteria
B602_uncultured.Holophaga.sp.	B602_uncultured.Holophaga.sp.	Bacteria
B586_uncultured.Chlorobi.bacterium	B586_uncultured.Chlorobi.bacterium	Bacteria
B1145_uncultured.Desulfuromonadales.bacterium	B1145_uncultured.Desulfuromonadales.bacterium	Bacteria
B1982_uncultured.archaeon	B1982_uncultured.archaeon	Bacteria
B6517_Actinoplanes	B6517_Actinoplanes	Bacteria
B652_Clostridium.sensu.stricto.5	B652_Clostridium.sensu.stricto.5	Bacteria
B1099_uncultured.soil.bacterium	B1099_uncultured.soil.bacterium	Bacteria
B591_Anaerolinea	B591_Anaerolinea	Bacteria
B1309_Candidatus.Solibacter	B1309_Candidatus.Solibacter	Bacteria
B1509_Ferruginibacter	B1509_Ferruginibacter	Bacteria
B5091_o_Microtrichales	B5091_o_Microtrichales	Bacteria
B270_Oryzihumus	B270_Oryzihumus	Bacteria
B460_uncultured.prokaryote	B460_uncultured.prokaryote	Bacteria
B1233_uncultured.Prosthecobacter.sp.	B1233_uncultured.Prosthecobacter.sp.	Bacteria
B181_uncultured.Planctomycetales.bacterium	B181_uncultured.Planctomycetales.bacterium	Bacteria
B414_uncultured.Desulfovirga.sp.	B414_uncultured.Desulfovirga.sp.	Bacteria
B896_JGI.0001001.H03	B896_JGI.0001001.H03	Bacteria
B1084_f_uncultured	B1084_f_uncultured	Bacteria
B55_Sideroxydans	B55_Sideroxydans	Bacteria
B129_ADurb.Bin063.1	B129_ADurb.Bin063.1	Bacteria
B499_uncultured	B499_uncultured	Bacteria
B450_uncultured.prokaryote	B450_uncultured.prokaryote	Bacteria
B1012_WCHB1.32	B1012_WCHB1.32	Bacteria
B1164_Singulisphaera	B1164_Singulisphaera	Bacteria
B151_Pseudolabrys	B151_Pseudolabrys	Bacteria
B728_uncultured	B728_uncultured	Bacteria
B404_f_Lentimicrobiaceae	B404_f_Lentimicrobiaceae	Bacteria
B375_Sphingomonas	B375_Sphingomonas	Bacteria
B319_anaerobic.bacterium.MO.CFX2	B319_anaerobic.bacterium.MO.CFX2	Bacteria
B206_uncultured.bacterium	B206_uncultured.bacterium	Bacteria
B573_uncultured.Gemmatimonadetes.bacterium	B573_uncultured.Gemmatimonadetes.bacterium	Bacteria
B774_wastewater.metagenome	B774_wastewater.metagenome	Bacteria
B809_uncultured	B809_uncultured	Bacteria
B707_uncultured.bacterium	B707_uncultured.bacterium	Bacteria
B1003_uncultured.bacterium	B1003_uncultured.bacterium	Bacteria
B251_uncultured.Bellilinea.sp.	B251_uncultured.Bellilinea.sp.	Bacteria
B866_uncultured.soil.bacterium	B866_uncultured.soil.bacterium	Bacteria
B2604_Gemmata	B2604_Gemmata	Bacteria
B1013_uncultured.soil.bacterium	B1013_uncultured.soil.bacterium	Bacteria
B628_uncultured	B628_uncultured	Bacteria
B168_uncultured.bacterium	B168_uncultured.bacterium	Bacteria
B336_Anaerolinea	B336_Anaerolinea	Bacteria
B516_uncultured.bacterium.SJA.22	B516_uncultured.bacterium.SJA.22	Bacteria
B979_o_RBG.13.54.9	B979_o_RBG.13.54.9	Bacteria
B145_uncultured.Chloroflexi.bacterium	B145_uncultured.Chloroflexi.bacterium	Bacteria
B471_uncultured.bacterium	B471_uncultured.bacterium	Bacteria
B350_Candidatus.Solibacter	B350_Candidatus.Solibacter	Bacteria
B1065_uncultured.prokaryote	B1065_uncultured.prokaryote	Bacteria
B1725_Candidatus.Solibacter	B1725_Candidatus.Solibacter	Bacteria
B921_uncultured.prokaryote	B921_uncultured.prokaryote	Bacteria
B94_uncultured.Nitrospirae.bacterium	B94_uncultured.Nitrospirae.bacterium	Bacteria
B517_uncultured.bacterium	B517_uncultured.bacterium	Bacteria
B2496_uncultured.bacterium	B2496_uncultured.bacterium	Bacteria
B1186_f_SC.I.84	B1186_f_SC.I.84	Bacteria
B945_uncultured.proteobacterium	B945_uncultured.proteobacterium	Bacteria
B590_uncultured.Desulfuromonadales.bacterium	B590_uncultured.Desulfuromonadales.bacterium	Bacteria
B447_ADurb.Bin063.1	B447_ADurb.Bin063.1	Bacteria
B1989_f_Burkholderiaceae	B1989_f_Burkholderiaceae	Bacteria
B783_Candidatus.Solibacter	B783_Candidatus.Solibacter	Bacteria
B238_uncultured.Iamiaceae.bacterium	B238_uncultured.Iamiaceae.bacterium	Bacteria
B605_uncultured.bacterium.SJA.22	B605_uncultured.bacterium.SJA.22	Bacteria
B1584_Opitutus	B1584_Opitutus	Bacteria
B120_uncultured.Anaerolineaceae.bacterium	B120_uncultured.Anaerolineaceae.bacterium	Bacteria
B1395_Candidatus.Solibacter	B1395_Candidatus.Solibacter	Bacteria
B845_Candidatus.Udaeobacter	B845_Candidatus.Udaeobacter	Bacteria
B2776_o_Subgroup.7	B2776_o_Subgroup.7	Bacteria
B2025_o_Subgroup.7	B2025_o_Subgroup.7	Bacteria
B133_uncultured.Desulfuromonadales.bacterium	B133_uncultured.Desulfuromonadales.bacterium	Bacteria
B104_uncultured.bacterium	B104_uncultured.bacterium	Bacteria
B38_uncultured.prokaryote	B38_uncultured.prokaryote	Bacteria
B185_ADurb.Bin063.1	B185_ADurb.Bin063.1	Bacteria
B924_uncultured	B924_uncultured	Bacteria
B3480_uncultured.Gemmatimonadetes.bacterium	B3480_uncultured.Gemmatimonadetes.bacterium	Bacteria
B378_f_WD2101.soil.group	B378_f_WD2101.soil.group	Bacteria
B514_Terrabacter	B514_Terrabacter	Bacteria
B2146_uncultured.planctomycete	B2146_uncultured.planctomycete	Bacteria
B174_f_Bacteroidetes.vadinHA17	B174_f_Bacteroidetes.vadinHA17	Bacteria
B443_RBG.16.58.14	B443_RBG.16.58.14	Bacteria
B1282_uncultured.bacterium	B1282_uncultured.bacterium	Bacteria
B701_uncultured.bacterium	B701_uncultured.bacterium	Bacteria
B935_f_Micromonosporaceae	B935_f_Micromonosporaceae	Bacteria
B609_Reyranella	B609_Reyranella	Bacteria
B1026_f_SC.I.84	B1026_f_SC.I.84	Bacteria
B1285_Haliangium	B1285_Haliangium	Bacteria
B446_Pajaroellobacter	B446_Pajaroellobacter	Bacteria
B146_uncultured.prokaryote	B146_uncultured.prokaryote	Bacteria
B171_uncultured.prokaryote	B171_uncultured.prokaryote	Bacteria
B555_uncultured.organism	B555_uncultured.organism	Bacteria
B469_uncultured.bacterium	B469_uncultured.bacterium	Bacteria
B113_o_RBG.13.54.9	B113_o_RBG.13.54.9	Bacteria
B872_uncultured.bacterium	B872_uncultured.bacterium	Bacteria
B411_uncultured.prokaryote	B411_uncultured.prokaryote	Bacteria
B108_Geobacter	B108_Geobacter	Bacteria
B245_f_Xanthobacteraceae	B245_f_Xanthobacteraceae	Bacteria
B534_Thiobacillus	B534_Thiobacillus	Bacteria
B1290_Candidatus.Solibacter	B1290_Candidatus.Solibacter	Bacteria
B1616_uncultured.bacterium	B1616_uncultured.bacterium	Bacteria
B643_ADurb.Bin063.1	B643_ADurb.Bin063.1	Bacteria
B662_Bryobacter	B662_Bryobacter	Bacteria
B361_uncultured.bacterium.126	B361_uncultured.bacterium.126	Bacteria
B492_metagenome	B492_metagenome	Bacteria
B1973_o_Subgroup.7	B1973_o_Subgroup.7	Bacteria
B88_uncultured.Alkaliflexus.sp.	B88_uncultured.Alkaliflexus.sp.	Bacteria
B1112_Syntrophus	B1112_Syntrophus	Bacteria
B407_f_Burkholderiaceae	B407_f_Burkholderiaceae	Bacteria
B764_f_Acidobacteriaceae..Subgroup.1.	B764_f_Acidobacteriaceae..Subgroup.1.	Bacteria
B883_uncultured	B883_uncultured	Bacteria
B869_o_Subgroup.7	B869_o_Subgroup.7	Bacteria
B1096_Nocardioides	B1096_Nocardioides	Bacteria
B1082_uncultured.bacterium.213	B1082_uncultured.bacterium.213	Bacteria
B1007_uncultured.bacterium	B1007_uncultured.bacterium	Bacteria
B3534_uncultured.Gemmatimonadetes.bacterium	B3534_uncultured.Gemmatimonadetes.bacterium	Bacteria
B953_ADurb.Bin063.1	B953_ADurb.Bin063.1	Bacteria
B920_Candidatus.Koribacter	B920_Candidatus.Koribacter	Bacteria
B150_RBG.16.58.14	B150_RBG.16.58.14	Bacteria
B976_Clostridium.sensu.stricto.1	B976_Clostridium.sensu.stricto.1	Bacteria
B53_f_SC.I.84	B53_f_SC.I.84	Bacteria
B195_uncultured.soil.bacterium	B195_uncultured.soil.bacterium	Bacteria
B612_uncultured	B612_uncultured	Bacteria
B544_uncultured.Sorangiineae.bacterium	B544_uncultured.Sorangiineae.bacterium	Bacteria
B223_uncultured.Sphingobacteriales.bacterium	B223_uncultured.Sphingobacteriales.bacterium	Bacteria
B283_uncultured.Thermaerobacter.sp.	B283_uncultured.Thermaerobacter.sp.	Bacteria
B571_uncultured.eubacterium.WCHB1.50	B571_uncultured.eubacterium.WCHB1.50	Bacteria
B348_uncultured.soil.bacterium	B348_uncultured.soil.bacterium	Bacteria
B205_uncultured.prokaryote	B205_uncultured.prokaryote	Bacteria
B173_uncultured.planctomycete	B173_uncultured.planctomycete	Bacteria
B1076_ADurb.Bin063.1	B1076_ADurb.Bin063.1	Bacteria
B25_uncultured.prokaryote	B25_uncultured.prokaryote	Bacteria
B344_f_SC.I.84	B344_f_SC.I.84	Bacteria
B3167_uncultured.proteobacterium	B3167_uncultured.proteobacterium	Bacteria
B316_uncultured.Thermaerobacter.sp.	B316_uncultured.Thermaerobacter.sp.	Bacteria
B837_f_Burkholderiaceae	B837_f_Burkholderiaceae	Bacteria
B372_f_SC.I.84	B372_f_SC.I.84	Bacteria
B429_f_Micrococcaceae	B429_f_Micrococcaceae	Bacteria
B844_Candidatus.Udaeobacter	B844_Candidatus.Udaeobacter	Bacteria
B401_Sh765B.TzT.35	B401_Sh765B.TzT.35	Bacteria
B444_f_Fimbriimonadaceae	B444_f_Fimbriimonadaceae	Bacteria
B112_uncultured.prokaryote	B112_uncultured.prokaryote	Bacteria
B383_uncultured.bacterium	B383_uncultured.bacterium	Bacteria
B441_Actinobacteria.bacterium.RBG_19FT_COMBO_70_19	B441_Actinobacteria.bacterium.RBG_19FT_COMBO_70_19	Bacteria
F171_unidentified	F171_unidentified	Fungi
F395_unidentified	F395_unidentified	Fungi
F382_unidentified	F382_unidentified	Fungi
F159_o_Helotiales	F159_o_Helotiales	Fungi
F229_unidentified	F229_unidentified	Fungi
F844_unidentified	F844_unidentified	Fungi
F363_unidentified	F363_unidentified	Fungi
F813_unidentified	F813_unidentified	Fungi
F1733_unidentified	F1733_unidentified	Fungi
F592_unidentified	F592_unidentified	Fungi
F636_unidentified	F636_unidentified	Fungi
F203_unidentified	F203_unidentified	Fungi
F472_unidentified	F472_unidentified	Fungi
F1476_unidentified	F1476_unidentified	Fungi
F736_unidentified	F736_unidentified	Fungi
F340_unidentified	F340_unidentified	Fungi
F1030_Myrothecium	F1030_Myrothecium	Fungi
F1375_Boothiomyces	F1375_Boothiomyces	Fungi
