id	label	Bacteria
B3263_Azospira	B3263_Azospira	Bacteria
B1165_Sphingomonas	B1165_Sphingomonas	Bacteria
B3_Sphingomonas	B3_Sphingomonas	Bacteria
B81_Stenotrophomonas	B81_Stenotrophomonas	Bacteria
B37_Allorhizobium-Neorhizobium-Pararhizobium-Rhizobium	B37_Allorhizobium-Neorhizobium-Pararhizobium-Rhizobium	Bacteria
B10_Allorhizobium-Neorhizobium-Pararhizobium-Rhizobium	B10_Allorhizobium-Neorhizobium-Pararhizobium-Rhizobium	Bacteria
B265_Deinococcus	B265_Deinococcus	Bacteria
B827_Stenotrophomonas	B827_Stenotrophomonas	Bacteria
B553_Devosia	B553_Devosia	Bacteria
B68_Chryseobacterium	B68_Chryseobacterium	Bacteria
B95_Allorhizobium-Neorhizobium-Pararhizobium-Rhizobium	B95_Allorhizobium-Neorhizobium-Pararhizobium-Rhizobium	Bacteria
B1256_Sphingomonas	B1256_Sphingomonas	Bacteria
F69_o_Pleosporales	F69_o_Pleosporales	Fungi
F222_o_NA	F222_o_NA	Fungi
F21_Acremonium	F21_Acremonium	Fungi
F43_o_Sebacinales	F43_o_Sebacinales	Fungi
F8_unidentified	F8_unidentified	Fungi
F48_unidentified	F48_unidentified	Fungi
F187_o_Chaetothyriales	F187_o_Chaetothyriales	Fungi
F16_Pyricularia	F16_Pyricularia	Fungi
F117_Saitozyma	F117_Saitozyma	Fungi
F105_Clonostachys	F105_Clonostachys	Fungi
F18_f_Phaeosphaeriaceae	F18_f_Phaeosphaeriaceae	Fungi
F12_o_Pleosporales	F12_o_Pleosporales	Fungi
F414_Sakaguchia	F414_Sakaguchia	Fungi
F51_Papiliotrema	F51_Papiliotrema	Fungi
F29_f_Didymellaceae	F29_f_Didymellaceae	Fungi
F33_unidentified	F33_unidentified	Fungi
F65_Sarocladium	F65_Sarocladium	Fungi
F6_Cladosporium	F6_Cladosporium	Fungi
F118_Curvularia	F118_Curvularia	Fungi
F5_Alternaria	F5_Alternaria	Fungi
F41_Arnium	F41_Arnium	Fungi
B5_Pseudomonas	B5_Pseudomonas	Bacteria
B6938_Bacillus	B6938_Bacillus	Bacteria
B835_Spirosoma	B835_Spirosoma	Bacteria
F88_unidentified	F88_unidentified	Fungi
F61_o_Pleosporales	F61_o_Pleosporales	Fungi
F54_Pyrenochaetopsis	F54_Pyrenochaetopsis	Fungi
F133_Cyphellophora	F133_Cyphellophora	Fungi
F78_unidentified	F78_unidentified	Fungi
F418_Hannaella	F418_Hannaella	Fungi
F53_Pyrenochaetopsis	F53_Pyrenochaetopsis	Fungi
F45_f_Didymellaceae	F45_f_Didymellaceae	Fungi
F354_Coniothyrium	F354_Coniothyrium	Fungi
F28_f_Hypocreales_fam_Incertae_sedis	F28_f_Hypocreales_fam_Incertae_sedis	Fungi
F55_f_Nectriaceae	F55_f_Nectriaceae	Fungi
B54_uncultured	B54_uncultured	Bacteria
F132_Phaeosphaeria	F132_Phaeosphaeria	Fungi
B3464_uncultured	B3464_uncultured	Bacteria
B518_Anaeromyxobacter	B518_Anaeromyxobacter	Bacteria
B626_Pseudomonas	B626_Pseudomonas	Bacteria
B6_Sphingomonas	B6_Sphingomonas	Bacteria
B260_Pseudomonas	B260_Pseudomonas	Bacteria
B187_Clostridium sensu stricto 8	B187_Clostridium sensu stricto 8	Bacteria
B267_f_Burkholderiaceae	B267_f_Burkholderiaceae	Bacteria
B269_Pseudomonas	B269_Pseudomonas	Bacteria
B329_Paenibacillus	B329_Paenibacillus	Bacteria
B776_Lactococcus	B776_Lactococcus	Bacteria
B448_Lactococcus	B448_Lactococcus	Bacteria
B1628_f_Enterobacteriaceae	B1628_f_Enterobacteriaceae	Bacteria
B467_Lactococcus	B467_Lactococcus	Bacteria
B646_Leuconostoc	B646_Leuconostoc	Bacteria
B928_Anaerobacillus	B928_Anaerobacillus	Bacteria
F95_o_NA	F95_o_NA	Fungi
F174_unidentified	F174_unidentified	Fungi
F127_Papiliotrema	F127_Papiliotrema	Fungi
B240_Novosphingobium	B240_Novosphingobium	Bacteria
B120_uncultured Anaerolineaceae bacterium	B120_uncultured Anaerolineaceae bacterium	Bacteria
B1192_f_Chitinophagaceae	B1192_f_Chitinophagaceae	Bacteria
B1388_Lawsonella	B1388_Lawsonella	Bacteria
B9_Methylobacterium	B9_Methylobacterium	Bacteria
B338_uncultured bacterium	B338_uncultured bacterium	Bacteria
B328_Stenotrophomonas	B328_Stenotrophomonas	Bacteria
B5227_Stenotrophomonas	B5227_Stenotrophomonas	Bacteria
B948_Mucilaginibacter	B948_Mucilaginibacter	Bacteria
B182_f_Micrococcaceae	B182_f_Micrococcaceae	Bacteria
B227_Allorhizobium-Neorhizobium-Pararhizobium-Rhizobium	B227_Allorhizobium-Neorhizobium-Pararhizobium-Rhizobium	Bacteria
B1447_Achromobacter	B1447_Achromobacter	Bacteria
F243_unidentified	F243_unidentified	Fungi
B222_Kineococcus	B222_Kineococcus	Bacteria
B4136_Streptomyces	B4136_Streptomyces	Bacteria
B2282_Staphylococcus	B2282_Staphylococcus	Bacteria
B424_Williamsia	B424_Williamsia	Bacteria
F276_Cercospora	F276_Cercospora	Fungi
B33_Kineococcus	B33_Kineococcus	Bacteria
B14_Burkholderia-Caballeronia-Paraburkholderia	B14_Burkholderia-Caballeronia-Paraburkholderia	Bacteria
B725_Lactococcus	B725_Lactococcus	Bacteria
F4_o_Pleosporales	F4_o_Pleosporales	Fungi
B3875_Lactobacillus	B3875_Lactobacillus	Bacteria
B494_Brevundimonas	B494_Brevundimonas	Bacteria
B989_Staphylococcus	B989_Staphylococcus	Bacteria
B1790_f_BIrii41	B1790_f_BIrii41	Bacteria
B541_Achromobacter	B541_Achromobacter	Bacteria
B7025_Solirubrobacter	B7025_Solirubrobacter	Bacteria
F2_Nigrospora	F2_Nigrospora	Fungi
B19_Xanthomonas	B19_Xanthomonas	Bacteria
B464_Pseudomonas	B464_Pseudomonas	Bacteria
B31_Quadrisphaera	B31_Quadrisphaera	Bacteria
F115_unidentified	F115_unidentified	Fungi
F147_o_Pleosporales	F147_o_Pleosporales	Fungi
F81_Cladosporium	F81_Cladosporium	Fungi
F89_Aureobasidium	F89_Aureobasidium	Fungi
F250_Pseudopithomyces	F250_Pseudopithomyces	Fungi
B6245_Nocardioides	B6245_Nocardioides	Bacteria
B3590_Escherichia-Shigella	B3590_Escherichia-Shigella	Bacteria
B1161_Mucilaginibacter	B1161_Mucilaginibacter	Bacteria
B12_Novosphingobium	B12_Novosphingobium	Bacteria
B7163_uncultured bacterium	B7163_uncultured bacterium	Bacteria
B302_Acinetobacter	B302_Acinetobacter	Bacteria
B5428_Fimbriiglobus	B5428_Fimbriiglobus	Bacteria
B873_f_Enterobacteriaceae	B873_f_Enterobacteriaceae	Bacteria
B28_Burkholderia-Caballeronia-Paraburkholderia	B28_Burkholderia-Caballeronia-Paraburkholderia	Bacteria
F251_Alternaria	F251_Alternaria	Fungi
B2193_uncultured bacterium	B2193_uncultured bacterium	Bacteria
B7700_Janthinobacterium	B7700_Janthinobacterium	Bacteria
B990_Pseudomonas	B990_Pseudomonas	Bacteria
B2277_Mucilaginibacter	B2277_Mucilaginibacter	Bacteria
F3_Moesziomyces	F3_Moesziomyces	Fungi
B2_Methylobacterium	B2_Methylobacterium	Bacteria
B4566_Streptomyces	B4566_Streptomyces	Bacteria
F177_unidentified	F177_unidentified	Fungi
B208_Singulisphaera	B208_Singulisphaera	Bacteria
B1151_Pseudomonas	B1151_Pseudomonas	Bacteria
B326_Bacillus	B326_Bacillus	Bacteria
B317_Brevundimonas	B317_Brevundimonas	Bacteria
F137_Malassezia	F137_Malassezia	Fungi
F22_Setophoma	F22_Setophoma	Fungi
F1102_o_NA	F1102_o_NA	Fungi
B5710_Ferruginibacter	B5710_Ferruginibacter	Bacteria
B23_f_Burkholderiaceae	B23_f_Burkholderiaceae	Bacteria
B2837_Lactobacillus	B2837_Lactobacillus	Bacteria
F316_Dioszegia	F316_Dioszegia	Fungi
F199_Aureobasidium	F199_Aureobasidium	Fungi
F76_o_Sordariales	F76_o_Sordariales	Fungi
F116_Curvularia	F116_Curvularia	Fungi
B1110_Geodermatophilus	B1110_Geodermatophilus	Bacteria
B1_Pantoea	B1_Pantoea	Bacteria
B4_Pantoea	B4_Pantoea	Bacteria
F808_o_Capnodiales	F808_o_Capnodiales	Fungi
F424_unidentified	F424_unidentified	Fungi
F511_Malassezia	F511_Malassezia	Fungi
F204_Hannaella	F204_Hannaella	Fungi
F47_f_Phaeosphaeriaceae	F47_f_Phaeosphaeriaceae	Fungi
F20_Edenia	F20_Edenia	Fungi
F410_Schizophyllum	F410_Schizophyllum	Fungi
F36_Moesziomyces	F36_Moesziomyces	Fungi
F161_Paraphoma	F161_Paraphoma	Fungi
F231_Bullera	F231_Bullera	Fungi
F289_Aspergillus	F289_Aspergillus	Fungi
B32_Bradyrhizobium	B32_Bradyrhizobium	Bacteria
F106_unidentified	F106_unidentified	Fungi
B2136_Spirosoma	B2136_Spirosoma	Bacteria
B1738_uncultured Termite group 1 bacterium	B1738_uncultured Termite group 1 bacterium	Bacteria
B15_Sphingomonas	B15_Sphingomonas	Bacteria
B1358_Delftia	B1358_Delftia	Bacteria
F50_Thanatephorus	F50_Thanatephorus	Fungi
F632_unidentified	F632_unidentified	Fungi
B138_Nakamurella	B138_Nakamurella	Bacteria
B645_Pseudomonas	B645_Pseudomonas	Bacteria
B13_Aureimonas	B13_Aureimonas	Bacteria
F1376_unidentified	F1376_unidentified	Fungi
B2607_Blastocatella	B2607_Blastocatella	Bacteria
B2664_Singulisphaera	B2664_Singulisphaera	Bacteria
B1658_Staphylococcus	B1658_Staphylococcus	Bacteria
B4809_Streptomyces	B4809_Streptomyces	Bacteria
F2475_Nigrospora	F2475_Nigrospora	Fungi
B52_Allorhizobium-Neorhizobium-Pararhizobium-Rhizobium	B52_Allorhizobium-Neorhizobium-Pararhizobium-Rhizobium	Bacteria
B3417_Brevibacillus	B3417_Brevibacillus	Bacteria
B972_Singulisphaera	B972_Singulisphaera	Bacteria
B2062_Pseudorhodoferax	B2062_Pseudorhodoferax	Bacteria
B20_Pseudomonas	B20_Pseudomonas	Bacteria
F389_f_Sympoventuriaceae	F389_f_Sympoventuriaceae	Fungi
B6451_Brevibacterium	B6451_Brevibacterium	Bacteria
B92_Chryseobacterium	B92_Chryseobacterium	Bacteria
F299_Cladosporium	F299_Cladosporium	Fungi
F27_Curvularia	F27_Curvularia	Fungi
B581_Devosia	B581_Devosia	Bacteria
F637_o_NA	F637_o_NA	Fungi
B437_Escherichia-Shigella	B437_Escherichia-Shigella	Bacteria
F85_Fusarium	F85_Fusarium	Fungi
B83_Bradyrhizobium	B83_Bradyrhizobium	Bacteria
F1230_o_Pleosporales	F1230_o_Pleosporales	Fungi
B933_Pseudomonas	B933_Pseudomonas	Bacteria
B7_Curtobacterium	B7_Curtobacterium	Bacteria
F40_unidentified	F40_unidentified	Fungi
B16_Sphingomonas	B16_Sphingomonas	Bacteria
B633_f_Xanthomonadaceae	B633_f_Xanthomonadaceae	Bacteria
F152_unidentified	F152_unidentified	Fungi
B1530_Pseudoflavitalea	B1530_Pseudoflavitalea	Bacteria
B7804_Truepera	B7804_Truepera	Bacteria
B6134_Domibacillus	B6134_Domibacillus	Bacteria
F1012_Antrodiella	F1012_Antrodiella	Fungi
B1043_f_Burkholderiaceae	B1043_f_Burkholderiaceae	Bacteria
B657_f_Xanthomonadaceae	B657_f_Xanthomonadaceae	Bacteria
B1132_Brevundimonas	B1132_Brevundimonas	Bacteria
B769_Pseudomonas	B769_Pseudomonas	Bacteria
F219_unidentified	F219_unidentified	Fungi
B191_Pseudoxanthomonas	B191_Pseudoxanthomonas	Bacteria
F32_Tilletia	F32_Tilletia	Fungi
F71_Papiliotrema	F71_Papiliotrema	Fungi
F112_Paraphaeosphaeria	F112_Paraphaeosphaeria	Fungi
F30_unidentified	F30_unidentified	Fungi
F226_Saitozyma	F226_Saitozyma	Fungi
F297_Coniothyrium	F297_Coniothyrium	Fungi
B4570_Phycicoccus	B4570_Phycicoccus	Bacteria
F686_Malassezia	F686_Malassezia	Fungi
F194_Hannaella	F194_Hannaella	Fungi
B5194_SH-PL14	B5194_SH-PL14	Bacteria
F44_Zopfiella	F44_Zopfiella	Fungi
F468_Keissleriella	F468_Keissleriella	Fungi
B2306_o_NA	B2306_o_NA	Bacteria
B5006_Paenibacillus	B5006_Paenibacillus	Bacteria
F178_Schizopora	F178_Schizopora	Fungi
F220_Acremonium	F220_Acremonium	Fungi
F500_Leptosphaeria	F500_Leptosphaeria	Fungi
B465_Clostridium sensu stricto 1	B465_Clostridium sensu stricto 1	Bacteria
F1470_Nigrospora	F1470_Nigrospora	Fungi
F836_Acremonium	F836_Acremonium	Fungi
F341_Pyricularia	F341_Pyricularia	Fungi
F548_Ochroconis	F548_Ochroconis	Fungi
F207_o_Tremellales	F207_o_Tremellales	Fungi
F1297_Devriesia	F1297_Devriesia	Fungi
F285_Tetraplosphaeria	F285_Tetraplosphaeria	Fungi
F31_Fusarium	F31_Fusarium	Fungi
B4750_uncultured	B4750_uncultured	Bacteria
B278_o_NA	B278_o_NA	Bacteria
B7591_uncultured.sludge.bacterium.H5	B7591_uncultured.sludge.bacterium.H5	Bacteria
B780_Spirosoma	B780_Spirosoma	Bacteria
B10689_Larkinella	B10689_Larkinella	Bacteria
B282_Acinetobacter	B282_Acinetobacter	Bacteria
B640_f_Intrasporangiaceae	B640_f_Intrasporangiaceae	Bacteria
B11662_Tepidiphilus	B11662_Tepidiphilus	Bacteria
B1634_f_Unknown.Family	B1634_f_Unknown.Family	Bacteria
B358_uncultured	B358_uncultured	Bacteria
B22_uncultured.Roseobacter.sp.	B22_uncultured.Roseobacter.sp.	Bacteria
B1727_Actinoplanes	B1727_Actinoplanes	Bacteria
B87_Mucilaginibacter	B87_Mucilaginibacter	Bacteria
B252_Spirosoma	B252_Spirosoma	Bacteria
B500_Pseudomonas	B500_Pseudomonas	Bacteria
B781_Dyadobacter	B781_Dyadobacter	Bacteria
B2520_Belnapia	B2520_Belnapia	Bacteria
B1620_Melittangium	B1620_Melittangium	Bacteria
B80_Bradyrhizobium	B80_Bradyrhizobium	Bacteria
B774_wastewater.metagenome	B774_wastewater.metagenome	Bacteria
B7631_uncultured.bacterium	B7631_uncultured.bacterium	Bacteria
B67_uncultured	B67_uncultured	Bacteria
B7995_Sphingobium	B7995_Sphingobium	Bacteria
B9207_o_NA	B9207_o_NA	Bacteria
B11729_uncultured.Acidobacterium.sp.	B11729_uncultured.Acidobacterium.sp.	Bacteria
B71_Methylobacterium	B71_Methylobacterium	Bacteria
B2375_f_Burkholderiaceae	B2375_f_Burkholderiaceae	Bacteria
B37_Allorhizobium.Neorhizobium.Pararhizobium.Rhizobium	B37_Allorhizobium.Neorhizobium.Pararhizobium.Rhizobium	Bacteria
B735_uncultured.bacterium	B735_uncultured.bacterium	Bacteria
B120_uncultured.Anaerolineaceae.bacterium	B120_uncultured.Anaerolineaceae.bacterium	Bacteria
B7163_uncultured.bacterium	B7163_uncultured.bacterium	Bacteria
B702_Singulisphaera	B702_Singulisphaera	Bacteria
B116_Geodermatophilus	B116_Geodermatophilus	Bacteria
B10_Allorhizobium.Neorhizobium.Pararhizobium.Rhizobium	B10_Allorhizobium.Neorhizobium.Pararhizobium.Rhizobium	Bacteria
B2228_Acinetobacter	B2228_Acinetobacter	Bacteria
B430_Pseudonocardia	B430_Pseudonocardia	Bacteria
B2699_Stenotrophomonas	B2699_Stenotrophomonas	Bacteria
B187_Clostridium.sensu.stricto.8	B187_Clostridium.sensu.stricto.8	Bacteria
B42_Pseudomonas	B42_Pseudomonas	Bacteria
B4537_IMCC26207	B4537_IMCC26207	Bacteria
B461_Acinetobacter	B461_Acinetobacter	Bacteria
B332_Actinomycetospora	B332_Actinomycetospora	Bacteria
B12635_Corynebacterium.1	B12635_Corynebacterium.1	Bacteria
B437_Escherichia.Shigella	B437_Escherichia.Shigella	Bacteria
B1716_Nocardioides	B1716_Nocardioides	Bacteria
B93_Pedobacter	B93_Pedobacter	Bacteria
B8728_Fibrella	B8728_Fibrella	Bacteria
B9066_Acidobacteria.bacterium.SCN.69.37	B9066_Acidobacteria.bacterium.SCN.69.37	Bacteria
B2753_Aquisphaera	B2753_Aquisphaera	Bacteria
B58_Rhodanobacter	B58_Rhodanobacter	Bacteria
B7272_f_Blastocatellaceae	B7272_f_Blastocatellaceae	Bacteria
B30_Sphingomonas	B30_Sphingomonas	Bacteria
B10839_uncultured.bacterium	B10839_uncultured.bacterium	Bacteria
B333_metagenome	B333_metagenome	Bacteria
B968_Acidibacter	B968_Acidibacter	Bacteria
B17_Methylobacterium	B17_Methylobacterium	Bacteria
B1738_uncultured.Termite.group.1.bacterium	B1738_uncultured.Termite.group.1.bacterium	Bacteria
B338_uncultured.bacterium	B338_uncultured.bacterium	Bacteria
B3590_Escherichia.Shigella	B3590_Escherichia.Shigella	Bacteria
B11492_Enhydrobacter	B11492_Enhydrobacter	Bacteria
B52_Allorhizobium.Neorhizobium.Pararhizobium.Rhizobium	B52_Allorhizobium.Neorhizobium.Pararhizobium.Rhizobium	Bacteria
B737_Pseudomonas	B737_Pseudomonas	Bacteria
B227_Allorhizobium.Neorhizobium.Pararhizobium.Rhizobium	B227_Allorhizobium.Neorhizobium.Pararhizobium.Rhizobium	Bacteria
B28_Burkholderia.Caballeronia.Paraburkholderia	B28_Burkholderia.Caballeronia.Paraburkholderia	Bacteria
B95_Allorhizobium.Neorhizobium.Pararhizobium.Rhizobium	B95_Allorhizobium.Neorhizobium.Pararhizobium.Rhizobium	Bacteria
F37_unidentified	F37_unidentified	Fungi
F1437_o_Pleosporales	F1437_o_Pleosporales	Fungi
