id	label	Bacteria
B5_Pseudomonas	B5_Pseudomonas	Bacteria
B54_uncultured	B54_uncultured	Bacteria
B29_Methylobacterium	B29_Methylobacterium	Bacteria
B7_Curtobacterium	B7_Curtobacterium	Bacteria
F1004_unidentified	F1004_unidentified	Fungi
F204_Hannaella	F204_Hannaella	Fungi
F3_Moesziomyces	F3_Moesziomyces	Fungi
F292_Engyodontium	F292_Engyodontium	Fungi
F3614_Penicillium	F3614_Penicillium	Fungi
F6_Cladosporium	F6_Cladosporium	Fungi
B22_uncultured Roseobacter sp.	B22_uncultured Roseobacter sp.	Bacteria
B71_Methylobacterium	B71_Methylobacterium	Bacteria
F1871_o_Trechisporales	F1871_o_Trechisporales	Fungi
F114_unidentified	F114_unidentified	Fungi
F658_Candida	F658_Candida	Fungi
F136_f_Didymosphaeriaceae	F136_f_Didymosphaeriaceae	Fungi
F20_Edenia	F20_Edenia	Fungi
F407_Phanerochaete	F407_Phanerochaete	Fungi
F973_Phanerochaete	F973_Phanerochaete	Fungi
F33_unidentified	F33_unidentified	Fungi
F5_Alternaria	F5_Alternaria	Fungi
F31_Fusarium	F31_Fusarium	Fungi
F725_Cabalodontia	F725_Cabalodontia	Fungi
F93_Gaeumannomyces	F93_Gaeumannomyces	Fungi
B8_f_Rhizobiaceae	B8_f_Rhizobiaceae	Bacteria
B15_Sphingomonas	B15_Sphingomonas	Bacteria
B3_Sphingomonas	B3_Sphingomonas	Bacteria
F2_Nigrospora	F2_Nigrospora	Fungi
F226_Saitozyma	F226_Saitozyma	Fungi
F147_o_Pleosporales	F147_o_Pleosporales	Fungi
F89_Aureobasidium	F89_Aureobasidium	Fungi
B2_Methylobacterium	B2_Methylobacterium	Bacteria
B1193_Blastocatella	B1193_Blastocatella	Bacteria
B1475_uncultured bacterium	B1475_uncultured bacterium	Bacteria
B712_f_Intrasporangiaceae	B712_f_Intrasporangiaceae	Bacteria
B9889_Noviherbaspirillum	B9889_Noviherbaspirillum	Bacteria
B5868_Brevundimonas	B5868_Brevundimonas	Bacteria
B679_Georgenia	B679_Georgenia	Bacteria
B13_Aureimonas	B13_Aureimonas	Bacteria
B354_Paraburkholderia tropica	B354_Paraburkholderia tropica	Bacteria
B209_Escherichia-Shigella	B209_Escherichia-Shigella	Bacteria
B624_Ornithinimicrobium	B624_Ornithinimicrobium	Bacteria
B705_f_Sphingomonadaceae	B705_f_Sphingomonadaceae	Bacteria
B1885_Paenibacillus	B1885_Paenibacillus	Bacteria
B398_Rhodococcus	B398_Rhodococcus	Bacteria
F217_unidentified	F217_unidentified	Fungi
F791_unidentified	F791_unidentified	Fungi
F202_Pseudozyma	F202_Pseudozyma	Fungi
F4_o_Pleosporales	F4_o_Pleosporales	Fungi
F361_Phaeosphaeria	F361_Phaeosphaeria	Fungi
F818_Phaeosphaeria	F818_Phaeosphaeria	Fungi
F356_Paraconiothyrium	F356_Paraconiothyrium	Fungi
F27_Curvularia	F27_Curvularia	Fungi
F975_Daedaleopsis	F975_Daedaleopsis	Fungi
F328_Phaeosphaeria	F328_Phaeosphaeria	Fungi
F1492_Byssochlamys	F1492_Byssochlamys	Fungi
F36_Moesziomyces	F36_Moesziomyces	Fungi
F28_f_Hypocreales_fam_Incertae_sedis	F28_f_Hypocreales_fam_Incertae_sedis	Fungi
F712_Fusarium	F712_Fusarium	Fungi
B814_Sediminibacterium	B814_Sediminibacterium	Bacteria
F441_o_Hypocreales	F441_o_Hypocreales	Fungi
F65_Sarocladium	F65_Sarocladium	Fungi
B9_Methylobacterium	B9_Methylobacterium	Bacteria
B98_Sphingomonas	B98_Sphingomonas	Bacteria
B81_Stenotrophomonas	B81_Stenotrophomonas	Bacteria
F16_Pyricularia	F16_Pyricularia	Fungi
F258_Nigrospora	F258_Nigrospora	Fungi
F349_Biappendiculispora	F349_Biappendiculispora	Fungi
F12_o_Pleosporales	F12_o_Pleosporales	Fungi
F183_Curvularia	F183_Curvularia	Fungi
F120_Sporobolomyces	F120_Sporobolomyces	Fungi
F71_Papiliotrema	F71_Papiliotrema	Fungi
F1474_unidentified	F1474_unidentified	Fungi
F3227_Lanzia	F3227_Lanzia	Fungi
F606_unidentified	F606_unidentified	Fungi
F192_Fusicolla	F192_Fusicolla	Fungi
F280_o_Polyporales	F280_o_Polyporales	Fungi
F362_Porostereum	F362_Porostereum	Fungi
F131_unidentified	F131_unidentified	Fungi
F54_Pyrenochaetopsis	F54_Pyrenochaetopsis	Fungi
F9_Chaetomium	F9_Chaetomium	Fungi
B1612_uncultured organism	B1612_uncultured organism	Bacteria
B154_f_Micrococcaceae	B154_f_Micrococcaceae	Bacteria
F623_Stereum	F623_Stereum	Fungi
F51_Papiliotrema	F51_Papiliotrema	Fungi
F22_Setophoma	F22_Setophoma	Fungi
B1_Pantoea	B1_Pantoea	Bacteria
B2610_Taibaiella	B2610_Taibaiella	Bacteria
F29_f_Didymellaceae	F29_f_Didymellaceae	Fungi
F45_f_Didymellaceae	F45_f_Didymellaceae	Fungi
F268_Sarocladium	F268_Sarocladium	Fungi
F116_Curvularia	F116_Curvularia	Fungi
B33_Kineococcus	B33_Kineococcus	Bacteria
F1122_Alutaceodontia	F1122_Alutaceodontia	Fungi
F2312_unidentified	F2312_unidentified	Fungi
F3404_unidentified	F3404_unidentified	Fungi
F169_Naganishia	F169_Naganishia	Fungi
F105_Clonostachys	F105_Clonostachys	Fungi
F2396_Peniophora	F2396_Peniophora	Fungi
F272_Penicillium	F272_Penicillium	Fungi
F778_Phlebiopsis	F778_Phlebiopsis	Fungi
F160_Cladosporium	F160_Cladosporium	Fungi
F663_Hymenochaetopsis	F663_Hymenochaetopsis	Fungi
F992_Coprinellus	F992_Coprinellus	Fungi
F814_Xylodon	F814_Xylodon	Fungi
F276_Cercospora	F276_Cercospora	Fungi
F277_Peniophora	F277_Peniophora	Fungi
F127_Papiliotrema	F127_Papiliotrema	Fungi
B338_uncultured bacterium	B338_uncultured bacterium	Bacteria
F865_Moesziomyces	F865_Moesziomyces	Fungi
F50_Thanatephorus	F50_Thanatephorus	Fungi
F1000_Ganoderma	F1000_Ganoderma	Fungi
F609_Talaromyces	F609_Talaromyces	Fungi
F836_Acremonium	F836_Acremonium	Fungi
F461_unidentified	F461_unidentified	Fungi
F600_Penicillium	F600_Penicillium	Fungi
F1139_o_Helotiales	F1139_o_Helotiales	Fungi
F2098_Rhizoctonia	F2098_Rhizoctonia	Fungi
F468_Keissleriella	F468_Keissleriella	Fungi
F353_Diaporthe	F353_Diaporthe	Fungi
F5076_f_Aureobasidiaceae	F5076_f_Aureobasidiaceae	Fungi
F739_unidentified	F739_unidentified	Fungi
F260_Schizopora	F260_Schizopora	Fungi
F38_Pseudeurotium	F38_Pseudeurotium	Fungi
F2060_unidentified	F2060_unidentified	Fungi
B5874_Acinetobacter	B5874_Acinetobacter	Bacteria
F3900_f_Diatrypaceae	F3900_f_Diatrypaceae	Fungi
F652_Trichomerium	F652_Trichomerium	Fungi
F1863_Paraconiothyrium	F1863_Paraconiothyrium	Fungi
F410_Schizophyllum	F410_Schizophyllum	Fungi
F3549_o_NA	F3549_o_NA	Fungi
F263_unidentified	F263_unidentified	Fungi
F759_unidentified	F759_unidentified	Fungi
F1355_unidentified	F1355_unidentified	Fungi
F199_Aureobasidium	F199_Aureobasidium	Fungi
F81_Cladosporium	F81_Cladosporium	Fungi
F53_Pyrenochaetopsis	F53_Pyrenochaetopsis	Fungi
F194_Hannaella	F194_Hannaella	Fungi
F1931_f_Chaetomiaceae	F1931_f_Chaetomiaceae	Fungi
F181_f_Didymellaceae	F181_f_Didymellaceae	Fungi
F8_unidentified	F8_unidentified	Fungi
F1792_Meira	F1792_Meira	Fungi
F482_Pichia	F482_Pichia	Fungi
F310_unidentified	F310_unidentified	Fungi
F1028_Rhodotorula	F1028_Rhodotorula	Fungi
F178_Schizopora	F178_Schizopora	Fungi
F385_Coprinellus	F385_Coprinellus	Fungi
F190_Irpex	F190_Irpex	Fungi
F488_Penicillium	F488_Penicillium	Fungi
F3609_Coprinopsis	F3609_Coprinopsis	Fungi
F4541_o_Polyporales	F4541_o_Polyporales	Fungi
F3117_Xylomelasma	F3117_Xylomelasma	Fungi
B1312_o_NA	B1312_o_NA	Bacteria
B11974_o_NA	B11974_o_NA	Bacteria
B1390_Candidatus.Cardinium	B1390_Candidatus.Cardinium	Bacteria
B34_Bradyrhizobium	B34_Bradyrhizobium	Bacteria
B22_uncultured.Roseobacter.sp.	B22_uncultured.Roseobacter.sp.	Bacteria
B41_uncultured	B41_uncultured	Bacteria
B23_f_Burkholderiaceae	B23_f_Burkholderiaceae	Bacteria
B26_Bradyrhizobium	B26_Bradyrhizobium	Bacteria
B1612_uncultured.organism	B1612_uncultured.organism	Bacteria
B1450_Acinetobacter	B1450_Acinetobacter	Bacteria
B351_f_Burkholderiaceae	B351_f_Burkholderiaceae	Bacteria
B24_Bradyrhizobium	B24_Bradyrhizobium	Bacteria
B17_Methylobacterium	B17_Methylobacterium	Bacteria
B5031_Microbacterium	B5031_Microbacterium	Bacteria
B338_uncultured.bacterium	B338_uncultured.bacterium	Bacteria
B1475_uncultured.bacterium	B1475_uncultured.bacterium	Bacteria
B32_Bradyrhizobium	B32_Bradyrhizobium	Bacteria
B354_Paraburkholderia.tropica	B354_Paraburkholderia.tropica	Bacteria
B209_Escherichia.Shigella	B209_Escherichia.Shigella	Bacteria
B1089_Aquabacterium	B1089_Aquabacterium	Bacteria
B1804_Corynebacterium	B1804_Corynebacterium	Bacteria
F723_unidentified	F723_unidentified	Fungi
F61_o_Pleosporales	F61_o_Pleosporales	Fungi
F69_o_Pleosporales	F69_o_Pleosporales	Fungi
F5091_o_NA	F5091_o_NA	Fungi
F2457_Fomitopsis	F2457_Fomitopsis	Fungi
F48_unidentified	F48_unidentified	Fungi
F2621_f_Tubeufiaceae	F2621_f_Tubeufiaceae	Fungi
F137_Malassezia	F137_Malassezia	Fungi
F177_unidentified	F177_unidentified	Fungi
F951_Blakeslea	F951_Blakeslea	Fungi
F435_Cyberlindnera	F435_Cyberlindnera	Fungi
F693_Aspergillus	F693_Aspergillus	Fungi
F231_Bullera	F231_Bullera	Fungi
F13_Zopfiella	F13_Zopfiella	Fungi
