id	label	Bacteria
B336_Anaerolinea	B336_Anaerolinea	Bacteria
B131_Rhodanobacter	B131_Rhodanobacter	Bacteria
F287_unidentified	F287_unidentified	Fungi
B218_RBG-16-58-14	B218_RBG-16-58-14	Bacteria
B460_uncultured prokaryote	B460_uncultured prokaryote	Bacteria
B483_Anaerolinea	B483_Anaerolinea	Bacteria
B499_uncultured	B499_uncultured	Bacteria
B97_uncultured	B97_uncultured	Bacteria
B534_Thiobacillus	B534_Thiobacillus	Bacteria
B114_Luteimonas	B114_Luteimonas	Bacteria
B444_f_Fimbriimonadaceae	B444_f_Fimbriimonadaceae	Bacteria
B759_BSV13	B759_BSV13	Bacteria
F247_unidentified	F247_unidentified	Fungi
F393_unidentified	F393_unidentified	Fungi
F290_f_Coniochaetaceae	F290_f_Coniochaetaceae	Fungi
F103_unidentified	F103_unidentified	Fungi
B136_Hydrogenispora	B136_Hydrogenispora	Bacteria
B431_Leptolinea	B431_Leptolinea	Bacteria
B251_uncultured Bellilinea sp.	B251_uncultured Bellilinea sp.	Bacteria
B94_uncultured Nitrospirae bacterium	B94_uncultured Nitrospirae bacterium	Bacteria
B148_Thiobacillus	B148_Thiobacillus	Bacteria
B104_uncultured bacterium	B104_uncultured bacterium	Bacteria
F70_unidentified	F70_unidentified	Fungi
F68_Pseudogymnoascus	F68_Pseudogymnoascus	Fungi
B193_Sideroxydans	B193_Sideroxydans	Bacteria
B3593_uncultured bacterium	B3593_uncultured bacterium	Bacteria
B1849_f_WD2101 soil group	B1849_f_WD2101 soil group	Bacteria
B304_Ignavibacterium	B304_Ignavibacterium	Bacteria
B65_o_RBG-13-54-9	B65_o_RBG-13-54-9	Bacteria
B474_Gemmatimonas	B474_Gemmatimonas	Bacteria
B573_uncultured Gemmatimonadetes bacterium	B573_uncultured Gemmatimonadetes bacterium	Bacteria
B47_metagenome	B47_metagenome	Bacteria
B866_uncultured soil bacterium	B866_uncultured soil bacterium	Bacteria
B979_o_RBG-13-54-9	B979_o_RBG-13-54-9	Bacteria
B552_Thiobacillus	B552_Thiobacillus	Bacteria
B514_Terrabacter	B514_Terrabacter	Bacteria
B422_uncultured	B422_uncultured	Bacteria
B59_Terrabacter	B59_Terrabacter	Bacteria
B142_Ellin6067	B142_Ellin6067	Bacteria
B2040_Nocardioides	B2040_Nocardioides	Bacteria
B729_uncultured	B729_uncultured	Bacteria
B352_o_NA	B352_o_NA	Bacteria
F498_Mortierella	F498_Mortierella	Fungi
F119_unidentified	F119_unidentified	Fungi
F336_unidentified	F336_unidentified	Fungi
F331_o_Helotiales	F331_o_Helotiales	Fungi
F56_Arnium	F56_Arnium	Fungi
F92_unidentified	F92_unidentified	Fungi
F185_f_Didymosphaeriaceae	F185_f_Didymosphaeriaceae	Fungi
B2694_uncultured Prosthecobacter sp.	B2694_uncultured Prosthecobacter sp.	Bacteria
B350_Candidatus Solibacter	B350_Candidatus Solibacter	Bacteria
B779_Flavisolibacter	B779_Flavisolibacter	Bacteria
B714_o_NA	B714_o_NA	Bacteria
B798_Devosia	B798_Devosia	Bacteria
B2668_Geobacter	B2668_Geobacter	Bacteria
B1827_uncultured Holophaga sp.	B1827_uncultured Holophaga sp.	Bacteria
B429_f_Micrococcaceae	B429_f_Micrococcaceae	Bacteria
B1079_uncultured	B1079_uncultured	Bacteria
B1362_f_Gallionellaceae	B1362_f_Gallionellaceae	Bacteria
F14_o_Pleosporales	F14_o_Pleosporales	Fungi
B1081_o_NA	B1081_o_NA	Bacteria
F384_unidentified	F384_unidentified	Fungi
B770_f_WD2101 soil group	B770_f_WD2101 soil group	Bacteria
B319_anaerobic bacterium MO-CFX2	B319_anaerobic bacterium MO-CFX2	Bacteria
B67_uncultured	B67_uncultured	Bacteria
B168_uncultured bacterium	B168_uncultured bacterium	Bacteria
B180_o_NA	B180_o_NA	Bacteria
B462_uncultured Chloroflexi bacterium	B462_uncultured Chloroflexi bacterium	Bacteria
B185_ADurb.Bin063-1	B185_ADurb.Bin063-1	Bacteria
B241_uncultured	B241_uncultured	Bacteria
B1129_uncultured soil bacterium	B1129_uncultured soil bacterium	Bacteria
B248_o_Betaproteobacteriales	B248_o_Betaproteobacteriales	Bacteria
B108_Geobacter	B108_Geobacter	Bacteria
B322_RB41	B322_RB41	Bacteria
B833_f_UA-50	B833_f_UA-50	Bacteria
B154_f_Micrococcaceae	B154_f_Micrococcaceae	Bacteria
F201_unidentified	F201_unidentified	Fungi
F91_unidentified	F91_unidentified	Fungi
F210_unidentified	F210_unidentified	Fungi
F234_unidentified	F234_unidentified	Fungi
F282_unidentified	F282_unidentified	Fungi
F242_unidentified	F242_unidentified	Fungi
F388_unidentified	F388_unidentified	Fungi
F111_Geomyces	F111_Geomyces	Fungi
F10_Guehomyces	F10_Guehomyces	Fungi
F15_o_Helotiales	F15_o_Helotiales	Fungi
B247_uncultured	B247_uncultured	Bacteria
B225_uncultured bacterium	B225_uncultured bacterium	Bacteria
B123_uncultured	B123_uncultured	Bacteria
B255_Reyranella	B255_Reyranella	Bacteria
B204_Syntrophobacter	B204_Syntrophobacter	Bacteria
B107_o_NA	B107_o_NA	Bacteria
B253_uncultured	B253_uncultured	Bacteria
B378_f_WD2101 soil group	B378_f_WD2101 soil group	Bacteria
B249_Thiobacillus	B249_Thiobacillus	Bacteria
B568_Thioalkalispira	B568_Thioalkalispira	Bacteria
B831_uncultured bacterium mle1-16	B831_uncultured bacterium mle1-16	Bacteria
B173_uncultured planctomycete	B173_uncultured planctomycete	Bacteria
F345_unidentified	F345_unidentified	Fungi
F300_unidentified	F300_unidentified	Fungi
B427_uncultured Gemmatimonadetes bacterium	B427_uncultured Gemmatimonadetes bacterium	Bacteria
B2795_f_WD2101 soil group	B2795_f_WD2101 soil group	Bacteria
B850_uncultured prokaryote	B850_uncultured prokaryote	Bacteria
B1484_Marmoricola	B1484_Marmoricola	Bacteria
F216_unidentified	F216_unidentified	Fungi
F77_o_NA	F77_o_NA	Fungi
F97_o_Sordariales	F97_o_Sordariales	Fungi
B509_o_SBR1031	B509_o_SBR1031	Bacteria
B250_o_RBG-13-54-9	B250_o_RBG-13-54-9	Bacteria
B158_uncultured bacterium	B158_uncultured bacterium	Bacteria
B415_uncultured prokaryote	B415_uncultured prokaryote	Bacteria
B274_Porphyrobacter	B274_Porphyrobacter	Bacteria
B91_o_NA	B91_o_NA	Bacteria
B66_GOUTA6	B66_GOUTA6	Bacteria
B170_Bryobacter	B170_Bryobacter	Bacteria
B1282_uncultured bacterium	B1282_uncultured bacterium	Bacteria
B126_Sphingomonas	B126_Sphingomonas	Bacteria
B53_f_SC-I-84	B53_f_SC-I-84	Bacteria
B205_uncultured prokaryote	B205_uncultured prokaryote	Bacteria
B380_f_Micrococcaceae	B380_f_Micrococcaceae	Bacteria
F314_unidentified	F314_unidentified	Fungi
F412_unidentified	F412_unidentified	Fungi
F57_Trichoderma	F57_Trichoderma	Fungi
F205_Mortierella	F205_Mortierella	Fungi
B268_uncultured	B268_uncultured	Bacteria
B670_f_uncultured	B670_f_uncultured	Bacteria
F1235_unidentified	F1235_unidentified	Fungi
F807_Trichoderma	F807_Trichoderma	Fungi
F9_Chaetomium	F9_Chaetomium	Fungi
B184_f_Anaerolineaceae	B184_f_Anaerolineaceae	Bacteria
B1512_unidentified eubacterium clone BSV40	B1512_unidentified eubacterium clone BSV40	Bacteria
B935_f_Micromonosporaceae	B935_f_Micromonosporaceae	Bacteria
B578_f_uncultured	B578_f_uncultured	Bacteria
B1125_WCHB1-32	B1125_WCHB1-32	Bacteria
B3290_uncultured bacterium	B3290_uncultured bacterium	Bacteria
B182_f_Micrococcaceae	B182_f_Micrococcaceae	Bacteria
B1483_GOUTB8	B1483_GOUTB8	Bacteria
F41_Arnium	F41_Arnium	Fungi
B151_Pseudolabrys	B151_Pseudolabrys	Bacteria
B1844_uncultured Chloroflexi bacterium	B1844_uncultured Chloroflexi bacterium	Bacteria
B1736_o_NA	B1736_o_NA	Bacteria
B1340_uncultured Prosthecobacter sp.	B1340_uncultured Prosthecobacter sp.	Bacteria
B454_uncultured	B454_uncultured	Bacteria
B857_uncultured bacterium DA023	B857_uncultured bacterium DA023	Bacteria
F1110_Saccharicola	F1110_Saccharicola	Fungi
B1198_f_Streptomycetaceae	B1198_f_Streptomycetaceae	Bacteria
B1659_ADurb.Bin063-1	B1659_ADurb.Bin063-1	Bacteria
B150_RBG-16-58-14	B150_RBG-16-58-14	Bacteria
B555_uncultured organism	B555_uncultured organism	Bacteria
B316_uncultured Thermaerobacter sp.	B316_uncultured Thermaerobacter sp.	Bacteria
F344_Typhula	F344_Typhula	Fungi
B44_f_Xanthobacteraceae	B44_f_Xanthobacteraceae	Bacteria
B63_Methylocystis	B63_Methylocystis	Bacteria
B88_uncultured Alkaliflexus sp.	B88_uncultured Alkaliflexus sp.	Bacteria
B128_Thiobacillus	B128_Thiobacillus	Bacteria
F7_unidentified	F7_unidentified	Fungi
F151_unidentified	F151_unidentified	Fungi
F592_unidentified	F592_unidentified	Fungi
F59_Podospora	F59_Podospora	Fungi
F39_unidentified	F39_unidentified	Fungi
F167_unidentified	F167_unidentified	Fungi
F347_Emericellopsis	F347_Emericellopsis	Fungi
F156_Serendipita	F156_Serendipita	Fungi
F364_Schizothecium	F364_Schizothecium	Fungi
F24_o_Helotiales	F24_o_Helotiales	Fungi
B309_Sideroxydans	B309_Sideroxydans	Bacteria
B618_Gemmatimonas	B618_Gemmatimonas	Bacteria
F401_unidentified	F401_unidentified	Fungi
F17_o_Pleosporales	F17_o_Pleosporales	Fungi
B181_uncultured Planctomycetales bacterium	B181_uncultured Planctomycetales bacterium	Bacteria
B2844_Thiobacillus	B2844_Thiobacillus	Bacteria
B231_Geobacter	B231_Geobacter	Bacteria
B74_f_Rhodocyclaceae	B74_f_Rhodocyclaceae	Bacteria
B564_Candidatus Solibacter	B564_Candidatus Solibacter	Bacteria
B69_o_NA	B69_o_NA	Bacteria
B436_uncultured	B436_uncultured	Bacteria
B469_uncultured bacterium	B469_uncultured bacterium	Bacteria
B751_Arenimonas	B751_Arenimonas	Bacteria
B396_o_RCP2-54	B396_o_RCP2-54	Bacteria
B3258_uncultured	B3258_uncultured	Bacteria
B146_uncultured prokaryote	B146_uncultured prokaryote	Bacteria
F950_unidentified	F950_unidentified	Fungi
B129_ADurb.Bin063-1	B129_ADurb.Bin063-1	Bacteria
B341_uncultured	B341_uncultured	Bacteria
B152_Sideroxydans	B152_Sideroxydans	Bacteria
B206_uncultured bacterium	B206_uncultured bacterium	Bacteria
F894_o_Leucosporidiales	F894_o_Leucosporidiales	Fungi
B55_Sideroxydans	B55_Sideroxydans	Bacteria
F378_unidentified	F378_unidentified	Fungi
F73_Tetracladium	F73_Tetracladium	Fungi
F372_Schizothecium	F372_Schizothecium	Fungi
B706_uncultured Desulfuromonadales bacterium	B706_uncultured Desulfuromonadales bacterium	Bacteria
B221_f_Xanthobacteraceae	B221_f_Xanthobacteraceae	Bacteria
F46_Microscypha	F46_Microscypha	Fungi
B124_Ellin6067	B124_Ellin6067	Bacteria
B375_Sphingomonas	B375_Sphingomonas	Bacteria
B245_f_Xanthobacteraceae	B245_f_Xanthobacteraceae	Bacteria
B199_f_Nocardioidaceae	B199_f_Nocardioidaceae	Bacteria
B324_Haliangium	B324_Haliangium	Bacteria
F192_Fusicolla	F192_Fusicolla	Fungi
F13_Zopfiella	F13_Zopfiella	Fungi
B174_f_Bacteroidetes vadinHA17	B174_f_Bacteroidetes vadinHA17	Bacteria
B155_Flavisolibacter	B155_Flavisolibacter	Bacteria
B113_o_RBG-13-54-9	B113_o_RBG-13-54-9	Bacteria
F618_o_NA	F618_o_NA	Fungi
B901_uncultured bacterium	B901_uncultured bacterium	Bacteria
B38_uncultured prokaryote	B38_uncultured prokaryote	Bacteria
B531_Syntrophus	B531_Syntrophus	Bacteria
B511_Thiobacillus	B511_Thiobacillus	Bacteria
B1357_uncultured bacterium	B1357_uncultured bacterium	Bacteria
B572_uncultured Cytophagales bacterium	B572_uncultured Cytophagales bacterium	Bacteria
B517_uncultured bacterium	B517_uncultured bacterium	Bacteria
B51_Anaerolinea	B51_Anaerolinea	Bacteria
B50_Thiobacillus	B50_Thiobacillus	Bacteria
B140_f_Intrasporangiaceae	B140_f_Intrasporangiaceae	Bacteria
B25_uncultured prokaryote	B25_uncultured prokaryote	Bacteria
F350_o_Tremellales	F350_o_Tremellales	Fungi
F524_unidentified	F524_unidentified	Fungi
F19_unidentified	F19_unidentified	Fungi
F107_o_Helotiales	F107_o_Helotiales	Fungi
F83_Schizothecium	F83_Schizothecium	Fungi
F519_f_Hyaloscyphaceae	F519_f_Hyaloscyphaceae	Fungi
F58_Schizothecium	F58_Schizothecium	Fungi
F44_Zopfiella	F44_Zopfiella	Fungi
F122_Apodus	F122_Apodus	Fungi
B79_uncultured	B79_uncultured	Bacteria
B292_uncultured	B292_uncultured	Bacteria
B167_Gemmatimonas	B167_Gemmatimonas	Bacteria
B194_o_OPB41	B194_o_OPB41	Bacteria
B584_Leptolinea	B584_Leptolinea	Bacteria
B171_uncultured prokaryote	B171_uncultured prokaryote	Bacteria
B368_Thiobacillus	B368_Thiobacillus	Bacteria
F37_unidentified	F37_unidentified	Fungi
F335_unidentified	F335_unidentified	Fungi
F141_f_Nectriaceae	F141_f_Nectriaceae	Fungi
B233_Geothrix	B233_Geothrix	Bacteria
F383_unidentified	F383_unidentified	Fungi
F847_unidentified	F847_unidentified	Fungi
B300_Gemmatimonas	B300_Gemmatimonas	Bacteria
B616_Lacunisphaera	B616_Lacunisphaera	Bacteria
F67_unidentified	F67_unidentified	Fungi
B731_Thiobacillus	B731_Thiobacillus	Bacteria
B837_f_Burkholderiaceae	B837_f_Burkholderiaceae	Bacteria
B1056_o_Subgroup 7	B1056_o_Subgroup 7	Bacteria
F472_unidentified	F472_unidentified	Fungi
B395_f_uncultured	B395_f_uncultured	Bacteria
B261_uncultured	B261_uncultured	Bacteria
F232_Mortierella	F232_Mortierella	Fungi
B516_uncultured bacterium SJA-22	B516_uncultured bacterium SJA-22	Bacteria
B283_uncultured Thermaerobacter sp.	B283_uncultured Thermaerobacter sp.	Bacteria
F23_Solicoccozyma	F23_Solicoccozyma	Fungi
F38_Pseudeurotium	F38_Pseudeurotium	Fungi
B73_f_Blastocatellaceae	B73_f_Blastocatellaceae	Bacteria
B820_Hyphomicrobium	B820_Hyphomicrobium	Bacteria
F90_Pseudogymnoascus	F90_Pseudogymnoascus	Fungi
B1539_uncultured	B1539_uncultured	Bacteria
B348_uncultured soil bacterium	B348_uncultured soil bacterium	Bacteria
B190_o_NA	B190_o_NA	Bacteria
F80_Uncobasidium	F80_Uncobasidium	Fungi
B7059_uncultured bacterium	B7059_uncultured bacterium	Bacteria
B1250_uncultured	B1250_uncultured	Bacteria
B523_Thiobacillus	B523_Thiobacillus	Bacteria
F184_unidentified	F184_unidentified	Fungi
B609_Reyranella	B609_Reyranella	Bacteria
B783_Candidatus Solibacter	B783_Candidatus Solibacter	Bacteria
F217_unidentified	F217_unidentified	Fungi
F359_unidentified	F359_unidentified	Fungi
F62_Mrakia	F62_Mrakia	Fungi
F180_Tetracladium	F180_Tetracladium	Fungi
B1759_uncultured Chlorobi bacterium	B1759_uncultured Chlorobi bacterium	Bacteria
B1085_uncultured prokaryote	B1085_uncultured prokaryote	Bacteria
B1183_RB41	B1183_RB41	Bacteria
B605_uncultured bacterium SJA-22	B605_uncultured bacterium SJA-22	Bacteria
F229_unidentified	F229_unidentified	Fungi
B411_uncultured prokaryote	B411_uncultured prokaryote	Bacteria
B492_metagenome	B492_metagenome	Bacteria
B346_uncultured	B346_uncultured	Bacteria
F237_unidentified	F237_unidentified	Fungi
F134_o_NA	F134_o_NA	Fungi
B404_f_Lentimicrobiaceae	B404_f_Lentimicrobiaceae	Bacteria
F548_Ochroconis	F548_Ochroconis	Fungi
F454_unidentified	F454_unidentified	Fungi
F607_unidentified	F607_unidentified	Fungi
F736_unidentified	F736_unidentified	Fungi
F546_o_NA	F546_o_NA	Fungi
F52_Psilocybe	F52_Psilocybe	Fungi
B550_Phaselicystis	B550_Phaselicystis	Bacteria
B1889_uncultured Alkaliflexus sp.	B1889_uncultured Alkaliflexus sp.	Bacteria
B707_uncultured bacterium	B707_uncultured bacterium	Bacteria
F175_unidentified	F175_unidentified	Fungi
B96_uncultured	B96_uncultured	Bacteria
B402_uncultured soil bacterium	B402_uncultured soil bacterium	Bacteria
B223_uncultured Sphingobacteriales bacterium	B223_uncultured Sphingobacteriales bacterium	Bacteria
B112_uncultured prokaryote	B112_uncultured prokaryote	Bacteria
B433_f_Gallionellaceae	B433_f_Gallionellaceae	Bacteria
B472_Haliangium	B472_Haliangium	Bacteria
F79_Ceratobasidium	F79_Ceratobasidium	Fungi
B294_Geothrix	B294_Geothrix	Bacteria
F66_Trichoderma	F66_Trichoderma	Fungi
B117_o_NA	B117_o_NA	Bacteria
B606_Desulfobacca	B606_Desulfobacca	Bacteria
F34_Mortierella	F34_Mortierella	Fungi
B132_f_Intrasporangiaceae	B132_f_Intrasporangiaceae	Bacteria
B195_uncultured soil bacterium	B195_uncultured soil bacterium	Bacteria
F96_unidentified	F96_unidentified	Fungi
F702_unidentified	F702_unidentified	Fungi
B455_Desulfobacca	B455_Desulfobacca	Bacteria
F371_unidentified	F371_unidentified	Fungi
B844_Candidatus Udaeobacter	B844_Candidatus Udaeobacter	Bacteria
B1665_Opitutus	B1665_Opitutus	Bacteria
F340_unidentified	F340_unidentified	Fungi
F120_Sporobolomyces	F120_Sporobolomyces	Fungi
B259_uncultured	B259_uncultured	Bacteria
B694_Pirellula	B694_Pirellula	Bacteria
B238_uncultured Iamiaceae bacterium	B238_uncultured Iamiaceae bacterium	Bacteria
F25_Dimorphospora	F25_Dimorphospora	Fungi
F249_Mortierella	F249_Mortierella	Fungi
F189_Westerdykella	F189_Westerdykella	Fungi
B133_uncultured Desulfuromonadales bacterium	B133_uncultured Desulfuromonadales bacterium	Bacteria
B522_uncultured soil bacterium	B522_uncultured soil bacterium	Bacteria
B224_Ramlibacter	B224_Ramlibacter	Bacteria
F121_Schizothecium	F121_Schizothecium	Fungi
B488_uncultured prokaryote	B488_uncultured prokaryote	Bacteria
F236_Podospora	F236_Podospora	Fungi
B400_f_Micrococcaceae	B400_f_Micrococcaceae	Bacteria
B1304_uncultured bacterium KF-JG30-B11	B1304_uncultured bacterium KF-JG30-B11	Bacteria
B441_Actinobacteria bacterium RBG_19FT_COMBO_70_19	B441_Actinobacteria bacterium RBG_19FT_COMBO_70_19	Bacteria
F469_unidentified	F469_unidentified	Fungi
B1192_f_Chitinophagaceae	B1192_f_Chitinophagaceae	Bacteria
B567_Mycobacterium	B567_Mycobacterium	Bacteria
F678_unidentified	F678_unidentified	Fungi
B592_uncultured Ferrimicrobium sp.	B592_uncultured Ferrimicrobium sp.	Bacteria
F159_o_Helotiales	F159_o_Helotiales	Fungi
F145_Mrakiella	F145_Mrakiella	Fungi
B571_uncultured eubacterium WCHB1-50	B571_uncultured eubacterium WCHB1-50	Bacteria
F203_unidentified	F203_unidentified	Fungi
F157_unidentified	F157_unidentified	Fungi
F326_Mortierella	F326_Mortierella	Fungi
B1066_o_IMCC26256	B1066_o_IMCC26256	Bacteria
B201_Massilia	B201_Massilia	Bacteria
F452_unidentified	F452_unidentified	Fungi
F676_o_NA	F676_o_NA	Fungi
F149_unidentified	F149_unidentified	Fungi
F154_Slooffia	F154_Slooffia	Fungi
F99_Cistella	F99_Cistella	Fungi
F438_unidentified	F438_unidentified	Fungi
B766_uncultured	B766_uncultured	Bacteria
F265_Helicodendron	F265_Helicodendron	Fungi
F212_o_NA	F212_o_NA	Fungi
F2792_unidentified	F2792_unidentified	Fungi
F515_unidentified	F515_unidentified	Fungi
B1540_Candidatus Koribacter	B1540_Candidatus Koribacter	Bacteria
F170_unidentified	F170_unidentified	Fungi
B305_f_uncultured	B305_f_uncultured	Bacteria
B215_Nakamurella	B215_Nakamurella	Bacteria
B1112_Syntrophus	B1112_Syntrophus	Bacteria
F402_unidentified	F402_unidentified	Fungi
B1458_uncultured Thermaerobacter sp.	B1458_uncultured Thermaerobacter sp.	Bacteria
F53_Pyrenochaetopsis	F53_Pyrenochaetopsis	Fungi
F94_Mortierella	F94_Mortierella	Fungi
F165_Cyberlindnera	F165_Cyberlindnera	Fungi
B1158_f_SC-I-84	B1158_f_SC-I-84	Bacteria
F711_unidentified	F711_unidentified	Fungi
F1726_unidentified	F1726_unidentified	Fungi
B2083_Syntrophus	B2083_Syntrophus	Bacteria
F485_unidentified	F485_unidentified	Fungi
B1560_Geobacter	B1560_Geobacter	Bacteria
F627_unidentified	F627_unidentified	Fungi
F659_unidentified	F659_unidentified	Fungi
F245_o_NA	F245_o_NA	Fungi
F852_unidentified	F852_unidentified	Fungi
B401_Sh765B-TzT-35	B401_Sh765B-TzT-35	Bacteria
B383_uncultured bacterium	B383_uncultured bacterium	Bacteria
F427_unidentified	F427_unidentified	Fungi
F254_o_Sordariales	F254_o_Sordariales	Fungi
B598_uncultured soil bacterium	B598_uncultured soil bacterium	Bacteria
F423_Zopfiella	F423_Zopfiella	Fungi
B1263_ADurb.Bin063-1	B1263_ADurb.Bin063-1	Bacteria
F442_unidentified	F442_unidentified	Fungi
F522_unidentified	F522_unidentified	Fungi
B525_Oryzihumus	B525_Oryzihumus	Bacteria
B3803_uncultured bacterium	B3803_uncultured bacterium	Bacteria
B539_uncultured	B539_uncultured	Bacteria
F858_unidentified	F858_unidentified	Fungi
B723_Thiobacillus	B723_Thiobacillus	Bacteria
B1500_uncultured bacterium	B1500_uncultured bacterium	Bacteria
B344_f_SC-I-84	B344_f_SC-I-84	Bacteria
B372_f_SC-I-84	B372_f_SC-I-84	Bacteria
F387_unidentified	F387_unidentified	Fungi
F182_o_NA	F182_o_NA	Fungi
F358_unidentified	F358_unidentified	Fungi
B698_uncultured	B698_uncultured	Bacteria
F1777_o_NA	F1777_o_NA	Fungi
F307_unidentified	F307_unidentified	Fungi
F200_Aspergillus	F200_Aspergillus	Fungi
F465_unidentified	F465_unidentified	Fungi
F3304_unidentified	F3304_unidentified	Fungi
F330_o_NA	F330_o_NA	Fungi
F224_Rhizophydium	F224_Rhizophydium	Fungi
B178_Cryobacterium	B178_Cryobacterium	Bacteria
F493_unidentified	F493_unidentified	Fungi
F646_unidentified	F646_unidentified	Fungi
F946_unidentified	F946_unidentified	Fungi
F501_unidentified	F501_unidentified	Fungi
F42_unidentified	F42_unidentified	Fungi
F748_unidentified	F748_unidentified	Fungi
F672_unidentified	F672_unidentified	Fungi
F599_unidentified	F599_unidentified	Fungi
F464_Rhizophydium	F464_Rhizophydium	Fungi
F26_unidentified	F26_unidentified	Fungi
F195_Cistella	F195_Cistella	Fungi
F462_Pseudallescheria	F462_Pseudallescheria	Fungi
F541_unidentified	F541_unidentified	Fungi
F1340_Morchella	F1340_Morchella	Fungi
B593_uncultured.Gemmatimonadetes.bacterium	B593_uncultured.Gemmatimonadetes.bacterium	Bacteria
B291_uncultured	B291_uncultured	Bacteria
B470_o_Chthonomonadales	B470_o_Chthonomonadales	Bacteria
B1537_Anaerolinea	B1537_Anaerolinea	Bacteria
B211_o_SBR1031	B211_o_SBR1031	Bacteria
B1239_uncultured	B1239_uncultured	Bacteria
B2640_anaerobic.bacterium.MO.CFX2	B2640_anaerobic.bacterium.MO.CFX2	Bacteria
B406_Syntrophobacter	B406_Syntrophobacter	Bacteria
B139_RBG.16.58.14	B139_RBG.16.58.14	Bacteria
B2273_Anaeromyxobacter	B2273_Anaeromyxobacter	Bacteria
B163_uncultured	B163_uncultured	Bacteria
B1893_o_NA	B1893_o_NA	Bacteria
B427_uncultured.Gemmatimonadetes.bacterium	B427_uncultured.Gemmatimonadetes.bacterium	Bacteria
B1092_f_Anaerolineaceae	B1092_f_Anaerolineaceae	Bacteria
B1149_uncultured	B1149_uncultured	Bacteria
B315_uncultured.Gemmatimonadetes.bacterium	B315_uncultured.Gemmatimonadetes.bacterium	Bacteria
B1354_uncultured.soil.bacterium	B1354_uncultured.soil.bacterium	Bacteria
B2369_uncultured.Anaerolineaceae.bacterium	B2369_uncultured.Anaerolineaceae.bacterium	Bacteria
B3593_uncultured.bacterium	B3593_uncultured.bacterium	Bacteria
B4754_uncultured.bacterium	B4754_uncultured.bacterium	Bacteria
B3704_uncultured	B3704_uncultured	Bacteria
B667_Sh765B.TzT.35	B667_Sh765B.TzT.35	Bacteria
B565_uncultured	B565_uncultured	Bacteria
B250_o_RBG.13.54.9	B250_o_RBG.13.54.9	Bacteria
B554_f_WD2101.soil.group	B554_f_WD2101.soil.group	Bacteria
B656_Gemmatimonas	B656_Gemmatimonas	Bacteria
B691_uncultured.Caldilineaceae.bacterium	B691_uncultured.Caldilineaceae.bacterium	Bacteria
B1811_LD29	B1811_LD29	Bacteria
B463_uncultured	B463_uncultured	Bacteria
B978_BSV13	B978_BSV13	Bacteria
B218_RBG.16.58.14	B218_RBG.16.58.14	Bacteria
B3309_f_WD2101.soil.group	B3309_f_WD2101.soil.group	Bacteria
B1849_f_WD2101.soil.group	B1849_f_WD2101.soil.group	Bacteria
B256_uncultured.Gemmatimonadetes.bacterium	B256_uncultured.Gemmatimonadetes.bacterium	Bacteria
B563_uncultured.eubacterium.WCHB1.50	B563_uncultured.eubacterium.WCHB1.50	Bacteria
B236_o_SBR1031	B236_o_SBR1031	Bacteria
B360_o_SBR1031	B360_o_SBR1031	Bacteria
B530_o_RBG.13.54.9	B530_o_RBG.13.54.9	Bacteria
B674_uncultured.prokaryote	B674_uncultured.prokaryote	Bacteria
B901_uncultured.bacterium	B901_uncultured.bacterium	Bacteria
B456_f_Bacteroidetes.vadinHA17	B456_f_Bacteroidetes.vadinHA17	Bacteria
B803_uncultured.planctomycete	B803_uncultured.planctomycete	Bacteria
B3968_f_WD2101.soil.group	B3968_f_WD2101.soil.group	Bacteria
B367_Dactylosporangium	B367_Dactylosporangium	Bacteria
B2967_uncultured	B2967_uncultured	Bacteria
B158_uncultured.bacterium	B158_uncultured.bacterium	Bacteria
B693_o_NA	B693_o_NA	Bacteria
B506_uncultured.eubacterium.WCHB1.50	B506_uncultured.eubacterium.WCHB1.50	Bacteria
B122_Anaeromyxobacter	B122_Anaeromyxobacter	Bacteria
B49_Anaerolinea	B49_Anaerolinea	Bacteria
B396_o_RCP2.54	B396_o_RCP2.54	Bacteria
B225_uncultured.bacterium	B225_uncultured.bacterium	Bacteria
B1038_WCHB1.32	B1038_WCHB1.32	Bacteria
B1854_uncultured.bacterium	B1854_uncultured.bacterium	Bacteria
B65_o_RBG.13.54.9	B65_o_RBG.13.54.9	Bacteria
B391_uncultured	B391_uncultured	Bacteria
B1267_uncultured	B1267_uncultured	Bacteria
B763_Desulfobacca	B763_Desulfobacca	Bacteria
B355_Desulfobacca	B355_Desulfobacca	Bacteria
B415_uncultured.prokaryote	B415_uncultured.prokaryote	Bacteria
B621_Syntrophobacter	B621_Syntrophobacter	Bacteria
B602_uncultured.Holophaga.sp.	B602_uncultured.Holophaga.sp.	Bacteria
B2099_Gemmatimonas	B2099_Gemmatimonas	Bacteria
B440_Anaerolinea	B440_Anaerolinea	Bacteria
B591_Anaerolinea	B591_Anaerolinea	Bacteria
B1309_Candidatus.Solibacter	B1309_Candidatus.Solibacter	Bacteria
B460_uncultured.prokaryote	B460_uncultured.prokaryote	Bacteria
B181_uncultured.Planctomycetales.bacterium	B181_uncultured.Planctomycetales.bacterium	Bacteria
B414_uncultured.Desulfovirga.sp.	B414_uncultured.Desulfovirga.sp.	Bacteria
B258_ADurb.Bin063.1	B258_ADurb.Bin063.1	Bacteria
B896_JGI.0001001.H03	B896_JGI.0001001.H03	Bacteria
B1146_Bryobacter	B1146_Bryobacter	Bacteria
B706_uncultured.Desulfuromonadales.bacterium	B706_uncultured.Desulfuromonadales.bacterium	Bacteria
B7059_uncultured.bacterium	B7059_uncultured.bacterium	Bacteria
B216_uncultured	B216_uncultured	Bacteria
B129_ADurb.Bin063.1	B129_ADurb.Bin063.1	Bacteria
B1759_uncultured.Chlorobi.bacterium	B1759_uncultured.Chlorobi.bacterium	Bacteria
B442_uncultured	B442_uncultured	Bacteria
B770_f_WD2101.soil.group	B770_f_WD2101.soil.group	Bacteria
B450_uncultured.prokaryote	B450_uncultured.prokaryote	Bacteria
B1439_uncultured	B1439_uncultured	Bacteria
B564_Candidatus.Solibacter	B564_Candidatus.Solibacter	Bacteria
B1570_uncultured	B1570_uncultured	Bacteria
B363_uncultured	B363_uncultured	Bacteria
B459_uncultured	B459_uncultured	Bacteria
B319_anaerobic.bacterium.MO.CFX2	B319_anaerobic.bacterium.MO.CFX2	Bacteria
B206_uncultured.bacterium	B206_uncultured.bacterium	Bacteria
B573_uncultured.Gemmatimonadetes.bacterium	B573_uncultured.Gemmatimonadetes.bacterium	Bacteria
B445_Methylomicrobium	B445_Methylomicrobium	Bacteria
B809_uncultured	B809_uncultured	Bacteria
B2145_uncultured.prokaryote	B2145_uncultured.prokaryote	Bacteria
B1003_uncultured.bacterium	B1003_uncultured.bacterium	Bacteria
B251_uncultured.Bellilinea.sp.	B251_uncultured.Bellilinea.sp.	Bacteria
B866_uncultured.soil.bacterium	B866_uncultured.soil.bacterium	Bacteria
B2795_f_WD2101.soil.group	B2795_f_WD2101.soil.group	Bacteria
B628_uncultured	B628_uncultured	Bacteria
B168_uncultured.bacterium	B168_uncultured.bacterium	Bacteria
B801_Syntrophorhabdus	B801_Syntrophorhabdus	Bacteria
B516_uncultured.bacterium.SJA.22	B516_uncultured.bacterium.SJA.22	Bacteria
B2694_uncultured.Prosthecobacter.sp.	B2694_uncultured.Prosthecobacter.sp.	Bacteria
B979_o_RBG.13.54.9	B979_o_RBG.13.54.9	Bacteria
B145_uncultured.Chloroflexi.bacterium	B145_uncultured.Chloroflexi.bacterium	Bacteria
B379_f_Micrococcaceae	B379_f_Micrococcaceae	Bacteria
B471_uncultured.bacterium	B471_uncultured.bacterium	Bacteria
B350_Candidatus.Solibacter	B350_Candidatus.Solibacter	Bacteria
B921_uncultured.prokaryote	B921_uncultured.prokaryote	Bacteria
B94_uncultured.Nitrospirae.bacterium	B94_uncultured.Nitrospirae.bacterium	Bacteria
B517_uncultured.bacterium	B517_uncultured.bacterium	Bacteria
B5240_uncultured.Caldilineaceae.bacterium	B5240_uncultured.Caldilineaceae.bacterium	Bacteria
B462_uncultured.Chloroflexi.bacterium	B462_uncultured.Chloroflexi.bacterium	Bacteria
B783_Candidatus.Solibacter	B783_Candidatus.Solibacter	Bacteria
B238_uncultured.Iamiaceae.bacterium	B238_uncultured.Iamiaceae.bacterium	Bacteria
B605_uncultured.bacterium.SJA.22	B605_uncultured.bacterium.SJA.22	Bacteria
B133_uncultured.Desulfuromonadales.bacterium	B133_uncultured.Desulfuromonadales.bacterium	Bacteria
B1348_f_Chitinophagaceae	B1348_f_Chitinophagaceae	Bacteria
B104_uncultured.bacterium	B104_uncultured.bacterium	Bacteria
B1336_Pajaroellobacter	B1336_Pajaroellobacter	Bacteria
B850_uncultured.prokaryote	B850_uncultured.prokaryote	Bacteria
B38_uncultured.prokaryote	B38_uncultured.prokaryote	Bacteria
B185_ADurb.Bin063.1	B185_ADurb.Bin063.1	Bacteria
B943_f_Lentimicrobiaceae	B943_f_Lentimicrobiaceae	Bacteria
B924_uncultured	B924_uncultured	Bacteria
B895_Methylomonas	B895_Methylomonas	Bacteria
B378_f_WD2101.soil.group	B378_f_WD2101.soil.group	Bacteria
B1458_uncultured.Thermaerobacter.sp.	B1458_uncultured.Thermaerobacter.sp.	Bacteria
B196_Anaeromyxobacter	B196_Anaeromyxobacter	Bacteria
B1056_o_Subgroup.7	B1056_o_Subgroup.7	Bacteria
B1129_uncultured.soil.bacterium	B1129_uncultured.soil.bacterium	Bacteria
B174_f_Bacteroidetes.vadinHA17	B174_f_Bacteroidetes.vadinHA17	Bacteria
B622_Novosphingobium	B622_Novosphingobium	Bacteria
B1282_uncultured.bacterium	B1282_uncultured.bacterium	Bacteria
B2476_Nitrospira	B2476_Nitrospira	Bacteria
B1085_uncultured.prokaryote	B1085_uncultured.prokaryote	Bacteria
B1494_o_R7C24	B1494_o_R7C24	Bacteria
B522_uncultured.soil.bacterium	B522_uncultured.soil.bacterium	Bacteria
B146_uncultured.prokaryote	B146_uncultured.prokaryote	Bacteria
B451_uncultured.soil.bacterium	B451_uncultured.soil.bacterium	Bacteria
B349_Haliangium	B349_Haliangium	Bacteria
B402_uncultured.soil.bacterium	B402_uncultured.soil.bacterium	Bacteria
B171_uncultured.prokaryote	B171_uncultured.prokaryote	Bacteria
B555_uncultured.organism	B555_uncultured.organism	Bacteria
B1158_f_SC.I.84	B1158_f_SC.I.84	Bacteria
B99_f_Burkholderiaceae	B99_f_Burkholderiaceae	Bacteria
B1002_uncultured.bacterium	B1002_uncultured.bacterium	Bacteria
B469_uncultured.bacterium	B469_uncultured.bacterium	Bacteria
B537_uncultured.prokaryote	B537_uncultured.prokaryote	Bacteria
B113_o_RBG.13.54.9	B113_o_RBG.13.54.9	Bacteria
B1171_Sh765B.TzT.35	B1171_Sh765B.TzT.35	Bacteria
B411_uncultured.prokaryote	B411_uncultured.prokaryote	Bacteria
B675_uncultured	B675_uncultured	Bacteria
B543_Thiobacillus	B543_Thiobacillus	Bacteria
B857_uncultured.bacterium.DA023	B857_uncultured.bacterium.DA023	Bacteria
B651_Gemmata	B651_Gemmata	Bacteria
B592_uncultured.Ferrimicrobium.sp.	B592_uncultured.Ferrimicrobium.sp.	Bacteria
B88_uncultured.Alkaliflexus.sp.	B88_uncultured.Alkaliflexus.sp.	Bacteria
B150_RBG.16.58.14	B150_RBG.16.58.14	Bacteria
B53_f_SC.I.84	B53_f_SC.I.84	Bacteria
B195_uncultured.soil.bacterium	B195_uncultured.soil.bacterium	Bacteria
B508_Phenylobacterium	B508_Phenylobacterium	Bacteria
B339_Noviherbaspirillum	B339_Noviherbaspirillum	Bacteria
B223_uncultured.Sphingobacteriales.bacterium	B223_uncultured.Sphingobacteriales.bacterium	Bacteria
B1889_uncultured.Alkaliflexus.sp.	B1889_uncultured.Alkaliflexus.sp.	Bacteria
B283_uncultured.Thermaerobacter.sp.	B283_uncultured.Thermaerobacter.sp.	Bacteria
B484_Candidatus.Koribacter	B484_Candidatus.Koribacter	Bacteria
B1827_uncultured.Holophaga.sp.	B1827_uncultured.Holophaga.sp.	Bacteria
B348_uncultured.soil.bacterium	B348_uncultured.soil.bacterium	Bacteria
B205_uncultured.prokaryote	B205_uncultured.prokaryote	Bacteria
B3290_uncultured.bacterium	B3290_uncultured.bacterium	Bacteria
B173_uncultured.planctomycete	B173_uncultured.planctomycete	Bacteria
B1357_uncultured.bacterium	B1357_uncultured.bacterium	Bacteria
B3803_uncultured.bacterium	B3803_uncultured.bacterium	Bacteria
B25_uncultured.prokaryote	B25_uncultured.prokaryote	Bacteria
B1659_ADurb.Bin063.1	B1659_ADurb.Bin063.1	Bacteria
B316_uncultured.Thermaerobacter.sp.	B316_uncultured.Thermaerobacter.sp.	Bacteria
B833_f_UA.50	B833_f_UA.50	Bacteria
B1595_Dyella	B1595_Dyella	Bacteria
B632_f_Micrococcaceae	B632_f_Micrococcaceae	Bacteria
B62_Clostridium.sensu.stricto.1	B62_Clostridium.sensu.stricto.1	Bacteria
B1844_uncultured.Chloroflexi.bacterium	B1844_uncultured.Chloroflexi.bacterium	Bacteria
B1286_uncultured	B1286_uncultured	Bacteria
B112_uncultured.prokaryote	B112_uncultured.prokaryote	Bacteria
B383_uncultured.bacterium	B383_uncultured.bacterium	Bacteria
B1500_uncultured.bacterium	B1500_uncultured.bacterium	Bacteria
F375_o_NA	F375_o_NA	Fungi
F173_unidentified	F173_unidentified	Fungi
F502_unidentified	F502_unidentified	Fungi
F153_unidentified	F153_unidentified	Fungi
F1327_unidentified	F1327_unidentified	Fungi
F804_Fereydounia	F804_Fereydounia	Fungi
F549_unidentified	F549_unidentified	Fungi
F374_unidentified	F374_unidentified	Fungi
F1025_unidentified	F1025_unidentified	Fungi
F948_unidentified	F948_unidentified	Fungi
F636_unidentified	F636_unidentified	Fungi
F1530_unidentified	F1530_unidentified	Fungi
F579_unidentified	F579_unidentified	Fungi
F703_unidentified	F703_unidentified	Fungi
F640_unidentified	F640_unidentified	Fungi
F661_unidentified	F661_unidentified	Fungi
F294_unidentified	F294_unidentified	Fungi
F256_Chalara	F256_Chalara	Fungi
