id	label	Bacteria
B247_uncultured	B247_uncultured	Bacteria
B49_Anaerolinea	B49_Anaerolinea	Bacteria
B459_uncultured	B459_uncultured	Bacteria
B474_Gemmatimonas	B474_Gemmatimonas	Bacteria
B1398_uncultured Gemmatimonadetes bacterium	B1398_uncultured Gemmatimonadetes bacterium	Bacteria
B3258_uncultured	B3258_uncultured	Bacteria
B336_Anaerolinea	B336_Anaerolinea	Bacteria
B379_f_Micrococcaceae	B379_f_Micrococcaceae	Bacteria
B97_uncultured	B97_uncultured	Bacteria
B1747_o_Subgroup 7	B1747_o_Subgroup 7	Bacteria
B1410_Novosphingobium	B1410_Novosphingobium	Bacteria
B104_uncultured bacterium	B104_uncultured bacterium	Bacteria
B555_uncultured organism	B555_uncultured organism	Bacteria
B668_Chthonomonas	B668_Chthonomonas	Bacteria
B606_Desulfobacca	B606_Desulfobacca	Bacteria
B882_Hyphomicrobium	B882_Hyphomicrobium	Bacteria
B7683_Opitutus	B7683_Opitutus	Bacteria
B852_f_A4b	B852_f_A4b	Bacteria
B734_JGI 0001001-H03	B734_JGI 0001001-H03	Bacteria
B283_uncultured Thermaerobacter sp.	B283_uncultured Thermaerobacter sp.	Bacteria
B1760_o_SBR1031	B1760_o_SBR1031	Bacteria
B477_o_NA	B477_o_NA	Bacteria
B383_uncultured bacterium	B383_uncultured bacterium	Bacteria
F7_unidentified	F7_unidentified	Fungi
F383_unidentified	F383_unidentified	Fungi
F925_f_Didymosphaeriaceae	F925_f_Didymosphaeriaceae	Fungi
F236_Podospora	F236_Podospora	Fungi
F91_unidentified	F91_unidentified	Fungi
F134_o_NA	F134_o_NA	Fungi
F200_Aspergillus	F200_Aspergillus	Fungi
F57_Trichoderma	F57_Trichoderma	Fungi
F367_unidentified	F367_unidentified	Fungi
F68_Pseudogymnoascus	F68_Pseudogymnoascus	Fungi
F103_unidentified	F103_unidentified	Fungi
B5989_f_WD2101 soil group	B5989_f_WD2101 soil group	Bacteria
B2449_uncultured Polyangiaceae bacterium	B2449_uncultured Polyangiaceae bacterium	Bacteria
B4690_possible genus 04	B4690_possible genus 04	Bacteria
B151_Pseudolabrys	B151_Pseudolabrys	Bacteria
B185_ADurb.Bin063-1	B185_ADurb.Bin063-1	Bacteria
B142_Ellin6067	B142_Ellin6067	Bacteria
B552_Thiobacillus	B552_Thiobacillus	Bacteria
F1311_unidentified	F1311_unidentified	Fungi
F761_o_NA	F761_o_NA	Fungi
B79_uncultured	B79_uncultured	Bacteria
B418_f_SC-I-84	B418_f_SC-I-84	Bacteria
B167_Gemmatimonas	B167_Gemmatimonas	Bacteria
B274_Porphyrobacter	B274_Porphyrobacter	Bacteria
B44_f_Xanthobacteraceae	B44_f_Xanthobacteraceae	Bacteria
B73_f_Blastocatellaceae	B73_f_Blastocatellaceae	Bacteria
B204_Syntrophobacter	B204_Syntrophobacter	Bacteria
B190_o_NA	B190_o_NA	Bacteria
F434_unidentified	F434_unidentified	Fungi
B55_Sideroxydans	B55_Sideroxydans	Bacteria
B150_RBG-16-58-14	B150_RBG-16-58-14	Bacteria
B225_uncultured bacterium	B225_uncultured bacterium	Bacteria
B1099_uncultured soil bacterium	B1099_uncultured soil bacterium	Bacteria
B440_Anaerolinea	B440_Anaerolinea	Bacteria
B94_uncultured Nitrospirae bacterium	B94_uncultured Nitrospirae bacterium	Bacteria
B170_Bryobacter	B170_Bryobacter	Bacteria
B132_f_Intrasporangiaceae	B132_f_Intrasporangiaceae	Bacteria
B57_Streptomyces	B57_Streptomyces	Bacteria
B1005_Candidatus Udaeobacter	B1005_Candidatus Udaeobacter	Bacteria
F159_o_Helotiales	F159_o_Helotiales	Fungi
B1276_Ignavibacterium	B1276_Ignavibacterium	Bacteria
B292_uncultured	B292_uncultured	Bacteria
B602_uncultured Holophaga sp.	B602_uncultured Holophaga sp.	Bacteria
B858_Geobacter	B858_Geobacter	Bacteria
B573_uncultured Gemmatimonadetes bacterium	B573_uncultured Gemmatimonadetes bacterium	Bacteria
B422_uncultured	B422_uncultured	Bacteria
B899_f_Burkholderiaceae	B899_f_Burkholderiaceae	Bacteria
B825_Ellin6067	B825_Ellin6067	Bacteria
B1121_o_NA	B1121_o_NA	Bacteria
B182_f_Micrococcaceae	B182_f_Micrococcaceae	Bacteria
F217_unidentified	F217_unidentified	Fungi
F437_unidentified	F437_unidentified	Fungi
F196_unidentified	F196_unidentified	Fungi
F67_unidentified	F67_unidentified	Fungi
F13_Zopfiella	F13_Zopfiella	Fungi
F438_unidentified	F438_unidentified	Fungi
B189_Sideroxydans	B189_Sideroxydans	Bacteria
B376_Anaerolinea	B376_Anaerolinea	Bacteria
B259_uncultured	B259_uncultured	Bacteria
B372_f_SC-I-84	B372_f_SC-I-84	Bacteria
F287_unidentified	F287_unidentified	Fungi
F28_f_Hypocreales_fam_Incertae_sedis	F28_f_Hypocreales_fam_Incertae_sedis	Fungi
F456_f_Hypocreales_fam_Incertae_sedis	F456_f_Hypocreales_fam_Incertae_sedis	Fungi
F9_Chaetomium	F9_Chaetomium	Fungi
B258_ADurb.Bin063-1	B258_ADurb.Bin063-1	Bacteria
B238_uncultured Iamiaceae bacterium	B238_uncultured Iamiaceae bacterium	Bacteria
B59_Terrabacter	B59_Terrabacter	Bacteria
B117_o_NA	B117_o_NA	Bacteria
B648_o_NA	B648_o_NA	Bacteria
F99_Cistella	F99_Cistella	Fungi
B945_uncultured proteobacterium	B945_uncultured proteobacterium	Bacteria
F25_Dimorphospora	F25_Dimorphospora	Fungi
F44_Zopfiella	F44_Zopfiella	Fungi
B770_f_WD2101 soil group	B770_f_WD2101 soil group	Bacteria
B244_f_Xanthobacteraceae	B244_f_Xanthobacteraceae	Bacteria
B2402_Nocardioides	B2402_Nocardioides	Bacteria
F331_o_Helotiales	F331_o_Helotiales	Fungi
F122_Apodus	F122_Apodus	Fungi
B1824_Leptolinea	B1824_Leptolinea	Bacteria
B1820_possible genus 04	B1820_possible genus 04	Bacteria
B4227_Candidatus Udaeobacter	B4227_Candidatus Udaeobacter	Bacteria
B3480_uncultured Gemmatimonadetes bacterium	B3480_uncultured Gemmatimonadetes bacterium	Bacteria
B1343_o_NA	B1343_o_NA	Bacteria
B981_Syntrophobacter	B981_Syntrophobacter	Bacteria
B575_Actinomadura	B575_Actinomadura	Bacteria
B3065_Candidatus Solibacter	B3065_Candidatus Solibacter	Bacteria
F431_Coprinopsis	F431_Coprinopsis	Fungi
F554_unidentified	F554_unidentified	Fungi
F18_f_Phaeosphaeriaceae	F18_f_Phaeosphaeriaceae	Fungi
B456_f_Bacteroidetes vadinHA17	B456_f_Bacteroidetes vadinHA17	Bacteria
B450_uncultured prokaryote	B450_uncultured prokaryote	Bacteria
B47_metagenome	B47_metagenome	Bacteria
B69_o_NA	B69_o_NA	Bacteria
F375_o_NA	F375_o_NA	Fungi
B145_uncultured Chloroflexi bacterium	B145_uncultured Chloroflexi bacterium	Bacteria
B66_GOUTA6	B66_GOUTA6	Bacteria
B124_Ellin6067	B124_Ellin6067	Bacteria
B237_f_Micrococcaceae	B237_f_Micrococcaceae	Bacteria
F58_Schizothecium	F58_Schizothecium	Fungi
B628_uncultured	B628_uncultured	Bacteria
F307_unidentified	F307_unidentified	Fungi
B273_Syntrophobacter	B273_Syntrophobacter	Bacteria
B107_o_NA	B107_o_NA	Bacteria
B578_f_uncultured	B578_f_uncultured	Bacteria
B662_Bryobacter	B662_Bryobacter	Bacteria
B63_Methylocystis	B63_Methylocystis	Bacteria
B174_f_Bacteroidetes vadinHA17	B174_f_Bacteroidetes vadinHA17	Bacteria
B152_Sideroxydans	B152_Sideroxydans	Bacteria
F41_Arnium	F41_Arnium	Fungi
B505_Haliangium	B505_Haliangium	Bacteria
B51_Anaerolinea	B51_Anaerolinea	Bacteria
B88_uncultured Alkaliflexus sp.	B88_uncultured Alkaliflexus sp.	Bacteria
B471_uncultured bacterium	B471_uncultured bacterium	Bacteria
F15_o_Helotiales	F15_o_Helotiales	Fungi
B206_uncultured bacterium	B206_uncultured bacterium	Bacteria
B168_uncultured bacterium	B168_uncultured bacterium	Bacteria
B38_uncultured prokaryote	B38_uncultured prokaryote	Bacteria
F23_Solicoccozyma	F23_Solicoccozyma	Fungi
B580_uncultured	B580_uncultured	Bacteria
B196_Anaeromyxobacter	B196_Anaeromyxobacter	Bacteria
B2507_Sphingomonas	B2507_Sphingomonas	Bacteria
F61_o_Pleosporales	F61_o_Pleosporales	Fungi
B350_Candidatus Solibacter	B350_Candidatus Solibacter	Bacteria
F48_unidentified	F48_unidentified	Fungi
B325_Ellin6067	B325_Ellin6067	Bacteria
B154_f_Micrococcaceae	B154_f_Micrococcaceae	Bacteria
F54_Pyrenochaetopsis	F54_Pyrenochaetopsis	Fungi
F335_unidentified	F335_unidentified	Fungi
F114_unidentified	F114_unidentified	Fungi
F327_unidentified	F327_unidentified	Fungi
F120_Sporobolomyces	F120_Sporobolomyces	Fungi
F53_Pyrenochaetopsis	F53_Pyrenochaetopsis	Fungi
F364_Schizothecium	F364_Schizothecium	Fungi
F145_Mrakiella	F145_Mrakiella	Fungi
F73_Tetracladium	F73_Tetracladium	Fungi
F24_o_Helotiales	F24_o_Helotiales	Fungi
F66_Trichoderma	F66_Trichoderma	Fungi
F402_unidentified	F402_unidentified	Fungi
B268_uncultured	B268_uncultured	Bacteria
B241_uncultured	B241_uncultured	Bacteria
B215_Nakamurella	B215_Nakamurella	Bacteria
F52_Psilocybe	F52_Psilocybe	Fungi
B454_uncultured	B454_uncultured	Bacteria
B126_Sphingomonas	B126_Sphingomonas	Bacteria
F151_unidentified	F151_unidentified	Fungi
B590_uncultured Desulfuromonadales bacterium	B590_uncultured Desulfuromonadales bacterium	Bacteria
B1446_Pseudolabrys	B1446_Pseudolabrys	Bacteria
B1781_Gemmatimonas	B1781_Gemmatimonas	Bacteria
B687_uncultured Alkaliflexus sp.	B687_uncultured Alkaliflexus sp.	Bacteria
B987_f_BIrii41	B987_f_BIrii41	Bacteria
B99_f_Burkholderiaceae	B99_f_Burkholderiaceae	Bacteria
B1082_uncultured bacterium 213	B1082_uncultured bacterium 213	Bacteria
B523_Thiobacillus	B523_Thiobacillus	Bacteria
B3141_Candidatus Solibacter	B3141_Candidatus Solibacter	Bacteria
F267_unidentified	F267_unidentified	Fungi
F26_unidentified	F26_unidentified	Fungi
B155_Flavisolibacter	B155_Flavisolibacter	Bacteria
F490_unidentified	F490_unidentified	Fungi
F175_unidentified	F175_unidentified	Fungi
F493_unidentified	F493_unidentified	Fungi
B224_Ramlibacter	B224_Ramlibacter	Bacteria
F1331_unidentified	F1331_unidentified	Fungi
B133_uncultured Desulfuromonadales bacterium	B133_uncultured Desulfuromonadales bacterium	Bacteria
B251_uncultured Bellilinea sp.	B251_uncultured Bellilinea sp.	Bacteria
F232_Mortierella	F232_Mortierella	Fungi
F46_Microscypha	F46_Microscypha	Fungi
F541_unidentified	F541_unidentified	Fungi
B199_f_Nocardioidaceae	B199_f_Nocardioidaceae	Bacteria
F144_Typhula	F144_Typhula	Fungi
F119_unidentified	F119_unidentified	Fungi
B1063_o_Gaiellales	B1063_o_Gaiellales	Bacteria
B91_o_NA	B91_o_NA	Bacteria
B431_Leptolinea	B431_Leptolinea	Bacteria
B731_Thiobacillus	B731_Thiobacillus	Bacteria
B140_f_Intrasporangiaceae	B140_f_Intrasporangiaceae	Bacteria
B290_Novosphingobium	B290_Novosphingobium	Bacteria
B804_Anaerolinea	B804_Anaerolinea	Bacteria
F81_Cladosporium	F81_Cladosporium	Fungi
B180_o_NA	B180_o_NA	Bacteria
B378_f_WD2101 soil group	B378_f_WD2101 soil group	Bacteria
B537_uncultured prokaryote	B537_uncultured prokaryote	Bacteria
B131_Rhodanobacter	B131_Rhodanobacter	Bacteria
B539_uncultured	B539_uncultured	Bacteria
F14_o_Pleosporales	F14_o_Pleosporales	Fungi
B108_Geobacter	B108_Geobacter	Bacteria
B25_uncultured prokaryote	B25_uncultured prokaryote	Bacteria
B444_f_Fimbriimonadaceae	B444_f_Fimbriimonadaceae	Bacteria
F274_unidentified	F274_unidentified	Fungi
F179_unidentified	F179_unidentified	Fungi
F3_Moesziomyces	F3_Moesziomyces	Fungi
F33_unidentified	F33_unidentified	Fungi
F111_Geomyces	F111_Geomyces	Fungi
F423_Zopfiella	F423_Zopfiella	Fungi
B146_uncultured prokaryote	B146_uncultured prokaryote	Bacteria
B96_uncultured	B96_uncultured	Bacteria
B253_uncultured	B253_uncultured	Bacteria
B53_f_SC-I-84	B53_f_SC-I-84	Bacteria
B1179_f_TRA3-20	B1179_f_TRA3-20	Bacteria
F522_unidentified	F522_unidentified	Fungi
F154_Slooffia	F154_Slooffia	Fungi
B488_uncultured prokaryote	B488_uncultured prokaryote	Bacteria
F106_unidentified	F106_unidentified	Fungi
F210_unidentified	F210_unidentified	Fungi
F412_unidentified	F412_unidentified	Fungi
F282_unidentified	F282_unidentified	Fungi
F2_Nigrospora	F2_Nigrospora	Fungi
F20_Edenia	F20_Edenia	Fungi
F62_Mrakia	F62_Mrakia	Fungi
F92_unidentified	F92_unidentified	Fungi
F6_Cladosporium	F6_Cladosporium	Fungi
F124_Stachybotrys	F124_Stachybotrys	Fungi
F205_Mortierella	F205_Mortierella	Fungi
F180_Tetracladium	F180_Tetracladium	Fungi
F342_unidentified	F342_unidentified	Fungi
F42_unidentified	F42_unidentified	Fungi
B128_Thiobacillus	B128_Thiobacillus	Bacteria
B113_o_RBG-13-54-9	B113_o_RBG-13-54-9	Bacteria
B205_uncultured prokaryote	B205_uncultured prokaryote	Bacteria
B1311_o_NA	B1311_o_NA	Bacteria
F278_Peziza	F278_Peziza	Fungi
B341_uncultured	B341_uncultured	Bacteria
F189_Westerdykella	F189_Westerdykella	Fungi
B764_f_Acidobacteriaceae (Subgroup 1)	B764_f_Acidobacteriaceae (Subgroup 1)	Bacteria
F192_Fusicolla	F192_Fusicolla	Fungi
B221_f_Xanthobacteraceae	B221_f_Xanthobacteraceae	Bacteria
B316_uncultured Thermaerobacter sp.	B316_uncultured Thermaerobacter sp.	Bacteria
F537_Pichia	F537_Pichia	Fungi
F216_unidentified	F216_unidentified	Fungi
F97_o_Sordariales	F97_o_Sordariales	Fungi
B248_o_Betaproteobacteriales	B248_o_Betaproteobacteriales	Bacteria
F284_Podospora	F284_Podospora	Fungi
F19_unidentified	F19_unidentified	Fungi
F5_Alternaria	F5_Alternaria	Fungi
B517_uncultured bacterium	B517_uncultured bacterium	Bacteria
B932_o_NA	B932_o_NA	Bacteria
B160_Anaerolinea	B160_Anaerolinea	Bacteria
B348_uncultured soil bacterium	B348_uncultured soil bacterium	Bacteria
F212_o_NA	F212_o_NA	Fungi
F387_unidentified	F387_unidentified	Fungi
B1637_GOUTB8	B1637_GOUTB8	Bacteria
B3409_f_Pirellulaceae	B3409_f_Pirellulaceae	Bacteria
F185_f_Didymosphaeriaceae	F185_f_Didymosphaeriaceae	Fungi
B173_uncultured planctomycete	B173_uncultured planctomycete	Bacteria
F83_Schizothecium	F83_Schizothecium	Fungi
B112_uncultured prokaryote	B112_uncultured prokaryote	Bacteria
F702_unidentified	F702_unidentified	Fungi
B264_f_Burkholderiaceae	B264_f_Burkholderiaceae	Bacteria
F314_unidentified	F314_unidentified	Fungi
F229_unidentified	F229_unidentified	Fungi
F17_o_Pleosporales	F17_o_Pleosporales	Fungi
B671_uncultured Geobacter sp.	B671_uncultured Geobacter sp.	Bacteria
B344_f_SC-I-84	B344_f_SC-I-84	Bacteria
F819_unidentified	F819_unidentified	Fungi
B441_Actinobacteria bacterium RBG_19FT_COMBO_70_19	B441_Actinobacteria bacterium RBG_19FT_COMBO_70_19	Bacteria
F96_unidentified	F96_unidentified	Fungi
F1813_unidentified	F1813_unidentified	Fungi
B1324_Gaiella	B1324_Gaiella	Bacteria
F249_Mortierella	F249_Mortierella	Fungi
F10_Guehomyces	F10_Guehomyces	Fungi
B223_uncultured Sphingobacteriales bacterium	B223_uncultured Sphingobacteriales bacterium	Bacteria
B723_Thiobacillus	B723_Thiobacillus	Bacteria
F1646_unidentified	F1646_unidentified	Fungi
F1937_unidentified	F1937_unidentified	Fungi
F70_unidentified	F70_unidentified	Fungi
B584_Leptolinea	B584_Leptolinea	Bacteria
F371_unidentified	F371_unidentified	Fungi
B195_uncultured soil bacterium	B195_uncultured soil bacterium	Bacteria
F171_unidentified	F171_unidentified	Fungi
F107_o_Helotiales	F107_o_Helotiales	Fungi
F121_Schizothecium	F121_Schizothecium	Fungi
F279_unidentified	F279_unidentified	Fungi
B618_Gemmatimonas	B618_Gemmatimonas	Bacteria
F242_unidentified	F242_unidentified	Fungi
F610_unidentified	F610_unidentified	Fungi
F836_Acremonium	F836_Acremonium	Fungi
B114_Luteimonas	B114_Luteimonas	Bacteria
F141_f_Nectriaceae	F141_f_Nectriaceae	Fungi
F359_unidentified	F359_unidentified	Fungi
F69_o_Pleosporales	F69_o_Pleosporales	Fungi
F1490_unidentified	F1490_unidentified	Fungi
F12_o_Pleosporales	F12_o_Pleosporales	Fungi
F105_Clonostachys	F105_Clonostachys	Fungi
F173_unidentified	F173_unidentified	Fungi
F39_unidentified	F39_unidentified	Fungi
F143_unidentified	F143_unidentified	Fungi
F108_unidentified	F108_unidentified	Fungi
F393_unidentified	F393_unidentified	Fungi
F56_Arnium	F56_Arnium	Fungi
F38_Pseudeurotium	F38_Pseudeurotium	Fungi
F443_unidentified	F443_unidentified	Fungi
F950_unidentified	F950_unidentified	Fungi
F312_unidentified	F312_unidentified	Fungi
F94_Mortierella	F94_Mortierella	Fungi
F401_unidentified	F401_unidentified	Fungi
F868_Boothiomyces	F868_Boothiomyces	Fungi
F452_unidentified	F452_unidentified	Fungi
F8_unidentified	F8_unidentified	Fungi
F77_o_NA	F77_o_NA	Fungi
F133_Cyphellophora	F133_Cyphellophora	Fungi
F156_Serendipita	F156_Serendipita	Fungi
F1705_unidentified	F1705_unidentified	Fungi
F524_unidentified	F524_unidentified	Fungi
F981_o_Paraglomerales	F981_o_Paraglomerales	Fungi
F358_unidentified	F358_unidentified	Fungi
F563_unidentified	F563_unidentified	Fungi
F256_Chalara	F256_Chalara	Fungi
F3055_unidentified	F3055_unidentified	Fungi
F948_unidentified	F948_unidentified	Fungi
F521_unidentified	F521_unidentified	Fungi
F602_unidentified	F602_unidentified	Fungi
F37_unidentified	F37_unidentified	Fungi
F405_unidentified	F405_unidentified	Fungi
F542_unidentified	F542_unidentified	Fungi
F1063_o_NA	F1063_o_NA	Fungi
F651_unidentified	F651_unidentified	Fungi
F34_Mortierella	F34_Mortierella	Fungi
F157_unidentified	F157_unidentified	Fungi
F4_o_Pleosporales	F4_o_Pleosporales	Fungi
F65_Sarocladium	F65_Sarocladium	Fungi
F59_Podospora	F59_Podospora	Fungi
F247_unidentified	F247_unidentified	Fungi
F1347_o_NA	F1347_o_NA	Fungi
F345_unidentified	F345_unidentified	Fungi
F300_unidentified	F300_unidentified	Fungi
F1065_unidentified	F1065_unidentified	Fungi
F240_unidentified	F240_unidentified	Fungi
F384_unidentified	F384_unidentified	Fungi
F504_unidentified	F504_unidentified	Fungi
F170_unidentified	F170_unidentified	Fungi
F40_unidentified	F40_unidentified	Fungi
F515_unidentified	F515_unidentified	Fungi
F195_Cistella	F195_Cistella	Fungi
F467_Saitozyma	F467_Saitozyma	Fungi
F237_unidentified	F237_unidentified	Fungi
F427_unidentified	F427_unidentified	Fungi
F2417_o_Auriculariales	F2417_o_Auriculariales	Fungi
F392_Ascobolus	F392_Ascobolus	Fungi
B593_uncultured.Gemmatimonadetes.bacterium	B593_uncultured.Gemmatimonadetes.bacterium	Bacteria
B291_uncultured	B291_uncultured	Bacteria
B470_o_Chthonomonadales	B470_o_Chthonomonadales	Bacteria
B1398_uncultured.Gemmatimonadetes.bacterium	B1398_uncultured.Gemmatimonadetes.bacterium	Bacteria
B211_o_SBR1031	B211_o_SBR1031	Bacteria
B9499_Leptolyngbya.ANT.L52.2	B9499_Leptolyngbya.ANT.L52.2	Bacteria
B139_RBG.16.58.14	B139_RBG.16.58.14	Bacteria
B625_uncultured.Caldilineaceae.bacterium	B625_uncultured.Caldilineaceae.bacterium	Bacteria
B163_uncultured	B163_uncultured	Bacteria
B1134_f_Anaerolineaceae	B1134_f_Anaerolineaceae	Bacteria
B509_o_SBR1031	B509_o_SBR1031	Bacteria
B1778_o_SJA.15	B1778_o_SJA.15	Bacteria
B1200_Leptolinea	B1200_Leptolinea	Bacteria
B667_Sh765B.TzT.35	B667_Sh765B.TzT.35	Bacteria
B9732_uncultured.bacterium	B9732_uncultured.bacterium	Bacteria
B1301_o_SBR1031	B1301_o_SBR1031	Bacteria
B614_uncultured	B614_uncultured	Bacteria
B565_uncultured	B565_uncultured	Bacteria
B250_o_RBG.13.54.9	B250_o_RBG.13.54.9	Bacteria
B656_Gemmatimonas	B656_Gemmatimonas	Bacteria
B218_RBG.16.58.14	B218_RBG.16.58.14	Bacteria
B563_uncultured.eubacterium.WCHB1.50	B563_uncultured.eubacterium.WCHB1.50	Bacteria
B236_o_SBR1031	B236_o_SBR1031	Bacteria
B530_o_RBG.13.54.9	B530_o_RBG.13.54.9	Bacteria
B674_uncultured.prokaryote	B674_uncultured.prokaryote	Bacteria
B901_uncultured.bacterium	B901_uncultured.bacterium	Bacteria
B803_uncultured.planctomycete	B803_uncultured.planctomycete	Bacteria
B158_uncultured.bacterium	B158_uncultured.bacterium	Bacteria
B396_o_RCP2.54	B396_o_RCP2.54	Bacteria
B225_uncultured.bacterium	B225_uncultured.bacterium	Bacteria
B304_Ignavibacterium	B304_Ignavibacterium	Bacteria
B65_o_RBG.13.54.9	B65_o_RBG.13.54.9	Bacteria
B1578_uncultured	B1578_uncultured	Bacteria
B789_Anaeromyxobacter	B789_Anaeromyxobacter	Bacteria
B355_Desulfobacca	B355_Desulfobacca	Bacteria
B621_Syntrophobacter	B621_Syntrophobacter	Bacteria
B418_f_SC.I.84	B418_f_SC.I.84	Bacteria
B1634_f_Unknown.Family	B1634_f_Unknown.Family	Bacteria
B1032_uncultured.bacterium	B1032_uncultured.bacterium	Bacteria
B602_uncultured.Holophaga.sp.	B602_uncultured.Holophaga.sp.	Bacteria
B586_uncultured.Chlorobi.bacterium	B586_uncultured.Chlorobi.bacterium	Bacteria
B1145_uncultured.Desulfuromonadales.bacterium	B1145_uncultured.Desulfuromonadales.bacterium	Bacteria
B136_Hydrogenispora	B136_Hydrogenispora	Bacteria
B74_f_Rhodocyclaceae	B74_f_Rhodocyclaceae	Bacteria
B591_Anaerolinea	B591_Anaerolinea	Bacteria
B181_uncultured.Planctomycetales.bacterium	B181_uncultured.Planctomycetales.bacterium	Bacteria
B258_ADurb.Bin063.1	B258_ADurb.Bin063.1	Bacteria
B194_o_OPB41	B194_o_OPB41	Bacteria
B129_ADurb.Bin063.1	B129_ADurb.Bin063.1	Bacteria
B770_f_WD2101.soil.group	B770_f_WD2101.soil.group	Bacteria
B450_uncultured.prokaryote	B450_uncultured.prokaryote	Bacteria
B363_uncultured	B363_uncultured	Bacteria
B319_anaerobic.bacterium.MO.CFX2	B319_anaerobic.bacterium.MO.CFX2	Bacteria
B1284_Blastococcus	B1284_Blastococcus	Bacteria
B206_uncultured.bacterium	B206_uncultured.bacterium	Bacteria
B255_Reyranella	B255_Reyranella	Bacteria
B573_uncultured.Gemmatimonadetes.bacterium	B573_uncultured.Gemmatimonadetes.bacterium	Bacteria
B707_uncultured.bacterium	B707_uncultured.bacterium	Bacteria
B251_uncultured.Bellilinea.sp.	B251_uncultured.Bellilinea.sp.	Bacteria
B5989_f_WD2101.soil.group	B5989_f_WD2101.soil.group	Bacteria
B1820_possible.genus.04	B1820_possible.genus.04	Bacteria
B67_uncultured	B67_uncultured	Bacteria
B168_uncultured.bacterium	B168_uncultured.bacterium	Bacteria
B516_uncultured.bacterium.SJA.22	B516_uncultured.bacterium.SJA.22	Bacteria
B1071_Novosphingobium	B1071_Novosphingobium	Bacteria
B145_uncultured.Chloroflexi.bacterium	B145_uncultured.Chloroflexi.bacterium	Bacteria
B471_uncultured.bacterium	B471_uncultured.bacterium	Bacteria
B350_Candidatus.Solibacter	B350_Candidatus.Solibacter	Bacteria
B94_uncultured.Nitrospirae.bacterium	B94_uncultured.Nitrospirae.bacterium	Bacteria
B346_uncultured	B346_uncultured	Bacteria
B945_uncultured.proteobacterium	B945_uncultured.proteobacterium	Bacteria
B3478_Candidatus.Solibacter	B3478_Candidatus.Solibacter	Bacteria
B590_uncultured.Desulfuromonadales.bacterium	B590_uncultured.Desulfuromonadales.bacterium	Bacteria
B238_uncultured.Iamiaceae.bacterium	B238_uncultured.Iamiaceae.bacterium	Bacteria
B1887_uncultured.bacterium	B1887_uncultured.bacterium	Bacteria
B1747_o_Subgroup.7	B1747_o_Subgroup.7	Bacteria
B120_uncultured.Anaerolineaceae.bacterium	B120_uncultured.Anaerolineaceae.bacterium	Bacteria
B1395_Candidatus.Solibacter	B1395_Candidatus.Solibacter	Bacteria
B133_uncultured.Desulfuromonadales.bacterium	B133_uncultured.Desulfuromonadales.bacterium	Bacteria
B104_uncultured.bacterium	B104_uncultured.bacterium	Bacteria
B2449_uncultured.Polyangiaceae.bacterium	B2449_uncultured.Polyangiaceae.bacterium	Bacteria
B38_uncultured.prokaryote	B38_uncultured.prokaryote	Bacteria
B185_ADurb.Bin063.1	B185_ADurb.Bin063.1	Bacteria
B687_uncultured.Alkaliflexus.sp.	B687_uncultured.Alkaliflexus.sp.	Bacteria
B3480_uncultured.Gemmatimonadetes.bacterium	B3480_uncultured.Gemmatimonadetes.bacterium	Bacteria
B378_f_WD2101.soil.group	B378_f_WD2101.soil.group	Bacteria
B174_f_Bacteroidetes.vadinHA17	B174_f_Bacteroidetes.vadinHA17	Bacteria
B249_Thiobacillus	B249_Thiobacillus	Bacteria
B4690_possible.genus.04	B4690_possible.genus.04	Bacteria
B146_uncultured.prokaryote	B146_uncultured.prokaryote	Bacteria
B555_uncultured.organism	B555_uncultured.organism	Bacteria
B1002_uncultured.bacterium	B1002_uncultured.bacterium	Bacteria
B537_uncultured.prokaryote	B537_uncultured.prokaryote	Bacteria
B113_o_RBG.13.54.9	B113_o_RBG.13.54.9	Bacteria
B245_f_Xanthobacteraceae	B245_f_Xanthobacteraceae	Bacteria
B434_Geobacter	B434_Geobacter	Bacteria
B50_Thiobacillus	B50_Thiobacillus	Bacteria
B88_uncultured.Alkaliflexus.sp.	B88_uncultured.Alkaliflexus.sp.	Bacteria
B322_RB41	B322_RB41	Bacteria
B764_f_Acidobacteriaceae..Subgroup.1.	B764_f_Acidobacteriaceae..Subgroup.1.	Bacteria
B644_uncultured.Planctomyces.sp.	B644_uncultured.Planctomyces.sp.	Bacteria
B1082_uncultured.bacterium.213	B1082_uncultured.bacterium.213	Bacteria
B908_f_Chitinophagaceae	B908_f_Chitinophagaceae	Bacteria
B150_RBG.16.58.14	B150_RBG.16.58.14	Bacteria
B3065_Candidatus.Solibacter	B3065_Candidatus.Solibacter	Bacteria
B53_f_SC.I.84	B53_f_SC.I.84	Bacteria
B734_JGI.0001001.H03	B734_JGI.0001001.H03	Bacteria
B223_uncultured.Sphingobacteriales.bacterium	B223_uncultured.Sphingobacteriales.bacterium	Bacteria
B261_uncultured	B261_uncultured	Bacteria
B283_uncultured.Thermaerobacter.sp.	B283_uncultured.Thermaerobacter.sp.	Bacteria
B205_uncultured.prokaryote	B205_uncultured.prokaryote	Bacteria
B173_uncultured.planctomycete	B173_uncultured.planctomycete	Bacteria
B25_uncultured.prokaryote	B25_uncultured.prokaryote	Bacteria
B1179_f_TRA3.20	B1179_f_TRA3.20	Bacteria
B316_uncultured.Thermaerobacter.sp.	B316_uncultured.Thermaerobacter.sp.	Bacteria
B880_ADurb.Bin063.1	B880_ADurb.Bin063.1	Bacteria
B112_uncultured.prokaryote	B112_uncultured.prokaryote	Bacteria
B3141_Candidatus.Solibacter	B3141_Candidatus.Solibacter	Bacteria
B383_uncultured.bacterium	B383_uncultured.bacterium	Bacteria
B1061_uncultured.bacterium	B1061_uncultured.bacterium	Bacteria
B1005_Candidatus.Udaeobacter	B1005_Candidatus.Udaeobacter	Bacteria
B441_Actinobacteria.bacterium.RBG_19FT_COMBO_70_19	B441_Actinobacteria.bacterium.RBG_19FT_COMBO_70_19	Bacteria
F395_unidentified	F395_unidentified	Fungi
F825_unidentified	F825_unidentified	Fungi
F350_o_Tremellales	F350_o_Tremellales	Fungi
F641_unidentified	F641_unidentified	Fungi
F224_Rhizophydium	F224_Rhizophydium	Fungi
F827_unidentified	F827_unidentified	Fungi
F2399_unidentified	F2399_unidentified	Fungi
F201_unidentified	F201_unidentified	Fungi
F2171_o_NA	F2171_o_NA	Fungi
F1255_unidentified	F1255_unidentified	Fungi
F382_unidentified	F382_unidentified	Fungi
F2013_unidentified	F2013_unidentified	Fungi
F501_unidentified	F501_unidentified	Fungi
F2016_o_NA	F2016_o_NA	Fungi
F374_unidentified	F374_unidentified	Fungi
F618_o_NA	F618_o_NA	Fungi
F733_o_NA	F733_o_NA	Fungi
F1763_unidentified	F1763_unidentified	Fungi
F495_unidentified	F495_unidentified	Fungi
F636_unidentified	F636_unidentified	Fungi
F1113_unidentified	F1113_unidentified	Fungi
F203_unidentified	F203_unidentified	Fungi
F472_unidentified	F472_unidentified	Fungi
F336_unidentified	F336_unidentified	Fungi
F234_unidentified	F234_unidentified	Fungi
F959_unidentified	F959_unidentified	Fungi
F378_unidentified	F378_unidentified	Fungi
F1175_unidentified	F1175_unidentified	Fungi
F670_unidentified	F670_unidentified	Fungi
F596_unidentified	F596_unidentified	Fungi
F1325_unidentified	F1325_unidentified	Fungi
F330_o_NA	F330_o_NA	Fungi
F332_Spirosphaera	F332_Spirosphaera	Fungi
F29_f_Didymellaceae	F29_f_Didymellaceae	Fungi
