id	label	Bacteria
B7371_f_Lachnospiraceae	B7371_f_Lachnospiraceae	Bacteria
B1692_Dyella	B1692_Dyella	Bacteria
B1255_uncultured bacterium	B1255_uncultured bacterium	Bacteria
B999_Ruminiclostridium 1	B999_Ruminiclostridium 1	Bacteria
B519_Syntrophorhabdus	B519_Syntrophorhabdus	Bacteria
B3387_Vogesella	B3387_Vogesella	Bacteria
B1119_Dietzia	B1119_Dietzia	Bacteria
F1307_Edenia	F1307_Edenia	Fungi
B239_Sporomusa	B239_Sporomusa	Bacteria
B1278_Tardiphaga	B1278_Tardiphaga	Bacteria
F14_o_Pleosporales	F14_o_Pleosporales	Fungi
B1601_o_NA	B1601_o_NA	Bacteria
B1681_uncultured	B1681_uncultured	Bacteria
B156_Hydrogenispora	B156_Hydrogenispora	Bacteria
B2259_Clostridium sensu stricto 9	B2259_Clostridium sensu stricto 9	Bacteria
B3113_Azospirillum	B3113_Azospirillum	Bacteria
B342_Herbaspirillum	B342_Herbaspirillum	Bacteria
B299_Allorhizobium-Neorhizobium-Pararhizobium-Rhizobium	B299_Allorhizobium-Neorhizobium-Pararhizobium-Rhizobium	Bacteria
B1489_f_Rhodocyclaceae	B1489_f_Rhodocyclaceae	Bacteria
B3225_uncultured	B3225_uncultured	Bacteria
B1109_f_Chitinophagaceae	B1109_f_Chitinophagaceae	Bacteria
B2917_Sphingomonas	B2917_Sphingomonas	Bacteria
B2368_Geobacter	B2368_Geobacter	Bacteria
B2994_Dickeya	B2994_Dickeya	Bacteria
F159_o_Helotiales	F159_o_Helotiales	Fungi
F212_o_NA	F212_o_NA	Fungi
F80_Uncobasidium	F80_Uncobasidium	Fungi
B582_f_Ruminococcaceae	B582_f_Ruminococcaceae	Bacteria
B46_f_Rhodocyclaceae	B46_f_Rhodocyclaceae	Bacteria
B2110_unidentified eubacterium clone BSV40	B2110_unidentified eubacterium clone BSV40	Bacteria
B4111_LD29	B4111_LD29	Bacteria
B192_Candidatus Koribacter	B192_Candidatus Koribacter	Bacteria
B787_Lacunisphaera	B787_Lacunisphaera	Bacteria
B616_Lacunisphaera	B616_Lacunisphaera	Bacteria
B1582_Pedobacter	B1582_Pedobacter	Bacteria
B940_Pseudomonas	B940_Pseudomonas	Bacteria
B1912_Actinoplanes	B1912_Actinoplanes	Bacteria
B1401_Pseudomonas	B1401_Pseudomonas	Bacteria
B1835_Allorhizobium-Neorhizobium-Pararhizobium-Rhizobium	B1835_Allorhizobium-Neorhizobium-Pararhizobium-Rhizobium	Bacteria
B502_Anaeromyxobacter	B502_Anaeromyxobacter	Bacteria
B1012_WCHB1-32	B1012_WCHB1-32	Bacteria
B800_f_Rhodocyclaceae	B800_f_Rhodocyclaceae	Bacteria
F99_Cistella	F99_Cistella	Fungi
F25_Dimorphospora	F25_Dimorphospora	Fungi
F121_Schizothecium	F121_Schizothecium	Fungi
B841_uncultured	B841_uncultured	Bacteria
B80_Bradyrhizobium	B80_Bradyrhizobium	Bacteria
B144_Bradyrhizobium	B144_Bradyrhizobium	Bacteria
B2594_Sporomusa	B2594_Sporomusa	Bacteria
B679_Georgenia	B679_Georgenia	Bacteria
F245_o_NA	F245_o_NA	Fungi
B246_Spirochaeta 2	B246_Spirochaeta 2	Bacteria
B123_uncultured	B123_uncultured	Bacteria
B3261_uncultured	B3261_uncultured	Bacteria
B562_Syntrophorhabdus	B562_Syntrophorhabdus	Bacteria
B3973_Aeromonas	B3973_Aeromonas	Bacteria
B1928_f_Opitutaceae	B1928_f_Opitutaceae	Bacteria
B936_WCHB1-32	B936_WCHB1-32	Bacteria
B359_f_Xanthobacteraceae	B359_f_Xanthobacteraceae	Bacteria
B3618_Dechloromonas	B3618_Dechloromonas	Bacteria
B234_f_Cellulomonadaceae	B234_f_Cellulomonadaceae	Bacteria
F751_unidentified	F751_unidentified	Fungi
F296_unidentified	F296_unidentified	Fungi
B49_Anaerolinea	B49_Anaerolinea	Bacteria
B74_f_Rhodocyclaceae	B74_f_Rhodocyclaceae	Bacteria
B57_Streptomyces	B57_Streptomyces	Bacteria
F70_unidentified	F70_unidentified	Fungi
B1046_uncultured bacterium	B1046_uncultured bacterium	Bacteria
B256_uncultured Gemmatimonadetes bacterium	B256_uncultured Gemmatimonadetes bacterium	Bacteria
B550_Phaselicystis	B550_Phaselicystis	Bacteria
B986_Allorhizobium-Neorhizobium-Pararhizobium-Rhizobium	B986_Allorhizobium-Neorhizobium-Pararhizobium-Rhizobium	Bacteria
B536_Azorhizobium	B536_Azorhizobium	Bacteria
B62_Clostridium sensu stricto 1	B62_Clostridium sensu stricto 1	Bacteria
B681_f_Lachnospiraceae	B681_f_Lachnospiraceae	Bacteria
B4539_Ohtaekwangia	B4539_Ohtaekwangia	Bacteria
B2419_Paludibacter	B2419_Paludibacter	Bacteria
B1291_o_Gastranaerophilales	B1291_o_Gastranaerophilales	Bacteria
F343_unidentified	F343_unidentified	Fungi
F406_unidentified	F406_unidentified	Fungi
F24_o_Helotiales	F24_o_Helotiales	Fungi
B64_Rhizomicrobium	B64_Rhizomicrobium	Bacteria
B122_Anaeromyxobacter	B122_Anaeromyxobacter	Bacteria
B813_Magnetospirillum	B813_Magnetospirillum	Bacteria
B748_f_Rhodocyclaceae	B748_f_Rhodocyclaceae	Bacteria
B557_Azospirillum	B557_Azospirillum	Bacteria
B1507_Chryseobacterium	B1507_Chryseobacterium	Bacteria
B962_Geothrix	B962_Geothrix	Bacteria
B165_Treponema	B165_Treponema	Bacteria
B8_f_Rhizobiaceae	B8_f_Rhizobiaceae	Bacteria
B1205_Ancalomicrobium	B1205_Ancalomicrobium	Bacteria
B1534_Geobacter	B1534_Geobacter	Bacteria
B392_Allorhizobium-Neorhizobium-Pararhizobium-Rhizobium	B392_Allorhizobium-Neorhizobium-Pararhizobium-Rhizobium	Bacteria
B203_Chitinophaga	B203_Chitinophaga	Bacteria
B3938_Pseudomonas	B3938_Pseudomonas	Bacteria
B676_Propionivibrio	B676_Propionivibrio	Bacteria
B3044_Brevibacillus	B3044_Brevibacillus	Bacteria
B186_Derxia	B186_Derxia	Bacteria
B1647_Chryseobacterium	B1647_Chryseobacterium	Bacteria
B353_Paludibacter	B353_Paludibacter	Bacteria
B624_Ornithinimicrobium	B624_Ornithinimicrobium	Bacteria
F573_unidentified	F573_unidentified	Fungi
F910_unidentified	F910_unidentified	Fungi
F1303_unidentified	F1303_unidentified	Fungi
F83_Schizothecium	F83_Schizothecium	Fungi
F90_Pseudogymnoascus	F90_Pseudogymnoascus	Fungi
B1016_Hydrogenispora	B1016_Hydrogenispora	Bacteria
B24_Bradyrhizobium	B24_Bradyrhizobium	Bacteria
F270_unidentified	F270_unidentified	Fungi
B3903_Ruminiclostridium 1	B3903_Ruminiclostridium 1	Bacteria
B1653_o_Chthoniobacterales	B1653_o_Chthoniobacterales	Bacteria
F143_unidentified	F143_unidentified	Fungi
B2576_Allorhizobium-Neorhizobium-Pararhizobium-Rhizobium	B2576_Allorhizobium-Neorhizobium-Pararhizobium-Rhizobium	Bacteria
B233_Geothrix	B233_Geothrix	Bacteria
B143_Bradyrhizobium	B143_Bradyrhizobium	Bacteria
B2477_Candidatus Cardinium	B2477_Candidatus Cardinium	Bacteria
B32_Bradyrhizobium	B32_Bradyrhizobium	Bacteria
B1917_uncultured	B1917_uncultured	Bacteria
B705_f_Sphingomonadaceae	B705_f_Sphingomonadaceae	Bacteria
B1474_uncultured	B1474_uncultured	Bacteria
F850_unidentified	F850_unidentified	Fungi
B6_Sphingomonas	B6_Sphingomonas	Bacteria
B559_Spirochaeta 2	B559_Spirochaeta 2	Bacteria
B370_Anaerolinea	B370_Anaerolinea	Bacteria
B482_Hydrogenispora	B482_Hydrogenispora	Bacteria
F286_unidentified	F286_unidentified	Fungi
F394_unidentified	F394_unidentified	Fungi
F184_unidentified	F184_unidentified	Fungi
F263_unidentified	F263_unidentified	Fungi
F57_Trichoderma	F57_Trichoderma	Fungi
F120_Sporobolomyces	F120_Sporobolomyces	Fungi
F10_Guehomyces	F10_Guehomyces	Fungi
B5170_ADurb.Bin063-1	B5170_ADurb.Bin063-1	Bacteria
F345_unidentified	F345_unidentified	Fungi
B1968_Lentimicrobium	B1968_Lentimicrobium	Bacteria
F15_o_Helotiales	F15_o_Helotiales	Fungi
B3281_o_Gastranaerophilales	B3281_o_Gastranaerophilales	Bacteria
B1241_f_Micromonosporaceae	B1241_f_Micromonosporaceae	Bacteria
B230_f_Kineosporiaceae	B230_f_Kineosporiaceae	Bacteria
B2013_uncultured	B2013_uncultured	Bacteria
B5836_uncultured organism	B5836_uncultured organism	Bacteria
B1416_uncultured	B1416_uncultured	Bacteria
B207_Geobacter	B207_Geobacter	Bacteria
F19_unidentified	F19_unidentified	Fungi
F256_Chalara	F256_Chalara	Fungi
F46_Microscypha	F46_Microscypha	Fungi
B4429_Pelosinus	B4429_Pelosinus	Bacteria
F7_unidentified	F7_unidentified	Fungi
F39_unidentified	F39_unidentified	Fungi
B281_Duganella	B281_Duganella	Bacteria
B4840_uncultured	B4840_uncultured	Bacteria
B1075_Clostridium sensu stricto 12	B1075_Clostridium sensu stricto 12	Bacteria
F145_Mrakiella	F145_Mrakiella	Fungi
B2611_Hydrogenispora	B2611_Hydrogenispora	Bacteria
B860_Opitutus	B860_Opitutus	Bacteria
B2566_Cellulomonas	B2566_Cellulomonas	Bacteria
F92_unidentified	F92_unidentified	Fungi
B3121_metagenome	B3121_metagenome	Bacteria
B1387_f_Anaerolineaceae	B1387_f_Anaerolineaceae	Bacteria
F182_o_NA	F182_o_NA	Fungi
F265_Helicodendron	F265_Helicodendron	Fungi
B2543_uncultured soil bacterium	B2543_uncultured soil bacterium	Bacteria
B1230_Sphingomonas	B1230_Sphingomonas	Bacteria
B157_uncultured	B157_uncultured	Bacteria
B1135_Massilia	B1135_Massilia	Bacteria
F634_unidentified	F634_unidentified	Fungi
B1606_Christensenellaceae R-7 group	B1606_Christensenellaceae R-7 group	Bacteria
B141_Ciceribacter	B141_Ciceribacter	Bacteria
B1359_Candidatus Solibacter	B1359_Candidatus Solibacter	Bacteria
B2933_f_Micromonosporaceae	B2933_f_Micromonosporaceae	Bacteria
B1083_f_Microbacteriaceae	B1083_f_Microbacteriaceae	Bacteria
B1074_Pseudomonas	B1074_Pseudomonas	Bacteria
B10_Allorhizobium-Neorhizobium-Pararhizobium-Rhizobium	B10_Allorhizobium-Neorhizobium-Pararhizobium-Rhizobium	Bacteria
B196_Anaeromyxobacter	B196_Anaeromyxobacter	Bacteria
B1254_uncultured	B1254_uncultured	Bacteria
F79_Ceratobasidium	F79_Ceratobasidium	Fungi
B391_uncultured	B391_uncultured	Bacteria
B229_Dysgonomonas	B229_Dysgonomonas	Bacteria
B330_Magnetospirillum	B330_Magnetospirillum	Bacteria
B498_Terrimicrobium	B498_Terrimicrobium	Bacteria
B188_Anaerosinus	B188_Anaerosinus	Bacteria
B1199_Lacunisphaera	B1199_Lacunisphaera	Bacteria
F23_Solicoccozyma	F23_Solicoccozyma	Fungi
F44_Zopfiella	F44_Zopfiella	Fungi
F38_Pseudeurotium	F38_Pseudeurotium	Fungi
B741_Devosia	B741_Devosia	Bacteria
B201_Massilia	B201_Massilia	Bacteria
B673_Acidovorax	B673_Acidovorax	Bacteria
B721_uncultured	B721_uncultured	Bacteria
B2428_Lacunisphaera	B2428_Lacunisphaera	Bacteria
B69_o_NA	B69_o_NA	Bacteria
B40_Caulobacter	B40_Caulobacter	Bacteria
B650_Dactylosporangium	B650_Dactylosporangium	Bacteria
F180_Tetracladium	F180_Tetracladium	Fungi
B1052_uncultured	B1052_uncultured	Bacteria
B99_f_Burkholderiaceae	B99_f_Burkholderiaceae	Bacteria
F42_unidentified	F42_unidentified	Fungi
B1047_uncultured	B1047_uncultured	Bacteria
B991_Kaistia	B991_Kaistia	Bacteria
B1713_uncultured	B1713_uncultured	Bacteria
B354_Paraburkholderia tropica	B354_Paraburkholderia tropica	Bacteria
F9_Chaetomium	F9_Chaetomium	Fungi
B2809_Pedobacter	B2809_Pedobacter	Bacteria
B1959_Fonticella	B1959_Fonticella	Bacteria
B1081_o_NA	B1081_o_NA	Bacteria
B1642_Desulfatiglans	B1642_Desulfatiglans	Bacteria
B1049_Blattella germanica (German cockroach)	B1049_Blattella germanica (German cockroach)	Bacteria
B178_Cryobacterium	B178_Cryobacterium	Bacteria
F311_unidentified	F311_unidentified	Fungi
B34_Bradyrhizobium	B34_Bradyrhizobium	Bacteria
B136_Hydrogenispora	B136_Hydrogenispora	Bacteria
B358_uncultured	B358_uncultured	Bacteria
B1262_Anaerovorax	B1262_Anaerovorax	Bacteria
B382_Desulfovirga	B382_Desulfovirga	Bacteria
B26_Bradyrhizobium	B26_Bradyrhizobium	Bacteria
B210_Ralstonia	B210_Ralstonia	Bacteria
B193_Sideroxydans	B193_Sideroxydans	Bacteria
B212_Acidovorax	B212_Acidovorax	Bacteria
B243_Ciceribacter	B243_Ciceribacter	Bacteria
F558_unidentified	F558_unidentified	Fungi
B242_Anaeromyxobacter	B242_Anaeromyxobacter	Bacteria
B1419_Clostridium sensu stricto 1	B1419_Clostridium sensu stricto 1	Bacteria
B585_uncultured	B585_uncultured	Bacteria
B1044_Anaerobacterium	B1044_Anaerobacterium	Bacteria
B288_Methylocystis	B288_Methylocystis	Bacteria
B79_uncultured	B79_uncultured	Bacteria
B60_Rhizomicrobium	B60_Rhizomicrobium	Bacteria
B67_uncultured	B67_uncultured	Bacteria
B1383_uncultured	B1383_uncultured	Bacteria
B462_uncultured Chloroflexi bacterium	B462_uncultured Chloroflexi bacterium	Bacteria
B121_Caulobacter	B121_Caulobacter	Bacteria
B217_Burkholderia-Caballeronia-Paraburkholderia	B217_Burkholderia-Caballeronia-Paraburkholderia	Bacteria
B2232_Leptolinea	B2232_Leptolinea	Bacteria
B752_Ruminiclostridium 1	B752_Ruminiclostridium 1	Bacteria
B666_uncultured prokaryote	B666_uncultured prokaryote	Bacteria
B1293_Fonticella	B1293_Fonticella	Bacteria
B154_f_Micrococcaceae	B154_f_Micrococcaceae	Bacteria
F313_Papiliotrema	F313_Papiliotrema	Fungi
B438_Geobacter	B438_Geobacter	Bacteria
B2210_Sporobacter	B2210_Sporobacter	Bacteria
B268_uncultured	B268_uncultured	Bacteria
B1277_Pseudomonas	B1277_Pseudomonas	Bacteria
F123_Thanatephorus	F123_Thanatephorus	Fungi
F63_Thanatephorus	F63_Thanatephorus	Fungi
B2997_uncultured	B2997_uncultured	Bacteria
B6340_Chryseobacterium	B6340_Chryseobacterium	Bacteria
B1331_Haliangium	B1331_Haliangium	Bacteria
B982_Treponema	B982_Treponema	Bacteria
B1512_unidentified eubacterium clone BSV40	B1512_unidentified eubacterium clone BSV40	Bacteria
B146_uncultured prokaryote	B146_uncultured prokaryote	Bacteria
B1221_Candidatus Solibacter	B1221_Candidatus Solibacter	Bacteria
F221_unidentified	F221_unidentified	Fungi
F59_Podospora	F59_Podospora	Fungi
B490_f_Holophagaceae	B490_f_Holophagaceae	Bacteria
B806_uncultured	B806_uncultured	Bacteria
B993_uncultured	B993_uncultured	Bacteria
B719_uncultured	B719_uncultured	Bacteria
B612_uncultured	B612_uncultured	Bacteria
F17_o_Pleosporales	F17_o_Pleosporales	Fungi
B2565_LD29	B2565_LD29	Bacteria
B303_Methylotenera	B303_Methylotenera	Bacteria
B2355_f_Gracilibacteraceae	B2355_f_Gracilibacteraceae	Bacteria
B1870_f_Lachnospiraceae	B1870_f_Lachnospiraceae	Bacteria
B216_uncultured	B216_uncultured	Bacteria
B768_Desulfovibrio	B768_Desulfovibrio	Bacteria
B892_Spirochaeta 2	B892_Spirochaeta 2	Bacteria
B1962_Lacibacter	B1962_Lacibacter	Bacteria
B379_f_Micrococcaceae	B379_f_Micrococcaceae	Bacteria
B1116_Blvii28 wastewater-sludge group	B1116_Blvii28 wastewater-sludge group	Bacteria
B2530_uncultured	B2530_uncultured	Bacteria
B749_Azospirillum	B749_Azospirillum	Bacteria
B377_Prosthecobacter	B377_Prosthecobacter	Bacteria
B419_Haliangium	B419_Haliangium	Bacteria
B2531_Aeromonas	B2531_Aeromonas	Bacteria
B226_Burkholderia-Caballeronia-Paraburkholderia	B226_Burkholderia-Caballeronia-Paraburkholderia	Bacteria
B884_Uliginosibacterium	B884_Uliginosibacterium	Bacteria
B817_Chryseobacterium	B817_Chryseobacterium	Bacteria
B466_Allorhizobium-Neorhizobium-Pararhizobium-Rhizobium	B466_Allorhizobium-Neorhizobium-Pararhizobium-Rhizobium	Bacteria
B879_uncultured Chlorobiales bacterium	B879_uncultured Chlorobiales bacterium	Bacteria
B399_uncultured	B399_uncultured	Bacteria
B1853_Pseudomonas	B1853_Pseudomonas	Bacteria
B1737_Holophaga	B1737_Holophaga	Bacteria
B2339_Ignavibacterium	B2339_Ignavibacterium	Bacteria
B237_f_Micrococcaceae	B237_f_Micrococcaceae	Bacteria
B2904_f_Rhizobiaceae	B2904_f_Rhizobiaceae	Bacteria
F611_unidentified	F611_unidentified	Fungi
F111_Geomyces	F111_Geomyces	Fungi
F58_Schizothecium	F58_Schizothecium	Fungi
B732_uncultured	B732_uncultured	Bacteria
B1113_Dactylosporangium	B1113_Dactylosporangium	Bacteria
B3240_Ruminiclostridium 1	B3240_Ruminiclostridium 1	Bacteria
B1225_uncultured bacterium	B1225_uncultured bacterium	Bacteria
B176_uncultured bacterium	B176_uncultured bacterium	Bacteria
B452_o_NA	B452_o_NA	Bacteria
B799_uncultured bacterium	B799_uncultured bacterium	Bacteria
B1372_Polaromonas	B1372_Polaromonas	Bacteria
F520_unidentified	F520_unidentified	Fungi
B1070_f_SB-5	B1070_f_SB-5	Bacteria
F325_unidentified	F325_unidentified	Fungi
B480_Pseudomonas	B480_Pseudomonas	Bacteria
B380_f_Micrococcaceae	B380_f_Micrococcaceae	Bacteria
B1166_Polaromonas	B1166_Polaromonas	Bacteria
B3216_Pedobacter	B3216_Pedobacter	Bacteria
B6390_Bacillus	B6390_Bacillus	Bacteria
F76_o_Sordariales	F76_o_Sordariales	Fungi
B1648_Anaerocella	B1648_Anaerocella	Bacteria
B451_uncultured soil bacterium	B451_uncultured soil bacterium	Bacteria
B954_f_Ruminococcaceae	B954_f_Ruminococcaceae	Bacteria
B1077_Ralstonia	B1077_Ralstonia	Bacteria
B220_Burkholderia-Caballeronia-Paraburkholderia	B220_Burkholderia-Caballeronia-Paraburkholderia	Bacteria
B1730_o_Clostridiales	B1730_o_Clostridiales	Bacteria
B1629_Caproiciproducens	B1629_Caproiciproducens	Bacteria
B522_uncultured soil bacterium	B522_uncultured soil bacterium	Bacteria
B1440_Dactylosporangium	B1440_Dactylosporangium	Bacteria
F566_unidentified	F566_unidentified	Fungi
F298_unidentified	F298_unidentified	Fungi
B881_Candidatus Solibacter	B881_Candidatus Solibacter	Bacteria
B4519_Paludibacter	B4519_Paludibacter	Bacteria
B313_Clostridium sensu stricto 8	B313_Clostridium sensu stricto 8	Bacteria
B1144_Opitutus	B1144_Opitutus	Bacteria
B385_o_Gastranaerophilales	B385_o_Gastranaerophilales	Bacteria
F166_Aspergillus	F166_Aspergillus	Fungi
B402_uncultured soil bacterium	B402_uncultured soil bacterium	Bacteria
B914_Sporomusa	B914_Sporomusa	Bacteria
B423_Paludibaculum	B423_Paludibaculum	Bacteria
B472_Haliangium	B472_Haliangium	Bacteria
F428_unidentified	F428_unidentified	Fungi
F218_unidentified	F218_unidentified	Fungi
B1140_uncultured	B1140_uncultured	Bacteria
F68_Pseudogymnoascus	F68_Pseudogymnoascus	Fungi
B1125_WCHB1-32	B1125_WCHB1-32	Bacteria
B88_uncultured Alkaliflexus sp.	B88_uncultured Alkaliflexus sp.	Bacteria
B416_Pseudomonas	B416_Pseudomonas	Bacteria
B102_f_Xanthobacteraceae	B102_f_Xanthobacteraceae	Bacteria
B409_Hyphomicrobium	B409_Hyphomicrobium	Bacteria
B1531_Clostridium sensu stricto 1	B1531_Clostridium sensu stricto 1	Bacteria
B761_Bryobacter	B761_Bryobacter	Bacteria
B182_f_Micrococcaceae	B182_f_Micrococcaceae	Bacteria
B465_Clostridium sensu stricto 1	B465_Clostridium sensu stricto 1	Bacteria
B757_Mycobacterium	B757_Mycobacterium	Bacteria
B772_Desulfovibrio	B772_Desulfovibrio	Bacteria
F323_unidentified	F323_unidentified	Fungi
B245_f_Xanthobacteraceae	B245_f_Xanthobacteraceae	Bacteria
B1333_Opitutus	B1333_Opitutus	Bacteria
B44_f_Xanthobacteraceae	B44_f_Xanthobacteraceae	Bacteria
B1072_uncultured	B1072_uncultured	Bacteria
B2274_Sphingomonas	B2274_Sphingomonas	Bacteria
B2549_f_Intrasporangiaceae	B2549_f_Intrasporangiaceae	Bacteria
F217_unidentified	F217_unidentified	Fungi
B2382_Allorhizobium-Neorhizobium-Pararhizobium-Rhizobium	B2382_Allorhizobium-Neorhizobium-Pararhizobium-Rhizobium	Bacteria
B447_ADurb.Bin063-1	B447_ADurb.Bin063-1	Bacteria
B4600_Pedosphaera	B4600_Pedosphaera	Bacteria
B6229_Dyadobacter	B6229_Dyadobacter	Bacteria
B1557_Aureimonas	B1557_Aureimonas	Bacteria
B2162_Clostridium sensu stricto 5	B2162_Clostridium sensu stricto 5	Bacteria
F67_unidentified	F67_unidentified	Fungi
F604_Chalara	F604_Chalara	Fungi
B1684_Spirochaeta 2	B1684_Spirochaeta 2	Bacteria
B4127_Arcobacter	B4127_Arcobacter	Bacteria
B38_uncultured prokaryote	B38_uncultured prokaryote	Bacteria
B1232_Pseudomonas	B1232_Pseudomonas	Bacteria
F459_unidentified	F459_unidentified	Fungi
B195_uncultured soil bacterium	B195_uncultured soil bacterium	Bacteria
B263_Sphingomonas	B263_Sphingomonas	Bacteria
B992_Sphingomonas	B992_Sphingomonas	Bacteria
B320_f_Burkholderiaceae	B320_f_Burkholderiaceae	Bacteria
B4015_Sphingomonas	B4015_Sphingomonas	Bacteria
B518_Anaeromyxobacter	B518_Anaeromyxobacter	Bacteria
B4296_uncultured bacterium	B4296_uncultured bacterium	Bacteria
B2911_metagenome	B2911_metagenome	Bacteria
B3750_o_Gastranaerophilales	B3750_o_Gastranaerophilales	Bacteria
B3213_Ruminiclostridium 1	B3213_Ruminiclostridium 1	Bacteria
B3062_f_Gracilibacteraceae	B3062_f_Gracilibacteraceae	Bacteria
B960_f_Lentimicrobiaceae	B960_f_Lentimicrobiaceae	Bacteria
F37_unidentified	F37_unidentified	Fungi
B51_Anaerolinea	B51_Anaerolinea	Bacteria
B2151_Acidibacter	B2151_Acidibacter	Bacteria
B318_Caulobacter	B318_Caulobacter	Bacteria
B877_Bacillus	B877_Bacillus	Bacteria
B105_Anaeromyxobacter	B105_Anaeromyxobacter	Bacteria
B2418_Rhizobacter	B2418_Rhizobacter	Bacteria
B695_f_Holophagaceae	B695_f_Holophagaceae	Bacteria
B2189_f_Burkholderiaceae	B2189_f_Burkholderiaceae	Bacteria
B704_Treponema 2	B704_Treponema 2	Bacteria
B629_WCHB1-32	B629_WCHB1-32	Bacteria
B405_Pelosinus	B405_Pelosinus	Bacteria
B984_f_SB-5	B984_f_SB-5	Bacteria
B822_Phenylobacterium	B822_Phenylobacterium	Bacteria
B3621_uncultured bacterium	B3621_uncultured bacterium	Bacteria
B856_Clostridium sensu stricto 12	B856_Clostridium sensu stricto 12	Bacteria
F13_Zopfiella	F13_Zopfiella	Fungi
B642_uncultured	B642_uncultured	Bacteria
B1332_Candidatus Solibacter	B1332_Candidatus Solibacter	Bacteria
B1272_WCHB1-32	B1272_WCHB1-32	Bacteria
B915_Acetobacteroides	B915_Acetobacteroides	Bacteria
B25_uncultured prokaryote	B25_uncultured prokaryote	Bacteria
B307_Bacillus	B307_Bacillus	Bacteria
B257_f_uncultured	B257_f_uncultured	Bacteria
F446_unidentified	F446_unidentified	Fungi
B321_f_Micromonosporaceae	B321_f_Micromonosporaceae	Bacteria
B778_Mucilaginibacter	B778_Mucilaginibacter	Bacteria
B2270_f_Lachnospiraceae	B2270_f_Lachnospiraceae	Bacteria
B843_f_SB-5	B843_f_SB-5	Bacteria
F211_unidentified	F211_unidentified	Fungi
B119_Acidibacter	B119_Acidibacter	Bacteria
B1196_Mucilaginibacter	B1196_Mucilaginibacter	Bacteria
B1318_Pseudomonas	B1318_Pseudomonas	Bacteria
F266_unidentified	F266_unidentified	Fungi
F140_unidentified	F140_unidentified	Fungi
B120_uncultured Anaerolineaceae bacterium	B120_uncultured Anaerolineaceae bacterium	Bacteria
B254_Pseudomonas	B254_Pseudomonas	Bacteria
B1443_f_Desulfobulbaceae	B1443_f_Desulfobulbaceae	Bacteria
F53_Pyrenochaetopsis	F53_Pyrenochaetopsis	Fungi
B931_f_Burkholderiaceae	B931_f_Burkholderiaceae	Bacteria
B83_Bradyrhizobium	B83_Bradyrhizobium	Bacteria
B627_Candidatus Solibacter	B627_Candidatus Solibacter	Bacteria
B2630_ADurb.Bin063-1	B2630_ADurb.Bin063-1	Bacteria
B1159_Sporobacter	B1159_Sporobacter	Bacteria
B708_Clostridium sensu stricto 12	B708_Clostridium sensu stricto 12	Bacteria
F489_unidentified	F489_unidentified	Fungi
B484_Candidatus Koribacter	B484_Candidatus Koribacter	Bacteria
B262_uncultured	B262_uncultured	Bacteria
B285_uncultured	B285_uncultured	Bacteria
B2291_f_Ruminococcaceae	B2291_f_Ruminococcaceae	Bacteria
B2249_Geobacter	B2249_Geobacter	Bacteria
B106_Pseudolabrys	B106_Pseudolabrys	Bacteria
B918_Bacillus	B918_Bacillus	Bacteria
B818_uncultured	B818_uncultured	Bacteria
B600_Kineosporia	B600_Kineosporia	Bacteria
F885_unidentified	F885_unidentified	Fungi
F481_unidentified	F481_unidentified	Fungi
B969_Geobacter	B969_Geobacter	Bacteria
B2454_f_Intrasporangiaceae	B2454_f_Intrasporangiaceae	Bacteria
B1704_Mucilaginibacter	B1704_Mucilaginibacter	Bacteria
F483_unidentified	F483_unidentified	Fungi
B312_Sphingobium	B312_Sphingobium	Bacteria
F397_unidentified	F397_unidentified	Fungi
B2113_Zoogloea	B2113_Zoogloea	Bacteria
F746_unidentified	F746_unidentified	Fungi
F186_unidentified	F186_unidentified	Fungi
F108_unidentified	F108_unidentified	Fungi
B284_Pseudolabrys	B284_Pseudolabrys	Bacteria
B2048_Smithella	B2048_Smithella	Bacteria
B607_Dietzia	B607_Dietzia	Bacteria
B3063_Chryseobacterium	B3063_Chryseobacterium	Bacteria
B1103_Sphingobium	B1103_Sphingobium	Bacteria
B4449_Brevundimonas	B4449_Brevundimonas	Bacteria
B1060_Candidatus Xiphinematobacter	B1060_Candidatus Xiphinematobacter	Bacteria
F748_unidentified	F748_unidentified	Fungi
B750_Tolumonas	B750_Tolumonas	Bacteria
B2004_Clostridium sensu stricto 8	B2004_Clostridium sensu stricto 8	Bacteria
B398_Rhodococcus	B398_Rhodococcus	Bacteria
B1665_Opitutus	B1665_Opitutus	Bacteria
F2594_unidentified	F2594_unidentified	Fungi
B125_Niveispirillum	B125_Niveispirillum	Bacteria
B946_uncultured Chlorobiales bacterium	B946_uncultured Chlorobiales bacterium	Bacteria
F157_unidentified	F157_unidentified	Fungi
B6618_Reyranella	B6618_Reyranella	Bacteria
F34_Mortierella	F34_Mortierella	Fungi
B477_o_NA	B477_o_NA	Bacteria
B1909_Pseudomonas	B1909_Pseudomonas	Bacteria
B6313_metagenome	B6313_metagenome	Bacteria
B1224_Blastococcus	B1224_Blastococcus	Bacteria
B3019_Ruminiclostridium 1	B3019_Ruminiclostridium 1	Bacteria
B2016_Desulfovibrio	B2016_Desulfovibrio	Bacteria
F134_o_NA	F134_o_NA	Fungi
F6_Cladosporium	F6_Cladosporium	Fungi
B569_Niastella	B569_Niastella	Bacteria
F195_Cistella	F195_Cistella	Fungi
F338_unidentified	F338_unidentified	Fungi
B1295_Bacillus	B1295_Bacillus	Bacteria
F403_unidentified	F403_unidentified	Fungi
F279_unidentified	F279_unidentified	Fungi
B1678_Bacillus	B1678_Bacillus	Bacteria
F5_Alternaria	F5_Alternaria	Fungi
B1296_Anaeromyxobacter	B1296_Anaeromyxobacter	Bacteria
B1842_Spirochaeta.2	B1842_Spirochaeta.2	Bacteria
B5772_Ruminiclostridium.1	B5772_Ruminiclostridium.1	Bacteria
B1992_uncultured	B1992_uncultured	Bacteria
B5595_uncultured.organism	B5595_uncultured.organism	Bacteria
B1650_Methylomagnum	B1650_Methylomagnum	Bacteria
B520_AKIW659	B520_AKIW659	Bacteria
B4142_uncultured.bacterium	B4142_uncultured.bacterium	Bacteria
B672_f_Anaerolineaceae	B672_f_Anaerolineaceae	Bacteria
B406_Syntrophobacter	B406_Syntrophobacter	Bacteria
B1502_Hydrogenispora	B1502_Hydrogenispora	Bacteria
B2388_uncultured	B2388_uncultured	Bacteria
B1700_uncultured.Gemmatimonadetes.bacterium	B1700_uncultured.Gemmatimonadetes.bacterium	Bacteria
B4722_Sporobacter	B4722_Sporobacter	Bacteria
B941_uncultured.bacterium	B941_uncultured.bacterium	Bacteria
B2813_o_Bacteroidales	B2813_o_Bacteroidales	Bacteria
B4752_uncultured	B4752_uncultured	Bacteria
B315_uncultured.Gemmatimonadetes.bacterium	B315_uncultured.Gemmatimonadetes.bacterium	Bacteria
B747_uncultured	B747_uncultured	Bacteria
B5396_uncultured.bacterium	B5396_uncultured.bacterium	Bacteria
B1214_uncultured	B1214_uncultured	Bacteria
B3336_uncultured	B3336_uncultured	Bacteria
B1022_Candidatus.Cardinium	B1022_Candidatus.Cardinium	Bacteria
B1036_f_Pedosphaeraceae	B1036_f_Pedosphaeraceae	Bacteria
B853_Syntrophorhabdus	B853_Syntrophorhabdus	Bacteria
B5826_Hydrogenispora	B5826_Hydrogenispora	Bacteria
B1454_o_Bacteroidales	B1454_o_Bacteroidales	Bacteria
B1046_uncultured.bacterium	B1046_uncultured.bacterium	Bacteria
B3397_Hydrogenispora	B3397_Hydrogenispora	Bacteria
B184_f_Anaerolineaceae	B184_f_Anaerolineaceae	Bacteria
B1366_Bryobacter	B1366_Bryobacter	Bacteria
B565_uncultured	B565_uncultured	Bacteria
B4594_RBG.16.49.21	B4594_RBG.16.49.21	Bacteria
B6211_Fonticella	B6211_Fonticella	Bacteria
B3550_uncultured	B3550_uncultured	Bacteria
B4331_uncultured.bacterium	B4331_uncultured.bacterium	Bacteria
B4988_Hydrogenispora	B4988_Hydrogenispora	Bacteria
B3966_anaerobic.bacterium.MO.CFX2	B3966_anaerobic.bacterium.MO.CFX2	Bacteria
B5170_ADurb.Bin063.1	B5170_ADurb.Bin063.1	Bacteria
B5491_o_Clostridiales	B5491_o_Clostridiales	Bacteria
B1734_uncultured	B1734_uncultured	Bacteria
B1547_uncultured.Litorilinea.sp.	B1547_uncultured.Litorilinea.sp.	Bacteria
B3903_Ruminiclostridium.1	B3903_Ruminiclostridium.1	Bacteria
B1302_Anaeromyxobacter	B1302_Anaeromyxobacter	Bacteria
B2975_f_SB.5	B2975_f_SB.5	Bacteria
B246_Spirochaeta.2	B246_Spirochaeta.2	Bacteria
B256_uncultured.Gemmatimonadetes.bacterium	B256_uncultured.Gemmatimonadetes.bacterium	Bacteria
B2209_o_NA	B2209_o_NA	Bacteria
B1467_uncultured.bacterium	B1467_uncultured.bacterium	Bacteria
B1042_uncultured.bacterium	B1042_uncultured.bacterium	Bacteria
B2543_uncultured.soil.bacterium	B2543_uncultured.soil.bacterium	Bacteria
B360_o_SBR1031	B360_o_SBR1031	Bacteria
B3084_uncultured	B3084_uncultured	Bacteria
B1864_FukuN18.freshwater.group	B1864_FukuN18.freshwater.group	Bacteria
B674_uncultured.prokaryote	B674_uncultured.prokaryote	Bacteria
B528_Sporobacter	B528_Sporobacter	Bacteria
B367_Dactylosporangium	B367_Dactylosporangium	Bacteria
B2801_GWE2.31.10	B2801_GWE2.31.10	Bacteria
B812_Hydrogenispora	B812_Hydrogenispora	Bacteria
B282_Acinetobacter	B282_Acinetobacter	Bacteria
B925_Candidatus.Accumulibacter	B925_Candidatus.Accumulibacter	Bacteria
B1359_Candidatus.Solibacter	B1359_Candidatus.Solibacter	Bacteria
B189_Sideroxydans	B189_Sideroxydans	Bacteria
B225_uncultured.bacterium	B225_uncultured.bacterium	Bacteria
B1854_uncultured.bacterium	B1854_uncultured.bacterium	Bacteria
B1124_Ruminiclostridium.1	B1124_Ruminiclostridium.1	Bacteria
B2278_Hydrogenispora	B2278_Hydrogenispora	Bacteria
B1054_f_uncultured	B1054_f_uncultured	Bacteria
B8101_Syntrophobacter	B8101_Syntrophobacter	Bacteria
B871_f_Rhodocyclaceae	B871_f_Rhodocyclaceae	Bacteria
B1580_f_Burkholderiaceae	B1580_f_Burkholderiaceae	Bacteria
B1606_Christensenellaceae.R.7.group	B1606_Christensenellaceae.R.7.group	Bacteria
B2738_uncultured	B2738_uncultured	Bacteria
B6159_uncultured	B6159_uncultured	Bacteria
B1035_f_Clostridiaceae.1	B1035_f_Clostridiaceae.1	Bacteria
B2112_Clostridium.sensu.stricto.8	B2112_Clostridium.sensu.stricto.8	Bacteria
B1225_uncultured.bacterium	B1225_uncultured.bacterium	Bacteria
B313_Clostridium.sensu.stricto.8	B313_Clostridium.sensu.stricto.8	Bacteria
B3037_Lutispora	B3037_Lutispora	Bacteria
B3330_Fonticella	B3330_Fonticella	Bacteria
B1207_uncultured.organism	B1207_uncultured.organism	Bacteria
B733_Azospirillum	B733_Azospirillum	Bacteria
B258_ADurb.Bin063.1	B258_ADurb.Bin063.1	Bacteria
B1569_MM1	B1569_MM1	Bacteria
B1455_Spirochaeta.2	B1455_Spirochaeta.2	Bacteria
B442_uncultured	B442_uncultured	Bacteria
B2645_Lachnoclostridium.5	B2645_Lachnoclostridium.5	Bacteria
B2989_uncultured.soil.bacterium	B2989_uncultured.soil.bacterium	Bacteria
B2144_Methylomonas	B2144_Methylomonas	Bacteria
B1512_unidentified.eubacterium.clone.BSV40	B1512_unidentified.eubacterium.clone.BSV40	Bacteria
B1012_WCHB1.32	B1012_WCHB1.32	Bacteria
B1565_Ruminiclostridium.1	B1565_Ruminiclostridium.1	Bacteria
B4223_uncultured.bacterium.SJP.3	B4223_uncultured.bacterium.SJP.3	Bacteria
B2382_Allorhizobium.Neorhizobium.Pararhizobium.Rhizobium	B2382_Allorhizobium.Neorhizobium.Pararhizobium.Rhizobium	Bacteria
B220_Burkholderia.Caballeronia.Paraburkholderia	B220_Burkholderia.Caballeronia.Paraburkholderia	Bacteria
B793_Haliangium	B793_Haliangium	Bacteria
B176_uncultured.bacterium	B176_uncultured.bacterium	Bacteria
B2259_Clostridium.sensu.stricto.9	B2259_Clostridium.sensu.stricto.9	Bacteria
B3077_Leeia	B3077_Leeia	Bacteria
B1143_Candidatus.Cardinium	B1143_Candidatus.Cardinium	Bacteria
B1345_f_Burkholderiaceae	B1345_f_Burkholderiaceae	Bacteria
B410_bacterium.enrichment.culture.clone.auto67_4W	B410_bacterium.enrichment.culture.clone.auto67_4W	Bacteria
B47_metagenome	B47_metagenome	Bacteria
B881_Candidatus.Solibacter	B881_Candidatus.Solibacter	Bacteria
B1246_Candidatus.Solibacter	B1246_Candidatus.Solibacter	Bacteria
B6165_o_Clostridiales	B6165_o_Clostridiales	Bacteria
B6341_o_NA	B6341_o_NA	Bacteria
B1867_Salinispira	B1867_Salinispira	Bacteria
B2029_Syntrophorhabdus	B2029_Syntrophorhabdus	Bacteria
B168_uncultured.bacterium	B168_uncultured.bacterium	Bacteria
B1531_Clostridium.sensu.stricto.1	B1531_Clostridium.sensu.stricto.1	Bacteria
B3812_f_Beijerinckiaceae	B3812_f_Beijerinckiaceae	Bacteria
B984_f_SB.5	B984_f_SB.5	Bacteria
B213_Desulfovibrio	B213_Desulfovibrio	Bacteria
B293_Ancalomicrobium	B293_Ancalomicrobium	Bacteria
B1684_Spirochaeta.2	B1684_Spirochaeta.2	Bacteria
B4296_uncultured.bacterium	B4296_uncultured.bacterium	Bacteria
B462_uncultured.Chloroflexi.bacterium	B462_uncultured.Chloroflexi.bacterium	Bacteria
B447_ADurb.Bin063.1	B447_ADurb.Bin063.1	Bacteria
B90_Variovorax	B90_Variovorax	Bacteria
B71_Methylobacterium	B71_Methylobacterium	Bacteria
B7363_bacterium.enrichment.culture.clone.auto67_4W	B7363_bacterium.enrichment.culture.clone.auto67_4W	Bacteria
B1116_Blvii28.wastewater.sludge.group	B1116_Blvii28.wastewater.sludge.group	Bacteria
B505_Haliangium	B505_Haliangium	Bacteria
B192_Candidatus.Koribacter	B192_Candidatus.Koribacter	Bacteria
B120_uncultured.Anaerolineaceae.bacterium	B120_uncultured.Anaerolineaceae.bacterium	Bacteria
B1332_Candidatus.Solibacter	B1332_Candidatus.Solibacter	Bacteria
B970_Allorhizobium.Neorhizobium.Pararhizobium.Rhizobium	B970_Allorhizobium.Neorhizobium.Pararhizobium.Rhizobium	Bacteria
B1220_Bacillus	B1220_Bacillus	Bacteria
B5658_Anaerovorax	B5658_Anaerovorax	Bacteria
B1434_o_NA	B1434_o_NA	Bacteria
B2614_Aquabacterium	B2614_Aquabacterium	Bacteria
B4643_Devosia	B4643_Devosia	Bacteria
B2741_Polaromonas	B2741_Polaromonas	Bacteria
B10_Allorhizobium.Neorhizobium.Pararhizobium.Rhizobium	B10_Allorhizobium.Neorhizobium.Pararhizobium.Rhizobium	Bacteria
B3246_Sphingobacterium	B3246_Sphingobacterium	Bacteria
B2110_unidentified.eubacterium.clone.BSV40	B2110_unidentified.eubacterium.clone.BSV40	Bacteria
B1070_f_SB.5	B1070_f_SB.5	Bacteria
B2782_Massilia	B2782_Massilia	Bacteria
B299_Allorhizobium.Neorhizobium.Pararhizobium.Rhizobium	B299_Allorhizobium.Neorhizobium.Pararhizobium.Rhizobium	Bacteria
B259_uncultured	B259_uncultured	Bacteria
B3816_uncultured	B3816_uncultured	Bacteria
B3409_f_Pirellulaceae	B3409_f_Pirellulaceae	Bacteria
B2059_Fluviicola	B2059_Fluviicola	Bacteria
B371_Dongia	B371_Dongia	Bacteria
B4909_Gemmata	B4909_Gemmata	Bacteria
B373_Niastella	B373_Niastella	Bacteria
B1508_wastewater.metagenome	B1508_wastewater.metagenome	Bacteria
B559_Spirochaeta.2	B559_Spirochaeta.2	Bacteria
B2630_ADurb.Bin063.1	B2630_ADurb.Bin063.1	Bacteria
B2037_Phenylobacterium	B2037_Phenylobacterium	Bacteria
B522_uncultured.soil.bacterium	B522_uncultured.soil.bacterium	Bacteria
B3873_GOUTB8	B3873_GOUTB8	Bacteria
B146_uncultured.prokaryote	B146_uncultured.prokaryote	Bacteria
B451_uncultured.soil.bacterium	B451_uncultured.soil.bacterium	Bacteria
B1377_uncultured.soil.bacterium	B1377_uncultured.soil.bacterium	Bacteria
B402_uncultured.soil.bacterium	B402_uncultured.soil.bacterium	Bacteria
B856_Clostridium.sensu.stricto.12	B856_Clostridium.sensu.stricto.12	Bacteria
B752_Ruminiclostridium.1	B752_Ruminiclostridium.1	Bacteria
B1419_Clostridium.sensu.stricto.1	B1419_Clostridium.sensu.stricto.1	Bacteria
B1450_Acinetobacter	B1450_Acinetobacter	Bacteria
B2576_Allorhizobium.Neorhizobium.Pararhizobium.Rhizobium	B2576_Allorhizobium.Neorhizobium.Pararhizobium.Rhizobium	Bacteria
B2027_Gemmatimonas	B2027_Gemmatimonas	Bacteria
B466_Allorhizobium.Neorhizobium.Pararhizobium.Rhizobium	B466_Allorhizobium.Neorhizobium.Pararhizobium.Rhizobium	Bacteria
B1255_uncultured.bacterium	B1255_uncultured.bacterium	Bacteria
B1075_Clostridium.sensu.stricto.12	B1075_Clostridium.sensu.stricto.12	Bacteria
B999_Ruminiclostridium.1	B999_Ruminiclostridium.1	Bacteria
B5585_BSV13	B5585_BSV13	Bacteria
B1835_Allorhizobium.Neorhizobium.Pararhizobium.Rhizobium	B1835_Allorhizobium.Neorhizobium.Pararhizobium.Rhizobium	Bacteria
B1347_uncultured.prokaryote	B1347_uncultured.prokaryote	Bacteria
B2477_Candidatus.Cardinium	B2477_Candidatus.Cardinium	Bacteria
B217_Burkholderia.Caballeronia.Paraburkholderia	B217_Burkholderia.Caballeronia.Paraburkholderia	Bacteria
B627_Candidatus.Solibacter	B627_Candidatus.Solibacter	Bacteria
B88_uncultured.Alkaliflexus.sp.	B88_uncultured.Alkaliflexus.sp.	Bacteria
B1697_uncultured	B1697_uncultured	Bacteria
B2004_Clostridium.sensu.stricto.8	B2004_Clostridium.sensu.stricto.8	Bacteria
B1185_uncultured.microorganism	B1185_uncultured.microorganism	Bacteria
B1125_WCHB1.32	B1125_WCHB1.32	Bacteria
B5434_f_Bacteroidetes.vadinHA17	B5434_f_Bacteroidetes.vadinHA17	Bacteria
B195_uncultured.soil.bacterium	B195_uncultured.soil.bacterium	Bacteria
B798_Devosia	B798_Devosia	Bacteria
B226_Burkholderia.Caballeronia.Paraburkholderia	B226_Burkholderia.Caballeronia.Paraburkholderia	Bacteria
B1049_Blattella.germanica..German.cockroach.	B1049_Blattella.germanica..German.cockroach.	Bacteria
B936_WCHB1.32	B936_WCHB1.32	Bacteria
B1221_Candidatus.Solibacter	B1221_Candidatus.Solibacter	Bacteria
B3800_f_Ruminococcaceae	B3800_f_Ruminococcaceae	Bacteria
B629_WCHB1.32	B629_WCHB1.32	Bacteria
B1272_WCHB1.32	B1272_WCHB1.32	Bacteria
B843_f_SB.5	B843_f_SB.5	Bacteria
B946_uncultured.Chlorobiales.bacterium	B946_uncultured.Chlorobiales.bacterium	Bacteria
B335_f_Kineosporiaceae	B335_f_Kineosporiaceae	Bacteria
B3019_Ruminiclostridium.1	B3019_Ruminiclostridium.1	Bacteria
B986_Allorhizobium.Neorhizobium.Pararhizobium.Rhizobium	B986_Allorhizobium.Neorhizobium.Pararhizobium.Rhizobium	Bacteria
B25_uncultured.prokaryote	B25_uncultured.prokaryote	Bacteria
B1060_Candidatus.Xiphinematobacter	B1060_Candidatus.Xiphinematobacter	Bacteria
B3240_Ruminiclostridium.1	B3240_Ruminiclostridium.1	Bacteria
B704_Treponema.2	B704_Treponema.2	Bacteria
B354_Paraburkholderia.tropica	B354_Paraburkholderia.tropica	Bacteria
B1844_uncultured.Chloroflexi.bacterium	B1844_uncultured.Chloroflexi.bacterium	Bacteria
B2104_Bacillus	B2104_Bacillus	Bacteria
B2162_Clostridium.sensu.stricto.5	B2162_Clostridium.sensu.stricto.5	Bacteria
B879_uncultured.Chlorobiales.bacterium	B879_uncultured.Chlorobiales.bacterium	Bacteria
B799_uncultured.bacterium	B799_uncultured.bacterium	Bacteria
B465_Clostridium.sensu.stricto.1	B465_Clostridium.sensu.stricto.1	Bacteria
F224_Rhizophydium	F224_Rhizophydium	Fungi
F782_unidentified	F782_unidentified	Fungi
F409_unidentified	F409_unidentified	Fungi
F175_unidentified	F175_unidentified	Fungi
F485_unidentified	F485_unidentified	Fungi
F595_unidentified	F595_unidentified	Fungi
