id	label	Bacteria
F1820_Stachybotrys	F1820_Stachybotrys	Fungi
B54_uncultured	B54_uncultured	Bacteria
F574_Phlebia	F574_Phlebia	Fungi
F202_Pseudozyma	F202_Pseudozyma	Fungi
F1000_Ganoderma	F1000_Ganoderma	Fungi
F707_Cryptococcus	F707_Cryptococcus	Fungi
F997_Rhizopus	F997_Rhizopus	Fungi
F922_Phlebia	F922_Phlebia	Fungi
F260_Schizopora	F260_Schizopora	Fungi
B61_Rhodanobacter	B61_Rhodanobacter	Bacteria
B232_f_Sphingomonadaceae	B232_f_Sphingomonadaceae	Bacteria
B37_Allorhizobium-Neorhizobium-Pararhizobium-Rhizobium	B37_Allorhizobium-Neorhizobium-Pararhizobium-Rhizobium	Bacteria
B1093_Methylobacterium	B1093_Methylobacterium	Bacteria
B10_Allorhizobium-Neorhizobium-Pararhizobium-Rhizobium	B10_Allorhizobium-Neorhizobium-Pararhizobium-Rhizobium	Bacteria
B2_Methylobacterium	B2_Methylobacterium	Bacteria
B435_Mycobacterium	B435_Mycobacterium	Bacteria
B9_Methylobacterium	B9_Methylobacterium	Bacteria
B8_f_Rhizobiaceae	B8_f_Rhizobiaceae	Bacteria
B30_Sphingomonas	B30_Sphingomonas	Bacteria
B29_Methylobacterium	B29_Methylobacterium	Bacteria
B89_Burkholderia-Caballeronia-Paraburkholderia	B89_Burkholderia-Caballeronia-Paraburkholderia	Bacteria
B101_Filimonas	B101_Filimonas	Bacteria
B16_Sphingomonas	B16_Sphingomonas	Bacteria
B13_Aureimonas	B13_Aureimonas	Bacteria
B52_Allorhizobium-Neorhizobium-Pararhizobium-Rhizobium	B52_Allorhizobium-Neorhizobium-Pararhizobium-Rhizobium	Bacteria
B86_Sphingomonas	B86_Sphingomonas	Bacteria
B1_Pantoea	B1_Pantoea	Bacteria
B28_Burkholderia-Caballeronia-Paraburkholderia	B28_Burkholderia-Caballeronia-Paraburkholderia	Bacteria
B14_Burkholderia-Caballeronia-Paraburkholderia	B14_Burkholderia-Caballeronia-Paraburkholderia	Bacteria
B7_Curtobacterium	B7_Curtobacterium	Bacteria
B95_Allorhizobium-Neorhizobium-Pararhizobium-Rhizobium	B95_Allorhizobium-Neorhizobium-Pararhizobium-Rhizobium	Bacteria
B103_Burkholderia-Caballeronia-Paraburkholderia	B103_Burkholderia-Caballeronia-Paraburkholderia	Bacteria
F222_o_NA	F222_o_NA	Fungi
F2_Nigrospora	F2_Nigrospora	Fungi
F117_Saitozyma	F117_Saitozyma	Fungi
F4_o_Pleosporales	F4_o_Pleosporales	Fungi
F47_f_Phaeosphaeriaceae	F47_f_Phaeosphaeriaceae	Fungi
F32_Tilletia	F32_Tilletia	Fungi
F2054_Cystobasidium	F2054_Cystobasidium	Fungi
F11_Sarocladium	F11_Sarocladium	Fungi
F1513_Psathyrella	F1513_Psathyrella	Fungi
F55_f_Nectriaceae	F55_f_Nectriaceae	Fungi
F118_Curvularia	F118_Curvularia	Fungi
B11_Xanthomonas	B11_Xanthomonas	Bacteria
B220_Burkholderia-Caballeronia-Paraburkholderia	B220_Burkholderia-Caballeronia-Paraburkholderia	Bacteria
B208_Singulisphaera	B208_Singulisphaera	Bacteria
B17_Methylobacterium	B17_Methylobacterium	Bacteria
B12_Novosphingobium	B12_Novosphingobium	Bacteria
F187_o_Chaetothyriales	F187_o_Chaetothyriales	Fungi
F821_Nigrograna	F821_Nigrograna	Fungi
F258_Nigrospora	F258_Nigrospora	Fungi
F233_Periconia	F233_Periconia	Fungi
F20_Edenia	F20_Edenia	Fungi
F3790_unidentified	F3790_unidentified	Fungi
B1019_f_Micrococcaceae	B1019_f_Micrococcaceae	Bacteria
B326_Bacillus	B326_Bacillus	Bacteria
B646_Leuconostoc	B646_Leuconostoc	Bacteria
F2343_unidentified	F2343_unidentified	Fungi
F8_unidentified	F8_unidentified	Fungi
F972_o_Pleosporales	F972_o_Pleosporales	Fungi
F12_o_Pleosporales	F12_o_Pleosporales	Fungi
F356_Paraconiothyrium	F356_Paraconiothyrium	Fungi
F677_o_NA	F677_o_NA	Fungi
F837_Candida	F837_Candida	Fungi
F1104_Periconia	F1104_Periconia	Fungi
F51_Papiliotrema	F51_Papiliotrema	Fungi
F1148_Sporobolomyces	F1148_Sporobolomyces	Fungi
F2521_Scolecobasidium	F2521_Scolecobasidium	Fungi
F33_unidentified	F33_unidentified	Fungi
F28_f_Hypocreales_fam_Incertae_sedis	F28_f_Hypocreales_fam_Incertae_sedis	Fungi
F1708_Lepista	F1708_Lepista	Fungi
F44_Zopfiella	F44_Zopfiella	Fungi
B327_1174-901-12	B327_1174-901-12	Bacteria
B18_Herbaspirillum	B18_Herbaspirillum	Bacteria
B354_Paraburkholderia tropica	B354_Paraburkholderia tropica	Bacteria
B78_Sphingomonas	B78_Sphingomonas	Bacteria
B624_Ornithinimicrobium	B624_Ornithinimicrobium	Bacteria
B27_Mucilaginibacter	B27_Mucilaginibacter	Bacteria
F69_o_Pleosporales	F69_o_Pleosporales	Fungi
F961_o_Chaetothyriales	F961_o_Chaetothyriales	Fungi
F204_Hannaella	F204_Hannaella	Fungi
F2033_Cutaneotrichosporon	F2033_Cutaneotrichosporon	Fungi
F74_f_Tilletiaceae	F74_f_Tilletiaceae	Fungi
F429_Bjerkandera	F429_Bjerkandera	Fungi
F756_Hyphodontia	F756_Hyphodontia	Fungi
F1693_Neopyricularia	F1693_Neopyricularia	Fungi
F6_Cladosporium	F6_Cladosporium	Fungi
F873_Lepista	F873_Lepista	Fungi
F89_Aureobasidium	F89_Aureobasidium	Fungi
F289_Aspergillus	F289_Aspergillus	Fungi
F31_Fusarium	F31_Fusarium	Fungi
F725_Cabalodontia	F725_Cabalodontia	Fungi
F963_Peniophorella	F963_Peniophorella	Fungi
F257_Papiliotrema	F257_Papiliotrema	Fungi
B217_Burkholderia-Caballeronia-Paraburkholderia	B217_Burkholderia-Caballeronia-Paraburkholderia	Bacteria
F61_o_Pleosporales	F61_o_Pleosporales	Fungi
F36_Moesziomyces	F36_Moesziomyces	Fungi
F2527_Tricholoma	F2527_Tricholoma	Fungi
B15_Sphingomonas	B15_Sphingomonas	Bacteria
F318_Saccharomyces	F318_Saccharomyces	Fungi
F105_Clonostachys	F105_Clonostachys	Fungi
F277_Peniophora	F277_Peniophora	Fungi
F717_Sistotremastrum	F717_Sistotremastrum	Fungi
F81_Cladosporium	F81_Cladosporium	Fungi
F334_Plectosphaerella	F334_Plectosphaerella	Fungi
F199_Aureobasidium	F199_Aureobasidium	Fungi
F9_Chaetomium	F9_Chaetomium	Fungi
F900_unidentified	F900_unidentified	Fungi
F130_Ramichloridium	F130_Ramichloridium	Fungi
B1670_1174-901-12	B1670_1174-901-12	Bacteria
B1295_Bacillus	B1295_Bacillus	Bacteria
F2179_Devriesia	F2179_Devriesia	Fungi
F3336_Russula	F3336_Russula	Fungi
B332_Actinomycetospora	B332_Actinomycetospora	Bacteria
B48_Luteibacter	B48_Luteibacter	Bacteria
B21_Methylobacterium	B21_Methylobacterium	Bacteria
B972_Singulisphaera	B972_Singulisphaera	Bacteria
B310_Jatrophihabitans	B310_Jatrophihabitans	Bacteria
B3_Sphingomonas	B3_Sphingomonas	Bacteria
F259_Sakaguchia	F259_Sakaguchia	Fungi
F133_Cyphellophora	F133_Cyphellophora	Fungi
F727_Kondoa	F727_Kondoa	Fungi
F16_Pyricularia	F16_Pyricularia	Fungi
F942_Microcera	F942_Microcera	Fungi
F348_Yuchengia	F348_Yuchengia	Fungi
F525_Phyllozyma	F525_Phyllozyma	Fungi
F3_Moesziomyces	F3_Moesziomyces	Fungi
F27_Curvularia	F27_Curvularia	Fungi
F71_Papiliotrema	F71_Papiliotrema	Fungi
F310_unidentified	F310_unidentified	Fungi
F494_Coprinellus	F494_Coprinellus	Fungi
F84_Tilletia	F84_Tilletia	Fungi
F178_Schizopora	F178_Schizopora	Fungi
B76_Methylobacterium	B76_Methylobacterium	Bacteria
B32_Bradyrhizobium	B32_Bradyrhizobium	Bacteria
B19_Xanthomonas	B19_Xanthomonas	Bacteria
F106_unidentified	F106_unidentified	Fungi
F76_o_Sordariales	F76_o_Sordariales	Fungi
F2290_o_NA	F2290_o_NA	Fungi
F45_f_Didymellaceae	F45_f_Didymellaceae	Fungi
F2438_Tricholoma	F2438_Tricholoma	Fungi
F22_Setophoma	F22_Setophoma	Fungi
F241_o_Tremellales	F241_o_Tremellales	Fungi
B77_Allorhizobium-Neorhizobium-Pararhizobium-Rhizobium	B77_Allorhizobium-Neorhizobium-Pararhizobium-Rhizobium	Bacteria
F1792_Meira	F1792_Meira	Fungi
B98_Sphingomonas	B98_Sphingomonas	Bacteria
B481_Stenotrophomonas	B481_Stenotrophomonas	Bacteria
F1919_f_Lycoperdaceae	F1919_f_Lycoperdaceae	Fungi
B24_Bradyrhizobium	B24_Bradyrhizobium	Bacteria
B916_Mycobacterium	B916_Mycobacterium	Bacteria
B398_Rhodococcus	B398_Rhodococcus	Bacteria
F1293_Corticium	F1293_Corticium	Fungi
F934_Valsaria	F934_Valsaria	Fungi
F923_o_NA	F923_o_NA	Fungi
F385_Coprinellus	F385_Coprinellus	Fungi
F811_o_NA	F811_o_NA	Fungi
F1290_Spencerozyma	F1290_Spencerozyma	Fungi
F292_Engyodontium	F292_Engyodontium	Fungi
F276_Cercospora	F276_Cercospora	Fungi
B68_Chryseobacterium	B68_Chryseobacterium	Bacteria
F785_Peniophorella	F785_Peniophorella	Fungi
F85_Fusarium	F85_Fusarium	Fungi
B486_Mycobacterium	B486_Mycobacterium	Bacteria
F72_unidentified	F72_unidentified	Fungi
F275_Cyphellophora	F275_Cyphellophora	Fungi
F414_Sakaguchia	F414_Sakaguchia	Fungi
F976_Cryptococcus	F976_Cryptococcus	Fungi
F250_Pseudopithomyces	F250_Pseudopithomyces	Fungi
F315_Trametes	F315_Trametes	Fungi
F131_unidentified	F131_unidentified	Fungi
F2455_o_NA	F2455_o_NA	Fungi
B3472_Nocardioides	B3472_Nocardioides	Bacteria
F673_Erythrobasidium	F673_Erythrobasidium	Fungi
F1168_Hypholoma	F1168_Hypholoma	Fungi
F2534_o_NA	F2534_o_NA	Fungi
F1035_Tilletiopsis	F1035_Tilletiopsis	Fungi
F1543_Simocybe	F1543_Simocybe	Fungi
F5_Alternaria	F5_Alternaria	Fungi
F513_Pleurotus	F513_Pleurotus	Fungi
F417_Paraphoma	F417_Paraphoma	Fungi
F322_Penicillium	F322_Penicillium	Fungi
F54_Pyrenochaetopsis	F54_Pyrenochaetopsis	Fungi
F2492_o_NA	F2492_o_NA	Fungi
F48_unidentified	F48_unidentified	Fungi
F299_Cladosporium	F299_Cladosporium	Fungi
F2141_unidentified	F2141_unidentified	Fungi
B43_Sphingomonas	B43_Sphingomonas	Bacteria
F1690_Hyphodontia	F1690_Hyphodontia	Fungi
F243_unidentified	F243_unidentified	Fungi
F2263_o_Diaporthales	F2263_o_Diaporthales	Fungi
F18_f_Phaeosphaeriaceae	F18_f_Phaeosphaeriaceae	Fungi
F1131_Singerocybe	F1131_Singerocybe	Fungi
F93_Gaeumannomyces	F93_Gaeumannomyces	Fungi
F2945_f_Ceratobasidiaceae	F2945_f_Ceratobasidiaceae	Fungi
F1362_o_Chaetothyriales	F1362_o_Chaetothyriales	Fungi
F50_Thanatephorus	F50_Thanatephorus	Fungi
F708_Elmerina	F708_Elmerina	Fungi
F2570_Gomphidius	F2570_Gomphidius	Fungi
F780_Daldinia	F780_Daldinia	Fungi
F2753_unidentified	F2753_unidentified	Fungi
F53_Pyrenochaetopsis	F53_Pyrenochaetopsis	Fungi
F1540_unidentified	F1540_unidentified	Fungi
F207_o_Tremellales	F207_o_Tremellales	Fungi
F2192_Sistotrema	F2192_Sistotrema	Fungi
F487_Filobasidium	F487_Filobasidium	Fungi
F40_unidentified	F40_unidentified	Fungi
F623_Stereum	F623_Stereum	Fungi
F272_Penicillium	F272_Penicillium	Fungi
F1012_Antrodiella	F1012_Antrodiella	Fungi
F2891_Tyromyces	F2891_Tyromyces	Fungi
F316_Dioszegia	F316_Dioszegia	Fungi
F775_Hyphoderma	F775_Hyphoderma	Fungi
F410_Schizophyllum	F410_Schizophyllum	Fungi
F629_unidentified	F629_unidentified	Fungi
F567_Ceriporia	F567_Ceriporia	Fungi
F280_o_Polyporales	F280_o_Polyporales	Fungi
F65_Sarocladium	F65_Sarocladium	Fungi
F13_Zopfiella	F13_Zopfiella	Fungi
F694_Biscogniauxia	F694_Biscogniauxia	Fungi
F992_Coprinellus	F992_Coprinellus	Fungi
F715_Kondoa	F715_Kondoa	Fungi
F30_unidentified	F30_unidentified	Fungi
F124_Stachybotrys	F124_Stachybotrys	Fungi
F448_Perenniporia	F448_Perenniporia	Fungi
B780_Spirosoma	B780_Spirosoma	Bacteria
B282_Acinetobacter	B282_Acinetobacter	Bacteria
B640_f_Intrasporangiaceae	B640_f_Intrasporangiaceae	Bacteria
B22_uncultured.Roseobacter.sp.	B22_uncultured.Roseobacter.sp.	Bacteria
B87_Mucilaginibacter	B87_Mucilaginibacter	Bacteria
B1683_Kaistia	B1683_Kaistia	Bacteria
B220_Burkholderia.Caballeronia.Paraburkholderia	B220_Burkholderia.Caballeronia.Paraburkholderia	Bacteria
B500_Pseudomonas	B500_Pseudomonas	Bacteria
B41_uncultured	B41_uncultured	Bacteria
B85_Mycobacterium	B85_Mycobacterium	Bacteria
B526_Aquisphaera	B526_Aquisphaera	Bacteria
B71_Methylobacterium	B71_Methylobacterium	Bacteria
B6_Sphingomonas	B6_Sphingomonas	Bacteria
B37_Allorhizobium.Neorhizobium.Pararhizobium.Rhizobium	B37_Allorhizobium.Neorhizobium.Pararhizobium.Rhizobium	Bacteria
B147_Sphingomonas	B147_Sphingomonas	Bacteria
B116_Geodermatophilus	B116_Geodermatophilus	Bacteria
B10_Allorhizobium.Neorhizobium.Pararhizobium.Rhizobium	B10_Allorhizobium.Neorhizobium.Pararhizobium.Rhizobium	Bacteria
B267_f_Burkholderiaceae	B267_f_Burkholderiaceae	Bacteria
B351_f_Burkholderiaceae	B351_f_Burkholderiaceae	Bacteria
B437_Escherichia.Shigella	B437_Escherichia.Shigella	Bacteria
B266_Allorhizobium.Neorhizobium.Pararhizobium.Rhizobium	B266_Allorhizobium.Neorhizobium.Pararhizobium.Rhizobium	Bacteria
B20_Pseudomonas	B20_Pseudomonas	Bacteria
B217_Burkholderia.Caballeronia.Paraburkholderia	B217_Burkholderia.Caballeronia.Paraburkholderia	Bacteria
B8872_Allorhizobium.Neorhizobium.Pararhizobium.Rhizobium	B8872_Allorhizobium.Neorhizobium.Pararhizobium.Rhizobium	Bacteria
B1670_1174.901.12	B1670_1174.901.12	Bacteria
B790_Sphingomonas	B790_Sphingomonas	Bacteria
B277_Sphingomonas	B277_Sphingomonas	Bacteria
B58_Rhodanobacter	B58_Rhodanobacter	Bacteria
B2164_Bacillus	B2164_Bacillus	Bacteria
B77_Allorhizobium.Neorhizobium.Pararhizobium.Rhizobium	B77_Allorhizobium.Neorhizobium.Pararhizobium.Rhizobium	Bacteria
B89_Burkholderia.Caballeronia.Paraburkholderia	B89_Burkholderia.Caballeronia.Paraburkholderia	Bacteria
B164_f_Burkholderiaceae	B164_f_Burkholderiaceae	Bacteria
B726_Chryseobacterium	B726_Chryseobacterium	Bacteria
B386_Rhodopseudomonas	B386_Rhodopseudomonas	Bacteria
B327_1174.901.12	B327_1174.901.12	Bacteria
B52_Allorhizobium.Neorhizobium.Pararhizobium.Rhizobium	B52_Allorhizobium.Neorhizobium.Pararhizobium.Rhizobium	Bacteria
B354_Paraburkholderia.tropica	B354_Paraburkholderia.tropica	Bacteria
B28_Burkholderia.Caballeronia.Paraburkholderia	B28_Burkholderia.Caballeronia.Paraburkholderia	Bacteria
B14_Burkholderia.Caballeronia.Paraburkholderia	B14_Burkholderia.Caballeronia.Paraburkholderia	Bacteria
B95_Allorhizobium.Neorhizobium.Pararhizobium.Rhizobium	B95_Allorhizobium.Neorhizobium.Pararhizobium.Rhizobium	Bacteria
B103_Burkholderia.Caballeronia.Paraburkholderia	B103_Burkholderia.Caballeronia.Paraburkholderia	Bacteria
B4_Pantoea	B4_Pantoea	Bacteria
F758_unidentified	F758_unidentified	Fungi
F4575_o_Hypocreales	F4575_o_Hypocreales	Fungi
F43_o_Sebacinales	F43_o_Sebacinales	Fungi
F996_Heterochaete	F996_Heterochaete	Fungi
F4114_unidentified	F4114_unidentified	Fungi
F5128_o_NA	F5128_o_NA	Fungi
F1351_Gjaerumia	F1351_Gjaerumia	Fungi
F4434_o_NA	F4434_o_NA	Fungi
F114_unidentified	F114_unidentified	Fungi
F1383_o_Pleosporales	F1383_o_Pleosporales	Fungi
F1164_Antrodiella	F1164_Antrodiella	Fungi
F136_f_Didymosphaeriaceae	F136_f_Didymosphaeriaceae	Fungi
F120_Sporobolomyces	F120_Sporobolomyces	Fungi
F127_Papiliotrema	F127_Papiliotrema	Fungi
F29_f_Didymellaceae	F29_f_Didymellaceae	Fungi
F1746_f_Mycosphaerellaceae	F1746_f_Mycosphaerellaceae	Fungi
F2010_Laxitextum	F2010_Laxitextum	Fungi
F220_Acremonium	F220_Acremonium	Fungi
