id	label	Bacteria
B204_Syntrophobacter	B204_Syntrophobacter	Bacteria
B568_Thioalkalispira	B568_Thioalkalispira	Bacteria
B195_uncultured soil bacterium	B195_uncultured soil bacterium	Bacteria
B268_uncultured	B268_uncultured	Bacteria
B344_f_SC-I-84	B344_f_SC-I-84	Bacteria
B112_uncultured prokaryote	B112_uncultured prokaryote	Bacteria
B69_o_NA	B69_o_NA	Bacteria
B218_RBG-16-58-14	B218_RBG-16-58-14	Bacteria
B563_uncultured eubacterium WCHB1-50	B563_uncultured eubacterium WCHB1-50	Bacteria
B292_uncultured	B292_uncultured	Bacteria
B896_JGI 0001001-H03	B896_JGI 0001001-H03	Bacteria
B395_f_uncultured	B395_f_uncultured	Bacteria
B404_f_Lentimicrobiaceae	B404_f_Lentimicrobiaceae	Bacteria
B1071_Novosphingobium	B1071_Novosphingobium	Bacteria
B1410_Novosphingobium	B1410_Novosphingobium	Bacteria
B104_uncultured bacterium	B104_uncultured bacterium	Bacteria
B174_f_Bacteroidetes vadinHA17	B174_f_Bacteroidetes vadinHA17	Bacteria
B584_Leptolinea	B584_Leptolinea	Bacteria
B146_uncultured prokaryote	B146_uncultured prokaryote	Bacteria
B322_RB41	B322_RB41	Bacteria
B190_o_NA	B190_o_NA	Bacteria
F175_unidentified	F175_unidentified	Fungi
B65_o_RBG-13-54-9	B65_o_RBG-13-54-9	Bacteria
B107_o_NA	B107_o_NA	Bacteria
B63_Methylocystis	B63_Methylocystis	Bacteria
B51_Anaerolinea	B51_Anaerolinea	Bacteria
B5418_o_IMCC26256	B5418_o_IMCC26256	Bacteria
B113_o_RBG-13-54-9	B113_o_RBG-13-54-9	Bacteria
B50_Thiobacillus	B50_Thiobacillus	Bacteria
B132_f_Intrasporangiaceae	B132_f_Intrasporangiaceae	Bacteria
B53_f_SC-I-84	B53_f_SC-I-84	Bacteria
F14_o_Pleosporales	F14_o_Pleosporales	Fungi
F46_Microscypha	F46_Microscypha	Fungi
B406_Syntrophobacter	B406_Syntrophobacter	Bacteria
B139_RBG-16-58-14	B139_RBG-16-58-14	Bacteria
B4269_o_SBR1031	B4269_o_SBR1031	Bacteria
B6716_o_Candidatus Woesebacteria	B6716_o_Candidatus Woesebacteria	Bacteria
B236_o_SBR1031	B236_o_SBR1031	Bacteria
B158_uncultured bacterium	B158_uncultured bacterium	Bacteria
B79_uncultured	B79_uncultured	Bacteria
B225_uncultured bacterium	B225_uncultured bacterium	Bacteria
B167_Gemmatimonas	B167_Gemmatimonas	Bacteria
B181_uncultured Planctomycetales bacterium	B181_uncultured Planctomycetales bacterium	Bacteria
B194_o_OPB41	B194_o_OPB41	Bacteria
B55_Sideroxydans	B55_Sideroxydans	Bacteria
B206_uncultured bacterium	B206_uncultured bacterium	Bacteria
B73_f_Blastocatellaceae	B73_f_Blastocatellaceae	Bacteria
B1003_uncultured bacterium	B1003_uncultured bacterium	Bacteria
B251_uncultured Bellilinea sp.	B251_uncultured Bellilinea sp.	Bacteria
B67_uncultured	B67_uncultured	Bacteria
B168_uncultured bacterium	B168_uncultured bacterium	Bacteria
B336_Anaerolinea	B336_Anaerolinea	Bacteria
B180_o_NA	B180_o_NA	Bacteria
B94_uncultured Nitrospirae bacterium	B94_uncultured Nitrospirae bacterium	Bacteria
B170_Bryobacter	B170_Bryobacter	Bacteria
B38_uncultured prokaryote	B38_uncultured prokaryote	Bacteria
B422_uncultured	B422_uncultured	Bacteria
B402_uncultured soil bacterium	B402_uncultured soil bacterium	Bacteria
B469_uncultured bacterium	B469_uncultured bacterium	Bacteria
B108_Geobacter	B108_Geobacter	Bacteria
B126_Sphingomonas	B126_Sphingomonas	Bacteria
B1882_Zavarzinella	B1882_Zavarzinella	Bacteria
B88_uncultured Alkaliflexus sp.	B88_uncultured Alkaliflexus sp.	Bacteria
B150_RBG-16-58-14	B150_RBG-16-58-14	Bacteria
B173_uncultured planctomycete	B173_uncultured planctomycete	Bacteria
B1421_Mesorhizobium	B1421_Mesorhizobium	Bacteria
B352_o_NA	B352_o_NA	Bacteria
B441_Actinobacteria bacterium RBG_19FT_COMBO_70_19	B441_Actinobacteria bacterium RBG_19FT_COMBO_70_19	Bacteria
F314_unidentified	F314_unidentified	Fungi
F1368_unidentified	F1368_unidentified	Fungi
F325_unidentified	F325_unidentified	Fungi
F134_o_NA	F134_o_NA	Fungi
F327_unidentified	F327_unidentified	Fungi
F141_f_Nectriaceae	F141_f_Nectriaceae	Fungi
F111_Geomyces	F111_Geomyces	Fungi
F249_Mortierella	F249_Mortierella	Fungi
F62_Mrakia	F62_Mrakia	Fungi
F73_Tetracladium	F73_Tetracladium	Fungi
F66_Trichoderma	F66_Trichoderma	Fungi
F68_Pseudogymnoascus	F68_Pseudogymnoascus	Fungi
B452_o_NA	B452_o_NA	Bacteria
B105_Anaeromyxobacter	B105_Anaeromyxobacter	Bacteria
B368_Thiobacillus	B368_Thiobacillus	Bacteria
B8379_uncultured soil bacterium	B8379_uncultured soil bacterium	Bacteria
B614_uncultured	B614_uncultured	Bacteria
B656_Gemmatimonas	B656_Gemmatimonas	Bacteria
B44_f_Xanthobacteraceae	B44_f_Xanthobacteraceae	Bacteria
B47_metagenome	B47_metagenome	Bacteria
B66_GOUTA6	B66_GOUTA6	Bacteria
B436_uncultured	B436_uncultured	Bacteria
B606_Desulfobacca	B606_Desulfobacca	Bacteria
B131_Rhodanobacter	B131_Rhodanobacter	Bacteria
B414_uncultured Desulfovirga sp.	B414_uncultured Desulfovirga sp.	Bacteria
B346_uncultured	B346_uncultured	Bacteria
B238_uncultured Iamiaceae bacterium	B238_uncultured Iamiaceae bacterium	Bacteria
B1747_o_Subgroup 7	B1747_o_Subgroup 7	Bacteria
B140_f_Intrasporangiaceae	B140_f_Intrasporangiaceae	Bacteria
B511_Thiobacillus	B511_Thiobacillus	Bacteria
B3108_uncultured Acidobacteriaceae bacterium	B3108_uncultured Acidobacteriaceae bacterium	Bacteria
F247_unidentified	F247_unidentified	Fungi
F351_unidentified	F351_unidentified	Fungi
F2_Nigrospora	F2_Nigrospora	Fungi
F120_Sporobolomyces	F120_Sporobolomyces	Fungi
F300_unidentified	F300_unidentified	Fungi
F165_Cyberlindnera	F165_Cyberlindnera	Fungi
B394_Geobacter	B394_Geobacter	Bacteria
B151_Pseudolabrys	B151_Pseudolabrys	Bacteria
B493_Blastococcus	B493_Blastococcus	Bacteria
B1188_o_Subgroup 7	B1188_o_Subgroup 7	Bacteria
F401_unidentified	F401_unidentified	Fungi
F189_Westerdykella	F189_Westerdykella	Fungi
B537_uncultured prokaryote	B537_uncultured prokaryote	Bacteria
B1280_uncultured	B1280_uncultured	Bacteria
B754_f_Xanthobacteraceae	B754_f_Xanthobacteraceae	Bacteria
F237_unidentified	F237_unidentified	Fungi
F278_Peziza	F278_Peziza	Fungi
B248_o_Betaproteobacteriales	B248_o_Betaproteobacteriales	Bacteria
B142_Ellin6067	B142_Ellin6067	Bacteria
F145_Mrakiella	F145_Mrakiella	Fungi
B250_o_RBG-13-54-9	B250_o_RBG-13-54-9	Bacteria
B825_Ellin6067	B825_Ellin6067	Bacteria
B1362_f_Gallionellaceae	B1362_f_Gallionellaceae	Bacteria
F217_unidentified	F217_unidentified	Fungi
B1009_anaerobic bacterium MO-CFX2	B1009_anaerobic bacterium MO-CFX2	Bacteria
B124_Ellin6067	B124_Ellin6067	Bacteria
B643_ADurb.Bin063-1	B643_ADurb.Bin063-1	Bacteria
B193_Sideroxydans	B193_Sideroxydans	Bacteria
B205_uncultured prokaryote	B205_uncultured prokaryote	Bacteria
B178_Cryobacterium	B178_Cryobacterium	Bacteria
F493_unidentified	F493_unidentified	Fungi
B1147_f_Burkholderiaceae	B1147_f_Burkholderiaceae	Bacteria
B415_uncultured prokaryote	B415_uncultured prokaryote	Bacteria
B59_Terrabacter	B59_Terrabacter	Bacteria
B274_Porphyrobacter	B274_Porphyrobacter	Bacteria
B145_uncultured Chloroflexi bacterium	B145_uncultured Chloroflexi bacterium	Bacteria
B96_uncultured	B96_uncultured	Bacteria
B508_Phenylobacterium	B508_Phenylobacterium	Bacteria
B348_uncultured soil bacterium	B348_uncultured soil bacterium	Bacteria
F203_unidentified	F203_unidentified	Fungi
F52_Psilocybe	F52_Psilocybe	Fungi
F184_unidentified	F184_unidentified	Fungi
F57_Trichoderma	F57_Trichoderma	Fungi
F97_o_Sordariales	F97_o_Sordariales	Fungi
F70_unidentified	F70_unidentified	Fungi
B845_Candidatus Udaeobacter	B845_Candidatus Udaeobacter	Bacteria
B789_Anaeromyxobacter	B789_Anaeromyxobacter	Bacteria
B955_Pseudolabrys	B955_Pseudolabrys	Bacteria
B670_f_uncultured	B670_f_uncultured	Bacteria
B224_Ramlibacter	B224_Ramlibacter	Bacteria
B363_uncultured	B363_uncultured	Bacteria
F135_o_Pleosporales	F135_o_Pleosporales	Fungi
F633_Mucor	F633_Mucor	Fungi
F36_Moesziomyces	F36_Moesziomyces	Fungi
B91_o_NA	B91_o_NA	Bacteria
B455_Desulfobacca	B455_Desulfobacca	Bacteria
B117_o_NA	B117_o_NA	Bacteria
B215_Nakamurella	B215_Nakamurella	Bacteria
F205_Mortierella	F205_Mortierella	Fungi
F9_Chaetomium	F9_Chaetomium	Fungi
B764_f_Acidobacteriaceae (Subgroup 1)	B764_f_Acidobacteriaceae (Subgroup 1)	Bacteria
B152_Sideroxydans	B152_Sideroxydans	Bacteria
B25_uncultured prokaryote	B25_uncultured prokaryote	Bacteria
B340_Gemmatimonas	B340_Gemmatimonas	Bacteria
B122_Anaeromyxobacter	B122_Anaeromyxobacter	Bacteria
B305_f_uncultured	B305_f_uncultured	Bacteria
B372_f_SC-I-84	B372_f_SC-I-84	Bacteria
B2771_Noviherbaspirillum	B2771_Noviherbaspirillum	Bacteria
B2111_f_Pseudomonadaceae	B2111_f_Pseudomonadaceae	Bacteria
F171_unidentified	F171_unidentified	Fungi
F350_o_Tremellales	F350_o_Tremellales	Fungi
F201_unidentified	F201_unidentified	Fungi
F107_o_Helotiales	F107_o_Helotiales	Fungi
F179_unidentified	F179_unidentified	Fungi
F167_unidentified	F167_unidentified	Fungi
F54_Pyrenochaetopsis	F54_Pyrenochaetopsis	Fungi
F170_unidentified	F170_unidentified	Fungi
F563_unidentified	F563_unidentified	Fungi
F94_Mortierella	F94_Mortierella	Fungi
F34_Mortierella	F34_Mortierella	Fungi
F20_Edenia	F20_Edenia	Fungi
F83_Schizothecium	F83_Schizothecium	Fungi
F236_Podospora	F236_Podospora	Fungi
F25_Dimorphospora	F25_Dimorphospora	Fungi
F6_Cladosporium	F6_Cladosporium	Fungi
F732_f_Hypocreales_fam_Incertae_sedis	F732_f_Hypocreales_fam_Incertae_sedis	Fungi
F456_f_Hypocreales_fam_Incertae_sedis	F456_f_Hypocreales_fam_Incertae_sedis	Fungi
F85_Fusarium	F85_Fusarium	Fungi
B591_Anaerolinea	B591_Anaerolinea	Bacteria
B129_ADurb.Bin063-1	B129_ADurb.Bin063-1	Bacteria
B97_uncultured	B97_uncultured	Bacteria
F23_Solicoccozyma	F23_Solicoccozyma	Fungi
F58_Schizothecium	F58_Schizothecium	Fungi
F445_Talaromyces	F445_Talaromyces	Fungi
B304_Ignavibacterium	B304_Ignavibacterium	Bacteria
B241_uncultured	B241_uncultured	Bacteria
B128_Thiobacillus	B128_Thiobacillus	Bacteria
B499_uncultured	B499_uncultured	Bacteria
B3685_f_Gallionellaceae	B3685_f_Gallionellaceae	Bacteria
B1295_Bacillus	B1295_Bacillus	Bacteria
F406_unidentified	F406_unidentified	Fungi
B1570_uncultured	B1570_uncultured	Bacteria
B1065_uncultured prokaryote	B1065_uncultured prokaryote	Bacteria
B378_f_WD2101 soil group	B378_f_WD2101 soil group	Bacteria
B560_Sideroxydans	B560_Sideroxydans	Bacteria
B534_Thiobacillus	B534_Thiobacillus	Bacteria
B383_uncultured bacterium	B383_uncultured bacterium	Bacteria
F37_unidentified	F37_unidentified	Fungi
B154_f_Micrococcaceae	B154_f_Micrococcaceae	Bacteria
F374_unidentified	F374_unidentified	Fungi
F192_Fusicolla	F192_Fusicolla	Fungi
F114_unidentified	F114_unidentified	Fungi
B1263_ADurb.Bin063-1	B1263_ADurb.Bin063-1	Bacteria
F193_unidentified	F193_unidentified	Fungi
B114_Luteimonas	B114_Luteimonas	Bacteria
F375_o_NA	F375_o_NA	Fungi
F636_unidentified	F636_unidentified	Fungi
F472_unidentified	F472_unidentified	Fungi
F464_Rhizophydium	F464_Rhizophydium	Fungi
F256_Chalara	F256_Chalara	Fungi
B325_Ellin6067	B325_Ellin6067	Bacteria
F41_Arnium	F41_Arnium	Fungi
B546_uncultured bacterium	B546_uncultured bacterium	Bacteria
B701_uncultured bacterium	B701_uncultured bacterium	Bacteria
F7_unidentified	F7_unidentified	Fungi
F128_unidentified	F128_unidentified	Fungi
F24_o_Helotiales	F24_o_Helotiales	Fungi
F86_Serendipita	F86_Serendipita	Fungi
B270_Oryzihumus	B270_Oryzihumus	Bacteria
B309_Sideroxydans	B309_Sideroxydans	Bacteria
B852_f_A4b	B852_f_A4b	Bacteria
F108_unidentified	F108_unidentified	Fungi
F672_unidentified	F672_unidentified	Fungi
F56_Arnium	F56_Arnium	Fungi
F185_f_Didymosphaeriaceae	F185_f_Didymosphaeriaceae	Fungi
B450_uncultured prokaryote	B450_uncultured prokaryote	Bacteria
B680_Pseudolabrys	B680_Pseudolabrys	Bacteria
B339_Noviherbaspirillum	B339_Noviherbaspirillum	Bacteria
F53_Pyrenochaetopsis	F53_Pyrenochaetopsis	Fungi
F45_f_Didymellaceae	F45_f_Didymellaceae	Fungi
B1221_Candidatus Solibacter	B1221_Candidatus Solibacter	Bacteria
B3786_Haliangium	B3786_Haliangium	Bacteria
F1493_Pseudaleuria	F1493_Pseudaleuria	Fungi
F359_unidentified	F359_unidentified	Fungi
B1469_f_Intrasporangiaceae	B1469_f_Intrasporangiaceae	Bacteria
B864_Geobacter	B864_Geobacter	Bacteria
B1179_f_TRA3-20	B1179_f_TRA3-20	Bacteria
F159_o_Helotiales	F159_o_Helotiales	Fungi
B483_Anaerolinea	B483_Anaerolinea	Bacteria
B219_Pseudolabrys	B219_Pseudolabrys	Bacteria
B237_f_Micrococcaceae	B237_f_Micrococcaceae	Bacteria
B628_uncultured	B628_uncultured	Bacteria
B1736_o_NA	B1736_o_NA	Bacteria
B5707_f_WD2101 soil group	B5707_f_WD2101 soil group	Bacteria
F646_unidentified	F646_unidentified	Fungi
F151_unidentified	F151_unidentified	Fungi
F96_unidentified	F96_unidentified	Fungi
F274_unidentified	F274_unidentified	Fungi
F524_unidentified	F524_unidentified	Fungi
F157_unidentified	F157_unidentified	Fungi
F452_unidentified	F452_unidentified	Fungi
F393_unidentified	F393_unidentified	Fungi
F1064_unidentified	F1064_unidentified	Fungi
F48_unidentified	F48_unidentified	Fungi
F347_Emericellopsis	F347_Emericellopsis	Fungi
F195_Cistella	F195_Cistella	Fungi
F5_Alternaria	F5_Alternaria	Fungi
B597_f_Nocardioidaceae	B597_f_Nocardioidaceae	Bacteria
B316_uncultured Thermaerobacter sp.	B316_uncultured Thermaerobacter sp.	Bacteria
F345_unidentified	F345_unidentified	Fungi
F517_unidentified	F517_unidentified	Fungi
F13_Zopfiella	F13_Zopfiella	Fungi
B407_f_Burkholderiaceae	B407_f_Burkholderiaceae	Bacteria
F103_unidentified	F103_unidentified	Fungi
B525_Oryzihumus	B525_Oryzihumus	Bacteria
B155_Flavisolibacter	B155_Flavisolibacter	Bacteria
B939_uncultured bacterium	B939_uncultured bacterium	Bacteria
B401_Sh765B-TzT-35	B401_Sh765B-TzT-35	Bacteria
B413_f_Micrococcaceae	B413_f_Micrococcaceae	Bacteria
F59_Podospora	F59_Podospora	Fungi
F495_unidentified	F495_unidentified	Fungi
F282_unidentified	F282_unidentified	Fungi
F67_unidentified	F67_unidentified	Fungi
F90_Pseudogymnoascus	F90_Pseudogymnoascus	Fungi
F405_unidentified	F405_unidentified	Fungi
F38_Pseudeurotium	F38_Pseudeurotium	Fungi
B411_uncultured prokaryote	B411_uncultured prokaryote	Bacteria
F659_unidentified	F659_unidentified	Fungi
B199_f_Nocardioidaceae	B199_f_Nocardioidaceae	Bacteria
B261_uncultured	B261_uncultured	Bacteria
B608_f_Xanthobacteraceae	B608_f_Xanthobacteraceae	Bacteria
B1461_o_NA	B1461_o_NA	Bacteria
B655_f_WD2101 soil group	B655_f_WD2101 soil group	Bacteria
B912_uncultured	B912_uncultured	Bacteria
B571_uncultured eubacterium WCHB1-50	B571_uncultured eubacterium WCHB1-50	Bacteria
B259_uncultured	B259_uncultured	Bacteria
B2843_uncultured	B2843_uncultured	Bacteria
B160_Anaerolinea	B160_Anaerolinea	Bacteria
B869_o_Subgroup 7	B869_o_Subgroup 7	Bacteria
F17_o_Pleosporales	F17_o_Pleosporales	Fungi
F149_unidentified	F149_unidentified	Fungi
F10_Guehomyces	F10_Guehomyces	Fungi
F121_Schizothecium	F121_Schizothecium	Fungi
B1183_RB41	B1183_RB41	Bacteria
B262_uncultured	B262_uncultured	Bacteria
B434_Geobacter	B434_Geobacter	Bacteria
B844_Candidatus Udaeobacter	B844_Candidatus Udaeobacter	Bacteria
B454_uncultured	B454_uncultured	Bacteria
B341_uncultured	B341_uncultured	Bacteria
B249_Thiobacillus	B249_Thiobacillus	Bacteria
F234_unidentified	F234_unidentified	Fungi
F833_o_Mortierellales	F833_o_Mortierellales	Fungi
B572_uncultured Cytophagales bacterium	B572_uncultured Cytophagales bacterium	Bacteria
B594_metagenome	B594_metagenome	Bacteria
B388_Mycobacterium	B388_Mycobacterium	Bacteria
B273_Syntrophobacter	B273_Syntrophobacter	Bacteria
B99_f_Burkholderiaceae	B99_f_Burkholderiaceae	Bacteria
B543_Thiobacillus	B543_Thiobacillus	Bacteria
B779_Flavisolibacter	B779_Flavisolibacter	Bacteria
F412_unidentified	F412_unidentified	Fungi
F372_Schizothecium	F372_Schizothecium	Fungi
B245_f_Xanthobacteraceae	B245_f_Xanthobacteraceae	Bacteria
B253_uncultured	B253_uncultured	Bacteria
F240_unidentified	F240_unidentified	Fungi
F15_o_Helotiales	F15_o_Helotiales	Fungi
B223_uncultured Sphingobacteriales bacterium	B223_uncultured Sphingobacteriales bacterium	Bacteria
F844_unidentified	F844_unidentified	Fungi
F99_Cistella	F99_Cistella	Fungi
F42_unidentified	F42_unidentified	Fungi
F290_f_Coniochaetaceae	F290_f_Coniochaetaceae	Fungi
F44_Zopfiella	F44_Zopfiella	Fungi
F255_unidentified	F255_unidentified	Fungi
F210_unidentified	F210_unidentified	Fungi
B531_Syntrophus	B531_Syntrophus	Bacteria
F119_unidentified	F119_unidentified	Fungi
B1343_o_NA	B1343_o_NA	Bacteria
F77_o_NA	F77_o_NA	Fungi
B361_uncultured bacterium 126	B361_uncultured bacterium 126	Bacteria
F2344_unidentified	F2344_unidentified	Fungi
B855_uncultured eubacterium WCHB1-50	B855_uncultured eubacterium WCHB1-50	Bacteria
F592_unidentified	F592_unidentified	Fungi
F710_unidentified	F710_unidentified	Fungi
F200_Aspergillus	F200_Aspergillus	Fungi
B522_uncultured soil bacterium	B522_uncultured soil bacterium	Bacteria
B324_Haliangium	B324_Haliangium	Bacteria
B668_Chthonomonas	B668_Chthonomonas	Bacteria
F182_o_NA	F182_o_NA	Fungi
F343_unidentified	F343_unidentified	Fungi
B908_f_Chitinophagaceae	B908_f_Chitinophagaceae	Bacteria
B57_Streptomyces	B57_Streptomyces	Bacteria
F109_o_Pleosporales	F109_o_Pleosporales	Fungi
F216_unidentified	F216_unidentified	Fungi
F91_unidentified	F91_unidentified	Fungi
F753_unidentified	F753_unidentified	Fungi
F232_Mortierella	F232_Mortierella	Fungi
F98_f_Didymellaceae	F98_f_Didymellaceae	Fungi
F81_Cladosporium	F81_Cladosporium	Fungi
B622_Novosphingobium	B622_Novosphingobium	Bacteria
B644_uncultured Planctomyces sp.	B644_uncultured Planctomyces sp.	Bacteria
F813_unidentified	F813_unidentified	Fungi
F427_unidentified	F427_unidentified	Fungi
B822_Phenylobacterium	B822_Phenylobacterium	Bacteria
B231_Geobacter	B231_Geobacter	Bacteria
F765_unidentified	F765_unidentified	Fungi
B651_Gemmata	B651_Gemmata	Bacteria
F641_unidentified	F641_unidentified	Fungi
F602_unidentified	F602_unidentified	Fungi
B514_Terrabacter	B514_Terrabacter	Bacteria
F527_unidentified	F527_unidentified	Fungi
F388_unidentified	F388_unidentified	Fungi
B1007_uncultured bacterium	B1007_uncultured bacterium	Bacteria
F61_o_Pleosporales	F61_o_Pleosporales	Fungi
F307_unidentified	F307_unidentified	Fungi
B171_uncultured prokaryote	B171_uncultured prokaryote	Bacteria
B567_Mycobacterium	B567_Mycobacterium	Bacteria
F889_unidentified	F889_unidentified	Fungi
F514_unidentified	F514_unidentified	Fungi
B671_uncultured Geobacter sp.	B671_uncultured Geobacter sp.	Bacteria
B3304_uncultured	B3304_uncultured	Bacteria
F284_Podospora	F284_Podospora	Fungi
F254_o_Sordariales	F254_o_Sordariales	Fungi
F469_unidentified	F469_unidentified	Fungi
B3264_uncultured	B3264_uncultured	Bacteria
B635_ADurb.Bin063-1	B635_ADurb.Bin063-1	Bacteria
B575_Actinomadura	B575_Actinomadura	Bacteria
F402_unidentified	F402_unidentified	Fungi
B631_Anaeromyxobacter	B631_Anaeromyxobacter	Bacteria
F825_unidentified	F825_unidentified	Fungi
F827_unidentified	F827_unidentified	Fungi
F19_unidentified	F19_unidentified	Fungi
F1347_o_NA	F1347_o_NA	Fungi
F560_unidentified	F560_unidentified	Fungi
F1113_unidentified	F1113_unidentified	Fungi
F504_unidentified	F504_unidentified	Fungi
F329_o_NA	F329_o_NA	Fungi
F332_Spirosphaera	F332_Spirosphaera	Fungi
F180_Tetracladium	F180_Tetracladium	Fungi
B5717_f_Chitinophagaceae	B5717_f_Chitinophagaceae	Bacteria
B283_uncultured Thermaerobacter sp.	B283_uncultured Thermaerobacter sp.	Bacteria
B609_Reyranella	B609_Reyranella	Bacteria
F792_Claroideoglomus	F792_Claroideoglomus	Fungi
F122_Apodus	F122_Apodus	Fungi
B300_Gemmatimonas	B300_Gemmatimonas	Bacteria
F39_unidentified	F39_unidentified	Fungi
F521_unidentified	F521_unidentified	Fungi
F367_unidentified	F367_unidentified	Fungi
B837_f_Burkholderiaceae	B837_f_Burkholderiaceae	Bacteria
B723_Thiobacillus	B723_Thiobacillus	Bacteria
B1833_uncultured prokaryote	B1833_uncultured prokaryote	Bacteria
B477_o_NA	B477_o_NA	Bacteria
F287_unidentified	F287_unidentified	Fungi
F364_Schizothecium	F364_Schizothecium	Fungi
B1970_f_Burkholderiaceae	B1970_f_Burkholderiaceae	Bacteria
B1131_Mycobacterium	B1131_Mycobacterium	Bacteria
F143_unidentified	F143_unidentified	Fungi
F382_unidentified	F382_unidentified	Fungi
B492_metagenome	B492_metagenome	Bacteria
F371_unidentified	F371_unidentified	Fungi
F330_o_NA	F330_o_NA	Fungi
F1217_unidentified	F1217_unidentified	Fungi
F442_unidentified	F442_unidentified	Fungi
B2971_Fodinicola	B2971_Fodinicola	Bacteria
F2049_unidentified	F2049_unidentified	Fungi
F154_Slooffia	F154_Slooffia	Fungi
F395_unidentified	F395_unidentified	Fungi
F443_unidentified	F443_unidentified	Fungi
B523_Thiobacillus	B523_Thiobacillus	Bacteria
B1357_uncultured bacterium	B1357_uncultured bacterium	Bacteria
F603_unidentified	F603_unidentified	Fungi
F1017_unidentified	F1017_unidentified	Fungi
B870_Blastococcus	B870_Blastococcus	Bacteria
F433_unidentified	F433_unidentified	Fungi
F218_unidentified	F218_unidentified	Fungi
F3137_unidentified	F3137_unidentified	Fungi
F1359_Mucor	F1359_Mucor	Fungi
F79_Ceratobasidium	F79_Ceratobasidium	Fungi
F430_unidentified	F430_unidentified	Fungi
F376_Gibellulopsis	F376_Gibellulopsis	Fungi
F703_unidentified	F703_unidentified	Fungi
F546_o_NA	F546_o_NA	Fungi
F4_o_Pleosporales	F4_o_Pleosporales	Fungi
F334_Plectosphaerella	F334_Plectosphaerella	Fungi
F434_unidentified	F434_unidentified	Fungi
F336_unidentified	F336_unidentified	Fungi
F2420_unidentified	F2420_unidentified	Fungi
F26_unidentified	F26_unidentified	Fungi
F418_Hannaella	F418_Hannaella	Fungi
F529_unidentified	F529_unidentified	Fungi
F1246_unidentified	F1246_unidentified	Fungi
F736_unidentified	F736_unidentified	Fungi
F678_unidentified	F678_unidentified	Fungi
F326_Mortierella	F326_Mortierella	Fungi
F599_unidentified	F599_unidentified	Fungi
F541_unidentified	F541_unidentified	Fungi
B593_uncultured.Gemmatimonadetes.bacterium	B593_uncultured.Gemmatimonadetes.bacterium	Bacteria
B291_uncultured	B291_uncultured	Bacteria
B470_o_Chthonomonadales	B470_o_Chthonomonadales	Bacteria
B211_o_SBR1031	B211_o_SBR1031	Bacteria
B1830_f_WD2101.soil.group	B1830_f_WD2101.soil.group	Bacteria
B1195_f_WD2101.soil.group	B1195_f_WD2101.soil.group	Bacteria
B139_RBG.16.58.14	B139_RBG.16.58.14	Bacteria
B625_uncultured.Caldilineaceae.bacterium	B625_uncultured.Caldilineaceae.bacterium	Bacteria
B163_uncultured	B163_uncultured	Bacteria
B427_uncultured.Gemmatimonadetes.bacterium	B427_uncultured.Gemmatimonadetes.bacterium	Bacteria
B1092_f_Anaerolineaceae	B1092_f_Anaerolineaceae	Bacteria
B315_uncultured.Gemmatimonadetes.bacterium	B315_uncultured.Gemmatimonadetes.bacterium	Bacteria
B1354_uncultured.soil.bacterium	B1354_uncultured.soil.bacterium	Bacteria
B6716_o_Candidatus.Woesebacteria	B6716_o_Candidatus.Woesebacteria	Bacteria
B1688_LD29	B1688_LD29	Bacteria
B509_o_SBR1031	B509_o_SBR1031	Bacteria
B1212_f_uncultured	B1212_f_uncultured	Bacteria
B1046_uncultured.bacterium	B1046_uncultured.bacterium	Bacteria
B184_f_Anaerolineaceae	B184_f_Anaerolineaceae	Bacteria
B2313_o_Subgroup.7	B2313_o_Subgroup.7	Bacteria
B250_o_RBG.13.54.9	B250_o_RBG.13.54.9	Bacteria
B554_f_WD2101.soil.group	B554_f_WD2101.soil.group	Bacteria
B669_o_Vampirovibrionales	B669_o_Vampirovibrionales	Bacteria
B691_uncultured.Caldilineaceae.bacterium	B691_uncultured.Caldilineaceae.bacterium	Bacteria
B247_uncultured	B247_uncultured	Bacteria
B463_uncultured	B463_uncultured	Bacteria
B3987_f_WD2101.soil.group	B3987_f_WD2101.soil.group	Bacteria
B218_RBG.16.58.14	B218_RBG.16.58.14	Bacteria
B8379_uncultured.soil.bacterium	B8379_uncultured.soil.bacterium	Bacteria
B551_o_NA	B551_o_NA	Bacteria
B834_Anaerolinea	B834_Anaerolinea	Bacteria
B563_uncultured.eubacterium.WCHB1.50	B563_uncultured.eubacterium.WCHB1.50	Bacteria
B457_uncultured.Archangiaceae.bacterium	B457_uncultured.Archangiaceae.bacterium	Bacteria
B739_uncultured	B739_uncultured	Bacteria
B360_o_SBR1031	B360_o_SBR1031	Bacteria
B449_o_SJA.15	B449_o_SJA.15	Bacteria
B530_o_RBG.13.54.9	B530_o_RBG.13.54.9	Bacteria
B549_uncultured	B549_uncultured	Bacteria
B456_f_Bacteroidetes.vadinHA17	B456_f_Bacteroidetes.vadinHA17	Bacteria
B803_uncultured.planctomycete	B803_uncultured.planctomycete	Bacteria
B1274_uncultured.soil.bacterium	B1274_uncultured.soil.bacterium	Bacteria
B795_Pir2.lineage	B795_Pir2.lineage	Bacteria
B983_Flavisolibacter	B983_Flavisolibacter	Bacteria
B158_uncultured.bacterium	B158_uncultured.bacterium	Bacteria
B1057_o_NA	B1057_o_NA	Bacteria
B49_Anaerolinea	B49_Anaerolinea	Bacteria
B396_o_RCP2.54	B396_o_RCP2.54	Bacteria
B225_uncultured.bacterium	B225_uncultured.bacterium	Bacteria
B1977_Flavisolibacter	B1977_Flavisolibacter	Bacteria
B65_o_RBG.13.54.9	B65_o_RBG.13.54.9	Bacteria
B1578_uncultured	B1578_uncultured	Bacteria
B763_Desulfobacca	B763_Desulfobacca	Bacteria
B355_Desulfobacca	B355_Desulfobacca	Bacteria
B415_uncultured.prokaryote	B415_uncultured.prokaryote	Bacteria
B621_Syntrophobacter	B621_Syntrophobacter	Bacteria
B323_Anaeromyxobacter	B323_Anaeromyxobacter	Bacteria
B602_uncultured.Holophaga.sp.	B602_uncultured.Holophaga.sp.	Bacteria
B1763_uncultured.bacterium	B1763_uncultured.bacterium	Bacteria
B1674_Clostridium.sensu.stricto.8	B1674_Clostridium.sensu.stricto.8	Bacteria
B586_uncultured.Chlorobi.bacterium	B586_uncultured.Chlorobi.bacterium	Bacteria
B2099_Gemmatimonas	B2099_Gemmatimonas	Bacteria
B136_Hydrogenispora	B136_Hydrogenispora	Bacteria
B1958_Candidatus.Solibacter	B1958_Candidatus.Solibacter	Bacteria
B1912_Actinoplanes	B1912_Actinoplanes	Bacteria
B74_f_Rhodocyclaceae	B74_f_Rhodocyclaceae	Bacteria
B1099_uncultured.soil.bacterium	B1099_uncultured.soil.bacterium	Bacteria
B440_Anaerolinea	B440_Anaerolinea	Bacteria
B181_uncultured.Planctomycetales.bacterium	B181_uncultured.Planctomycetales.bacterium	Bacteria
B414_uncultured.Desulfovirga.sp.	B414_uncultured.Desulfovirga.sp.	Bacteria
B258_ADurb.Bin063.1	B258_ADurb.Bin063.1	Bacteria
B1095_Bryobacter	B1095_Bryobacter	Bacteria
B896_JGI.0001001.H03	B896_JGI.0001001.H03	Bacteria
B4868_Ohtaekwangia	B4868_Ohtaekwangia	Bacteria
B216_uncultured	B216_uncultured	Bacteria
B129_ADurb.Bin063.1	B129_ADurb.Bin063.1	Bacteria
B450_uncultured.prokaryote	B450_uncultured.prokaryote	Bacteria
B860_Opitutus	B860_Opitutus	Bacteria
B728_uncultured	B728_uncultured	Bacteria
B375_Sphingomonas	B375_Sphingomonas	Bacteria
B459_uncultured	B459_uncultured	Bacteria
B319_anaerobic.bacterium.MO.CFX2	B319_anaerobic.bacterium.MO.CFX2	Bacteria
B206_uncultured.bacterium	B206_uncultured.bacterium	Bacteria
B474_Gemmatimonas	B474_Gemmatimonas	Bacteria
B255_Reyranella	B255_Reyranella	Bacteria
B573_uncultured.Gemmatimonadetes.bacterium	B573_uncultured.Gemmatimonadetes.bacterium	Bacteria
B445_Methylomicrobium	B445_Methylomicrobium	Bacteria
B809_uncultured	B809_uncultured	Bacteria
B431_Leptolinea	B431_Leptolinea	Bacteria
B1003_uncultured.bacterium	B1003_uncultured.bacterium	Bacteria
B251_uncultured.Bellilinea.sp.	B251_uncultured.Bellilinea.sp.	Bacteria
B866_uncultured.soil.bacterium	B866_uncultured.soil.bacterium	Bacteria
B2205_uncultured	B2205_uncultured	Bacteria
B1013_uncultured.soil.bacterium	B1013_uncultured.soil.bacterium	Bacteria
B168_uncultured.bacterium	B168_uncultured.bacterium	Bacteria
B1105_uncultured.prokaryote	B1105_uncultured.prokaryote	Bacteria
B516_uncultured.bacterium.SJA.22	B516_uncultured.bacterium.SJA.22	Bacteria
B145_uncultured.Chloroflexi.bacterium	B145_uncultured.Chloroflexi.bacterium	Bacteria
B1936_f_Nocardioidaceae	B1936_f_Nocardioidaceae	Bacteria
B471_uncultured.bacterium	B471_uncultured.bacterium	Bacteria
B1369_Lysobacter	B1369_Lysobacter	Bacteria
B1886_Syntrophus	B1886_Syntrophus	Bacteria
B350_Candidatus.Solibacter	B350_Candidatus.Solibacter	Bacteria
B1065_uncultured.prokaryote	B1065_uncultured.prokaryote	Bacteria
B94_uncultured.Nitrospirae.bacterium	B94_uncultured.Nitrospirae.bacterium	Bacteria
B458_uncultured.prokaryote	B458_uncultured.prokaryote	Bacteria
B148_Thiobacillus	B148_Thiobacillus	Bacteria
B517_uncultured.bacterium	B517_uncultured.bacterium	Bacteria
B1735_uncultured.Acidobacteria.bacterium	B1735_uncultured.Acidobacteria.bacterium	Bacteria
B2496_uncultured.bacterium	B2496_uncultured.bacterium	Bacteria
B945_uncultured.proteobacterium	B945_uncultured.proteobacterium	Bacteria
B2685_Candidatus.Solibacter	B2685_Candidatus.Solibacter	Bacteria
B574_f_Micropepsaceae	B574_f_Micropepsaceae	Bacteria
B1412_f_Sphingomonadaceae	B1412_f_Sphingomonadaceae	Bacteria
B238_uncultured.Iamiaceae.bacterium	B238_uncultured.Iamiaceae.bacterium	Bacteria
B605_uncultured.bacterium.SJA.22	B605_uncultured.bacterium.SJA.22	Bacteria
B505_Haliangium	B505_Haliangium	Bacteria
B120_uncultured.Anaerolineaceae.bacterium	B120_uncultured.Anaerolineaceae.bacterium	Bacteria
B845_Candidatus.Udaeobacter	B845_Candidatus.Udaeobacter	Bacteria
B546_uncultured.bacterium	B546_uncultured.bacterium	Bacteria
B133_uncultured.Desulfuromonadales.bacterium	B133_uncultured.Desulfuromonadales.bacterium	Bacteria
B104_uncultured.bacterium	B104_uncultured.bacterium	Bacteria
B4515_o_Myxococcales	B4515_o_Myxococcales	Bacteria
B655_f_WD2101.soil.group	B655_f_WD2101.soil.group	Bacteria
B2449_uncultured.Polyangiaceae.bacterium	B2449_uncultured.Polyangiaceae.bacterium	Bacteria
B38_uncultured.prokaryote	B38_uncultured.prokaryote	Bacteria
B185_ADurb.Bin063.1	B185_ADurb.Bin063.1	Bacteria
B839_f_uncultured	B839_f_uncultured	Bacteria
B766_uncultured	B766_uncultured	Bacteria
B876_uncultured	B876_uncultured	Bacteria
B378_f_WD2101.soil.group	B378_f_WD2101.soil.group	Bacteria
B5707_f_WD2101.soil.group	B5707_f_WD2101.soil.group	Bacteria
B816_uncultured.Acidobacteriales.bacterium	B816_uncultured.Acidobacteriales.bacterium	Bacteria
B985_uncultured.soil.bacterium.PBS.II.37	B985_uncultured.soil.bacterium.PBS.II.37	Bacteria
B2157_Candidatus.Solibacter	B2157_Candidatus.Solibacter	Bacteria
B174_f_Bacteroidetes.vadinHA17	B174_f_Bacteroidetes.vadinHA17	Bacteria
B443_RBG.16.58.14	B443_RBG.16.58.14	Bacteria
B2497_Roseomonas	B2497_Roseomonas	Bacteria
B731_Thiobacillus	B731_Thiobacillus	Bacteria
B701_uncultured.bacterium	B701_uncultured.bacterium	Bacteria
B446_Pajaroellobacter	B446_Pajaroellobacter	Bacteria
B146_uncultured.prokaryote	B146_uncultured.prokaryote	Bacteria
B349_Haliangium	B349_Haliangium	Bacteria
B804_Anaerolinea	B804_Anaerolinea	Bacteria
B402_uncultured.soil.bacterium	B402_uncultured.soil.bacterium	Bacteria
B171_uncultured.prokaryote	B171_uncultured.prokaryote	Bacteria
B635_ADurb.Bin063.1	B635_ADurb.Bin063.1	Bacteria
B1187_f_Pedosphaeraceae	B1187_f_Pedosphaeraceae	Bacteria
B469_uncultured.bacterium	B469_uncultured.bacterium	Bacteria
B537_uncultured.prokaryote	B537_uncultured.prokaryote	Bacteria
B1833_uncultured.prokaryote	B1833_uncultured.prokaryote	Bacteria
B113_o_RBG.13.54.9	B113_o_RBG.13.54.9	Bacteria
B939_uncultured.bacterium	B939_uncultured.bacterium	Bacteria
B872_uncultured.bacterium	B872_uncultured.bacterium	Bacteria
B1171_Sh765B.TzT.35	B1171_Sh765B.TzT.35	Bacteria
B411_uncultured.prokaryote	B411_uncultured.prokaryote	Bacteria
B675_uncultured	B675_uncultured	Bacteria
B1375_Candidatus.Koribacter	B1375_Candidatus.Koribacter	Bacteria
B903_f_Pedosphaeraceae	B903_f_Pedosphaeraceae	Bacteria
B643_ADurb.Bin063.1	B643_ADurb.Bin063.1	Bacteria
B1671_Conexibacter	B1671_Conexibacter	Bacteria
B592_uncultured.Ferrimicrobium.sp.	B592_uncultured.Ferrimicrobium.sp.	Bacteria
B361_uncultured.bacterium.126	B361_uncultured.bacterium.126	Bacteria
B598_uncultured.soil.bacterium	B598_uncultured.soil.bacterium	Bacteria
B88_uncultured.Alkaliflexus.sp.	B88_uncultured.Alkaliflexus.sp.	Bacteria
B764_f_Acidobacteriaceae..Subgroup.1.	B764_f_Acidobacteriaceae..Subgroup.1.	Bacteria
B869_o_Subgroup.7	B869_o_Subgroup.7	Bacteria
B333_metagenome	B333_metagenome	Bacteria
B1007_uncultured.bacterium	B1007_uncultured.bacterium	Bacteria
B3108_uncultured.Acidobacteriaceae.bacterium	B3108_uncultured.Acidobacteriaceae.bacterium	Bacteria
B119_Acidibacter	B119_Acidibacter	Bacteria
B538_f_SC.I.84	B538_f_SC.I.84	Bacteria
B150_RBG.16.58.14	B150_RBG.16.58.14	Bacteria
B1028_f_uncultured	B1028_f_uncultured	Bacteria
B855_uncultured.eubacterium.WCHB1.50	B855_uncultured.eubacterium.WCHB1.50	Bacteria
B1263_ADurb.Bin063.1	B1263_ADurb.Bin063.1	Bacteria
B711_uncultured.proteobacterium	B711_uncultured.proteobacterium	Bacteria
B976_Clostridium.sensu.stricto.1	B976_Clostridium.sensu.stricto.1	Bacteria
B53_f_SC.I.84	B53_f_SC.I.84	Bacteria
B195_uncultured.soil.bacterium	B195_uncultured.soil.bacterium	Bacteria
B1221_Candidatus.Solibacter	B1221_Candidatus.Solibacter	Bacteria
B544_uncultured.Sorangiineae.bacterium	B544_uncultured.Sorangiineae.bacterium	Bacteria
B488_uncultured.prokaryote	B488_uncultured.prokaryote	Bacteria
B734_JGI.0001001.H03	B734_JGI.0001001.H03	Bacteria
B223_uncultured.Sphingobacteriales.bacterium	B223_uncultured.Sphingobacteriales.bacterium	Bacteria
B400_f_Micrococcaceae	B400_f_Micrococcaceae	Bacteria
B1889_uncultured.Alkaliflexus.sp.	B1889_uncultured.Alkaliflexus.sp.	Bacteria
B283_uncultured.Thermaerobacter.sp.	B283_uncultured.Thermaerobacter.sp.	Bacteria
B571_uncultured.eubacterium.WCHB1.50	B571_uncultured.eubacterium.WCHB1.50	Bacteria
B2064_o_Myxococcales	B2064_o_Myxococcales	Bacteria
B671_uncultured.Geobacter.sp.	B671_uncultured.Geobacter.sp.	Bacteria
B348_uncultured.soil.bacterium	B348_uncultured.soil.bacterium	Bacteria
B205_uncultured.prokaryote	B205_uncultured.prokaryote	Bacteria
B173_uncultured.planctomycete	B173_uncultured.planctomycete	Bacteria
B1076_ADurb.Bin063.1	B1076_ADurb.Bin063.1	Bacteria
B25_uncultured.prokaryote	B25_uncultured.prokaryote	Bacteria
B1188_o_Subgroup.7	B1188_o_Subgroup.7	Bacteria
B1311_o_NA	B1311_o_NA	Bacteria
B344_f_SC.I.84	B344_f_SC.I.84	Bacteria
B539_uncultured	B539_uncultured	Bacteria
B316_uncultured.Thermaerobacter.sp.	B316_uncultured.Thermaerobacter.sp.	Bacteria
B729_uncultured	B729_uncultured	Bacteria
B572_uncultured.Cytophagales.bacterium	B572_uncultured.Cytophagales.bacterium	Bacteria
B401_Sh765B.TzT.35	B401_Sh765B.TzT.35	Bacteria
B966_f_Opitutaceae	B966_f_Opitutaceae	Bacteria
B444_f_Fimbriimonadaceae	B444_f_Fimbriimonadaceae	Bacteria
B112_uncultured.prokaryote	B112_uncultured.prokaryote	Bacteria
B1500_uncultured.bacterium	B1500_uncultured.bacterium	Bacteria
B441_Actinobacteria.bacterium.RBG_19FT_COMBO_70_19	B441_Actinobacteria.bacterium.RBG_19FT_COMBO_70_19	Bacteria
F486_unidentified	F486_unidentified	Fungi
F106_unidentified	F106_unidentified	Fungi
F173_unidentified	F173_unidentified	Fungi
F153_unidentified	F153_unidentified	Fungi
F229_unidentified	F229_unidentified	Fungi
F455_unidentified	F455_unidentified	Fungi
F548_Ochroconis	F548_Ochroconis	Fungi
F618_o_NA	F618_o_NA	Fungi
F378_unidentified	F378_unidentified	Fungi
F465_unidentified	F465_unidentified	Fungi
F475_unidentified	F475_unidentified	Fungi
