id	label	Bacteria
B1379_Bdellovibrio	B1379_Bdellovibrio	Bacteria
B252_Spirosoma	B252_Spirosoma	Bacteria
B232_f_Sphingomonadaceae	B232_f_Sphingomonadaceae	Bacteria
B1611_Bdellovibrio	B1611_Bdellovibrio	Bacteria
B11_Xanthomonas	B11_Xanthomonas	Bacteria
B2_Methylobacterium	B2_Methylobacterium	Bacteria
B9_Methylobacterium	B9_Methylobacterium	Bacteria
B830_f_Burkholderiaceae	B830_f_Burkholderiaceae	Bacteria
B222_Kineococcus	B222_Kineococcus	Bacteria
B138_Nakamurella	B138_Nakamurella	Bacteria
B208_Singulisphaera	B208_Singulisphaera	Bacteria
B183_Mucilaginibacter	B183_Mucilaginibacter	Bacteria
B135_Sphingomonas	B135_Sphingomonas	Bacteria
B277_Sphingomonas	B277_Sphingomonas	Bacteria
B30_Sphingomonas	B30_Sphingomonas	Bacteria
B33_Kineococcus	B33_Kineococcus	Bacteria
B842_Sphingomonas	B842_Sphingomonas	Bacteria
B1008_Spirosoma	B1008_Spirosoma	Bacteria
B19_Xanthomonas	B19_Xanthomonas	Bacteria
B68_Chryseobacterium	B68_Chryseobacterium	Bacteria
B12_Novosphingobium	B12_Novosphingobium	Bacteria
F69_o_Pleosporales	F69_o_Pleosporales	Fungi
F222_o_NA	F222_o_NA	Fungi
F2_Nigrospora	F2_Nigrospora	Fungi
F204_Hannaella	F204_Hannaella	Fungi
F117_Saitozyma	F117_Saitozyma	Fungi
F882_Aspergillus	F882_Aspergillus	Fungi
F380_unidentified	F380_unidentified	Fungi
F127_Papiliotrema	F127_Papiliotrema	Fungi
F51_Papiliotrema	F51_Papiliotrema	Fungi
F241_o_Tremellales	F241_o_Tremellales	Fungi
F194_Hannaella	F194_Hannaella	Fungi
F55_f_Nectriaceae	F55_f_Nectriaceae	Fungi
F100_Talaromyces	F100_Talaromyces	Fungi
F89_Aureobasidium	F89_Aureobasidium	Fungi
B3390_Roseomonas	B3390_Roseomonas	Bacteria
B89_Burkholderia-Caballeronia-Paraburkholderia	B89_Burkholderia-Caballeronia-Paraburkholderia	Bacteria
B1117_Sphingoaurantiacus	B1117_Sphingoaurantiacus	Bacteria
B27_Mucilaginibacter	B27_Mucilaginibacter	Bacteria
F525_Phyllozyma	F525_Phyllozyma	Fungi
B464_Pseudomonas	B464_Pseudomonas	Bacteria
F169_Naganishia	F169_Naganishia	Fungi
B18_Herbaspirillum	B18_Herbaspirillum	Bacteria
B17_Methylobacterium	B17_Methylobacterium	Bacteria
B933_Pseudomonas	B933_Pseudomonas	Bacteria
B16_Sphingomonas	B16_Sphingomonas	Bacteria
B1_Pantoea	B1_Pantoea	Bacteria
B35_Methylobacterium	B35_Methylobacterium	Bacteria
F2453_f_Magnaporthaceae	F2453_f_Magnaporthaceae	Fungi
F445_Talaromyces	F445_Talaromyces	Fungi
B6_Sphingomonas	B6_Sphingomonas	Bacteria
B10_Allorhizobium-Neorhizobium-Pararhizobium-Rhizobium	B10_Allorhizobium-Neorhizobium-Pararhizobium-Rhizobium	Bacteria
B437_Escherichia-Shigella	B437_Escherichia-Shigella	Bacteria
B15_Sphingomonas	B15_Sphingomonas	Bacteria
B14_Burkholderia-Caballeronia-Paraburkholderia	B14_Burkholderia-Caballeronia-Paraburkholderia	Bacteria
F258_Nigrospora	F258_Nigrospora	Fungi
B23_f_Burkholderiaceae	B23_f_Burkholderiaceae	Bacteria
B5_Pseudomonas	B5_Pseudomonas	Bacteria
B116_Geodermatophilus	B116_Geodermatophilus	Bacteria
B21_Methylobacterium	B21_Methylobacterium	Bacteria
B31_Quadrisphaera	B31_Quadrisphaera	Bacteria
B327_1174-901-12	B327_1174-901-12	Bacteria
B13_Aureimonas	B13_Aureimonas	Bacteria
B3_Sphingomonas	B3_Sphingomonas	Bacteria
B326_Bacillus	B326_Bacillus	Bacteria
F8_unidentified	F8_unidentified	Fungi
F114_unidentified	F114_unidentified	Fungi
F1296_Pseudozyma	F1296_Pseudozyma	Fungi
F18_f_Phaeosphaeriaceae	F18_f_Phaeosphaeriaceae	Fungi
F12_o_Pleosporales	F12_o_Pleosporales	Fungi
F47_f_Phaeosphaeriaceae	F47_f_Phaeosphaeriaceae	Fungi
F280_o_Polyporales	F280_o_Polyporales	Fungi
F32_Tilletia	F32_Tilletia	Fungi
F72_unidentified	F72_unidentified	Fungi
F71_Papiliotrema	F71_Papiliotrema	Fungi
F29_f_Didymellaceae	F29_f_Didymellaceae	Fungi
F36_Moesziomyces	F36_Moesziomyces	Fungi
F11_Sarocladium	F11_Sarocladium	Fungi
F6_Cladosporium	F6_Cladosporium	Fungi
F160_Cladosporium	F160_Cladosporium	Fungi
F81_Cladosporium	F81_Cladosporium	Fungi
F231_Bullera	F231_Bullera	Fungi
F835_Penicillium	F835_Penicillium	Fungi
F262_Talaromyces	F262_Talaromyces	Fungi
F5_Alternaria	F5_Alternaria	Fungi
F85_Fusarium	F85_Fusarium	Fungi
F353_Diaporthe	F353_Diaporthe	Fungi
B39_Paenibacillus	B39_Paenibacillus	Bacteria
B432_Kineococcus	B432_Kineococcus	Bacteria
F414_Sakaguchia	F414_Sakaguchia	Fungi
B314_Segniliparus	B314_Segniliparus	Bacteria
B137_Mycobacterium	B137_Mycobacterium	Bacteria
B86_Sphingomonas	B86_Sphingomonas	Bacteria
B103_Burkholderia-Caballeronia-Paraburkholderia	B103_Burkholderia-Caballeronia-Paraburkholderia	Bacteria
F78_unidentified	F78_unidentified	Fungi
F98_f_Didymellaceae	F98_f_Didymellaceae	Fungi
F124_Stachybotrys	F124_Stachybotrys	Fungi
F207_o_Tremellales	F207_o_Tremellales	Fungi
B329_Paenibacillus	B329_Paenibacillus	Bacteria
B7_Curtobacterium	B7_Curtobacterium	Bacteria
B990_Pseudomonas	B990_Pseudomonas	Bacteria
F115_unidentified	F115_unidentified	Fungi
F1240_Penicillium	F1240_Penicillium	Fungi
F539_Cenococcum	F539_Cenococcum	Fungi
F93_Gaeumannomyces	F93_Gaeumannomyces	Fungi
F863_Hannaella	F863_Hannaella	Fungi
B269_Pseudomonas	B269_Pseudomonas	Bacteria
B467_Lactococcus	B467_Lactococcus	Bacteria
F61_o_Pleosporales	F61_o_Pleosporales	Fungi
F310_unidentified	F310_unidentified	Fungi
B1447_Achromobacter	B1447_Achromobacter	Bacteria
F1585_f_Phaeosphaeriaceae	F1585_f_Phaeosphaeriaceae	Fungi
F1478_o_Saccharomycetales	F1478_o_Saccharomycetales	Fungi
F970_Resupinatus	F970_Resupinatus	Fungi
B71_Methylobacterium	B71_Methylobacterium	Bacteria
B873_f_Enterobacteriaceae	B873_f_Enterobacteriaceae	Bacteria
B43_Sphingomonas	B43_Sphingomonas	Bacteria
F4_o_Pleosporales	F4_o_Pleosporales	Fungi
F74_f_Tilletiaceae	F74_f_Tilletiaceae	Fungi
B37_Allorhizobium-Neorhizobium-Pararhizobium-Rhizobium	B37_Allorhizobium-Neorhizobium-Pararhizobium-Rhizobium	Bacteria
B267_f_Burkholderiaceae	B267_f_Burkholderiaceae	Bacteria
B972_Singulisphaera	B972_Singulisphaera	Bacteria
B927_Tepidisphaera	B927_Tepidisphaera	Bacteria
F21_Acremonium	F21_Acremonium	Fungi
F48_unidentified	F48_unidentified	Fungi
F821_Nigrograna	F821_Nigrograna	Fungi
B1556_Pseudomonas	B1556_Pseudomonas	Bacteria
B974_f_Burkholderiaceae	B974_f_Burkholderiaceae	Bacteria
B98_Sphingomonas	B98_Sphingomonas	Bacteria
B1119_Dietzia	B1119_Dietzia	Bacteria
F1115_unidentified	F1115_unidentified	Fungi
F1164_Antrodiella	F1164_Antrodiella	Fungi
B187_Clostridium sensu stricto 8	B187_Clostridium sensu stricto 8	Bacteria
B76_Methylobacterium	B76_Methylobacterium	Bacteria
B8_f_Rhizobiaceae	B8_f_Rhizobiaceae	Bacteria
B29_Methylobacterium	B29_Methylobacterium	Bacteria
B975_Chryseobacterium	B975_Chryseobacterium	Bacteria
B28_Burkholderia-Caballeronia-Paraburkholderia	B28_Burkholderia-Caballeronia-Paraburkholderia	Bacteria
B78_Sphingomonas	B78_Sphingomonas	Bacteria
B81_Stenotrophomonas	B81_Stenotrophomonas	Bacteria
B4_Pantoea	B4_Pantoea	Bacteria
F1730_unidentified	F1730_unidentified	Fungi
F3_Moesziomyces	F3_Moesziomyces	Fungi
F28_f_Hypocreales_fam_Incertae_sedis	F28_f_Hypocreales_fam_Incertae_sedis	Fungi
B54_uncultured	B54_uncultured	Bacteria
F1050_Aspergillus	F1050_Aspergillus	Fungi
B260_Pseudomonas	B260_Pseudomonas	Bacteria
B351_f_Burkholderiaceae	B351_f_Burkholderiaceae	Bacteria
B149_Mucilaginibacter	B149_Mucilaginibacter	Bacteria
B646_Leuconostoc	B646_Leuconostoc	Bacteria
F369_Penicillium	F369_Penicillium	Fungi
F27_Curvularia	F27_Curvularia	Fungi
F260_Schizopora	F260_Schizopora	Fungi
F322_Penicillium	F322_Penicillium	Fungi
B11451_Acidipila	B11451_Acidipila	Bacteria
B338_uncultured bacterium	B338_uncultured bacterium	Bacteria
F31_Fusarium	F31_Fusarium	Fungi
B5060_Bacillus	B5060_Bacillus	Bacteria
B1151_Pseudomonas	B1151_Pseudomonas	Bacteria
B725_Lactococcus	B725_Lactococcus	Bacteria
F16_Pyricularia	F16_Pyricularia	Fungi
F178_Schizopora	F178_Schizopora	Fungi
F199_Aureobasidium	F199_Aureobasidium	Fungi
B164_f_Burkholderiaceae	B164_f_Burkholderiaceae	Bacteria
B1597_Staphylococcus	B1597_Staphylococcus	Bacteria
F708_Elmerina	F708_Elmerina	Fungi
F22_Setophoma	F22_Setophoma	Fungi
F643_Symmetrospora	F643_Symmetrospora	Fungi
F259_Sakaguchia	F259_Sakaguchia	Fungi
F133_Cyphellophora	F133_Cyphellophora	Fungi
B405_Pelosinus	B405_Pelosinus	Bacteria
F600_Penicillium	F600_Penicillium	Fungi
F3428_o_NA	F3428_o_NA	Fungi
B916_Mycobacterium	B916_Mycobacterium	Bacteria
B928_Anaerobacillus	B928_Anaerobacillus	Bacteria
B95_Allorhizobium-Neorhizobium-Pararhizobium-Rhizobium	B95_Allorhizobium-Neorhizobium-Pararhizobium-Rhizobium	Bacteria
B127_Sphingobacterium	B127_Sphingobacterium	Bacteria
B3347_f_Beijerinckiaceae	B3347_f_Beijerinckiaceae	Bacteria
F297_Coniothyrium	F297_Coniothyrium	Fungi
F54_Pyrenochaetopsis	F54_Pyrenochaetopsis	Fungi
F33_unidentified	F33_unidentified	Fungi
F629_unidentified	F629_unidentified	Fungi
B814_Sediminibacterium	B814_Sediminibacterium	Bacteria
F653_Penicillium	F653_Penicillium	Fungi
F233_Periconia	F233_Periconia	Fungi
F609_Talaromyces	F609_Talaromyces	Fungi
F172_unidentified	F172_unidentified	Fungi
F1160_Ophiognomonia	F1160_Ophiognomonia	Fungi
F824_Torula	F824_Torula	Fungi
F120_Sporobolomyces	F120_Sporobolomyces	Fungi
F4456_Xylaria	F4456_Xylaria	Fungi
F30_unidentified	F30_unidentified	Fungi
F65_Sarocladium	F65_Sarocladium	Fungi
F1062_Spencerozyma	F1062_Spencerozyma	Fungi
F107_o_Helotiales	F107_o_Helotiales	Fungi
F526_Pyrenochaetopsis	F526_Pyrenochaetopsis	Fungi
F277_Peniophora	F277_Peniophora	Fungi
F872_Gibberella	F872_Gibberella	Fungi
F1056_Occultifur	F1056_Occultifur	Fungi
F130_Ramichloridium	F130_Ramichloridium	Fungi
B278_o_NA	B278_o_NA	Bacteria
B558_uncultured	B558_uncultured	Bacteria
B1275_o_NA	B1275_o_NA	Bacteria
B5204_o_NA	B5204_o_NA	Bacteria
B60_Rhizomicrobium	B60_Rhizomicrobium	Bacteria
B22_uncultured.Roseobacter.sp.	B22_uncultured.Roseobacter.sp.	Bacteria
B87_Mucilaginibacter	B87_Mucilaginibacter	Bacteria
B781_Dyadobacter	B781_Dyadobacter	Bacteria
B41_uncultured	B41_uncultured	Bacteria
B3338_f_Burkholderiaceae	B3338_f_Burkholderiaceae	Bacteria
B521_Peredibacter	B521_Peredibacter	Bacteria
B8545_Acinetobacter	B8545_Acinetobacter	Bacteria
B893_o_NA	B893_o_NA	Bacteria
B626_Pseudomonas	B626_Pseudomonas	Bacteria
B37_Allorhizobium.Neorhizobium.Pararhizobium.Rhizobium	B37_Allorhizobium.Neorhizobium.Pararhizobium.Rhizobium	Bacteria
B796_Allorhizobium.Neorhizobium.Pararhizobium.Rhizobium	B796_Allorhizobium.Neorhizobium.Pararhizobium.Rhizobium	Bacteria
B10_Allorhizobium.Neorhizobium.Pararhizobium.Rhizobium	B10_Allorhizobium.Neorhizobium.Pararhizobium.Rhizobium	Bacteria
B187_Clostridium.sensu.stricto.8	B187_Clostridium.sensu.stricto.8	Bacteria
B2367_f_Archangiaceae	B2367_f_Archangiaceae	Bacteria
B202_f_Burkholderiaceae	B202_f_Burkholderiaceae	Bacteria
B312_Sphingobium	B312_Sphingobium	Bacteria
B437_Escherichia.Shigella	B437_Escherichia.Shigella	Bacteria
B5713_Dietzia	B5713_Dietzia	Bacteria
B93_Pedobacter	B93_Pedobacter	Bacteria
B343_Microbacterium	B343_Microbacterium	Bacteria
B627_Candidatus.Solibacter	B627_Candidatus.Solibacter	Bacteria
B930_Achromobacter	B930_Achromobacter	Bacteria
B89_Burkholderia.Caballeronia.Paraburkholderia	B89_Burkholderia.Caballeronia.Paraburkholderia	Bacteria
B338_uncultured.bacterium	B338_uncultured.bacterium	Bacteria
B541_Achromobacter	B541_Achromobacter	Bacteria
B327_1174.901.12	B327_1174.901.12	Bacteria
B28_Burkholderia.Caballeronia.Paraburkholderia	B28_Burkholderia.Caballeronia.Paraburkholderia	Bacteria
B14_Burkholderia.Caballeronia.Paraburkholderia	B14_Burkholderia.Caballeronia.Paraburkholderia	Bacteria
B9909_Actinomycetospora	B9909_Actinomycetospora	Bacteria
B95_Allorhizobium.Neorhizobium.Pararhizobium.Rhizobium	B95_Allorhizobium.Neorhizobium.Pararhizobium.Rhizobium	Bacteria
B103_Burkholderia.Caballeronia.Paraburkholderia	B103_Burkholderia.Caballeronia.Paraburkholderia	Bacteria
F1198_Hyalorbilia	F1198_Hyalorbilia	Fungi
F1399_o_NA	F1399_o_NA	Fungi
F288_unidentified	F288_unidentified	Fungi
F963_Peniophorella	F963_Peniophorella	Fungi
F1148_Sporobolomyces	F1148_Sporobolomyces	Fungi
F385_Coprinellus	F385_Coprinellus	Fungi
