id	label	Bacteria
B11_Xanthomonas	B11_Xanthomonas	Bacteria
B9_Methylobacterium	B9_Methylobacterium	Bacteria
B636_Curtobacterium	B636_Curtobacterium	Bacteria
B19_Xanthomonas	B19_Xanthomonas	Bacteria
B4_Pantoea	B4_Pantoea	Bacteria
F22_Setophoma	F22_Setophoma	Fungi
B10_Allorhizobium-Neorhizobium-Pararhizobium-Rhizobium	B10_Allorhizobium-Neorhizobium-Pararhizobium-Rhizobium	Bacteria
B95_Allorhizobium-Neorhizobium-Pararhizobium-Rhizobium	B95_Allorhizobium-Neorhizobium-Pararhizobium-Rhizobium	Bacteria
F127_Papiliotrema	F127_Papiliotrema	Fungi
B43_Sphingomonas	B43_Sphingomonas	Bacteria
B86_Sphingomonas	B86_Sphingomonas	Bacteria
F136_f_Didymosphaeriaceae	F136_f_Didymosphaeriaceae	Fungi
B8_f_Rhizobiaceae	B8_f_Rhizobiaceae	Bacteria
F18_f_Phaeosphaeriaceae	F18_f_Phaeosphaeriaceae	Fungi
F54_Pyrenochaetopsis	F54_Pyrenochaetopsis	Fungi
F112_Paraphaeosphaeria	F112_Paraphaeosphaeria	Fungi
F116_Curvularia	F116_Curvularia	Fungi
F81_Cladosporium	F81_Cladosporium	Fungi
B1_Pantoea	B1_Pantoea	Bacteria
B103_Burkholderia-Caballeronia-Paraburkholderia	B103_Burkholderia-Caballeronia-Paraburkholderia	Bacteria
B3_Sphingomonas	B3_Sphingomonas	Bacteria
F132_Phaeosphaeria	F132_Phaeosphaeria	Fungi
B33_Kineococcus	B33_Kineococcus	Bacteria
B343_Microbacterium	B343_Microbacterium	Bacteria
B863_Microbacterium	B863_Microbacterium	Bacteria
F147_o_Pleosporales	F147_o_Pleosporales	Fungi
B16_Sphingomonas	B16_Sphingomonas	Bacteria
F194_Hannaella	F194_Hannaella	Fungi
F45_f_Didymellaceae	F45_f_Didymellaceae	Fungi
B15_Sphingomonas	B15_Sphingomonas	Bacteria
B28_Burkholderia-Caballeronia-Paraburkholderia	B28_Burkholderia-Caballeronia-Paraburkholderia	Bacteria
B14_Burkholderia-Caballeronia-Paraburkholderia	B14_Burkholderia-Caballeronia-Paraburkholderia	Bacteria
F2_Nigrospora	F2_Nigrospora	Fungi
F183_Curvularia	F183_Curvularia	Fungi
F227_Diaporthe	F227_Diaporthe	Fungi
F71_Papiliotrema	F71_Papiliotrema	Fungi
B12_Novosphingobium	B12_Novosphingobium	Bacteria
F55_f_Nectriaceae	F55_f_Nectriaceae	Fungi
B35_Methylobacterium	B35_Methylobacterium	Bacteria
B7_Curtobacterium	B7_Curtobacterium	Bacteria
F8_unidentified	F8_unidentified	Fungi
F47_f_Phaeosphaeriaceae	F47_f_Phaeosphaeriaceae	Fungi
F12_o_Pleosporales	F12_o_Pleosporales	Fungi
F166_Aspergillus	F166_Aspergillus	Fungi
F36_Moesziomyces	F36_Moesziomyces	Fungi
F174_unidentified	F174_unidentified	Fungi
F5_Alternaria	F5_Alternaria	Fungi
F233_Periconia	F233_Periconia	Fungi
F27_Curvularia	F27_Curvularia	Fungi
F468_Keissleriella	F468_Keissleriella	Fungi
B71_Methylobacterium	B71_Methylobacterium	Bacteria
B37_Allorhizobium-Neorhizobium-Pararhizobium-Rhizobium	B37_Allorhizobium-Neorhizobium-Pararhizobium-Rhizobium	Bacteria
B796_Allorhizobium-Neorhizobium-Pararhizobium-Rhizobium	B796_Allorhizobium-Neorhizobium-Pararhizobium-Rhizobium	Bacteria
B5_Pseudomonas	B5_Pseudomonas	Bacteria
B2_Methylobacterium	B2_Methylobacterium	Bacteria
B1797_Sphingomonas	B1797_Sphingomonas	Bacteria
B222_Kineococcus	B222_Kineococcus	Bacteria
B904_Microbacterium	B904_Microbacterium	Bacteria
B29_Methylobacterium	B29_Methylobacterium	Bacteria
B77_Allorhizobium-Neorhizobium-Pararhizobium-Rhizobium	B77_Allorhizobium-Neorhizobium-Pararhizobium-Rhizobium	Bacteria
B89_Burkholderia-Caballeronia-Paraburkholderia	B89_Burkholderia-Caballeronia-Paraburkholderia	Bacteria
B3960_f_Enterobacteriaceae	B3960_f_Enterobacteriaceae	Bacteria
B13_Aureimonas	B13_Aureimonas	Bacteria
B68_Chryseobacterium	B68_Chryseobacterium	Bacteria
B1202_Burkholderia-Caballeronia-Paraburkholderia	B1202_Burkholderia-Caballeronia-Paraburkholderia	Bacteria
F69_o_Pleosporales	F69_o_Pleosporales	Fungi
F152_unidentified	F152_unidentified	Fungi
F223_Curvularia	F223_Curvularia	Fungi
F102_f_Didymellaceae	F102_f_Didymellaceae	Fungi
F4_o_Pleosporales	F4_o_Pleosporales	Fungi
F177_unidentified	F177_unidentified	Fungi
F6_Cladosporium	F6_Cladosporium	Fungi
