id	label	Bacteria
B107_o_NA	B107_o_NA	Bacteria
B388_Mycobacterium	B388_Mycobacterium	Bacteria
B136_Hydrogenispora	B136_Hydrogenispora	Bacteria
B2572_uncultured	B2572_uncultured	Bacteria
B690_o_Subgroup 7	B690_o_Subgroup 7	Bacteria
B552_Thiobacillus	B552_Thiobacillus	Bacteria
B1434_o_NA	B1434_o_NA	Bacteria
B3069_uncultured	B3069_uncultured	Bacteria
B245_f_Xanthobacteraceae	B245_f_Xanthobacteraceae	Bacteria
B117_o_NA	B117_o_NA	Bacteria
B2122_uncultured Caldilinea sp.	B2122_uncultured Caldilinea sp.	Bacteria
B2881_Umezawaea	B2881_Umezawaea	Bacteria
B114_Luteimonas	B114_Luteimonas	Bacteria
F13_Zopfiella	F13_Zopfiella	Fungi
B204_Syntrophobacter	B204_Syntrophobacter	Bacteria
B97_uncultured	B97_uncultured	Bacteria
B185_ADurb.Bin063-1	B185_ADurb.Bin063-1	Bacteria
F7_unidentified	F7_unidentified	Fungi
F19_unidentified	F19_unidentified	Fungi
F17_o_Pleosporales	F17_o_Pleosporales	Fungi
F24_o_Helotiales	F24_o_Helotiales	Fungi
F63_Thanatephorus	F63_Thanatephorus	Fungi
B1267_uncultured	B1267_uncultured	Bacteria
B887_o_NA	B887_o_NA	Bacteria
B680_Pseudolabrys	B680_Pseudolabrys	Bacteria
B543_Thiobacillus	B543_Thiobacillus	Bacteria
B324_Haliangium	B324_Haliangium	Bacteria
B489_f_Micrococcaceae	B489_f_Micrococcaceae	Bacteria
F145_Mrakiella	F145_Mrakiella	Fungi
B834_Anaerolinea	B834_Anaerolinea	Bacteria
B1807_o_SBR1031	B1807_o_SBR1031	Bacteria
B418_f_SC-I-84	B418_f_SC-I-84	Bacteria
B602_uncultured Holophaga sp.	B602_uncultured Holophaga sp.	Bacteria
B1594_o_Microtrichales	B1594_o_Microtrichales	Bacteria
B379_f_Micrococcaceae	B379_f_Micrococcaceae	Bacteria
B604_Bryobacter	B604_Bryobacter	Bacteria
B443_RBG-16-58-14	B443_RBG-16-58-14	Bacteria
B2400_Arenimonas	B2400_Arenimonas	Bacteria
B155_Flavisolibacter	B155_Flavisolibacter	Bacteria
B6129_Candidatus Solibacter	B6129_Candidatus Solibacter	Bacteria
B1024_Flavisolibacter	B1024_Flavisolibacter	Bacteria
B1567_Devosia	B1567_Devosia	Bacteria
F536_Mortierella	F536_Mortierella	Fungi
F85_Fusarium	F85_Fusarium	Fungi
B614_uncultured	B614_uncultured	Bacteria
B304_Ignavibacterium	B304_Ignavibacterium	Bacteria
B728_uncultured	B728_uncultured	Bacteria
B251_uncultured Bellilinea sp.	B251_uncultured Bellilinea sp.	Bacteria
B2023_uncultured bacterium	B2023_uncultured bacterium	Bacteria
B120_uncultured Anaerolineaceae bacterium	B120_uncultured Anaerolineaceae bacterium	Bacteria
B146_uncultured prokaryote	B146_uncultured prokaryote	Bacteria
B407_f_Burkholderiaceae	B407_f_Burkholderiaceae	Bacteria
B268_uncultured	B268_uncultured	Bacteria
B383_uncultured bacterium	B383_uncultured bacterium	Bacteria
F58_Schizothecium	F58_Schizothecium	Fungi
F3_Moesziomyces	F3_Moesziomyces	Fungi
F20_Edenia	F20_Edenia	Fungi
B218_RBG-16-58-14	B218_RBG-16-58-14	Bacteria
B549_uncultured	B549_uncultured	Bacteria
B901_uncultured bacterium	B901_uncultured bacterium	Bacteria
B706_uncultured Desulfuromonadales bacterium	B706_uncultured Desulfuromonadales bacterium	Bacteria
B180_o_NA	B180_o_NA	Bacteria
B1400_Candidatus Koribacter	B1400_Candidatus Koribacter	Bacteria
B66_GOUTA6	B66_GOUTA6	Bacteria
B124_Ellin6067	B124_Ellin6067	Bacteria
B51_Anaerolinea	B51_Anaerolinea	Bacteria
B333_metagenome	B333_metagenome	Bacteria
B283_uncultured Thermaerobacter sp.	B283_uncultured Thermaerobacter sp.	Bacteria
B870_Blastococcus	B870_Blastococcus	Bacteria
B1421_Mesorhizobium	B1421_Mesorhizobium	Bacteria
B264_f_Burkholderiaceae	B264_f_Burkholderiaceae	Bacteria
F128_unidentified	F128_unidentified	Fungi
F610_unidentified	F610_unidentified	Fungi
F6_Cladosporium	F6_Cladosporium	Fungi
B501_Anaeromyxobacter	B501_Anaeromyxobacter	Bacteria
B182_f_Micrococcaceae	B182_f_Micrococcaceae	Bacteria
F221_unidentified	F221_unidentified	Fungi
B805_Alsobacter	B805_Alsobacter	Bacteria
B729_uncultured	B729_uncultured	Bacteria
B434_Geobacter	B434_Geobacter	Bacteria
B1581_Candidatus Solibacter	B1581_Candidatus Solibacter	Bacteria
F451_Mortierella	F451_Mortierella	Fungi
B563_uncultured eubacterium WCHB1-50	B563_uncultured eubacterium WCHB1-50	Bacteria
B394_Geobacter	B394_Geobacter	Bacteria
B474_Gemmatimonas	B474_Gemmatimonas	Bacteria
B336_Anaerolinea	B336_Anaerolinea	Bacteria
B1369_Lysobacter	B1369_Lysobacter	Bacteria
B963_metagenome	B963_metagenome	Bacteria
B992_Sphingomonas	B992_Sphingomonas	Bacteria
B829_uncultured bacterium	B829_uncultured bacterium	Bacteria
B578_f_uncultured	B578_f_uncultured	Bacteria
B2086_f_uncultured	B2086_f_uncultured	Bacteria
B244_f_Xanthobacteraceae	B244_f_Xanthobacteraceae	Bacteria
F644_o_NA	F644_o_NA	Fungi
F4_o_Pleosporales	F4_o_Pleosporales	Fungi
F126_Tomentellopsis	F126_Tomentellopsis	Fungi
F81_Cladosporium	F81_Cladosporium	Fungi
F5_Alternaria	F5_Alternaria	Fungi
B59_Terrabacter	B59_Terrabacter	Bacteria
F73_Tetracladium	F73_Tetracladium	Fungi
B3021_o_NA	B3021_o_NA	Bacteria
B567_Mycobacterium	B567_Mycobacterium	Bacteria
F70_unidentified	F70_unidentified	Fungi
B249_Thiobacillus	B249_Thiobacillus	Bacteria
B140_f_Intrasporangiaceae	B140_f_Intrasporangiaceae	Bacteria
B236_o_SBR1031	B236_o_SBR1031	Bacteria
B63_Methylocystis	B63_Methylocystis	Bacteria
B505_Haliangium	B505_Haliangium	Bacteria
B160_Anaerolinea	B160_Anaerolinea	Bacteria
B477_o_NA	B477_o_NA	Bacteria
B431_Leptolinea	B431_Leptolinea	Bacteria
B456_f_Bacteroidetes vadinHA17	B456_f_Bacteroidetes vadinHA17	Bacteria
B255_Reyranella	B255_Reyranella	Bacteria
B133_uncultured Desulfuromonadales bacterium	B133_uncultured Desulfuromonadales bacterium	Bacteria
B171_uncultured prokaryote	B171_uncultured prokaryote	Bacteria
F471_Mortierella	F471_Mortierella	Fungi
B258_ADurb.Bin063-1	B258_ADurb.Bin063-1	Bacteria
B395_f_uncultured	B395_f_uncultured	Bacteria
B573_uncultured Gemmatimonadetes bacterium	B573_uncultured Gemmatimonadetes bacterium	Bacteria
B350_Candidatus Solibacter	B350_Candidatus Solibacter	Bacteria
B170_Bryobacter	B170_Bryobacter	Bacteria
F91_unidentified	F91_unidentified	Fungi
F490_unidentified	F490_unidentified	Fungi
F78_unidentified	F78_unidentified	Fungi
F105_Clonostachys	F105_Clonostachys	Fungi
B3283_Mycobacterium	B3283_Mycobacterium	Bacteria
B339_Noviherbaspirillum	B339_Noviherbaspirillum	Bacteria
B1179_f_TRA3-20	B1179_f_TRA3-20	Bacteria
B401_Sh765B-TzT-35	B401_Sh765B-TzT-35	Bacteria
B2381_o_NA	B2381_o_NA	Bacteria
B594_metagenome	B594_metagenome	Bacteria
F426_Fusarium	F426_Fusarium	Fungi
B471_uncultured bacterium	B471_uncultured bacterium	Bacteria
B38_uncultured prokaryote	B38_uncultured prokaryote	Bacteria
B341_uncultured	B341_uncultured	Bacteria
B50_Thiobacillus	B50_Thiobacillus	Bacteria
F504_unidentified	F504_unidentified	Fungi
F121_Schizothecium	F121_Schizothecium	Fungi
B444_f_Fimbriimonadaceae	B444_f_Fimbriimonadaceae	Bacteria
F274_unidentified	F274_unidentified	Fungi
F99_Cistella	F99_Cistella	Fungi
F203_unidentified	F203_unidentified	Fungi
F378_unidentified	F378_unidentified	Fungi
F26_unidentified	F26_unidentified	Fungi
F56_Arnium	F56_Arnium	Fungi
F40_unidentified	F40_unidentified	Fungi
F38_Pseudeurotium	F38_Pseudeurotium	Fungi
F179_unidentified	F179_unidentified	Fungi
F54_Pyrenochaetopsis	F54_Pyrenochaetopsis	Fungi
F53_Pyrenochaetopsis	F53_Pyrenochaetopsis	Fungi
B346_uncultured	B346_uncultured	Bacteria
B194_o_OPB41	B194_o_OPB41	Bacteria
B55_Sideroxydans	B55_Sideroxydans	Bacteria
B363_uncultured	B363_uncultured	Bacteria
B538_f_SC-I-84	B538_f_SC-I-84	Bacteria
F237_unidentified	F237_unidentified	Fungi
B2115_Geobacter	B2115_Geobacter	Bacteria
B848_Rhodanobacter	B848_Rhodanobacter	Bacteria
B376_Anaerolinea	B376_Anaerolinea	Bacteria
B1330_Bradyrhizobium	B1330_Bradyrhizobium	Bacteria
B2541_Terrabacter	B2541_Terrabacter	Bacteria
F344_Typhula	F344_Typhula	Fungi
B65_o_RBG-13-54-9	B65_o_RBG-13-54-9	Bacteria
B807_f_Burkholderiaceae	B807_f_Burkholderiaceae	Bacteria
B73_f_Blastocatellaceae	B73_f_Blastocatellaceae	Bacteria
B47_metagenome	B47_metagenome	Bacteria
B675_uncultured	B675_uncultured	Bacteria
B221_f_Xanthobacteraceae	B221_f_Xanthobacteraceae	Bacteria
B1574_ADurb.Bin063-1	B1574_ADurb.Bin063-1	Bacteria
F594_unidentified	F594_unidentified	Fungi
F2039_unidentified	F2039_unidentified	Fungi
F1157_f_Lasiosphaeriaceae	F1157_f_Lasiosphaeriaceae	Fungi
F122_Apodus	F122_Apodus	Fungi
B67_uncultured	B67_uncultured	Bacteria
B150_RBG-16-58-14	B150_RBG-16-58-14	Bacteria
B414_uncultured Desulfovirga sp.	B414_uncultured Desulfovirga sp.	Bacteria
B1409_uncultured Gemmatimonadetes bacterium	B1409_uncultured Gemmatimonadetes bacterium	Bacteria
B2875_Geobacter	B2875_Geobacter	Bacteria
B152_Sideroxydans	B152_Sideroxydans	Bacteria
B261_uncultured	B261_uncultured	Bacteria
B25_uncultured prokaryote	B25_uncultured prokaryote	Bacteria
F307_unidentified	F307_unidentified	Fungi
F423_Zopfiella	F423_Zopfiella	Fungi
F107_o_Helotiales	F107_o_Helotiales	Fungi
F10_Guehomyces	F10_Guehomyces	Fungi
B238_uncultured Iamiaceae bacterium	B238_uncultured Iamiaceae bacterium	Bacteria
B174_f_Bacteroidetes vadinHA17	B174_f_Bacteroidetes vadinHA17	Bacteria
B237_f_Micrococcaceae	B237_f_Micrococcaceae	Bacteria
B128_Thiobacillus	B128_Thiobacillus	Bacteria
F151_unidentified	F151_unidentified	Fungi
F157_unidentified	F157_unidentified	Fungi
F59_Podospora	F59_Podospora	Fungi
F247_unidentified	F247_unidentified	Fungi
F640_unidentified	F640_unidentified	Fungi
F335_unidentified	F335_unidentified	Fungi
F300_unidentified	F300_unidentified	Fungi
F62_Mrakia	F62_Mrakia	Fungi
F97_o_Sordariales	F97_o_Sordariales	Fungi
F2056_Cryptococcus	F2056_Cryptococcus	Fungi
B605_uncultured bacterium SJA-22	B605_uncultured bacterium SJA-22	Bacteria
B263_Sphingomonas	B263_Sphingomonas	Bacteria
B1416_uncultured	B1416_uncultured	Bacteria
B839_f_uncultured	B839_f_uncultured	Bacteria
B1327_f_BIrii41	B1327_f_BIrii41	Bacteria
F347_Emericellopsis	F347_Emericellopsis	Fungi
F220_Acremonium	F220_Acremonium	Fungi
B216_uncultured	B216_uncultured	Bacteria
B6730_Pajaroellobacter	B6730_Pajaroellobacter	Bacteria
F44_Zopfiella	F44_Zopfiella	Fungi
B2035_MND1	B2035_MND1	Bacteria
B305_f_uncultured	B305_f_uncultured	Bacteria
F1327_unidentified	F1327_unidentified	Fungi
B126_Sphingomonas	B126_Sphingomonas	Bacteria
F46_Microscypha	F46_Microscypha	Fungi
B668_Chthonomonas	B668_Chthonomonas	Bacteria
B701_uncultured bacterium	B701_uncultured bacterium	Bacteria
F367_unidentified	F367_unidentified	Fungi
B1002_uncultured bacterium	B1002_uncultured bacterium	Bacteria
F39_unidentified	F39_unidentified	Fungi
F454_unidentified	F454_unidentified	Fungi
F22_Setophoma	F22_Setophoma	Fungi
B651_Gemmata	B651_Gemmata	Bacteria
B793_Haliangium	B793_Haliangium	Bacteria
B445_Methylomicrobium	B445_Methylomicrobium	Bacteria
B5252_f_WD2101 soil group	B5252_f_WD2101 soil group	Bacteria
F180_Tetracladium	F180_Tetracladium	Fungi
B2574_uncultured	B2574_uncultured	Bacteria
B517_uncultured bacterium	B517_uncultured bacterium	Bacteria
B1781_Gemmatimonas	B1781_Gemmatimonas	Bacteria
B488_uncultured prokaryote	B488_uncultured prokaryote	Bacteria
B142_Ellin6067	B142_Ellin6067	Bacteria
F342_unidentified	F342_unidentified	Fungi
F94_Mortierella	F94_Mortierella	Fungi
B173_uncultured planctomycete	B173_uncultured planctomycete	Bacteria
B4278_Ellin6067	B4278_Ellin6067	Bacteria
B316_uncultured Thermaerobacter sp.	B316_uncultured Thermaerobacter sp.	Bacteria
B69_o_NA	B69_o_NA	Bacteria
F631_unidentified	F631_unidentified	Fungi
B148_Thiobacillus	B148_Thiobacillus	Bacteria
B375_Sphingomonas	B375_Sphingomonas	Bacteria
B516_uncultured bacterium SJA-22	B516_uncultured bacterium SJA-22	Bacteria
B253_uncultured	B253_uncultured	Bacteria
B731_Thiobacillus	B731_Thiobacillus	Bacteria
B815_uncultured bacterium	B815_uncultured bacterium	Bacteria
F497_o_NA	F497_o_NA	Fungi
F14_o_Pleosporales	F14_o_Pleosporales	Fungi
F212_o_NA	F212_o_NA	Fungi
F42_unidentified	F42_unidentified	Fungi
B96_uncultured	B96_uncultured	Bacteria
B248_o_Betaproteobacteriales	B248_o_Betaproteobacteriales	Bacteria
B2302_o_SJA-15	B2302_o_SJA-15	Bacteria
B920_Candidatus Koribacter	B920_Candidatus Koribacter	Bacteria
B508_Phenylobacterium	B508_Phenylobacterium	Bacteria
F83_Schizothecium	F83_Schizothecium	Fungi
B2656_Marmoricola	B2656_Marmoricola	Bacteria
F1234_unidentified	F1234_unidentified	Fungi
F732_f_Hypocreales_fam_Incertae_sedis	F732_f_Hypocreales_fam_Incertae_sedis	Fungi
B259_uncultured	B259_uncultured	Bacteria
F171_unidentified	F171_unidentified	Fungi
F245_o_NA	F245_o_NA	Fungi
F34_Mortierella	F34_Mortierella	Fungi
F249_Mortierella	F249_Mortierella	Fungi
F80_Uncobasidium	F80_Uncobasidium	Fungi
F103_unidentified	F103_unidentified	Fungi
B352_o_NA	B352_o_NA	Bacteria
F358_unidentified	F358_unidentified	Fungi
F792_Claroideoglomus	F792_Claroideoglomus	Fungi
F67_unidentified	F67_unidentified	Fungi
F41_Arnium	F41_Arnium	Fungi
F402_unidentified	F402_unidentified	Fungi
B223_uncultured Sphingobacteriales bacterium	B223_uncultured Sphingobacteriales bacterium	Bacteria
F687_unidentified	F687_unidentified	Fungi
F384_unidentified	F384_unidentified	Fungi
B113_o_RBG-13-54-9	B113_o_RBG-13-54-9	Bacteria
F96_unidentified	F96_unidentified	Fungi
F47_f_Phaeosphaeriaceae	F47_f_Phaeosphaeriaceae	Fungi
F15_o_Helotiales	F15_o_Helotiales	Fungi
F334_Plectosphaerella	F334_Plectosphaerella	Fungi
B921_uncultured prokaryote	B921_uncultured prokaryote	Bacteria
B1494_o_R7C24	B1494_o_R7C24	Bacteria
F314_unidentified	F314_unidentified	Fungi
F195_Cistella	F195_Cistella	Fungi
B175_Ellin6067	B175_Ellin6067	Bacteria
F345_unidentified	F345_unidentified	Fungi
F79_Ceratobasidium	F79_Ceratobasidium	Fungi
F563_unidentified	F563_unidentified	Fungi
F77_o_NA	F77_o_NA	Fungi
F242_unidentified	F242_unidentified	Fungi
F25_Dimorphospora	F25_Dimorphospora	Fungi
F68_Pseudogymnoascus	F68_Pseudogymnoascus	Fungi
B458_uncultured prokaryote	B458_uncultured prokaryote	Bacteria
B622_Novosphingobium	B622_Novosphingobium	Bacteria
F218_unidentified	F218_unidentified	Fungi
B195_uncultured soil bacterium	B195_uncultured soil bacterium	Bacteria
B190_o_NA	B190_o_NA	Bacteria
F28_f_Hypocreales_fam_Incertae_sedis	F28_f_Hypocreales_fam_Incertae_sedis	Fungi
B575_Actinomadura	B575_Actinomadura	Bacteria
B53_f_SC-I-84	B53_f_SC-I-84	Bacteria
F282_unidentified	F282_unidentified	Fungi
B584_Leptolinea	B584_Leptolinea	Bacteria
B1617_uncultured Prosthecobacter sp.	B1617_uncultured Prosthecobacter sp.	Bacteria
B199_f_Nocardioidaceae	B199_f_Nocardioidaceae	Bacteria
B2156_uncultured	B2156_uncultured	Bacteria
B644_uncultured Planctomyces sp.	B644_uncultured Planctomyces sp.	Bacteria
F711_unidentified	F711_unidentified	Fungi
F141_f_Nectriaceae	F141_f_Nectriaceae	Fungi
B119_Acidibacter	B119_Acidibacter	Bacteria
B154_f_Micrococcaceae	B154_f_Micrococcaceae	Bacteria
F186_unidentified	F186_unidentified	Fungi
B631_Anaeromyxobacter	B631_Anaeromyxobacter	Bacteria
F200_Aspergillus	F200_Aspergillus	Fungi
F192_Fusicolla	F192_Fusicolla	Fungi
B131_Rhodanobacter	B131_Rhodanobacter	Bacteria
F330_o_NA	F330_o_NA	Fungi
F517_unidentified	F517_unidentified	Fungi
B262_uncultured	B262_uncultured	Bacteria
F240_unidentified	F240_unidentified	Fungi
F387_unidentified	F387_unidentified	Fungi
F254_o_Sordariales	F254_o_Sordariales	Fungi
F90_Pseudogymnoascus	F90_Pseudogymnoascus	Fungi
F236_Podospora	F236_Podospora	Fungi
B300_Gemmatimonas	B300_Gemmatimonas	Bacteria
F184_unidentified	F184_unidentified	Fungi
F86_Serendipita	F86_Serendipita	Fungi
B883_uncultured	B883_uncultured	Bacteria
B592_uncultured Ferrimicrobium sp.	B592_uncultured Ferrimicrobium sp.	Bacteria
B112_uncultured prokaryote	B112_uncultured prokaryote	Bacteria
F405_unidentified	F405_unidentified	Fungi
F521_unidentified	F521_unidentified	Fungi
F947_unidentified	F947_unidentified	Fungi
F2_Nigrospora	F2_Nigrospora	Fungi
F92_unidentified	F92_unidentified	Fungi
F55_f_Nectriaceae	F55_f_Nectriaceae	Fungi
F9_Chaetomium	F9_Chaetomium	Fungi
F61_o_Pleosporales	F61_o_Pleosporales	Fungi
F159_o_Helotiales	F159_o_Helotiales	Fungi
F216_unidentified	F216_unidentified	Fungi
F1490_unidentified	F1490_unidentified	Fungi
F23_Solicoccozyma	F23_Solicoccozyma	Fungi
F154_Slooffia	F154_Slooffia	Fungi
F205_Mortierella	F205_Mortierella	Fungi
F66_Trichoderma	F66_Trichoderma	Fungi
F189_Westerdykella	F189_Westerdykella	Fungi
F524_unidentified	F524_unidentified	Fungi
B215_Nakamurella	B215_Nakamurella	Bacteria
F156_Serendipita	F156_Serendipita	Fungi
F173_unidentified	F173_unidentified	Fungi
B670_f_uncultured	B670_f_uncultured	Bacteria
B2831_Gemmata	B2831_Gemmata	Bacteria
B1371_Reyranella	B1371_Reyranella	Bacteria
F211_unidentified	F211_unidentified	Fungi
F52_Psilocybe	F52_Psilocybe	Fungi
F443_unidentified	F443_unidentified	Fungi
F584_Psilocybe	F584_Psilocybe	Fungi
F114_unidentified	F114_unidentified	Fungi
F327_unidentified	F327_unidentified	Fungi
F371_unidentified	F371_unidentified	Fungi
F842_unidentified	F842_unidentified	Fungi
F170_unidentified	F170_unidentified	Fungi
F140_unidentified	F140_unidentified	Fungi
F950_unidentified	F950_unidentified	Fungi
F119_unidentified	F119_unidentified	Fungi
F1325_unidentified	F1325_unidentified	Fungi
F182_o_NA	F182_o_NA	Fungi
F48_unidentified	F48_unidentified	Fungi
F224_Rhizophydium	F224_Rhizophydium	Fungi
F393_unidentified	F393_unidentified	Fungi
F444_unidentified	F444_unidentified	Fungi
F437_unidentified	F437_unidentified	Fungi
F175_unidentified	F175_unidentified	Fungi
F452_unidentified	F452_unidentified	Fungi
F485_unidentified	F485_unidentified	Fungi
F124_Stachybotrys	F124_Stachybotrys	Fungi
F825_unidentified	F825_unidentified	Fungi
F868_Boothiomyces	F868_Boothiomyces	Fungi
F936_o_Helotiales	F936_o_Helotiales	Fungi
F928_o_Coniochaetales	F928_o_Coniochaetales	Fungi
F651_unidentified	F651_unidentified	Fungi
F1063_o_NA	F1063_o_NA	Fungi
F1392_unidentified	F1392_unidentified	Fungi
F836_Acremonium	F836_Acremonium	Fungi
F351_unidentified	F351_unidentified	Fungi
F634_unidentified	F634_unidentified	Fungi
F134_o_NA	F134_o_NA	Fungi
F465_unidentified	F465_unidentified	Fungi
F456_f_Hypocreales_fam_Incertae_sedis	F456_f_Hypocreales_fam_Incertae_sedis	Fungi
F336_unidentified	F336_unidentified	Fungi
F522_unidentified	F522_unidentified	Fungi
F57_Trichoderma	F57_Trichoderma	Fungi
F355_unidentified	F355_unidentified	Fungi
F710_unidentified	F710_unidentified	Fungi
F1211_unidentified	F1211_unidentified	Fungi
F185_f_Didymosphaeriaceae	F185_f_Didymosphaeriaceae	Fungi
F65_Sarocladium	F65_Sarocladium	Fungi
F32_Tilletia	F32_Tilletia	Fungi
F33_unidentified	F33_unidentified	Fungi
F27_Curvularia	F27_Curvularia	Fungi
F1340_Morchella	F1340_Morchella	Fungi
B593_uncultured.Gemmatimonadetes.bacterium	B593_uncultured.Gemmatimonadetes.bacterium	Bacteria
B1537_Anaerolinea	B1537_Anaerolinea	Bacteria
B211_o_SBR1031	B211_o_SBR1031	Bacteria
B1830_f_WD2101.soil.group	B1830_f_WD2101.soil.group	Bacteria
B3183_uncultured	B3183_uncultured	Bacteria
B406_Syntrophobacter	B406_Syntrophobacter	Bacteria
B139_RBG.16.58.14	B139_RBG.16.58.14	Bacteria
B625_uncultured.Caldilineaceae.bacterium	B625_uncultured.Caldilineaceae.bacterium	Bacteria
B163_uncultured	B163_uncultured	Bacteria
B427_uncultured.Gemmatimonadetes.bacterium	B427_uncultured.Gemmatimonadetes.bacterium	Bacteria
B1292_o_SBR1031	B1292_o_SBR1031	Bacteria
B1134_f_Anaerolineaceae	B1134_f_Anaerolineaceae	Bacteria
B1064_RBG.16.58.14	B1064_RBG.16.58.14	Bacteria
B509_o_SBR1031	B509_o_SBR1031	Bacteria
B1265_Anaerolinea	B1265_Anaerolinea	Bacteria
B1778_o_SJA.15	B1778_o_SJA.15	Bacteria
B1200_Leptolinea	B1200_Leptolinea	Bacteria
B184_f_Anaerolineaceae	B184_f_Anaerolineaceae	Bacteria
B250_o_RBG.13.54.9	B250_o_RBG.13.54.9	Bacteria
B247_uncultured	B247_uncultured	Bacteria
B218_RBG.16.58.14	B218_RBG.16.58.14	Bacteria
B256_uncultured.Gemmatimonadetes.bacterium	B256_uncultured.Gemmatimonadetes.bacterium	Bacteria
B563_uncultured.eubacterium.WCHB1.50	B563_uncultured.eubacterium.WCHB1.50	Bacteria
B530_o_RBG.13.54.9	B530_o_RBG.13.54.9	Bacteria
B901_uncultured.bacterium	B901_uncultured.bacterium	Bacteria
B456_f_Bacteroidetes.vadinHA17	B456_f_Bacteroidetes.vadinHA17	Bacteria
B158_uncultured.bacterium	B158_uncultured.bacterium	Bacteria
B506_uncultured.eubacterium.WCHB1.50	B506_uncultured.eubacterium.WCHB1.50	Bacteria
B898_f_Blastocatellaceae	B898_f_Blastocatellaceae	Bacteria
B49_Anaerolinea	B49_Anaerolinea	Bacteria
B189_Sideroxydans	B189_Sideroxydans	Bacteria
B79_uncultured	B79_uncultured	Bacteria
B225_uncultured.bacterium	B225_uncultured.bacterium	Bacteria
B65_o_RBG.13.54.9	B65_o_RBG.13.54.9	Bacteria
B1578_uncultured	B1578_uncultured	Bacteria
B292_uncultured	B292_uncultured	Bacteria
B1368_o_NA	B1368_o_NA	Bacteria
B355_Desulfobacca	B355_Desulfobacca	Bacteria
B418_f_SC.I.84	B418_f_SC.I.84	Bacteria
B167_Gemmatimonas	B167_Gemmatimonas	Bacteria
B602_uncultured.Holophaga.sp.	B602_uncultured.Holophaga.sp.	Bacteria
B440_Anaerolinea	B440_Anaerolinea	Bacteria
B460_uncultured.prokaryote	B460_uncultured.prokaryote	Bacteria
B1233_uncultured.Prosthecobacter.sp.	B1233_uncultured.Prosthecobacter.sp.	Bacteria
B181_uncultured.Planctomycetales.bacterium	B181_uncultured.Planctomycetales.bacterium	Bacteria
B414_uncultured.Desulfovirga.sp.	B414_uncultured.Desulfovirga.sp.	Bacteria
B258_ADurb.Bin063.1	B258_ADurb.Bin063.1	Bacteria
B3258_uncultured	B3258_uncultured	Bacteria
B706_uncultured.Desulfuromonadales.bacterium	B706_uncultured.Desulfuromonadales.bacterium	Bacteria
B1409_uncultured.Gemmatimonadetes.bacterium	B1409_uncultured.Gemmatimonadetes.bacterium	Bacteria
B151_Pseudolabrys	B151_Pseudolabrys	Bacteria
B274_Porphyrobacter	B274_Porphyrobacter	Bacteria
B44_f_Xanthobacteraceae	B44_f_Xanthobacteraceae	Bacteria
B1439_uncultured	B1439_uncultured	Bacteria
B319_anaerobic.bacterium.MO.CFX2	B319_anaerobic.bacterium.MO.CFX2	Bacteria
B206_uncultured.bacterium	B206_uncultured.bacterium	Bacteria
B423_Paludibaculum	B423_Paludibaculum	Bacteria
B290_Novosphingobium	B290_Novosphingobium	Bacteria
B251_uncultured.Bellilinea.sp.	B251_uncultured.Bellilinea.sp.	Bacteria
B1820_possible.genus.04	B1820_possible.genus.04	Bacteria
B168_uncultured.bacterium	B168_uncultured.bacterium	Bacteria
B516_uncultured.bacterium.SJA.22	B516_uncultured.bacterium.SJA.22	Bacteria
B2023_uncultured.bacterium	B2023_uncultured.bacterium	Bacteria
B471_uncultured.bacterium	B471_uncultured.bacterium	Bacteria
B350_Candidatus.Solibacter	B350_Candidatus.Solibacter	Bacteria
B1400_Candidatus.Koribacter	B1400_Candidatus.Koribacter	Bacteria
B921_uncultured.prokaryote	B921_uncultured.prokaryote	Bacteria
B94_uncultured.Nitrospirae.bacterium	B94_uncultured.Nitrospirae.bacterium	Bacteria
B458_uncultured.prokaryote	B458_uncultured.prokaryote	Bacteria
B517_uncultured.bacterium	B517_uncultured.bacterium	Bacteria
B238_uncultured.Iamiaceae.bacterium	B238_uncultured.Iamiaceae.bacterium	Bacteria
B2302_o_SJA.15	B2302_o_SJA.15	Bacteria
B605_uncultured.bacterium.SJA.22	B605_uncultured.bacterium.SJA.22	Bacteria
B120_uncultured.Anaerolineaceae.bacterium	B120_uncultured.Anaerolineaceae.bacterium	Bacteria
B133_uncultured.Desulfuromonadales.bacterium	B133_uncultured.Desulfuromonadales.bacterium	Bacteria
B690_o_Subgroup.7	B690_o_Subgroup.7	Bacteria
B104_uncultured.bacterium	B104_uncultured.bacterium	Bacteria
B829_uncultured.bacterium	B829_uncultured.bacterium	Bacteria
B38_uncultured.prokaryote	B38_uncultured.prokaryote	Bacteria
B185_ADurb.Bin063.1	B185_ADurb.Bin063.1	Bacteria
B454_uncultured	B454_uncultured	Bacteria
B174_f_Bacteroidetes.vadinHA17	B174_f_Bacteroidetes.vadinHA17	Bacteria
B443_RBG.16.58.14	B443_RBG.16.58.14	Bacteria
B701_uncultured.bacterium	B701_uncultured.bacterium	Bacteria
B987_f_BIrii41	B987_f_BIrii41	Bacteria
B146_uncultured.prokaryote	B146_uncultured.prokaryote	Bacteria
B451_uncultured.soil.bacterium	B451_uncultured.soil.bacterium	Bacteria
B804_Anaerolinea	B804_Anaerolinea	Bacteria
B171_uncultured.prokaryote	B171_uncultured.prokaryote	Bacteria
B1002_uncultured.bacterium	B1002_uncultured.bacterium	Bacteria
B411_uncultured.prokaryote	B411_uncultured.prokaryote	Bacteria
B1581_Candidatus.Solibacter	B1581_Candidatus.Solibacter	Bacteria
B322_RB41	B322_RB41	Bacteria
B6129_Candidatus.Solibacter	B6129_Candidatus.Solibacter	Bacteria
B644_uncultured.Planctomyces.sp.	B644_uncultured.Planctomyces.sp.	Bacteria
B5252_f_WD2101.soil.group	B5252_f_WD2101.soil.group	Bacteria
B538_f_SC.I.84	B538_f_SC.I.84	Bacteria
B920_Candidatus.Koribacter	B920_Candidatus.Koribacter	Bacteria
B150_RBG.16.58.14	B150_RBG.16.58.14	Bacteria
B1574_ADurb.Bin063.1	B1574_ADurb.Bin063.1	Bacteria
B815_uncultured.bacterium	B815_uncultured.bacterium	Bacteria
B53_f_SC.I.84	B53_f_SC.I.84	Bacteria
B195_uncultured.soil.bacterium	B195_uncultured.soil.bacterium	Bacteria
B488_uncultured.prokaryote	B488_uncultured.prokaryote	Bacteria
B223_uncultured.Sphingobacteriales.bacterium	B223_uncultured.Sphingobacteriales.bacterium	Bacteria
B2122_uncultured.Caldilinea.sp.	B2122_uncultured.Caldilinea.sp.	Bacteria
B283_uncultured.Thermaerobacter.sp.	B283_uncultured.Thermaerobacter.sp.	Bacteria
B1617_uncultured.Prosthecobacter.sp.	B1617_uncultured.Prosthecobacter.sp.	Bacteria
B25_uncultured.prokaryote	B25_uncultured.prokaryote	Bacteria
B1179_f_TRA3.20	B1179_f_TRA3.20	Bacteria
B316_uncultured.Thermaerobacter.sp.	B316_uncultured.Thermaerobacter.sp.	Bacteria
B112_uncultured.prokaryote	B112_uncultured.prokaryote	Bacteria
B383_uncultured.bacterium	B383_uncultured.bacterium	Bacteria
B441_Actinobacteria.bacterium.RBG_19FT_COMBO_70_19	B441_Actinobacteria.bacterium.RBG_19FT_COMBO_70_19	Bacteria
F255_unidentified	F255_unidentified	Fungi
F350_o_Tremellales	F350_o_Tremellales	Fungi
F486_unidentified	F486_unidentified	Fungi
F641_unidentified	F641_unidentified	Fungi
F827_unidentified	F827_unidentified	Fungi
F201_unidentified	F201_unidentified	Fungi
F527_unidentified	F527_unidentified	Fungi
F69_o_Pleosporales	F69_o_Pleosporales	Fungi
F1337_unidentified	F1337_unidentified	Fungi
F691_unidentified	F691_unidentified	Fungi
F1113_unidentified	F1113_unidentified	Fungi
F167_unidentified	F167_unidentified	Fungi
F234_unidentified	F234_unidentified	Fungi
F12_o_Pleosporales	F12_o_Pleosporales	Fungi
