id	label	Bacteria
B5040_Peredibacter	B5040_Peredibacter	Bacteria
B579_Filimonas	B579_Filimonas	Bacteria
B1310_f_0319-6G20	B1310_f_0319-6G20	Bacteria
B3894_Flavobacterium	B3894_Flavobacterium	Bacteria
B134_Pseudomonas	B134_Pseudomonas	Bacteria
B1157_Sphingobium	B1157_Sphingobium	Bacteria
B1728_Methylovorus	B1728_Methylovorus	Bacteria
B2049_Stenotrophomonas	B2049_Stenotrophomonas	Bacteria
B617_Bdellovibrio	B617_Bdellovibrio	Bacteria
B37_Allorhizobium-Neorhizobium-Pararhizobium-Rhizobium	B37_Allorhizobium-Neorhizobium-Pararhizobium-Rhizobium	Bacteria
B5_Pseudomonas	B5_Pseudomonas	Bacteria
B342_Herbaspirillum	B342_Herbaspirillum	Bacteria
B10_Allorhizobium-Neorhizobium-Pararhizobium-Rhizobium	B10_Allorhizobium-Neorhizobium-Pararhizobium-Rhizobium	Bacteria
B1486_Allorhizobium-Neorhizobium-Pararhizobium-Rhizobium	B1486_Allorhizobium-Neorhizobium-Pararhizobium-Rhizobium	Bacteria
B299_Allorhizobium-Neorhizobium-Pararhizobium-Rhizobium	B299_Allorhizobium-Neorhizobium-Pararhizobium-Rhizobium	Bacteria
B42_Pseudomonas	B42_Pseudomonas	Bacteria
B1155_Novosphingobium	B1155_Novosphingobium	Bacteria
B851_Allorhizobium-Neorhizobium-Pararhizobium-Rhizobium	B851_Allorhizobium-Neorhizobium-Pararhizobium-Rhizobium	Bacteria
B4665_uncultured	B4665_uncultured	Bacteria
B1802_uncultured	B1802_uncultured	Bacteria
B637_Terrimicrobium	B637_Terrimicrobium	Bacteria
B3557_uncultured	B3557_uncultured	Bacteria
B3235_Lacunisphaera	B3235_Lacunisphaera	Bacteria
B202_f_Burkholderiaceae	B202_f_Burkholderiaceae	Bacteria
B581_Devosia	B581_Devosia	Bacteria
B100_Chitinophaga	B100_Chitinophaga	Bacteria
B466_Allorhizobium-Neorhizobium-Pararhizobium-Rhizobium	B466_Allorhizobium-Neorhizobium-Pararhizobium-Rhizobium	Bacteria
B20_Pseudomonas	B20_Pseudomonas	Bacteria
B2438_Shinella	B2438_Shinella	Bacteria
B93_Pedobacter	B93_Pedobacter	Bacteria
B4073_uncultured bacterium	B4073_uncultured bacterium	Bacteria
B301_f_Microbacteriaceae	B301_f_Microbacteriaceae	Bacteria
B849_Sphingobium	B849_Sphingobium	Bacteria
B1919_Flavobacterium	B1919_Flavobacterium	Bacteria
B39_Paenibacillus	B39_Paenibacillus	Bacteria
B101_Filimonas	B101_Filimonas	Bacteria
B1971_Terrimonas	B1971_Terrimonas	Bacteria
B1242_Novosphingobium	B1242_Novosphingobium	Bacteria
B386_Rhodopseudomonas	B386_Rhodopseudomonas	Bacteria
B481_Stenotrophomonas	B481_Stenotrophomonas	Bacteria
B512_Flavobacterium	B512_Flavobacterium	Bacteria
B2563_Luteolibacter	B2563_Luteolibacter	Bacteria
B948_Mucilaginibacter	B948_Mucilaginibacter	Bacteria
B68_Chryseobacterium	B68_Chryseobacterium	Bacteria
B52_Allorhizobium-Neorhizobium-Pararhizobium-Rhizobium	B52_Allorhizobium-Neorhizobium-Pararhizobium-Rhizobium	Bacteria
B366_Allorhizobium-Neorhizobium-Pararhizobium-Rhizobium	B366_Allorhizobium-Neorhizobium-Pararhizobium-Rhizobium	Bacteria
B975_Chryseobacterium	B975_Chryseobacterium	Bacteria
B227_Allorhizobium-Neorhizobium-Pararhizobium-Rhizobium	B227_Allorhizobium-Neorhizobium-Pararhizobium-Rhizobium	Bacteria
B2034_Arcticibacter	B2034_Arcticibacter	Bacteria
B7_Curtobacterium	B7_Curtobacterium	Bacteria
B1098_Sphingobacterium	B1098_Sphingobacterium	Bacteria
B913_uncultured	B913_uncultured	Bacteria
B95_Allorhizobium-Neorhizobium-Pararhizobium-Rhizobium	B95_Allorhizobium-Neorhizobium-Pararhizobium-Rhizobium	Bacteria
B3348_Flavobacterium	B3348_Flavobacterium	Bacteria
B2639_Flavobacterium	B2639_Flavobacterium	Bacteria
B317_Brevundimonas	B317_Brevundimonas	Bacteria
B900_Stenotrophomonas	B900_Stenotrophomonas	Bacteria
B997_Oxalophagus	B997_Oxalophagus	Bacteria
F109_o_Pleosporales	F109_o_Pleosporales	Fungi
F480_unidentified	F480_unidentified	Fungi
F21_Acremonium	F21_Acremonium	Fungi
F43_o_Sebacinales	F43_o_Sebacinales	Fungi
F547_unidentified	F547_unidentified	Fungi
F54_Pyrenochaetopsis	F54_Pyrenochaetopsis	Fungi
F76_o_Sordariales	F76_o_Sordariales	Fungi
F77_o_NA	F77_o_NA	Fungi
F16_Pyricularia	F16_Pyricularia	Fungi
F60_Nakataea	F60_Nakataea	Fungi
F2_Nigrospora	F2_Nigrospora	Fungi
F4_o_Pleosporales	F4_o_Pleosporales	Fungi
F18_f_Phaeosphaeriaceae	F18_f_Phaeosphaeriaceae	Fungi
F12_o_Pleosporales	F12_o_Pleosporales	Fungi
F47_f_Phaeosphaeriaceae	F47_f_Phaeosphaeriaceae	Fungi
F50_Thanatephorus	F50_Thanatephorus	Fungi
F20_Edenia	F20_Edenia	Fungi
F53_Pyrenochaetopsis	F53_Pyrenochaetopsis	Fungi
F33_unidentified	F33_unidentified	Fungi
F65_Sarocladium	F65_Sarocladium	Fungi
F28_f_Hypocreales_fam_Incertae_sedis	F28_f_Hypocreales_fam_Incertae_sedis	Fungi
F337_Myrmecridium	F337_Myrmecridium	Fungi
F30_unidentified	F30_unidentified	Fungi
B1548_Taibaiella	B1548_Taibaiella	Bacteria
B1683_Kaistia	B1683_Kaistia	Bacteria
B36_Stenotrophomonas	B36_Stenotrophomonas	Bacteria
B973_Flavobacterium	B973_Flavobacterium	Bacteria
B603_Massilia	B603_Massilia	Bacteria
B685_Xanthobacter	B685_Xanthobacter	Bacteria
B58_Rhodanobacter	B58_Rhodanobacter	Bacteria
B596_Dyella	B596_Dyella	Bacteria
B1933_Mucilaginibacter	B1933_Mucilaginibacter	Bacteria
B72_Allorhizobium-Neorhizobium-Pararhizobium-Rhizobium	B72_Allorhizobium-Neorhizobium-Pararhizobium-Rhizobium	Bacteria
B56_Allorhizobium-Neorhizobium-Pararhizobium-Rhizobium	B56_Allorhizobium-Neorhizobium-Pararhizobium-Rhizobium	Bacteria
B1477_Candidatus Paracaedibacter	B1477_Candidatus Paracaedibacter	Bacteria
B110_Roseateles	B110_Roseateles	Bacteria
B359_f_Xanthobacteraceae	B359_f_Xanthobacteraceae	Bacteria
B536_Azorhizobium	B536_Azorhizobium	Bacteria
B1599_Pseudomonas	B1599_Pseudomonas	Bacteria
B191_Pseudoxanthomonas	B191_Pseudoxanthomonas	Bacteria
B2081_Brevundimonas	B2081_Brevundimonas	Bacteria
B1132_Brevundimonas	B1132_Brevundimonas	Bacteria
B2178_Pseudomonas	B2178_Pseudomonas	Bacteria
B318_Caulobacter	B318_Caulobacter	Bacteria
B118_Oxalicibacterium	B118_Oxalicibacterium	Bacteria
B1139_Mucilaginibacter	B1139_Mucilaginibacter	Bacteria
B1721_Flavobacterium	B1721_Flavobacterium	Bacteria
F75_unidentified	F75_unidentified	Fungi
F48_unidentified	F48_unidentified	Fungi
F95_o_NA	F95_o_NA	Fungi
F3_Moesziomyces	F3_Moesziomyces	Fungi
F275_Cyphellophora	F275_Cyphellophora	Fungi
F40_unidentified	F40_unidentified	Fungi
F662_Sarocladium	F662_Sarocladium	Fungi
F93_Gaeumannomyces	F93_Gaeumannomyces	Fungi
F85_Fusarium	F85_Fusarium	Fungi
B970_Allorhizobium-Neorhizobium-Pararhizobium-Rhizobium	B970_Allorhizobium-Neorhizobium-Pararhizobium-Rhizobium	Bacteria
B633_f_Xanthomonadaceae	B633_f_Xanthomonadaceae	Bacteria
B308_Filimonas	B308_Filimonas	Bacteria
B92_Chryseobacterium	B92_Chryseobacterium	Bacteria
B1765_Microbacterium	B1765_Microbacterium	Bacteria
F133_Cyphellophora	F133_Cyphellophora	Fungi
F51_Papiliotrema	F51_Papiliotrema	Fungi
F55_f_Nectriaceae	F55_f_Nectriaceae	Fungi
F31_Fusarium	F31_Fusarium	Fungi
B137_Mycobacterium	B137_Mycobacterium	Bacteria
F285_Tetraplosphaeria	F285_Tetraplosphaeria	Fungi
B1259_f_Microbacteriaceae	B1259_f_Microbacteriaceae	Bacteria
B3197_Brevundimonas	B3197_Brevundimonas	Bacteria
B986_Allorhizobium-Neorhizobium-Pararhizobium-Rhizobium	B986_Allorhizobium-Neorhizobium-Pararhizobium-Rhizobium	Bacteria
B2609_Altererythrobacter	B2609_Altererythrobacter	Bacteria
B1174_Nocardioides	B1174_Nocardioides	Bacteria
B40_Caulobacter	B40_Caulobacter	Bacteria
B220_Burkholderia-Caballeronia-Paraburkholderia	B220_Burkholderia-Caballeronia-Paraburkholderia	Bacteria
B314_Segniliparus	B314_Segniliparus	Bacteria
B147_Sphingomonas	B147_Sphingomonas	Bacteria
B1029_Massilia	B1029_Massilia	Bacteria
B266_Allorhizobium-Neorhizobium-Pararhizobium-Rhizobium	B266_Allorhizobium-Neorhizobium-Pararhizobium-Rhizobium	Bacteria
B1774_Mucilaginibacter	B1774_Mucilaginibacter	Bacteria
B77_Allorhizobium-Neorhizobium-Pararhizobium-Rhizobium	B77_Allorhizobium-Neorhizobium-Pararhizobium-Rhizobium	Bacteria
B226_Burkholderia-Caballeronia-Paraburkholderia	B226_Burkholderia-Caballeronia-Paraburkholderia	Bacteria
B19_Xanthomonas	B19_Xanthomonas	Bacteria
B18_Herbaspirillum	B18_Herbaspirillum	Bacteria
B200_Flavobacterium	B200_Flavobacterium	Bacteria
B1_Pantoea	B1_Pantoea	Bacteria
B532_Siphonobacter	B532_Siphonobacter	Bacteria
B2222_Pedobacter	B2222_Pedobacter	Bacteria
B4_Pantoea	B4_Pantoea	Bacteria
F69_o_Pleosporales	F69_o_Pleosporales	Fungi
F8_unidentified	F8_unidentified	Fungi
F105_Clonostachys	F105_Clonostachys	Fungi
F11_Sarocladium	F11_Sarocladium	Fungi
F6_Cladosporium	F6_Cladosporium	Fungi
B2785_Massilia	B2785_Massilia	Bacteria
B111_Allorhizobium-Neorhizobium-Pararhizobium-Rhizobium	B111_Allorhizobium-Neorhizobium-Pararhizobium-Rhizobium	Bacteria
B947_Verticia	B947_Verticia	Bacteria
B217_Burkholderia-Caballeronia-Paraburkholderia	B217_Burkholderia-Caballeronia-Paraburkholderia	Bacteria
B2039_Stenotrophomonas	B2039_Stenotrophomonas	Bacteria
B453_Allorhizobium-Neorhizobium-Pararhizobium-Rhizobium	B453_Allorhizobium-Neorhizobium-Pararhizobium-Rhizobium	Bacteria
B43_Sphingomonas	B43_Sphingomonas	Bacteria
B149_Mucilaginibacter	B149_Mucilaginibacter	Bacteria
B1048_f_Burkholderiaceae	B1048_f_Burkholderiaceae	Bacteria
F730_Lachnella	F730_Lachnella	Fungi
F106_unidentified	F106_unidentified	Fungi
F187_o_Chaetothyriales	F187_o_Chaetothyriales	Fungi
F36_Moesziomyces	F36_Moesziomyces	Fungi
F235_Sarocladium	F235_Sarocladium	Fungi
B289_Caulobacter	B289_Caulobacter	Bacteria
B3615_Fluviicola	B3615_Fluviicola	Bacteria
B2255_Chitinophaga	B2255_Chitinophaga	Bacteria
B6_Sphingomonas	B6_Sphingomonas	Bacteria
B949_Verticia	B949_Verticia	Bacteria
B281_Duganella	B281_Duganella	Bacteria
B3253_f_Burkholderiaceae	B3253_f_Burkholderiaceae	Bacteria
B4666_Sphingomonas	B4666_Sphingomonas	Bacteria
B2478_Allorhizobium-Neorhizobium-Pararhizobium-Rhizobium	B2478_Allorhizobium-Neorhizobium-Pararhizobium-Rhizobium	Bacteria
B9_Methylobacterium	B9_Methylobacterium	Bacteria
B1173_Devosia	B1173_Devosia	Bacteria
B1287_Allorhizobium-Neorhizobium-Pararhizobium-Rhizobium	B1287_Allorhizobium-Neorhizobium-Pararhizobium-Rhizobium	Bacteria
F5_Alternaria	F5_Alternaria	Fungi
B601_Sphingobium	B601_Sphingobium	Bacteria
F61_o_Pleosporales	F61_o_Pleosporales	Fungi
B1169_Roseomonas	B1169_Roseomonas	Bacteria
F306_Occultifur	F306_Occultifur	Fungi
B86_Sphingomonas	B86_Sphingomonas	Bacteria
B5121_Sphingomonas	B5121_Sphingomonas	Bacteria
F22_Setophoma	F22_Setophoma	Fungi
B48_Luteibacter	B48_Luteibacter	Bacteria
B1712_Allohumibacter	B1712_Allohumibacter	Bacteria
B991_Kaistia	B991_Kaistia	Bacteria
F88_unidentified	F88_unidentified	Fungi
B343_Microbacterium	B343_Microbacterium	Bacteria
B3862_Xanthomonas	B3862_Xanthomonas	Bacteria
F115_unidentified	F115_unidentified	Fungi
B1613_marine metagenome	B1613_marine metagenome	Bacteria
B1511_Stenotrophomonas	B1511_Stenotrophomonas	Bacteria
B657_f_Xanthomonadaceae	B657_f_Xanthomonadaceae	Bacteria
F174_unidentified	F174_unidentified	Fungi
B889_Allorhizobium-Neorhizobium-Pararhizobium-Rhizobium	B889_Allorhizobium-Neorhizobium-Pararhizobium-Rhizobium	Bacteria
B12_Novosphingobium	B12_Novosphingobium	Bacteria
F137_Malassezia	F137_Malassezia	Fungi
F1143_Ochroconis	F1143_Ochroconis	Fungi
B3443_o_NA	B3443_o_NA	Bacteria
B710_Flavobacterium	B710_Flavobacterium	Bacteria
B1310_f_0319.6G20	B1310_f_0319.6G20	Bacteria
B61_Rhodanobacter	B61_Rhodanobacter	Bacteria
B994_uncultured.eubacterium.WD2107	B994_uncultured.eubacterium.WD2107	Bacteria
B220_Burkholderia.Caballeronia.Paraburkholderia	B220_Burkholderia.Caballeronia.Paraburkholderia	Bacteria
B279_Stenotrophomonas	B279_Stenotrophomonas	Bacteria
B781_Dyadobacter	B781_Dyadobacter	Bacteria
B41_uncultured	B41_uncultured	Bacteria
B1714_Brevundimonas	B1714_Brevundimonas	Bacteria
B1245_Cnuibacter	B1245_Cnuibacter	Bacteria
B37_Allorhizobium.Neorhizobium.Pararhizobium.Rhizobium	B37_Allorhizobium.Neorhizobium.Pararhizobium.Rhizobium	Bacteria
B970_Allorhizobium.Neorhizobium.Pararhizobium.Rhizobium	B970_Allorhizobium.Neorhizobium.Pararhizobium.Rhizobium	Bacteria
B111_Allorhizobium.Neorhizobium.Pararhizobium.Rhizobium	B111_Allorhizobium.Neorhizobium.Pararhizobium.Rhizobium	Bacteria
B683_Ancylobacter	B683_Ancylobacter	Bacteria
B10_Allorhizobium.Neorhizobium.Pararhizobium.Rhizobium	B10_Allorhizobium.Neorhizobium.Pararhizobium.Rhizobium	Bacteria
B11_Xanthomonas	B11_Xanthomonas	Bacteria
B1486_Allorhizobium.Neorhizobium.Pararhizobium.Rhizobium	B1486_Allorhizobium.Neorhizobium.Pararhizobium.Rhizobium	Bacteria
B2390_f_Xanthobacteraceae	B2390_f_Xanthobacteraceae	Bacteria
B749_Azospirillum	B749_Azospirillum	Bacteria
B299_Allorhizobium.Neorhizobium.Pararhizobium.Rhizobium	B299_Allorhizobium.Neorhizobium.Pararhizobium.Rhizobium	Bacteria
B851_Allorhizobium.Neorhizobium.Pararhizobium.Rhizobium	B851_Allorhizobium.Neorhizobium.Pararhizobium.Rhizobium	Bacteria
B495_Mucilaginibacter	B495_Mucilaginibacter	Bacteria
B487_Allorhizobium.Neorhizobium.Pararhizobium.Rhizobium	B487_Allorhizobium.Neorhizobium.Pararhizobium.Rhizobium	Bacteria
B2954_Sphingobacterium	B2954_Sphingobacterium	Bacteria
B466_Allorhizobium.Neorhizobium.Pararhizobium.Rhizobium	B466_Allorhizobium.Neorhizobium.Pararhizobium.Rhizobium	Bacteria
B266_Allorhizobium.Neorhizobium.Pararhizobium.Rhizobium	B266_Allorhizobium.Neorhizobium.Pararhizobium.Rhizobium	Bacteria
B217_Burkholderia.Caballeronia.Paraburkholderia	B217_Burkholderia.Caballeronia.Paraburkholderia	Bacteria
B4073_uncultured.bacterium	B4073_uncultured.bacterium	Bacteria
B1168_Reyranella	B1168_Reyranella	Bacteria
B77_Allorhizobium.Neorhizobium.Pararhizobium.Rhizobium	B77_Allorhizobium.Neorhizobium.Pararhizobium.Rhizobium	Bacteria
B72_Allorhizobium.Neorhizobium.Pararhizobium.Rhizobium	B72_Allorhizobium.Neorhizobium.Pararhizobium.Rhizobium	Bacteria
B226_Burkholderia.Caballeronia.Paraburkholderia	B226_Burkholderia.Caballeronia.Paraburkholderia	Bacteria
B56_Allorhizobium.Neorhizobium.Pararhizobium.Rhizobium	B56_Allorhizobium.Neorhizobium.Pararhizobium.Rhizobium	Bacteria
B2478_Allorhizobium.Neorhizobium.Pararhizobium.Rhizobium	B2478_Allorhizobium.Neorhizobium.Pararhizobium.Rhizobium	Bacteria
B1477_Candidatus.Paracaedibacter	B1477_Candidatus.Paracaedibacter	Bacteria
B453_Allorhizobium.Neorhizobium.Pararhizobium.Rhizobium	B453_Allorhizobium.Neorhizobium.Pararhizobium.Rhizobium	Bacteria
B986_Allorhizobium.Neorhizobium.Pararhizobium.Rhizobium	B986_Allorhizobium.Neorhizobium.Pararhizobium.Rhizobium	Bacteria
B1287_Allorhizobium.Neorhizobium.Pararhizobium.Rhizobium	B1287_Allorhizobium.Neorhizobium.Pararhizobium.Rhizobium	Bacteria
B52_Allorhizobium.Neorhizobium.Pararhizobium.Rhizobium	B52_Allorhizobium.Neorhizobium.Pararhizobium.Rhizobium	Bacteria
B366_Allorhizobium.Neorhizobium.Pararhizobium.Rhizobium	B366_Allorhizobium.Neorhizobium.Pararhizobium.Rhizobium	Bacteria
B227_Allorhizobium.Neorhizobium.Pararhizobium.Rhizobium	B227_Allorhizobium.Neorhizobium.Pararhizobium.Rhizobium	Bacteria
B95_Allorhizobium.Neorhizobium.Pararhizobium.Rhizobium	B95_Allorhizobium.Neorhizobium.Pararhizobium.Rhizobium	Bacteria
