id	label	Bacteria
B2627_Pseudomonas	B2627_Pseudomonas	Bacteria
B10031_o_NA	B10031_o_NA	Bacteria
B3374_Rhodococcus	B3374_Rhodococcus	Bacteria
B2120_f_Burkholderiaceae	B2120_f_Burkholderiaceae	Bacteria
B272_Novosphingobium	B272_Novosphingobium	Bacteria
F653_Penicillium	F653_Penicillium	Fungi
B8_f_Rhizobiaceae	B8_f_Rhizobiaceae	Bacteria
B289_Caulobacter	B289_Caulobacter	Bacteria
B48_Luteibacter	B48_Luteibacter	Bacteria
B77_Allorhizobium-Neorhizobium-Pararhizobium-Rhizobium	B77_Allorhizobium-Neorhizobium-Pararhizobium-Rhizobium	Bacteria
B15_Sphingomonas	B15_Sphingomonas	Bacteria
B828_f_Burkholderiaceae	B828_f_Burkholderiaceae	Bacteria
B1191_Terriglobus	B1191_Terriglobus	Bacteria
B40_Caulobacter	B40_Caulobacter	Bacteria
F75_unidentified	F75_unidentified	Fungi
F37_unidentified	F37_unidentified	Fungi
F78_unidentified	F78_unidentified	Fungi
F60_Nakataea	F60_Nakataea	Fungi
F51_Papiliotrema	F51_Papiliotrema	Fungi
B24_Bradyrhizobium	B24_Bradyrhizobium	Bacteria
B338_uncultured bacterium	B338_uncultured bacterium	Bacteria
F81_Cladosporium	F81_Cladosporium	Fungi
B6_Sphingomonas	B6_Sphingomonas	Bacteria
B1150_f_Burkholderiaceae	B1150_f_Burkholderiaceae	Bacteria
B5_Pseudomonas	B5_Pseudomonas	Bacteria
B299_Allorhizobium-Neorhizobium-Pararhizobium-Rhizobium	B299_Allorhizobium-Neorhizobium-Pararhizobium-Rhizobium	Bacteria
B281_Duganella	B281_Duganella	Bacteria
B678_Sphingomonas	B678_Sphingomonas	Bacteria
B373_Niastella	B373_Niastella	Bacteria
B331_f_Burkholderiaceae	B331_f_Burkholderiaceae	Bacteria
B30_Sphingomonas	B30_Sphingomonas	Bacteria
B917_Pseudoxanthobacter	B917_Pseudoxanthobacter	Bacteria
B98_Sphingomonas	B98_Sphingomonas	Bacteria
B512_Flavobacterium	B512_Flavobacterium	Bacteria
B308_Filimonas	B308_Filimonas	Bacteria
B191_Pseudoxanthomonas	B191_Pseudoxanthomonas	Bacteria
B7_Curtobacterium	B7_Curtobacterium	Bacteria
B3_Sphingomonas	B3_Sphingomonas	Bacteria
B149_Mucilaginibacter	B149_Mucilaginibacter	Bacteria
B913_uncultured	B913_uncultured	Bacteria
B4_Pantoea	B4_Pantoea	Bacteria
F88_unidentified	F88_unidentified	Fungi
F109_o_Pleosporales	F109_o_Pleosporales	Fungi
F64_unidentified	F64_unidentified	Fungi
F77_o_NA	F77_o_NA	Fungi
F112_Paraphaeosphaeria	F112_Paraphaeosphaeria	Fungi
F28_f_Hypocreales_fam_Incertae_sedis	F28_f_Hypocreales_fam_Incertae_sedis	Fungi
F100_Talaromyces	F100_Talaromyces	Fungi
F93_Gaeumannomyces	F93_Gaeumannomyces	Fungi
F199_Aureobasidium	F199_Aureobasidium	Fungi
B266_Allorhizobium-Neorhizobium-Pararhizobium-Rhizobium	B266_Allorhizobium-Neorhizobium-Pararhizobium-Rhizobium	Bacteria
B16_Sphingomonas	B16_Sphingomonas	Bacteria
B145_uncultured Chloroflexi bacterium	B145_uncultured Chloroflexi bacterium	Bacteria
B464_Pseudomonas	B464_Pseudomonas	Bacteria
B8290_Plasticicumulans	B8290_Plasticicumulans	Bacteria
B3410_Rothia	B3410_Rothia	Bacteria
B826_Enhydrobacter	B826_Enhydrobacter	Bacteria
B208_Singulisphaera	B208_Singulisphaera	Bacteria
B790_Sphingomonas	B790_Sphingomonas	Bacteria
B596_Dyella	B596_Dyella	Bacteria
B33_Kineococcus	B33_Kineococcus	Bacteria
B32_Bradyrhizobium	B32_Bradyrhizobium	Bacteria
B1_Pantoea	B1_Pantoea	Bacteria
B2081_Brevundimonas	B2081_Brevundimonas	Bacteria
B1613_marine metagenome	B1613_marine metagenome	Bacteria
F219_unidentified	F219_unidentified	Fungi
F250_Pseudopithomyces	F250_Pseudopithomyces	Fungi
F86_Serendipita	F86_Serendipita	Fungi
B23_f_Burkholderiaceae	B23_f_Burkholderiaceae	Bacteria
B54_uncultured	B54_uncultured	Bacteria
B17_Methylobacterium	B17_Methylobacterium	Bacteria
B39_Paenibacillus	B39_Paenibacillus	Bacteria
B89_Burkholderia-Caballeronia-Paraburkholderia	B89_Burkholderia-Caballeronia-Paraburkholderia	Bacteria
B19_Xanthomonas	B19_Xanthomonas	Bacteria
B18_Herbaspirillum	B18_Herbaspirillum	Bacteria
B43_Sphingomonas	B43_Sphingomonas	Bacteria
B103_Burkholderia-Caballeronia-Paraburkholderia	B103_Burkholderia-Caballeronia-Paraburkholderia	Bacteria
F61_o_Pleosporales	F61_o_Pleosporales	Fungi
F716_unidentified	F716_unidentified	Fungi
F369_Penicillium	F369_Penicillium	Fungi
F137_Malassezia	F137_Malassezia	Fungi
F299_Cladosporium	F299_Cladosporium	Fungi
F2_Nigrospora	F2_Nigrospora	Fungi
F204_Hannaella	F204_Hannaella	Fungi
F226_Saitozyma	F226_Saitozyma	Fungi
F410_Schizophyllum	F410_Schizophyllum	Fungi
F71_Papiliotrema	F71_Papiliotrema	Fungi
F55_f_Nectriaceae	F55_f_Nectriaceae	Fungi
F316_Dioszegia	F316_Dioszegia	Fungi
F89_Aureobasidium	F89_Aureobasidium	Fungi
F276_Cercospora	F276_Cercospora	Fungi
F262_Talaromyces	F262_Talaromyces	Fungi
B58_Rhodanobacter	B58_Rhodanobacter	Bacteria
B1513_Niveispirillum	B1513_Niveispirillum	Bacteria
B1562_Rhodopseudomonas	B1562_Rhodopseudomonas	Bacteria
B42_Pseudomonas	B42_Pseudomonas	Bacteria
B485_Niveispirillum	B485_Niveispirillum	Bacteria
B212_Acidovorax	B212_Acidovorax	Bacteria
B453_Allorhizobium-Neorhizobium-Pararhizobium-Rhizobium	B453_Allorhizobium-Neorhizobium-Pararhizobium-Rhizobium	Bacteria
B86_Sphingomonas	B86_Sphingomonas	Bacteria
B1750_Stenotrophomonas	B1750_Stenotrophomonas	Bacteria
F391_Nigrospora	F391_Nigrospora	Fungi
F4_o_Pleosporales	F4_o_Pleosporales	Fungi
F53_Pyrenochaetopsis	F53_Pyrenochaetopsis	Fungi
B20_Pseudomonas	B20_Pseudomonas	Bacteria
F49_Nakataea	F49_Nakataea	Fungi
F258_Nigrospora	F258_Nigrospora	Fungi
F117_Saitozyma	F117_Saitozyma	Fungi
F3_Moesziomyces	F3_Moesziomyces	Fungi
F12_o_Pleosporales	F12_o_Pleosporales	Fungi
B147_Sphingomonas	B147_Sphingomonas	Bacteria
B260_Pseudomonas	B260_Pseudomonas	Bacteria
B11_Xanthomonas	B11_Xanthomonas	Bacteria
B187_Clostridium sensu stricto 8	B187_Clostridium sensu stricto 8	Bacteria
B127_Sphingobacterium	B127_Sphingobacterium	Bacteria
B933_Pseudomonas	B933_Pseudomonas	Bacteria
B873_f_Enterobacteriaceae	B873_f_Enterobacteriaceae	Bacteria
B541_Achromobacter	B541_Achromobacter	Bacteria
B2837_Lactobacillus	B2837_Lactobacillus	Bacteria
B92_Chryseobacterium	B92_Chryseobacterium	Bacteria
B345_Dyella	B345_Dyella	Bacteria
B1597_Staphylococcus	B1597_Staphylococcus	Bacteria
B326_Bacillus	B326_Bacillus	Bacteria
B646_Leuconostoc	B646_Leuconostoc	Bacteria
B725_Lactococcus	B725_Lactococcus	Bacteria
F47_f_Phaeosphaeriaceae	F47_f_Phaeosphaeriaceae	Fungi
F29_f_Didymellaceae	F29_f_Didymellaceae	Fungi
F33_unidentified	F33_unidentified	Fungi
F6_Cladosporium	F6_Cladosporium	Fungi
B329_Paenibacillus	B329_Paenibacillus	Bacteria
F22_Setophoma	F22_Setophoma	Fungi
B56_Allorhizobium-Neorhizobium-Pararhizobium-Rhizobium	B56_Allorhizobium-Neorhizobium-Pararhizobium-Rhizobium	Bacteria
B172_Sphingobium	B172_Sphingobium	Bacteria
B467_Lactococcus	B467_Lactococcus	Bacteria
B81_Stenotrophomonas	B81_Stenotrophomonas	Bacteria
F106_unidentified	F106_unidentified	Fungi
F8_unidentified	F8_unidentified	Fungi
F133_Cyphellophora	F133_Cyphellophora	Fungi
F187_o_Chaetothyriales	F187_o_Chaetothyriales	Fungi
F18_f_Phaeosphaeriaceae	F18_f_Phaeosphaeriaceae	Fungi
F20_Edenia	F20_Edenia	Fungi
F45_f_Didymellaceae	F45_f_Didymellaceae	Fungi
F36_Moesziomyces	F36_Moesziomyces	Fungi
F268_Sarocladium	F268_Sarocladium	Fungi
F11_Sarocladium	F11_Sarocladium	Fungi
F5_Alternaria	F5_Alternaria	Fungi
B265_Deinococcus	B265_Deinococcus	Bacteria
B8040_Veillonella	B8040_Veillonella	Bacteria
B437_Escherichia-Shigella	B437_Escherichia-Shigella	Bacteria
B310_Jatrophihabitans	B310_Jatrophihabitans	Bacteria
B1738_uncultured Termite group 1 bacterium	B1738_uncultured Termite group 1 bacterium	Bacteria
B1909_Pseudomonas	B1909_Pseudomonas	Bacteria
B8465_Neisseria	B8465_Neisseria	Bacteria
B101_Filimonas	B101_Filimonas	Bacteria
B14_Burkholderia-Caballeronia-Paraburkholderia	B14_Burkholderia-Caballeronia-Paraburkholderia	Bacteria
B1319_Staphylococcus	B1319_Staphylococcus	Bacteria
B27_Mucilaginibacter	B27_Mucilaginibacter	Bacteria
F1240_Penicillium	F1240_Penicillium	Fungi
F322_Penicillium	F322_Penicillium	Fungi
B851_Allorhizobium-Neorhizobium-Pararhizobium-Rhizobium	B851_Allorhizobium-Neorhizobium-Pararhizobium-Rhizobium	Bacteria
B1526_Luteibacter	B1526_Luteibacter	Bacteria
F251_Alternaria	F251_Alternaria	Fungi
B2187_Bdellovibrio	B2187_Bdellovibrio	Bacteria
B209_Escherichia-Shigella	B209_Escherichia-Shigella	Bacteria
F115_unidentified	F115_unidentified	Fungi
F27_Curvularia	F27_Curvularia	Fungi
F40_unidentified	F40_unidentified	Fungi
F289_Aspergillus	F289_Aspergillus	Fungi
B72_Allorhizobium-Neorhizobium-Pararhizobium-Rhizobium	B72_Allorhizobium-Neorhizobium-Pararhizobium-Rhizobium	Bacteria
B111_Allorhizobium-Neorhizobium-Pararhizobium-Rhizobium	B111_Allorhizobium-Neorhizobium-Pararhizobium-Rhizobium	Bacteria
B930_Achromobacter	B930_Achromobacter	Bacteria
B1837_Paenibacillus	B1837_Paenibacillus	Bacteria
B200_Flavobacterium	B200_Flavobacterium	Bacteria
B318_Caulobacter	B318_Caulobacter	Bacteria
F174_unidentified	F174_unidentified	Fungi
F354_Coniothyrium	F354_Coniothyrium	Fungi
F30_unidentified	F30_unidentified	Fungi
B137_Mycobacterium	B137_Mycobacterium	Bacteria
B93_Pedobacter	B93_Pedobacter	Bacteria
F76_o_Sordariales	F76_o_Sordariales	Fungi
F686_Malassezia	F686_Malassezia	Fungi
B637_Terrimicrobium	B637_Terrimicrobium	Bacteria
B403_Luteibacter	B403_Luteibacter	Bacteria
F16_Pyricularia	F16_Pyricularia	Fungi
F42_unidentified	F42_unidentified	Fungi
F48_unidentified	F48_unidentified	Fungi
F1285_unidentified	F1285_unidentified	Fungi
B1731_f_Xanthobacteraceae	B1731_f_Xanthobacteraceae	Bacteria
B1107_Stenotrophomonas	B1107_Stenotrophomonas	Bacteria
B95_Allorhizobium-Neorhizobium-Pararhizobium-Rhizobium	B95_Allorhizobium-Neorhizobium-Pararhizobium-Rhizobium	Bacteria
B119_Acidibacter	B119_Acidibacter	Bacteria
B1017_Clostridium sensu stricto 3	B1017_Clostridium sensu stricto 3	Bacteria
F754_Sarocladium	F754_Sarocladium	Fungi
F69_o_Pleosporales	F69_o_Pleosporales	Fungi
F21_Acremonium	F21_Acremonium	Fungi
F54_Pyrenochaetopsis	F54_Pyrenochaetopsis	Fungi
F105_Clonostachys	F105_Clonostachys	Fungi
B2271_Flavobacterium	B2271_Flavobacterium	Bacteria
B4193_metagenome	B4193_metagenome	Bacteria
F95_o_NA	F95_o_NA	Fungi
F32_Tilletia	F32_Tilletia	Fungi
F836_Acremonium	F836_Acremonium	Fungi
F207_o_Tremellales	F207_o_Tremellales	Fungi
B4633_Bdellovibrio	B4633_Bdellovibrio	Bacteria
F1012_Antrodiella	F1012_Antrodiella	Fungi
B68_Chryseobacterium	B68_Chryseobacterium	Bacteria
B532_Siphonobacter	B532_Siphonobacter	Bacteria
F272_Penicillium	F272_Penicillium	Fungi
B100_Chitinophaga	B100_Chitinophaga	Bacteria
F65_Sarocladium	F65_Sarocladium	Fungi
B105_Anaeromyxobacter	B105_Anaeromyxobacter	Bacteria
F1297_Devriesia	F1297_Devriesia	Fungi
B62_Clostridium sensu stricto 1	B62_Clostridium sensu stricto 1	Bacteria
F297_Coniothyrium	F297_Coniothyrium	Fungi
B28_Burkholderia-Caballeronia-Paraburkholderia	B28_Burkholderia-Caballeronia-Paraburkholderia	Bacteria
F548_Ochroconis	F548_Ochroconis	Fungi
F418_Hannaella	F418_Hannaella	Fungi
F194_Hannaella	F194_Hannaella	Fungi
F1230_o_Pleosporales	F1230_o_Pleosporales	Fungi
F1932_Talaromyces	F1932_Talaromyces	Fungi
F130_Ramichloridium	F130_Ramichloridium	Fungi
F511_Malassezia	F511_Malassezia	Fungi
B965_Bdellovibrio	B965_Bdellovibrio	Bacteria
F1143_Ochroconis	F1143_Ochroconis	Fungi
B1259_f_Microbacteriaceae	B1259_f_Microbacteriaceae	Bacteria
B35_Methylobacterium	B35_Methylobacterium	Bacteria
F172_unidentified	F172_unidentified	Fungi
B4102_Chryseobacterium	B4102_Chryseobacterium	Bacteria
F124_Stachybotrys	F124_Stachybotrys	Fungi
F68_Pseudogymnoascus	F68_Pseudogymnoascus	Fungi
B888_Chryseobacterium	B888_Chryseobacterium	Bacteria
F583_Trichomerium	F583_Trichomerium	Fungi
B12_Novosphingobium	B12_Novosphingobium	Bacteria
F127_Papiliotrema	F127_Papiliotrema	Fungi
F178_Schizopora	F178_Schizopora	Fungi
F147_o_Pleosporales	F147_o_Pleosporales	Fungi
F2809_Cylindrosympodium	F2809_Cylindrosympodium	Fungi
F1376_unidentified	F1376_unidentified	Fungi
F1102_o_NA	F1102_o_NA	Fungi
F190_Irpex	F190_Irpex	Fungi
F328_Phaeosphaeria	F328_Phaeosphaeria	Fungi
F882_Aspergillus	F882_Aspergillus	Fungi
F7_unidentified	F7_unidentified	Fungi
F275_Cyphellophora	F275_Cyphellophora	Fungi
F808_o_Capnodiales	F808_o_Capnodiales	Fungi
F574_Phlebia	F574_Phlebia	Fungi
F429_Bjerkandera	F429_Bjerkandera	Fungi
F152_unidentified	F152_unidentified	Fungi
F800_unidentified	F800_unidentified	Fungi
F177_unidentified	F177_unidentified	Fungi
F131_unidentified	F131_unidentified	Fungi
F161_Paraphoma	F161_Paraphoma	Fungi
F44_Zopfiella	F44_Zopfiella	Fungi
F424_unidentified	F424_unidentified	Fungi
F220_Acremonium	F220_Acremonium	Fungi
B8512_o_NA	B8512_o_NA	Bacteria
B10409_uncultured.Gemmatimonadetes.bacterium	B10409_uncultured.Gemmatimonadetes.bacterium	Bacteria
B579_Filimonas	B579_Filimonas	Bacteria
B11274_Zavarzinella	B11274_Zavarzinella	Bacteria
B1310_f_0319.6G20	B1310_f_0319.6G20	Bacteria
B2337_o_Saccharimonadales	B2337_o_Saccharimonadales	Bacteria
B276_Leifsonia	B276_Leifsonia	Bacteria
B22_uncultured.Roseobacter.sp.	B22_uncultured.Roseobacter.sp.	Bacteria
B87_Mucilaginibacter	B87_Mucilaginibacter	Bacteria
B70_f_Enterobacteriaceae	B70_f_Enterobacteriaceae	Bacteria
B61_Rhodanobacter	B61_Rhodanobacter	Bacteria
B500_Pseudomonas	B500_Pseudomonas	Bacteria
B781_Dyadobacter	B781_Dyadobacter	Bacteria
B1627_Kaistia	B1627_Kaistia	Bacteria
B134_Pseudomonas	B134_Pseudomonas	Bacteria
B3058_Candidatus.Ovatusbacter	B3058_Candidatus.Ovatusbacter	Bacteria
B145_uncultured.Chloroflexi.bacterium	B145_uncultured.Chloroflexi.bacterium	Bacteria
B617_Bdellovibrio	B617_Bdellovibrio	Bacteria
B232_f_Sphingomonadaceae	B232_f_Sphingomonadaceae	Bacteria
B71_Methylobacterium	B71_Methylobacterium	Bacteria
B37_Allorhizobium.Neorhizobium.Pararhizobium.Rhizobium	B37_Allorhizobium.Neorhizobium.Pararhizobium.Rhizobium	Bacteria
B6745_Cellulomonas	B6745_Cellulomonas	Bacteria
B111_Allorhizobium.Neorhizobium.Pararhizobium.Rhizobium	B111_Allorhizobium.Neorhizobium.Pararhizobium.Rhizobium	Bacteria
B10_Allorhizobium.Neorhizobium.Pararhizobium.Rhizobium	B10_Allorhizobium.Neorhizobium.Pararhizobium.Rhizobium	Bacteria
B2_Methylobacterium	B2_Methylobacterium	Bacteria
B9_Methylobacterium	B9_Methylobacterium	Bacteria
B187_Clostridium.sensu.stricto.8	B187_Clostridium.sensu.stricto.8	Bacteria
B299_Allorhizobium.Neorhizobium.Pararhizobium.Rhizobium	B299_Allorhizobium.Neorhizobium.Pararhizobium.Rhizobium	Bacteria
B1598_f_Burkholderiaceae	B1598_f_Burkholderiaceae	Bacteria
B851_Allorhizobium.Neorhizobium.Pararhizobium.Rhizobium	B851_Allorhizobium.Neorhizobium.Pararhizobium.Rhizobium	Bacteria
B437_Escherichia.Shigella	B437_Escherichia.Shigella	Bacteria
B266_Allorhizobium.Neorhizobium.Pararhizobium.Rhizobium	B266_Allorhizobium.Neorhizobium.Pararhizobium.Rhizobium	Bacteria
B21_Methylobacterium	B21_Methylobacterium	Bacteria
B77_Allorhizobium.Neorhizobium.Pararhizobium.Rhizobium	B77_Allorhizobium.Neorhizobium.Pararhizobium.Rhizobium	Bacteria
B89_Burkholderia.Caballeronia.Paraburkholderia	B89_Burkholderia.Caballeronia.Paraburkholderia	Bacteria
B72_Allorhizobium.Neorhizobium.Pararhizobium.Rhizobium	B72_Allorhizobium.Neorhizobium.Pararhizobium.Rhizobium	Bacteria
B1738_uncultured.Termite.group.1.bacterium	B1738_uncultured.Termite.group.1.bacterium	Bacteria
B56_Allorhizobium.Neorhizobium.Pararhizobium.Rhizobium	B56_Allorhizobium.Neorhizobium.Pararhizobium.Rhizobium	Bacteria
B338_uncultured.bacterium	B338_uncultured.bacterium	Bacteria
B2478_Allorhizobium.Neorhizobium.Pararhizobium.Rhizobium	B2478_Allorhizobium.Neorhizobium.Pararhizobium.Rhizobium	Bacteria
B3712_Fimbriiglobus	B3712_Fimbriiglobus	Bacteria
B453_Allorhizobium.Neorhizobium.Pararhizobium.Rhizobium	B453_Allorhizobium.Neorhizobium.Pararhizobium.Rhizobium	Bacteria
B491_Chryseobacterium	B491_Chryseobacterium	Bacteria
B1287_Allorhizobium.Neorhizobium.Pararhizobium.Rhizobium	B1287_Allorhizobium.Neorhizobium.Pararhizobium.Rhizobium	Bacteria
B1017_Clostridium.sensu.stricto.3	B1017_Clostridium.sensu.stricto.3	Bacteria
B28_Burkholderia.Caballeronia.Paraburkholderia	B28_Burkholderia.Caballeronia.Paraburkholderia	Bacteria
B209_Escherichia.Shigella	B209_Escherichia.Shigella	Bacteria
B14_Burkholderia.Caballeronia.Paraburkholderia	B14_Burkholderia.Caballeronia.Paraburkholderia	Bacteria
B62_Clostridium.sensu.stricto.1	B62_Clostridium.sensu.stricto.1	Bacteria
B95_Allorhizobium.Neorhizobium.Pararhizobium.Rhizobium	B95_Allorhizobium.Neorhizobium.Pararhizobium.Rhizobium	Bacteria
B103_Burkholderia.Caballeronia.Paraburkholderia	B103_Burkholderia.Caballeronia.Paraburkholderia	Bacteria
B317_Brevundimonas	B317_Brevundimonas	Bacteria
B1613_marine.metagenome	B1613_marine.metagenome	Bacteria
