id	label	Bacteria
B270_Oryzihumus	B270_Oryzihumus	Bacteria
B2412_f_Burkholderiaceae	B2412_f_Burkholderiaceae	Bacteria
B8686_Fodinicola	B8686_Fodinicola	Bacteria
B1839_Aquisphaera	B1839_Aquisphaera	Bacteria
B15_Sphingomonas	B15_Sphingomonas	Bacteria
B7494_Exiguobacterium	B7494_Exiguobacterium	Bacteria
F1112_unidentified	F1112_unidentified	Fungi
F771_unidentified	F771_unidentified	Fungi
F1526_unidentified	F1526_unidentified	Fungi
F1634_unidentified	F1634_unidentified	Fungi
F596_unidentified	F596_unidentified	Fungi
F2354_o_Pleosporales	F2354_o_Pleosporales	Fungi
F1961_Stenella	F1961_Stenella	Fungi
B79_uncultured	B79_uncultured	Bacteria
B22_uncultured Roseobacter sp.	B22_uncultured Roseobacter sp.	Bacteria
B133_uncultured Desulfuromonadales bacterium	B133_uncultured Desulfuromonadales bacterium	Bacteria
B215_Nakamurella	B215_Nakamurella	Bacteria
F52_Psilocybe	F52_Psilocybe	Fungi
F149_unidentified	F149_unidentified	Fungi
B131_Rhodanobacter	B131_Rhodanobacter	Bacteria
F1640_f_Schizoporaceae	F1640_f_Schizoporaceae	Fungi
F629_unidentified	F629_unidentified	Fungi
F153_unidentified	F153_unidentified	Fungi
B158_uncultured bacterium	B158_uncultured bacterium	Bacteria
B557_Azospirillum	B557_Azospirillum	Bacteria
B23_f_Burkholderiaceae	B23_f_Burkholderiaceae	Bacteria
B717_Acinetobacter	B717_Acinetobacter	Bacteria
B59_Terrabacter	B59_Terrabacter	Bacteria
B715_ADurb.Bin063-1	B715_ADurb.Bin063-1	Bacteria
B3307_Arcicella	B3307_Arcicella	Bacteria
B69_o_NA	B69_o_NA	Bacteria
F726_unidentified	F726_unidentified	Fungi
F359_unidentified	F359_unidentified	Fungi
F1169_unidentified	F1169_unidentified	Fungi
F1053_unidentified	F1053_unidentified	Fungi
F1208_unidentified	F1208_unidentified	Fungi
F54_Pyrenochaetopsis	F54_Pyrenochaetopsis	Fungi
F18_f_Phaeosphaeriaceae	F18_f_Phaeosphaeriaceae	Fungi
F111_Geomyces	F111_Geomyces	Fungi
F277_Peniophora	F277_Peniophora	Fungi
F2130_Heterochaete	F2130_Heterochaete	Fungi
F752_Arthrinium	F752_Arthrinium	Fungi
B7047_o_Acetobacterales	B7047_o_Acetobacterales	Bacteria
B841_uncultured	B841_uncultured	Bacteria
B813_Magnetospirillum	B813_Magnetospirillum	Bacteria
B1118_o_NA	B1118_o_NA	Bacteria
B11_Xanthomonas	B11_Xanthomonas	Bacteria
B5421_Gaiella	B5421_Gaiella	Bacteria
B269_Pseudomonas	B269_Pseudomonas	Bacteria
B10552_Acidobacteria bacterium SCN 69-37	B10552_Acidobacteria bacterium SCN 69-37	Bacteria
B9069_uncultured bacterium 259	B9069_uncultured bacterium 259	Bacteria
B4938_uncultured	B4938_uncultured	Bacteria
B77_Allorhizobium-Neorhizobium-Pararhizobium-Rhizobium	B77_Allorhizobium-Neorhizobium-Pararhizobium-Rhizobium	Bacteria
B753_f_Burkholderiaceae	B753_f_Burkholderiaceae	Bacteria
B775_Desulfovibrio	B775_Desulfovibrio	Bacteria
F1294_unidentified	F1294_unidentified	Fungi
F1914_unidentified	F1914_unidentified	Fungi
F1456_unidentified	F1456_unidentified	Fungi
F996_Heterochaete	F996_Heterochaete	Fungi
F1180_unidentified	F1180_unidentified	Fungi
F1930_f_Aspergillaceae	F1930_f_Aspergillaceae	Fungi
F1911_o_Dothideales	F1911_o_Dothideales	Fungi
B5573_f_Ruminococcaceae	B5573_f_Ruminococcaceae	Bacteria
B189_Sideroxydans	B189_Sideroxydans	Bacteria
B304_Ignavibacterium	B304_Ignavibacterium	Bacteria
B789_Anaeromyxobacter	B789_Anaeromyxobacter	Bacteria
B216_uncultured	B216_uncultured	Bacteria
B2714_f_Pedosphaeraceae	B2714_f_Pedosphaeraceae	Bacteria
B46_f_Rhodocyclaceae	B46_f_Rhodocyclaceae	Bacteria
B180_o_NA	B180_o_NA	Bacteria
B1186_f_SC-I-84	B1186_f_SC-I-84	Bacteria
B160_Anaerolinea	B160_Anaerolinea	Bacteria
B146_uncultured prokaryote	B146_uncultured prokaryote	Bacteria
B534_Thiobacillus	B534_Thiobacillus	Bacteria
B231_Geobacter	B231_Geobacter	Bacteria
B598_uncultured soil bacterium	B598_uncultured soil bacterium	Bacteria
B525_Oryzihumus	B525_Oryzihumus	Bacteria
B223_uncultured Sphingobacteriales bacterium	B223_uncultured Sphingobacteriales bacterium	Bacteria
B86_Sphingomonas	B86_Sphingomonas	Bacteria
F314_unidentified	F314_unidentified	Fungi
F1036_unidentified	F1036_unidentified	Fungi
F999_unidentified	F999_unidentified	Fungi
F897_unidentified	F897_unidentified	Fungi
F1924_Phialocephala	F1924_Phialocephala	Fungi
B355_Desulfobacca	B355_Desulfobacca	Bacteria
B323_Anaeromyxobacter	B323_Anaeromyxobacter	Bacteria
B356_Ruminiclostridium 1	B356_Ruminiclostridium 1	Bacteria
B762_Geobacter	B762_Geobacter	Bacteria
B6291_Bacillus	B6291_Bacillus	Bacteria
B7655_Terrimonas	B7655_Terrimonas	Bacteria
B6622_Candidatus Solibacter	B6622_Candidatus Solibacter	Bacteria
B3357_uncultured Latescibacteria bacterium	B3357_uncultured Latescibacteria bacterium	Bacteria
B7023_f_Nocardioidaceae	B7023_f_Nocardioidaceae	Bacteria
B18_Herbaspirillum	B18_Herbaspirillum	Bacteria
B1115_Clostridium sensu stricto 12	B1115_Clostridium sensu stricto 12	Bacteria
F179_unidentified	F179_unidentified	Fungi
F1728_unidentified	F1728_unidentified	Fungi
F3171_unidentified	F3171_unidentified	Fungi
F247_unidentified	F247_unidentified	Fungi
F5127_unidentified	F5127_unidentified	Fungi
F234_unidentified	F234_unidentified	Fungi
F1115_unidentified	F1115_unidentified	Fungi
F1621_unidentified	F1621_unidentified	Fungi
F2124_Penicillium	F2124_Penicillium	Fungi
F249_Mortierella	F249_Mortierella	Fungi
F1868_Fusarium	F1868_Fusarium	Fungi
F189_Westerdykella	F189_Westerdykella	Fungi
B8544_Oribacterium	B8544_Oribacterium	Bacteria
B239_Sporomusa	B239_Sporomusa	Bacteria
B234_f_Cellulomonadaceae	B234_f_Cellulomonadaceae	Bacteria
F216_unidentified	F216_unidentified	Fungi
F1219_Peniophorella	F1219_Peniophorella	Fungi
B258_ADurb.Bin063-1	B258_ADurb.Bin063-1	Bacteria
B442_uncultured	B442_uncultured	Bacteria
B4514_o_Myxococcales	B4514_o_Myxococcales	Bacteria
B198_Paludibacter	B198_Paludibacter	Bacteria
B273_Syntrophobacter	B273_Syntrophobacter	Bacteria
B11715_Phaselicystis	B11715_Phaselicystis	Bacteria
B104_uncultured bacterium	B104_uncultured bacterium	Bacteria
B5181_uncultured soil bacterium	B5181_uncultured soil bacterium	Bacteria
B3321_MND1	B3321_MND1	Bacteria
B2125_uncultured bacterium	B2125_uncultured bacterium	Bacteria
B607_Dietzia	B607_Dietzia	Bacteria
B316_uncultured Thermaerobacter sp.	B316_uncultured Thermaerobacter sp.	Bacteria
B40_Caulobacter	B40_Caulobacter	Bacteria
F16_Pyricularia	F16_Pyricularia	Fungi
B3177_Cyanobium PCC-6307	B3177_Cyanobium PCC-6307	Bacteria
B26_Bradyrhizobium	B26_Bradyrhizobium	Bacteria
B3144_Sva0081 sediment group	B3144_Sva0081 sediment group	Bacteria
B175_Ellin6067	B175_Ellin6067	Bacteria
B4139_Clostridium sensu stricto 11	B4139_Clostridium sensu stricto 11	Bacteria
B2619_Lacunisphaera	B2619_Lacunisphaera	Bacteria
B465_Clostridium sensu stricto 1	B465_Clostridium sensu stricto 1	Bacteria
F3487_f_Cantharellales_fam_Incertae_sedis	F3487_f_Cantharellales_fam_Incertae_sedis	Fungi
F740_Trametes	F740_Trametes	Fungi
F867_o_Pleosporales	F867_o_Pleosporales	Fungi
F141_f_Nectriaceae	F141_f_Nectriaceae	Fungi
F638_Ceriporia	F638_Ceriporia	Fungi
B25_uncultured prokaryote	B25_uncultured prokaryote	Bacteria
B112_uncultured prokaryote	B112_uncultured prokaryote	Bacteria
F1483_unidentified	F1483_unidentified	Fungi
F9_Chaetomium	F9_Chaetomium	Fungi
B13801_o_IMCC26256	B13801_o_IMCC26256	Bacteria
B12645_f_uncultured	B12645_f_uncultured	Bacteria
B976_Clostridium sensu stricto 1	B976_Clostridium sensu stricto 1	Bacteria
B2282_Staphylococcus	B2282_Staphylococcus	Bacteria
F1071_Hericium	F1071_Hericium	Fungi
B4353_f_Unknown Family	B4353_f_Unknown Family	Bacteria
B892_Spirochaeta 2	B892_Spirochaeta 2	Bacteria
B9801_WCHB1-32	B9801_WCHB1-32	Bacteria
B1450_Acinetobacter	B1450_Acinetobacter	Bacteria
B325_Ellin6067	B325_Ellin6067	Bacteria
B6693_Bacillus	B6693_Bacillus	Bacteria
B1062_f_Burkholderiaceae	B1062_f_Burkholderiaceae	Bacteria
B536_Azorhizobium	B536_Azorhizobium	Bacteria
F475_unidentified	F475_unidentified	Fungi
F3_Moesziomyces	F3_Moesziomyces	Fungi
F693_Aspergillus	F693_Aspergillus	Fungi
F145_Mrakiella	F145_Mrakiella	Fungi
F763_Resinicium	F763_Resinicium	Fungi
B3725_Geobacter	B3725_Geobacter	Bacteria
B72_Allorhizobium-Neorhizobium-Pararhizobium-Rhizobium	B72_Allorhizobium-Neorhizobium-Pararhizobium-Rhizobium	Bacteria
F2698_unidentified	F2698_unidentified	Fungi
B3283_Mycobacterium	B3283_Mycobacterium	Bacteria
B2606_f_Burkholderiaceae	B2606_f_Burkholderiaceae	Bacteria
B1492_Ellin6067	B1492_Ellin6067	Bacteria
B7994_f_Intrasporangiaceae	B7994_f_Intrasporangiaceae	Bacteria
B2050_f_Burkholderiaceae	B2050_f_Burkholderiaceae	Bacteria
B2047_uncultured Merismopedia sp.	B2047_uncultured Merismopedia sp.	Bacteria
B10517_SH-PL14	B10517_SH-PL14	Bacteria
B468_Geobacter	B468_Geobacter	Bacteria
B8893_Candidatus Solibacter	B8893_Candidatus Solibacter	Bacteria
B1121_o_NA	B1121_o_NA	Bacteria
B5259_Escherichia-Shigella	B5259_Escherichia-Shigella	Bacteria
B9483_Massilia	B9483_Massilia	Bacteria
F742_unidentified	F742_unidentified	Fungi
F696_unidentified	F696_unidentified	Fungi
F1202_unidentified	F1202_unidentified	Fungi
F167_unidentified	F167_unidentified	Fungi
F1542_Trichosporon	F1542_Trichosporon	Fungi
F199_Aureobasidium	F199_Aureobasidium	Fungi
B697_uncultured	B697_uncultured	Bacteria
B179_Mucilaginibacter	B179_Mucilaginibacter	Bacteria
B483_Anaerolinea	B483_Anaerolinea	Bacteria
B6030_Massilia	B6030_Massilia	Bacteria
F560_unidentified	F560_unidentified	Fungi
F369_Penicillium	F369_Penicillium	Fungi
F297_Coniothyrium	F297_Coniothyrium	Fungi
F960_unidentified	F960_unidentified	Fungi
F100_Talaromyces	F100_Talaromyces	Fungi
B963_metagenome	B963_metagenome	Bacteria
B305_f_uncultured	B305_f_uncultured	Bacteria
B32_Bradyrhizobium	B32_Bradyrhizobium	Bacteria
B114_Luteimonas	B114_Luteimonas	Bacteria
B237_f_Micrococcaceae	B237_f_Micrococcaceae	Bacteria
B6598_uncultured bacterium	B6598_uncultured bacterium	Bacteria
B749_Azospirillum	B749_Azospirillum	Bacteria
B1313_Escherichia-Shigella	B1313_Escherichia-Shigella	Bacteria
B755_Pseudomonas	B755_Pseudomonas	Bacteria
F8_unidentified	F8_unidentified	Fungi
F41_Arnium	F41_Arnium	Fungi
F2960_unidentified	F2960_unidentified	Fungi
F10_Guehomyces	F10_Guehomyces	Fungi
B461_Acinetobacter	B461_Acinetobacter	Bacteria
F487_Filobasidium	F487_Filobasidium	Fungi
B5412_metagenome	B5412_metagenome	Bacteria
B861_Salinispira	B861_Salinispira	Bacteria
B392_Allorhizobium-Neorhizobium-Pararhizobium-Rhizobium	B392_Allorhizobium-Neorhizobium-Pararhizobium-Rhizobium	Bacteria
F698_unidentified	F698_unidentified	Fungi
F831_unidentified	F831_unidentified	Fungi
F496_unidentified	F496_unidentified	Fungi
F126_Tomentellopsis	F126_Tomentellopsis	Fungi
B255_Reyranella	B255_Reyranella	Bacteria
B204_Syntrophobacter	B204_Syntrophobacter	Bacteria
B174_f_Bacteroidetes vadinHA17	B174_f_Bacteroidetes vadinHA17	Bacteria
B171_uncultured prokaryote	B171_uncultured prokaryote	Bacteria
B113_o_RBG-13-54-9	B113_o_RBG-13-54-9	Bacteria
B411_uncultured prokaryote	B411_uncultured prokaryote	Bacteria
B154_f_Micrococcaceae	B154_f_Micrococcaceae	Bacteria
B595_Lacunisphaera	B595_Lacunisphaera	Bacteria
F978_unidentified	F978_unidentified	Fungi
F217_unidentified	F217_unidentified	Fungi
F393_unidentified	F393_unidentified	Fungi
F340_unidentified	F340_unidentified	Fungi
F318_Saccharomyces	F318_Saccharomyces	Fungi
F190_Irpex	F190_Irpex	Fungi
F166_Aspergillus	F166_Aspergillus	Fungi
B190_o_NA	B190_o_NA	Bacteria
B1384_f_Pedosphaeraceae	B1384_f_Pedosphaeraceae	Bacteria
B253_uncultured	B253_uncultured	Bacteria
B484_Candidatus Koribacter	B484_Candidatus Koribacter	Bacteria
F201_unidentified	F201_unidentified	Fungi
B1124_Ruminiclostridium 1	B1124_Ruminiclostridium 1	Bacteria
B4796_uncultured soil bacterium	B4796_uncultured soil bacterium	Bacteria
B6271_Rhodanobacter	B6271_Rhodanobacter	Bacteria
B2865_Anaerolinea	B2865_Anaerolinea	Bacteria
B120_uncultured Anaerolineaceae bacterium	B120_uncultured Anaerolineaceae bacterium	Bacteria
F1345_unidentified	F1345_unidentified	Fungi
B567_Mycobacterium	B567_Mycobacterium	Bacteria
F115_unidentified	F115_unidentified	Fungi
B14711_Candidatus Bealeia	B14711_Candidatus Bealeia	Bacteria
B5863_uncultured	B5863_uncultured	Bacteria
F3281_unidentified	F3281_unidentified	Fungi
B9_Methylobacterium	B9_Methylobacterium	Bacteria
F117_Saitozyma	F117_Saitozyma	Fungi
B748_f_Rhodocyclaceae	B748_f_Rhodocyclaceae	Bacteria
B3817_Gaiella	B3817_Gaiella	Bacteria
B2291_f_Ruminococcaceae	B2291_f_Ruminococcaceae	Bacteria
B9895_Zavarzinella	B9895_Zavarzinella	Bacteria
B7931_Lysobacter	B7931_Lysobacter	Bacteria
B5481_Pseudanabaena NgrPSln22	B5481_Pseudanabaena NgrPSln22	Bacteria
F159_o_Helotiales	F159_o_Helotiales	Fungi
F1736_unidentified	F1736_unidentified	Fungi
F427_unidentified	F427_unidentified	Fungi
F73_Tetracladium	F73_Tetracladium	Fungi
B94_uncultured Nitrospirae bacterium	B94_uncultured Nitrospirae bacterium	Bacteria
B743_Escherichia-Shigella	B743_Escherichia-Shigella	Bacteria
B259_uncultured	B259_uncultured	Bacteria
B2800_uncultured Chlorobi bacterium	B2800_uncultured Chlorobi bacterium	Bacteria
B825_Ellin6067	B825_Ellin6067	Bacteria
F1992_unidentified	F1992_unidentified	Fungi
F210_unidentified	F210_unidentified	Fungi
B299_Allorhizobium-Neorhizobium-Pararhizobium-Rhizobium	B299_Allorhizobium-Neorhizobium-Pararhizobium-Rhizobium	Bacteria
B6561_Pseudomonas	B6561_Pseudomonas	Bacteria
F2019_unidentified	F2019_unidentified	Fungi
F209_unidentified	F209_unidentified	Fungi
F263_unidentified	F263_unidentified	Fungi
B2246_uncultured	B2246_uncultured	Bacteria
B2530_uncultured	B2530_uncultured	Bacteria
B1964_o_NA	B1964_o_NA	Bacteria
F1291_unidentified	F1291_unidentified	Fungi
B8857_Sphaerospermopsis BCCUSP55	B8857_Sphaerospermopsis BCCUSP55	Bacteria
F521_unidentified	F521_unidentified	Fungi
B1936_f_Nocardioidaceae	B1936_f_Nocardioidaceae	Bacteria
B885_uncultured	B885_uncultured	Bacteria
F1758_unidentified	F1758_unidentified	Fungi
F2073_unidentified	F2073_unidentified	Fungi
F330_o_NA	F330_o_NA	Fungi
B5716_MND1	B5716_MND1	Bacteria
F1011_unidentified	F1011_unidentified	Fungi
B85_Mycobacterium	B85_Mycobacterium	Bacteria
B8427_uncultured bacterium	B8427_uncultured bacterium	Bacteria
B2055_Devosia	B2055_Devosia	Bacteria
B8_f_Rhizobiaceae	B8_f_Rhizobiaceae	Bacteria
B2038_Acidobacteria bacterium SCN 69-37	B2038_Acidobacteria bacterium SCN 69-37	Bacteria
B2088_Novosphingobium	B2088_Novosphingobium	Bacteria
B117_o_NA	B117_o_NA	Bacteria
B2589_o_NA	B2589_o_NA	Bacteria
B1896_Ruminiclostridium 1	B1896_Ruminiclostridium 1	Bacteria
B1646_Asinibacterium	B1646_Asinibacterium	Bacteria
B353_Paludibacter	B353_Paludibacter	Bacteria
B62_Clostridium sensu stricto 1	B62_Clostridium sensu stricto 1	Bacteria
F7_unidentified	F7_unidentified	Fungi
F733_o_NA	F733_o_NA	Fungi
F298_unidentified	F298_unidentified	Fungi
F37_unidentified	F37_unidentified	Fungi
F4_o_Pleosporales	F4_o_Pleosporales	Fungi
F158_Diaporthe	F158_Diaporthe	Fungi
F882_Aspergillus	F882_Aspergillus	Fungi
F616_o_NA	F616_o_NA	Fungi
F684_Endoxyla	F684_Endoxyla	Fungi
F160_Cladosporium	F160_Cladosporium	Fungi
F15_o_Helotiales	F15_o_Helotiales	Fungi
F1781_Colletotrichum	F1781_Colletotrichum	Fungi
F66_Trichoderma	F66_Trichoderma	Fungi
F366_Colletotrichum	F366_Colletotrichum	Fungi
B82_Uliginosibacterium	B82_Uliginosibacterium	Bacteria
B2_Methylobacterium	B2_Methylobacterium	Bacteria
B24_Bradyrhizobium	B24_Bradyrhizobium	Bacteria
F131_unidentified	F131_unidentified	Fungi
F17_o_Pleosporales	F17_o_Pleosporales	Fungi
F1315_Aspergillus	F1315_Aspergillus	Fungi
F53_Pyrenochaetopsis	F53_Pyrenochaetopsis	Fungi
F13_Zopfiella	F13_Zopfiella	Fungi
F38_Pseudeurotium	F38_Pseudeurotium	Fungi
B1870_f_Lachnospiraceae	B1870_f_Lachnospiraceae	Bacteria
B1246_Candidatus Solibacter	B1246_Candidatus Solibacter	Bacteria
B148_Thiobacillus	B148_Thiobacillus	Bacteria
B1351_ADurb.Bin063-1	B1351_ADurb.Bin063-1	Bacteria
B2643_Luteitalea	B2643_Luteitalea	Bacteria
B142_Ellin6067	B142_Ellin6067	Bacteria
B365_f_Xanthobacteraceae	B365_f_Xanthobacteraceae	Bacteria
F839_unidentified	F839_unidentified	Fungi
F542_unidentified	F542_unidentified	Fungi
F815_unidentified	F815_unidentified	Fungi
B3870_uncultured Acidobacterium sp.	B3870_uncultured Acidobacterium sp.	Bacteria
B1586_Candidatus Solibacter	B1586_Candidatus Solibacter	Bacteria
F396_unidentified	F396_unidentified	Fungi
F878_unidentified	F878_unidentified	Fungi
F514_unidentified	F514_unidentified	Fungi
F520_unidentified	F520_unidentified	Fungi
F973_Phanerochaete	F973_Phanerochaete	Fungi
F441_o_Hypocreales	F441_o_Hypocreales	Fungi
F461_unidentified	F461_unidentified	Fungi
F401_unidentified	F401_unidentified	Fungi
B2798_metagenome	B2798_metagenome	Bacteria
B7100_Blastopirellula	B7100_Blastopirellula	Bacteria
B385_o_Gastranaerophilales	B385_o_Gastranaerophilales	Bacteria
B14_Burkholderia-Caballeronia-Paraburkholderia	B14_Burkholderia-Caballeronia-Paraburkholderia	Bacteria
F2311_o_Saccharomycetales	F2311_o_Saccharomycetales	Fungi
F1048_unidentified	F1048_unidentified	Fungi
F336_unidentified	F336_unidentified	Fungi
B2525_metagenome	B2525_metagenome	Bacteria
B6102_uncultured Acidobacteria bacterium	B6102_uncultured Acidobacteria bacterium	Bacteria
B505_Haliangium	B505_Haliangium	Bacteria
B675_uncultured	B675_uncultured	Bacteria
B126_Sphingomonas	B126_Sphingomonas	Bacteria
B205_uncultured prokaryote	B205_uncultured prokaryote	Bacteria
B2199_Opitutus	B2199_Opitutus	Bacteria
B4487_Cyanobium PCC-6307	B4487_Cyanobium PCC-6307	Bacteria
F1535_unidentified	F1535_unidentified	Fungi
F1857_unidentified	F1857_unidentified	Fungi
F165_Cyberlindnera	F165_Cyberlindnera	Fungi
F442_unidentified	F442_unidentified	Fungi
F1539_unidentified	F1539_unidentified	Fungi
B67_uncultured	B67_uncultured	Bacteria
B63_Methylocystis	B63_Methylocystis	Bacteria
B38_uncultured prokaryote	B38_uncultured prokaryote	Bacteria
B210_Ralstonia	B210_Ralstonia	Bacteria
B401_Sh765B-TzT-35	B401_Sh765B-TzT-35	Bacteria
B477_o_NA	B477_o_NA	Bacteria
F90_Pseudogymnoascus	F90_Pseudogymnoascus	Fungi
B8313_f_Planococcaceae	B8313_f_Planococcaceae	Bacteria
F1338_unidentified	F1338_unidentified	Fungi
F1039_unidentified	F1039_unidentified	Fungi
B459_uncultured	B459_uncultured	Bacteria
B41_uncultured	B41_uncultured	Bacteria
B12086_Nostoc PCC-7107	B12086_Nostoc PCC-7107	Bacteria
B3741_Exiguobacterium	B3741_Exiguobacterium	Bacteria
B7645_o_NA	B7645_o_NA	Bacteria
B303_Methylotenera	B303_Methylotenera	Bacteria
B56_Allorhizobium-Neorhizobium-Pararhizobium-Rhizobium	B56_Allorhizobium-Neorhizobium-Pararhizobium-Rhizobium	Bacteria
B110_Roseateles	B110_Roseateles	Bacteria
B3764_Gordonia	B3764_Gordonia	Bacteria
F1500_unidentified	F1500_unidentified	Fungi
F1122_Alutaceodontia	F1122_Alutaceodontia	Fungi
F641_unidentified	F641_unidentified	Fungi
F1061_unidentified	F1061_unidentified	Fungi
F661_unidentified	F661_unidentified	Fungi
F627_unidentified	F627_unidentified	Fungi
F1670_Trametes	F1670_Trametes	Fungi
F410_Schizophyllum	F410_Schizophyllum	Fungi
F1521_Phaeococcomyces	F1521_Phaeococcomyces	Fungi
F65_Sarocladium	F65_Sarocladium	Fungi
F178_Schizopora	F178_Schizopora	Fungi
F725_Cabalodontia	F725_Cabalodontia	Fungi
B1219_Terrimicrobium	B1219_Terrimicrobium	Bacteria
B5130_f_Clostridiaceae 1	B5130_f_Clostridiaceae 1	Bacteria
B421_Gaiella	B421_Gaiella	Bacteria
B1383_uncultured	B1383_uncultured	Bacteria
B895_Methylomonas	B895_Methylomonas	Bacteria
B701_uncultured bacterium	B701_uncultured bacterium	Bacteria
B11105_uncultured	B11105_uncultured	Bacteria
F2777_unidentified	F2777_unidentified	Fungi
F1572_unidentified	F1572_unidentified	Fungi
F582_Mycoleptodiscus	F582_Mycoleptodiscus	Fungi
F48_unidentified	F48_unidentified	Fungi
B13657_uncultured bacterium	B13657_uncultured bacterium	Bacteria
B1758_Lacunisphaera	B1758_Lacunisphaera	Bacteria
B962_Geothrix	B962_Geothrix	Bacteria
B2378_Mucilaginibacter	B2378_Mucilaginibacter	Bacteria
B1340_uncultured Prosthecobacter sp.	B1340_uncultured Prosthecobacter sp.	Bacteria
B7109_uncultured gamma proteobacterium	B7109_uncultured gamma proteobacterium	Bacteria
F3249_unidentified	F3249_unidentified	Fungi
B330_Magnetospirillum	B330_Magnetospirillum	Bacteria
B13651_uncultured	B13651_uncultured	Bacteria
B4151_Flavobacterium	B4151_Flavobacterium	Bacteria
F171_unidentified	F171_unidentified	Fungi
F405_unidentified	F405_unidentified	Fungi
F734_unidentified	F734_unidentified	Fungi
F312_unidentified	F312_unidentified	Fungi
F3043_unidentified	F3043_unidentified	Fungi
F3403_unidentified	F3403_unidentified	Fungi
B7582_Micromonospora	B7582_Micromonospora	Bacteria
B8693_uncultured microorganism	B8693_uncultured microorganism	Bacteria
B170_Bryobacter	B170_Bryobacter	Bacteria
B2624_uncultured	B2624_uncultured	Bacteria
F12_o_Pleosporales	F12_o_Pleosporales	Fungi
B3872_Phaeospirillum	B3872_Phaeospirillum	Bacteria
B8175_f_Pirellulaceae	B8175_f_Pirellulaceae	Bacteria
F785_Peniophorella	F785_Peniophorella	Fungi
B3143_o_NA	B3143_o_NA	Bacteria
B4003_Sporomusa	B4003_Sporomusa	Bacteria
B1005_Candidatus Udaeobacter	B1005_Candidatus Udaeobacter	Bacteria
B6838_Telmatocola	B6838_Telmatocola	Bacteria
B685_Xanthobacter	B685_Xanthobacter	Bacteria
B1289_Desulfovibrio	B1289_Desulfovibrio	Bacteria
B4549_f_uncultured	B4549_f_uncultured	Bacteria
B7303_Oikopleura dioica	B7303_Oikopleura dioica	Bacteria
F1072_unidentified	F1072_unidentified	Fungi
F3216_unidentified	F3216_unidentified	Fungi
B1283_uncultured Syntrophaceae bacterium	B1283_uncultured Syntrophaceae bacterium	Bacteria
F23_Solicoccozyma	F23_Solicoccozyma	Fungi
B125_Niveispirillum	B125_Niveispirillum	Bacteria
F36_Moesziomyces	F36_Moesziomyces	Fungi
F5_Alternaria	F5_Alternaria	Fungi
B1894_uncultured	B1894_uncultured	Bacteria
B7010_Pirellula	B7010_Pirellula	Bacteria
B492_metagenome	B492_metagenome	Bacteria
F3165_o_Agaricales	F3165_o_Agaricales	Fungi
F114_unidentified	F114_unidentified	Fungi
F464_Rhizophydium	F464_Rhizophydium	Fungi
F2961_Nigroporus	F2961_Nigroporus	Fungi
B1615_Geobacter	B1615_Geobacter	Bacteria
B1084_f_uncultured	B1084_f_uncultured	Bacteria
B5208_Paludibaculum	B5208_Paludibaculum	Bacteria
B450_uncultured prokaryote	B450_uncultured prokaryote	Bacteria
B431_Leptolinea	B431_Leptolinea	Bacteria
B2417_f_Ruminococcaceae	B2417_f_Ruminococcaceae	Bacteria
B2585_uncultured Acidobacteriaceae bacterium	B2585_uncultured Acidobacteriaceae bacterium	Bacteria
B1430_f_SC-I-84	B1430_f_SC-I-84	Bacteria
B1403_Clostridium sensu stricto 13	B1403_Clostridium sensu stricto 13	Bacteria
B388_Mycobacterium	B388_Mycobacterium	Bacteria
B5027_Clostridium sensu stricto 1	B5027_Clostridium sensu stricto 1	Bacteria
B333_metagenome	B333_metagenome	Bacteria
F224_Rhizophydium	F224_Rhizophydium	Fungi
F1161_unidentified	F1161_unidentified	Fungi
F945_unidentified	F945_unidentified	Fungi
F1342_unidentified	F1342_unidentified	Fungi
F1059_unidentified	F1059_unidentified	Fungi
F83_Schizothecium	F83_Schizothecium	Fungi
B7384_Bdellovibrio	B7384_Bdellovibrio	Bacteria
F576_Malassezia	F576_Malassezia	Fungi
B690_o_Subgroup 7	B690_o_Subgroup 7	Bacteria
B101_Filimonas	B101_Filimonas	Bacteria
B1180_f_Lachnospiraceae	B1180_f_Lachnospiraceae	Bacteria
B11494_Staphylococcus	B11494_Staphylococcus	Bacteria
B5964_Gemmata	B5964_Gemmata	Bacteria
B2433_uncultured	B2433_uncultured	Bacteria
F825_unidentified	F825_unidentified	Fungi
F722_unidentified	F722_unidentified	Fungi
F120_Sporobolomyces	F120_Sporobolomyces	Fungi
B1339_Anaeromyxobacter	B1339_Anaeromyxobacter	Bacteria
B196_Anaeromyxobacter	B196_Anaeromyxobacter	Bacteria
B417_Desulfobacca	B417_Desulfobacca	Bacteria
B7801_uncultured	B7801_uncultured	Bacteria
F363_unidentified	F363_unidentified	Fungi
F504_unidentified	F504_unidentified	Fungi
F494_Coprinellus	F494_Coprinellus	Fungi
B8995_uncultured planctomycete	B8995_uncultured planctomycete	Bacteria
B405_Pelosinus	B405_Pelosinus	Bacteria
B5020_o_NA	B5020_o_NA	Bacteria
B9653_Lutispora	B9653_Lutispora	Bacteria
F61_o_Pleosporales	F61_o_Pleosporales	Fungi
F977_unidentified	F977_unidentified	Fungi
B8741_Blastocatella	B8741_Blastocatella	Bacteria
F3629_unidentified	F3629_unidentified	Fungi
F2174_unidentified	F2174_unidentified	Fungi
F1256_unidentified	F1256_unidentified	Fungi
F1030_Myrothecium	F1030_Myrothecium	Fungi
F980_unidentified	F980_unidentified	Fungi
F27_Curvularia	F27_Curvularia	Fungi
F1335_unidentified	F1335_unidentified	Fungi
F1210_unidentified	F1210_unidentified	Fungi
B6933_Singulisphaera	B6933_Singulisphaera	Bacteria
B1501_Dinghuibacter	B1501_Dinghuibacter	Bacteria
F2072_unidentified	F2072_unidentified	Fungi
F97_o_Sordariales	F97_o_Sordariales	Fungi
B6999_uncultured	B6999_uncultured	Bacteria
B437_Escherichia-Shigella	B437_Escherichia-Shigella	Bacteria
F3233_unidentified	F3233_unidentified	Fungi
F62_Mrakia	F62_Mrakia	Fungi
B10761_Coxiella	B10761_Coxiella	Bacteria
F770_unidentified	F770_unidentified	Fungi
F68_Pseudogymnoascus	F68_Pseudogymnoascus	Fungi
B11692_o_Candidatus Zambryskibacteria	B11692_o_Candidatus Zambryskibacteria	Bacteria
B13143_metagenome	B13143_metagenome	Bacteria
B1285_Haliangium	B1285_Haliangium	Bacteria
B3856_uncultured bacterium	B3856_uncultured bacterium	Bacteria
B1218_Asticcacaulis	B1218_Asticcacaulis	Bacteria
B344_f_SC-I-84	B344_f_SC-I-84	Bacteria
F1154_o_NA	F1154_o_NA	Fungi
F877_unidentified	F877_unidentified	Fungi
F1803_unidentified	F1803_unidentified	Fungi
F1497_unidentified	F1497_unidentified	Fungi
F300_unidentified	F300_unidentified	Fungi
F89_Aureobasidium	F89_Aureobasidium	Fungi
B498_Terrimicrobium	B498_Terrimicrobium	Bacteria
B3977_uncultured Cytophagales bacterium	B3977_uncultured Cytophagales bacterium	Bacteria
B3586_uncultured	B3586_uncultured	Bacteria
B13228_uncultured	B13228_uncultured	Bacteria
B553_Devosia	B553_Devosia	Bacteria
B7401_Sphaerospermopsis BCCUSP55	B7401_Sphaerospermopsis BCCUSP55	Bacteria
B1231_Fodinicola	B1231_Fodinicola	Bacteria
B6642_Ohtaekwangia	B6642_Ohtaekwangia	Bacteria
F458_Endoxyla	F458_Endoxyla	Fungi
F270_unidentified	F270_unidentified	Fungi
F1369_unidentified	F1369_unidentified	Fungi
F592_unidentified	F592_unidentified	Fungi
F2110_unidentified	F2110_unidentified	Fungi
F34_Mortierella	F34_Mortierella	Fungi
F435_Cyberlindnera	F435_Cyberlindnera	Fungi
F1300_Aspergillus	F1300_Aspergillus	Fungi
F316_Dioszegia	F316_Dioszegia	Fungi
F1066_unidentified	F1066_unidentified	Fungi
F272_Penicillium	F272_Penicillium	Fungi
F2588_unidentified	F2588_unidentified	Fungi
F566_unidentified	F566_unidentified	Fungi
F1550_unidentified	F1550_unidentified	Fungi
F1041_unidentified	F1041_unidentified	Fungi
F98_f_Didymellaceae	F98_f_Didymellaceae	Fungi
B1470_uncultured	B1470_uncultured	Bacteria
B759_BSV13	B759_BSV13	Bacteria
F350_o_Tremellales	F350_o_Tremellales	Fungi
F157_unidentified	F157_unidentified	Fungi
F203_unidentified	F203_unidentified	Fungi
F895_Dipodascus	F895_Dipodascus	Fungi
F6_Cladosporium	F6_Cladosporium	Fungi
B209_Escherichia-Shigella	B209_Escherichia-Shigella	Bacteria
B2612_bacterium rJ7	B2612_bacterium rJ7	Bacteria
B979_o_RBG-13-54-9	B979_o_RBG-13-54-9	Bacteria
F1400_unidentified	F1400_unidentified	Fungi
B1816_uncultured Desulfovibrio sp.	B1816_uncultured Desulfovibrio sp.	Bacteria
F778_Phlebiopsis	F778_Phlebiopsis	Fungi
B936_WCHB1-32	B936_WCHB1-32	Bacteria
B13275_f_NS11-12 marine group	B13275_f_NS11-12 marine group	Bacteria
B3814_Porphyrobacter	B3814_Porphyrobacter	Bacteria
B2985_metagenome	B2985_metagenome	Bacteria
B6634_o_OPB41	B6634_o_OPB41	Bacteria
F1096_unidentified	F1096_unidentified	Fungi
F449_unidentified	F449_unidentified	Fungi
F4103_o_NA	F4103_o_NA	Fungi
F374_unidentified	F374_unidentified	Fungi
B13760_f_Sporichthyaceae	B13760_f_Sporichthyaceae	Bacteria
B11176_uncultured	B11176_uncultured	Bacteria
B13171_Luteolibacter	B13171_Luteolibacter	Bacteria
F551_Goffeauzyma	F551_Goffeauzyma	Fungi
F57_Trichoderma	F57_Trichoderma	Fungi
F502_unidentified	F502_unidentified	Fungi
F686_Malassezia	F686_Malassezia	Fungi
F482_Pichia	F482_Pichia	Fungi
B1895_Aquisphaera	B1895_Aquisphaera	Bacteria
B6751_Candidatus Berkelbacteria bacterium RIFOXYA2_FULL_43_10	B6751_Candidatus Berkelbacteria bacterium RIFOXYA2_FULL_43_10	Bacteria
B6299_uncultured delta proteobacterium	B6299_uncultured delta proteobacterium	Bacteria
F1551_unidentified	F1551_unidentified	Fungi
F2857_unidentified	F2857_unidentified	Fungi
F493_unidentified	F493_unidentified	Fungi
F575_Trametes	F575_Trametes	Fungi
F29_f_Didymellaceae	F29_f_Didymellaceae	Fungi
F1160_Ophiognomonia	F1160_Ophiognomonia	Fungi
B195_uncultured soil bacterium	B195_uncultured soil bacterium	Bacteria
F2144_unidentified	F2144_unidentified	Fungi
B696_uncultured	B696_uncultured	Bacteria
B2815_uncultured	B2815_uncultured	Bacteria
F279_unidentified	F279_unidentified	Fungi
F709_unidentified	F709_unidentified	Fungi
F2097_Gymnopilus	F2097_Gymnopilus	Fungi
B11511_Cyanobium PCC-6307	B11511_Cyanobium PCC-6307	Bacteria
F674_Cystobasidium	F674_Cystobasidium	Fungi
B756_Dongia	B756_Dongia	Bacteria
B11462_o_IMCC26256	B11462_o_IMCC26256	Bacteria
F1660_unidentified	F1660_unidentified	Fungi
F260_Schizopora	F260_Schizopora	Fungi
B3066_Cuspidothrix LMECYA 163	B3066_Cuspidothrix LMECYA 163	Bacteria
B613_uncultured	B613_uncultured	Bacteria
B1979_uncultured Conexibacteraceae bacterium	B1979_uncultured Conexibacteraceae bacterium	Bacteria
B1135_Massilia	B1135_Massilia	Bacteria
B1525_saltmarsh clone LCP-6	B1525_saltmarsh clone LCP-6	Bacteria
F213_Yarrowia	F213_Yarrowia	Fungi
B8434_uncultured	B8434_uncultured	Bacteria
F1079_unidentified	F1079_unidentified	Fungi
B6317_uncultured	B6317_uncultured	Bacteria
B1407_Niveispirillum	B1407_Niveispirillum	Bacteria
B397_Sulfurospirillum	B397_Sulfurospirillum	Bacteria
F204_Hannaella	F204_Hannaella	Fungi
F1528_Trechispora	F1528_Trechispora	Fungi
B4060_Methylovulum	B4060_Methylovulum	Bacteria
F887_unidentified	F887_unidentified	Fungi
B7297_uncultured	B7297_uncultured	Bacteria
F2137_unidentified	F2137_unidentified	Fungi
B54_uncultured	B54_uncultured	Bacteria
B43_Sphingomonas	B43_Sphingomonas	Bacteria
F292_Engyodontium	F292_Engyodontium	Fungi
F395_unidentified	F395_unidentified	Fungi
F516_unidentified	F516_unidentified	Fungi
B14630_uncultured	B14630_uncultured	Bacteria
F185_f_Didymosphaeriaceae	F185_f_Didymosphaeriaceae	Fungi
F3152_unidentified	F3152_unidentified	Fungi
F137_Malassezia	F137_Malassezia	Fungi
F1487_unidentified	F1487_unidentified	Fungi
F2826_unidentified	F2826_unidentified	Fungi
F1927_Mrakiella	F1927_Mrakiella	Fungi
F2840_unidentified	F2840_unidentified	Fungi
F274_unidentified	F274_unidentified	Fungi
F1859_unidentified	F1859_unidentified	Fungi
F106_unidentified	F106_unidentified	Fungi
B4217_uncultured bacterium	B4217_uncultured bacterium	Bacteria
F1785_unidentified	F1785_unidentified	Fungi
F134_o_NA	F134_o_NA	Fungi
F523_unidentified	F523_unidentified	Fungi
F737_unidentified	F737_unidentified	Fungi
F681_Malassezia	F681_Malassezia	Fungi
F310_unidentified	F310_unidentified	Fungi
F1016_unidentified	F1016_unidentified	Fungi
F59_Podospora	F59_Podospora	Fungi
B7933_Allorhizobium-Neorhizobium-Pararhizobium-Rhizobium	B7933_Allorhizobium-Neorhizobium-Pararhizobium-Rhizobium	Bacteria
F579_unidentified	F579_unidentified	Fungi
F678_unidentified	F678_unidentified	Fungi
B1382_denitrifying bacterium enrichment culture clone NOA_1_E9	B1382_denitrifying bacterium enrichment culture clone NOA_1_E9	Bacteria
F699_unidentified	F699_unidentified	Fungi
F206_unidentified	F206_unidentified	Fungi
F433_unidentified	F433_unidentified	Fungi
F3644_unidentified	F3644_unidentified	Fungi
F184_unidentified	F184_unidentified	Fungi
F2122_unidentified	F2122_unidentified	Fungi
F729_Stemphylium	F729_Stemphylium	Fungi
F1211_unidentified	F1211_unidentified	Fungi
F45_f_Didymellaceae	F45_f_Didymellaceae	Fungi
F3372_unidentified	F3372_unidentified	Fungi
F769_unidentified	F769_unidentified	Fungi
F304_Sphaerulina	F304_Sphaerulina	Fungi
B4981_uncultured	B4981_uncultured	Bacteria
B291_uncultured	B291_uncultured	Bacteria
B11188_uncultured.bacterium	B11188_uncultured.bacterium	Bacteria
B10139_uncultured.bacterium	B10139_uncultured.bacterium	Bacteria
B13932_o_Chlamydiales	B13932_o_Chlamydiales	Bacteria
B211_o_SBR1031	B211_o_SBR1031	Bacteria
B1650_Methylomagnum	B1650_Methylomagnum	Bacteria
B406_Syntrophobacter	B406_Syntrophobacter	Bacteria
B7590_Anaerolinea	B7590_Anaerolinea	Bacteria
B11551_Ignavibacteria.bacterium.RIFCSPLOWO2_12_FULL_56_21	B11551_Ignavibacteria.bacterium.RIFCSPLOWO2_12_FULL_56_21	Bacteria
B139_RBG.16.58.14	B139_RBG.16.58.14	Bacteria
B10926_f_Pedosphaeraceae	B10926_f_Pedosphaeraceae	Bacteria
B1405_o_NA	B1405_o_NA	Bacteria
B163_uncultured	B163_uncultured	Bacteria
B3106_o_Bacillales	B3106_o_Bacillales	Bacteria
B6089_o_NA	B6089_o_NA	Bacteria
B7036_uncultured	B7036_uncultured	Bacteria
B1294_f_WD2101.soil.group	B1294_f_WD2101.soil.group	Bacteria
B13392_Syntrophus	B13392_Syntrophus	Bacteria
B7716_uncultured.bacterium.UASB_TL14	B7716_uncultured.bacterium.UASB_TL14	Bacteria
B1740_uncultured.soil.bacterium	B1740_uncultured.soil.bacterium	Bacteria
B1064_RBG.16.58.14	B1064_RBG.16.58.14	Bacteria
B570_Paludibacter	B570_Paludibacter	Bacteria
B1322_Anaerolinea	B1322_Anaerolinea	Bacteria
B8217_uncultured.Acidobacteriales.bacterium	B8217_uncultured.Acidobacteriales.bacterium	Bacteria
B12853_Epulopiscium	B12853_Epulopiscium	Bacteria
B5973_Coxiella	B5973_Coxiella	Bacteria
B6882_Taonella	B6882_Taonella	Bacteria
B1046_uncultured.bacterium	B1046_uncultured.bacterium	Bacteria
B8953_Anaerolinea	B8953_Anaerolinea	Bacteria
B1575_uncultured.bacterium	B1575_uncultured.bacterium	Bacteria
B1301_o_SBR1031	B1301_o_SBR1031	Bacteria
B12372_uncultured	B12372_uncultured	Bacteria
B12863_Candidatus.Amoebophilus	B12863_Candidatus.Amoebophilus	Bacteria
B184_f_Anaerolineaceae	B184_f_Anaerolineaceae	Bacteria
B11592_Deferrisoma	B11592_Deferrisoma	Bacteria
B977_o_RBG.13.54.9	B977_o_RBG.13.54.9	Bacteria
B13468_f_Azospirillaceae	B13468_f_Azospirillaceae	Bacteria
B565_uncultured	B565_uncultured	Bacteria
B14115_Cellulosilyticum	B14115_Cellulosilyticum	Bacteria
B2769_f_WD2101.soil.group	B2769_f_WD2101.soil.group	Bacteria
B247_uncultured	B247_uncultured	Bacteria
B218_RBG.16.58.14	B218_RBG.16.58.14	Bacteria
B8229_o_NA	B8229_o_NA	Bacteria
B4353_f_Unknown.Family	B4353_f_Unknown.Family	Bacteria
B10664_Ruminiclostridium.1	B10664_Ruminiclostridium.1	Bacteria
B1824_Leptolinea	B1824_Leptolinea	Bacteria
B563_uncultured.eubacterium.WCHB1.50	B563_uncultured.eubacterium.WCHB1.50	Bacteria
B12439_o_NA	B12439_o_NA	Bacteria
B7849_uncultured.bacterium	B7849_uncultured.bacterium	Bacteria
B1042_uncultured.bacterium	B1042_uncultured.bacterium	Bacteria
B360_o_SBR1031	B360_o_SBR1031	Bacteria
B449_o_SJA.15	B449_o_SJA.15	Bacteria
B6963_uncultured.bacterium	B6963_uncultured.bacterium	Bacteria
B812_Hydrogenispora	B812_Hydrogenispora	Bacteria
B1832_Magnetospirillum	B1832_Magnetospirillum	Bacteria
B282_Acinetobacter	B282_Acinetobacter	Bacteria
B158_uncultured.bacterium	B158_uncultured.bacterium	Bacteria
B506_uncultured.eubacterium.WCHB1.50	B506_uncultured.eubacterium.WCHB1.50	Bacteria
B49_Anaerolinea	B49_Anaerolinea	Bacteria
B65_o_RBG.13.54.9	B65_o_RBG.13.54.9	Bacteria
B34_Bradyrhizobium	B34_Bradyrhizobium	Bacteria
B5362_uncultured.eubacterium.WCHB1.50	B5362_uncultured.eubacterium.WCHB1.50	Bacteria
B1124_Ruminiclostridium.1	B1124_Ruminiclostridium.1	Bacteria
B1847_Lacunisphaera	B1847_Lacunisphaera	Bacteria
B1368_o_NA	B1368_o_NA	Bacteria
B763_Desulfobacca	B763_Desulfobacca	Bacteria
B229_Dysgonomonas	B229_Dysgonomonas	Bacteria
B1052_uncultured	B1052_uncultured	Bacteria
B167_Gemmatimonas	B167_Gemmatimonas	Bacteria
B5130_f_Clostridiaceae.1	B5130_f_Clostridiaceae.1	Bacteria
B1449_uncultured	B1449_uncultured	Bacteria
B136_Hydrogenispora	B136_Hydrogenispora	Bacteria
B156_Hydrogenispora	B156_Hydrogenispora	Bacteria
B22_uncultured.Roseobacter.sp.	B22_uncultured.Roseobacter.sp.	Bacteria
B74_f_Rhodocyclaceae	B74_f_Rhodocyclaceae	Bacteria
B1309_Candidatus.Solibacter	B1309_Candidatus.Solibacter	Bacteria
B6102_uncultured.Acidobacteria.bacterium	B6102_uncultured.Acidobacteria.bacterium	Bacteria
B258_ADurb.Bin063.1	B258_ADurb.Bin063.1	Bacteria
B194_o_OPB41	B194_o_OPB41	Bacteria
B1981_uncultured.bacterium	B1981_uncultured.bacterium	Bacteria
B681_f_Lachnospiraceae	B681_f_Lachnospiraceae	Bacteria
B8254_uncultured.bacterium.SJA.22	B8254_uncultured.bacterium.SJA.22	Bacteria
B12043_f_Pedosphaeraceae	B12043_f_Pedosphaeraceae	Bacteria
B1409_uncultured.Gemmatimonadetes.bacterium	B1409_uncultured.Gemmatimonadetes.bacterium	Bacteria
B8543_Phaeospirillum	B8543_Phaeospirillum	Bacteria
B450_uncultured.prokaryote	B450_uncultured.prokaryote	Bacteria
B356_Ruminiclostridium.1	B356_Ruminiclostridium.1	Bacteria
B892_Spirochaeta.2	B892_Spirochaeta.2	Bacteria
B3177_Cyanobium.PCC.6307	B3177_Cyanobium.PCC.6307	Bacteria
B2851_Ferrovibrio	B2851_Ferrovibrio	Bacteria
B1350_Desulfomonile	B1350_Desulfomonile	Bacteria
B1284_Blastococcus	B1284_Blastococcus	Bacteria
B84_Azospirillum	B84_Azospirillum	Bacteria
B1051_Desulfovibrio	B1051_Desulfovibrio	Bacteria
B73_f_Blastocatellaceae	B73_f_Blastocatellaceae	Bacteria
B290_Novosphingobium	B290_Novosphingobium	Bacteria
B1246_Candidatus.Solibacter	B1246_Candidatus.Solibacter	Bacteria
B445_Methylomicrobium	B445_Methylomicrobium	Bacteria
B3870_uncultured.Acidobacterium.sp.	B3870_uncultured.Acidobacterium.sp.	Bacteria
B809_uncultured	B809_uncultured	Bacteria
B11692_o_Candidatus.Zambryskibacteria	B11692_o_Candidatus.Zambryskibacteria	Bacteria
B7242_Snowella.0TU37S04	B7242_Snowella.0TU37S04	Bacteria
B13657_uncultured.bacterium	B13657_uncultured.bacterium	Bacteria
B12069_uncultured	B12069_uncultured	Bacteria
B10733_SH.PL14	B10733_SH.PL14	Bacteria
B8693_uncultured.microorganism	B8693_uncultured.microorganism	Bacteria
B8995_uncultured.planctomycete	B8995_uncultured.planctomycete	Bacteria
B9801_WCHB1.32	B9801_WCHB1.32	Bacteria
B168_uncultured.bacterium	B168_uncultured.bacterium	Bacteria
B12086_Nostoc.PCC.7107	B12086_Nostoc.PCC.7107	Bacteria
B13078_o_Betaproteobacteriales	B13078_o_Betaproteobacteriales	Bacteria
B3681_uncultured.bacterium	B3681_uncultured.bacterium	Bacteria
B979_o_RBG.13.54.9	B979_o_RBG.13.54.9	Bacteria
B1071_Novosphingobium	B1071_Novosphingobium	Bacteria
B94_uncultured.Nitrospirae.bacterium	B94_uncultured.Nitrospirae.bacterium	Bacteria
B1009_anaerobic.bacterium.MO.CFX2	B1009_anaerobic.bacterium.MO.CFX2	Bacteria
B1564_f_Pedosphaeraceae	B1564_f_Pedosphaeraceae	Bacteria
B13107_o_NA	B13107_o_NA	Bacteria
B2047_uncultured.Merismopedia.sp.	B2047_uncultured.Merismopedia.sp.	Bacteria
B12114_o_NA	B12114_o_NA	Bacteria
B6598_uncultured.bacterium	B6598_uncultured.bacterium	Bacteria
B1186_f_SC.I.84	B1186_f_SC.I.84	Bacteria
B1353_uncultured	B1353_uncultured	Bacteria
B2359_mle1.7	B2359_mle1.7	Bacteria
B4534_uncultured.Rubrobacteraceae.bacterium	B4534_uncultured.Rubrobacteraceae.bacterium	Bacteria
B120_uncultured.Anaerolineaceae.bacterium	B120_uncultured.Anaerolineaceae.bacterium	Bacteria
B3919_uncultured	B3919_uncultured	Bacteria
B8427_uncultured.bacterium	B8427_uncultured.bacterium	Bacteria
B1586_Candidatus.Solibacter	B1586_Candidatus.Solibacter	Bacteria
B133_uncultured.Desulfuromonadales.bacterium	B133_uncultured.Desulfuromonadales.bacterium	Bacteria
B690_o_Subgroup.7	B690_o_Subgroup.7	Bacteria
B96_uncultured	B96_uncultured	Bacteria
B3627_uncultured.soil.bacterium	B3627_uncultured.soil.bacterium	Bacteria
B104_uncultured.bacterium	B104_uncultured.bacterium	Bacteria
B2585_uncultured.Acidobacteriaceae.bacterium	B2585_uncultured.Acidobacteriaceae.bacterium	Bacteria
B38_uncultured.prokaryote	B38_uncultured.prokaryote	Bacteria
B3144_Sva0081.sediment.group	B3144_Sva0081.sediment.group	Bacteria
B743_Escherichia.Shigella	B743_Escherichia.Shigella	Bacteria
B1430_f_SC.I.84	B1430_f_SC.I.84	Bacteria
B5950_uncultured.bacterium	B5950_uncultured.bacterium	Bacteria
B378_f_WD2101.soil.group	B378_f_WD2101.soil.group	Bacteria
B6751_Candidatus.Berkelbacteria.bacterium.RIFOXYA2_FULL_43_10	B6751_Candidatus.Berkelbacteria.bacterium.RIFOXYA2_FULL_43_10	Bacteria
B3069_uncultured	B3069_uncultured	Bacteria
B5843_Cyanobium.PCC.6307	B5843_Cyanobium.PCC.6307	Bacteria
B6753_Luteolibacter	B6753_Luteolibacter	Bacteria
B2146_uncultured.planctomycete	B2146_uncultured.planctomycete	Bacteria
B1129_uncultured.soil.bacterium	B1129_uncultured.soil.bacterium	Bacteria
B10517_SH.PL14	B10517_SH.PL14	Bacteria
B174_f_Bacteroidetes.vadinHA17	B174_f_Bacteroidetes.vadinHA17	Bacteria
B299_Allorhizobium.Neorhizobium.Pararhizobium.Rhizobium	B299_Allorhizobium.Neorhizobium.Pararhizobium.Rhizobium	Bacteria
B76_Methylobacterium	B76_Methylobacterium	Bacteria
B11418_Haliangium	B11418_Haliangium	Bacteria
B1403_Clostridium.sensu.stricto.13	B1403_Clostridium.sensu.stricto.13	Bacteria
B8857_Sphaerospermopsis.BCCUSP55	B8857_Sphaerospermopsis.BCCUSP55	Bacteria
B701_uncultured.bacterium	B701_uncultured.bacterium	Bacteria
B7658_uncultured	B7658_uncultured	Bacteria
B1816_uncultured.Desulfovibrio.sp.	B1816_uncultured.Desulfovibrio.sp.	Bacteria
B446_Pajaroellobacter	B446_Pajaroellobacter	Bacteria
B146_uncultured.prokaryote	B146_uncultured.prokaryote	Bacteria
B171_uncultured.prokaryote	B171_uncultured.prokaryote	Bacteria
B4796_uncultured.soil.bacterium	B4796_uncultured.soil.bacterium	Bacteria
B2038_Acidobacteria.bacterium.SCN.69.37	B2038_Acidobacteria.bacterium.SCN.69.37	Bacteria
B437_Escherichia.Shigella	B437_Escherichia.Shigella	Bacteria
B1692_Dyella	B1692_Dyella	Bacteria
B113_o_RBG.13.54.9	B113_o_RBG.13.54.9	Bacteria
B479_Sulfuricurvum	B479_Sulfuricurvum	Bacteria
B411_uncultured.prokaryote	B411_uncultured.prokaryote	Bacteria
B5027_Clostridium.sensu.stricto.1	B5027_Clostridium.sensu.stricto.1	Bacteria
B715_ADurb.Bin063.1	B715_ADurb.Bin063.1	Bacteria
B630_Desulfobulbus	B630_Desulfobulbus	Bacteria
B2800_uncultured.Chlorobi.bacterium	B2800_uncultured.Chlorobi.bacterium	Bacteria
B3977_uncultured.Cytophagales.bacterium	B3977_uncultured.Cytophagales.bacterium	Bacteria
B662_Bryobacter	B662_Bryobacter	Bacteria
B1034_Mucilaginibacter	B1034_Mucilaginibacter	Bacteria
B6299_uncultured.delta.proteobacterium	B6299_uncultured.delta.proteobacterium	Bacteria
B3856_uncultured.bacterium	B3856_uncultured.bacterium	Bacteria
B10552_Acidobacteria.bacterium.SCN.69.37	B10552_Acidobacteria.bacterium.SCN.69.37	Bacteria
B6188_o_NA	B6188_o_NA	Bacteria
B9069_uncultured.bacterium.259	B9069_uncultured.bacterium.259	Bacteria
B1442_Gemmatimonas	B1442_Gemmatimonas	Bacteria
B392_Allorhizobium.Neorhizobium.Pararhizobium.Rhizobium	B392_Allorhizobium.Neorhizobium.Pararhizobium.Rhizobium	Bacteria
B6622_Candidatus.Solibacter	B6622_Candidatus.Solibacter	Bacteria
B1351_ADurb.Bin063.1	B1351_ADurb.Bin063.1	Bacteria
B1037_f_uncultured	B1037_f_uncultured	Bacteria
B77_Allorhizobium.Neorhizobium.Pararhizobium.Rhizobium	B77_Allorhizobium.Neorhizobium.Pararhizobium.Rhizobium	Bacteria
B159_Chryseobacterium	B159_Chryseobacterium	Bacteria
B8893_Candidatus.Solibacter	B8893_Candidatus.Solibacter	Bacteria
B1283_uncultured.Syntrophaceae.bacterium	B1283_uncultured.Syntrophaceae.bacterium	Bacteria
B3357_uncultured.Latescibacteria.bacterium	B3357_uncultured.Latescibacteria.bacterium	Bacteria
B72_Allorhizobium.Neorhizobium.Pararhizobium.Rhizobium	B72_Allorhizobium.Neorhizobium.Pararhizobium.Rhizobium	Bacteria
B976_Clostridium.sensu.stricto.1	B976_Clostridium.sensu.stricto.1	Bacteria
B195_uncultured.soil.bacterium	B195_uncultured.soil.bacterium	Bacteria
B8174_uncultured	B8174_uncultured	Bacteria
B1896_Ruminiclostridium.1	B1896_Ruminiclostridium.1	Bacteria
B56_Allorhizobium.Neorhizobium.Pararhizobium.Rhizobium	B56_Allorhizobium.Neorhizobium.Pararhizobium.Rhizobium	Bacteria
B936_WCHB1.32	B936_WCHB1.32	Bacteria
B6246_CL500.29.marine.group	B6246_CL500.29.marine.group	Bacteria
B2125_uncultured.bacterium	B2125_uncultured.bacterium	Bacteria
B223_uncultured.Sphingobacteriales.bacterium	B223_uncultured.Sphingobacteriales.bacterium	Bacteria
B1694_WCHB1.32	B1694_WCHB1.32	Bacteria
B2779_uncultured.bacterium.DA038	B2779_uncultured.bacterium.DA038	Bacteria
B1617_uncultured.Prosthecobacter.sp.	B1617_uncultured.Prosthecobacter.sp.	Bacteria
B484_Candidatus.Koribacter	B484_Candidatus.Koribacter	Bacteria
B1979_uncultured.Conexibacteraceae.bacterium	B1979_uncultured.Conexibacteraceae.bacterium	Bacteria
B1340_uncultured.Prosthecobacter.sp.	B1340_uncultured.Prosthecobacter.sp.	Bacteria
B6775_Chthoniobacter	B6775_Chthoniobacter	Bacteria
B205_uncultured.prokaryote	B205_uncultured.prokaryote	Bacteria
B7109_uncultured.gamma.proteobacterium	B7109_uncultured.gamma.proteobacterium	Bacteria
B25_uncultured.prokaryote	B25_uncultured.prokaryote	Bacteria
B13275_f_NS11.12.marine.group	B13275_f_NS11.12.marine.group	Bacteria
B1313_Escherichia.Shigella	B1313_Escherichia.Shigella	Bacteria
B5259_Escherichia.Shigella	B5259_Escherichia.Shigella	Bacteria
B344_f_SC.I.84	B344_f_SC.I.84	Bacteria
B4139_Clostridium.sensu.stricto.11	B4139_Clostridium.sensu.stricto.11	Bacteria
B1382_denitrifying.bacterium.enrichment.culture.clone.NOA_1_E9	B1382_denitrifying.bacterium.enrichment.culture.clone.NOA_1_E9	Bacteria
B14711_Candidatus.Bealeia	B14711_Candidatus.Bealeia	Bacteria
B7401_Sphaerospermopsis.BCCUSP55	B7401_Sphaerospermopsis.BCCUSP55	Bacteria
B316_uncultured.Thermaerobacter.sp.	B316_uncultured.Thermaerobacter.sp.	Bacteria
B12257_uncultured.prokaryote	B12257_uncultured.prokaryote	Bacteria
B4217_uncultured.bacterium	B4217_uncultured.bacterium	Bacteria
B4329_Nostoc.PCC.7524	B4329_Nostoc.PCC.7524	Bacteria
B3066_Cuspidothrix.LMECYA.163	B3066_Cuspidothrix.LMECYA.163	Bacteria
B5481_Pseudanabaena.NgrPSln22	B5481_Pseudanabaena.NgrPSln22	Bacteria
B209_Escherichia.Shigella	B209_Escherichia.Shigella	Bacteria
B14_Burkholderia.Caballeronia.Paraburkholderia	B14_Burkholderia.Caballeronia.Paraburkholderia	Bacteria
B888_Chryseobacterium	B888_Chryseobacterium	Bacteria
B4487_Cyanobium.PCC.6307	B4487_Cyanobium.PCC.6307	Bacteria
B11511_Cyanobium.PCC.6307	B11511_Cyanobium.PCC.6307	Bacteria
B401_Sh765B.TzT.35	B401_Sh765B.TzT.35	Bacteria
B62_Clostridium.sensu.stricto.1	B62_Clostridium.sensu.stricto.1	Bacteria
B1115_Clostridium.sensu.stricto.12	B1115_Clostridium.sensu.stricto.12	Bacteria
B7303_Oikopleura.dioica	B7303_Oikopleura.dioica	Bacteria
B1005_Candidatus.Udaeobacter	B1005_Candidatus.Udaeobacter	Bacteria
B8061_Acinetobacter	B8061_Acinetobacter	Bacteria
B465_Clostridium.sensu.stricto.1	B465_Clostridium.sensu.stricto.1	Bacteria
F2779_unidentified	F2779_unidentified	Fungi
F412_unidentified	F412_unidentified	Fungi
