id	label	Bacteria
B565_uncultured	B565_uncultured	Bacteria
B304_Ignavibacterium	B304_Ignavibacterium	Bacteria
B621_Syntrophobacter	B621_Syntrophobacter	Bacteria
B97_uncultured	B97_uncultured	Bacteria
B783_Candidatus Solibacter	B783_Candidatus Solibacter	Bacteria
B245_f_Xanthobacteraceae	B245_f_Xanthobacteraceae	Bacteria
B714_o_NA	B714_o_NA	Bacteria
B2431_f_Intrasporangiaceae	B2431_f_Intrasporangiaceae	Bacteria
F16_Pyricularia	F16_Pyricularia	Fungi
B55_Sideroxydans	B55_Sideroxydans	Bacteria
B73_f_Blastocatellaceae	B73_f_Blastocatellaceae	Bacteria
B91_o_NA	B91_o_NA	Bacteria
B1276_Ignavibacterium	B1276_Ignavibacterium	Bacteria
B2722_uncultured bacterium SJA-22	B2722_uncultured bacterium SJA-22	Bacteria
B2456_Massilia	B2456_Massilia	Bacteria
B439_Novosphingobium	B439_Novosphingobium	Bacteria
B1347_uncultured prokaryote	B1347_uncultured prokaryote	Bacteria
B264_f_Burkholderiaceae	B264_f_Burkholderiaceae	Bacteria
B477_o_NA	B477_o_NA	Bacteria
B69_o_NA	B69_o_NA	Bacteria
F860_o_NA	F860_o_NA	Fungi
F615_unidentified	F615_unidentified	Fungi
F242_unidentified	F242_unidentified	Fungi
F551_Goffeauzyma	F551_Goffeauzyma	Fungi
F13_Zopfiella	F13_Zopfiella	Fungi
F63_Thanatephorus	F63_Thanatephorus	Fungi
B549_uncultured	B549_uncultured	Bacteria
B802_uncultured	B802_uncultured	Bacteria
B573_uncultured Gemmatimonadetes bacterium	B573_uncultured Gemmatimonadetes bacterium	Bacteria
B59_Terrabacter	B59_Terrabacter	Bacteria
F17_o_Pleosporales	F17_o_Pleosporales	Fungi
B170_Bryobacter	B170_Bryobacter	Bacteria
F39_unidentified	F39_unidentified	Fungi
B104_uncultured bacterium	B104_uncultured bacterium	Bacteria
B259_uncultured	B259_uncultured	Bacteria
F70_unidentified	F70_unidentified	Fungi
F57_Trichoderma	F57_Trichoderma	Fungi
F519_f_Hyaloscyphaceae	F519_f_Hyaloscyphaceae	Fungi
F372_Schizothecium	F372_Schizothecium	Fungi
F9_Chaetomium	F9_Chaetomium	Fungi
B158_uncultured bacterium	B158_uncultured bacterium	Bacteria
B1130_f_Burkholderiaceae	B1130_f_Burkholderiaceae	Bacteria
B148_Thiobacillus	B148_Thiobacillus	Bacteria
B253_uncultured	B253_uncultured	Bacteria
B1461_o_NA	B1461_o_NA	Bacteria
B468_Geobacter	B468_Geobacter	Bacteria
B870_Blastococcus	B870_Blastococcus	Bacteria
B3405_ADurb.Bin063-1	B3405_ADurb.Bin063-1	Bacteria
B422_uncultured	B422_uncultured	Bacteria
B154_f_Micrococcaceae	B154_f_Micrococcaceae	Bacteria
B57_Streptomyces	B57_Streptomyces	Bacteria
F212_o_NA	F212_o_NA	Fungi
B983_Flavisolibacter	B983_Flavisolibacter	Bacteria
B270_Oryzihumus	B270_Oryzihumus	Bacteria
B216_uncultured	B216_uncultured	Bacteria
B1364_f_SC-I-84	B1364_f_SC-I-84	Bacteria
B108_Geobacter	B108_Geobacter	Bacteria
B643_ADurb.Bin063-1	B643_ADurb.Bin063-1	Bacteria
B869_o_Subgroup 7	B869_o_Subgroup 7	Bacteria
B729_uncultured	B729_uncultured	Bacteria
F282_unidentified	F282_unidentified	Fungi
B3268_uncultured bacterium	B3268_uncultured bacterium	Bacteria
B360_o_SBR1031	B360_o_SBR1031	Bacteria
B456_f_Bacteroidetes vadinHA17	B456_f_Bacteroidetes vadinHA17	Bacteria
B336_Anaerolinea	B336_Anaerolinea	Bacteria
B760_f_A21b	B760_f_A21b	Bacteria
B120_uncultured Anaerolineaceae bacterium	B120_uncultured Anaerolineaceae bacterium	Bacteria
B552_Thiobacillus	B552_Thiobacillus	Bacteria
B455_Desulfobacca	B455_Desulfobacca	Bacteria
B249_Thiobacillus	B249_Thiobacillus	Bacteria
B887_o_NA	B887_o_NA	Bacteria
B142_Ellin6067	B142_Ellin6067	Bacteria
B32_Bradyrhizobium	B32_Bradyrhizobium	Bacteria
B1298_uncultured Desulfovirga sp.	B1298_uncultured Desulfovirga sp.	Bacteria
B237_f_Micrococcaceae	B237_f_Micrococcaceae	Bacteria
B167_Gemmatimonas	B167_Gemmatimonas	Bacteria
B401_Sh765B-TzT-35	B401_Sh765B-TzT-35	Bacteria
B845_Candidatus Udaeobacter	B845_Candidatus Udaeobacter	Bacteria
B1947_o_Subgroup 7	B1947_o_Subgroup 7	Bacteria
B99_f_Burkholderiaceae	B99_f_Burkholderiaceae	Bacteria
B651_Gemmata	B651_Gemmata	Bacteria
B764_f_Acidobacteriaceae (Subgroup 1)	B764_f_Acidobacteriaceae (Subgroup 1)	Bacteria
B380_f_Micrococcaceae	B380_f_Micrococcaceae	Bacteria
B128_Thiobacillus	B128_Thiobacillus	Bacteria
F683_unidentified	F683_unidentified	Fungi
F105_Clonostachys	F105_Clonostachys	Fungi
B129_ADurb.Bin063-1	B129_ADurb.Bin063-1	Bacteria
B506_uncultured eubacterium WCHB1-50	B506_uncultured eubacterium WCHB1-50	Bacteria
B205_uncultured prokaryote	B205_uncultured prokaryote	Bacteria
B429_f_Micrococcaceae	B429_f_Micrococcaceae	Bacteria
F7_unidentified	F7_unidentified	Fungi
F383_unidentified	F383_unidentified	Fungi
B352_o_NA	B352_o_NA	Bacteria
B174_f_Bacteroidetes vadinHA17	B174_f_Bacteroidetes vadinHA17	Bacteria
B117_o_NA	B117_o_NA	Bacteria
B131_Rhodanobacter	B131_Rhodanobacter	Bacteria
B344_f_SC-I-84	B344_f_SC-I-84	Bacteria
F224_Rhizophydium	F224_Rhizophydium	Fungi
F66_Trichoderma	F66_Trichoderma	Fungi
B396_o_RCP2-54	B396_o_RCP2-54	Bacteria
B66_GOUTA6	B66_GOUTA6	Bacteria
B94_uncultured Nitrospirae bacterium	B94_uncultured Nitrospirae bacterium	Bacteria
B454_uncultured	B454_uncultured	Bacteria
F151_unidentified	F151_unidentified	Fungi
F345_unidentified	F345_unidentified	Fungi
F52_Psilocybe	F52_Psilocybe	Fungi
F493_unidentified	F493_unidentified	Fungi
B860_Opitutus	B860_Opitutus	Bacteria
B375_Sphingomonas	B375_Sphingomonas	Bacteria
B1416_uncultured	B1416_uncultured	Bacteria
B820_Hyphomicrobium	B820_Hyphomicrobium	Bacteria
B979_o_RBG-13-54-9	B979_o_RBG-13-54-9	Bacteria
B675_uncultured	B675_uncultured	Bacteria
B325_Ellin6067	B325_Ellin6067	Bacteria
B3534_uncultured Gemmatimonadetes bacterium	B3534_uncultured Gemmatimonadetes bacterium	Bacteria
B132_f_Intrasporangiaceae	B132_f_Intrasporangiaceae	Bacteria
B3484_o_NA	B3484_o_NA	Bacteria
B316_uncultured Thermaerobacter sp.	B316_uncultured Thermaerobacter sp.	Bacteria
B395_f_uncultured	B395_f_uncultured	Bacteria
B1788_Leptolinea	B1788_Leptolinea	Bacteria
B604_Bryobacter	B604_Bryobacter	Bacteria
B987_f_BIrii41	B987_f_BIrii41	Bacteria
F107_o_Helotiales	F107_o_Helotiales	Fungi
F58_Schizothecium	F58_Schizothecium	Fungi
B274_Porphyrobacter	B274_Porphyrobacter	Bacteria
B580_uncultured	B580_uncultured	Bacteria
B133_uncultured Desulfuromonadales bacterium	B133_uncultured Desulfuromonadales bacterium	Bacteria
F83_Schizothecium	F83_Schizothecium	Fungi
B538_f_SC-I-84	B538_f_SC-I-84	Bacteria
F584_Psilocybe	F584_Psilocybe	Fungi
F211_unidentified	F211_unidentified	Fungi
F154_Slooffia	F154_Slooffia	Fungi
F38_Pseudeurotium	F38_Pseudeurotium	Fungi
B67_uncultured	B67_uncultured	Bacteria
B584_Leptolinea	B584_Leptolinea	Bacteria
B50_Thiobacillus	B50_Thiobacillus	Bacteria
B126_Sphingomonas	B126_Sphingomonas	Bacteria
F401_unidentified	F401_unidentified	Fungi
B119_Acidibacter	B119_Acidibacter	Bacteria
F37_unidentified	F37_unidentified	Fungi
F24_o_Helotiales	F24_o_Helotiales	Fungi
F237_unidentified	F237_unidentified	Fungi
B292_uncultured	B292_uncultured	Bacteria
B1516_Haliangium	B1516_Haliangium	Bacteria
B921_uncultured prokaryote	B921_uncultured prokaryote	Bacteria
B2176_Ellin6067	B2176_Ellin6067	Bacteria
B146_uncultured prokaryote	B146_uncultured prokaryote	Bacteria
B1063_o_Gaiellales	B1063_o_Gaiellales	Bacteria
B1198_f_Streptomycetaceae	B1198_f_Streptomycetaceae	Bacteria
B340_Gemmatimonas	B340_Gemmatimonas	Bacteria
F761_o_NA	F761_o_NA	Fungi
B49_Anaerolinea	B49_Anaerolinea	Bacteria
F96_unidentified	F96_unidentified	Fungi
F76_o_Sordariales	F76_o_Sordariales	Fungi
F56_Arnium	F56_Arnium	Fungi
F33_unidentified	F33_unidentified	Fungi
B105_Anaeromyxobacter	B105_Anaeromyxobacter	Bacteria
B442_uncultured	B442_uncultured	Bacteria
B124_Ellin6067	B124_Ellin6067	Bacteria
B38_uncultured prokaryote	B38_uncultured prokaryote	Bacteria
B305_f_uncultured	B305_f_uncultured	Bacteria
B493_Blastococcus	B493_Blastococcus	Bacteria
B1024_Flavisolibacter	B1024_Flavisolibacter	Bacteria
B182_f_Micrococcaceae	B182_f_Micrococcaceae	Bacteria
B40_Caulobacter	B40_Caulobacter	Bacteria
B2557_uncultured prokaryote	B2557_uncultured prokaryote	Bacteria
F159_o_Helotiales	F159_o_Helotiales	Fungi
F1508_o_NA	F1508_o_NA	Fungi
F77_o_NA	F77_o_NA	Fungi
F44_Zopfiella	F44_Zopfiella	Fungi
B206_uncultured bacterium	B206_uncultured bacterium	Bacteria
F486_unidentified	F486_unidentified	Fungi
F245_o_NA	F245_o_NA	Fungi
F62_Mrakia	F62_Mrakia	Fungi
F121_Schizothecium	F121_Schizothecium	Fungi
B107_o_NA	B107_o_NA	Bacteria
B346_uncultured	B346_uncultured	Bacteria
B1675_uncultured Acidobacteriales bacterium	B1675_uncultured Acidobacteriales bacterium	Bacteria
B190_o_NA	B190_o_NA	Bacteria
F91_unidentified	F91_unidentified	Fungi
F833_o_Mortierellales	F833_o_Mortierellales	Fungi
F15_o_Helotiales	F15_o_Helotiales	Fungi
B151_Pseudolabrys	B151_Pseudolabrys	Bacteria
B376_Anaerolinea	B376_Anaerolinea	Bacteria
B770_f_WD2101 soil group	B770_f_WD2101 soil group	Bacteria
F201_unidentified	F201_unidentified	Fungi
F92_unidentified	F92_unidentified	Fungi
B1369_Lysobacter	B1369_Lysobacter	Bacteria
B53_f_SC-I-84	B53_f_SC-I-84	Bacteria
B25_uncultured prokaryote	B25_uncultured prokaryote	Bacteria
B112_uncultured prokaryote	B112_uncultured prokaryote	Bacteria
F19_unidentified	F19_unidentified	Fungi
F23_Solicoccozyma	F23_Solicoccozyma	Fungi
F236_Podospora	F236_Podospora	Fungi
F6_Cladosporium	F6_Cladosporium	Fungi
F185_f_Didymosphaeriaceae	F185_f_Didymosphaeriaceae	Fungi
B114_Luteimonas	B114_Luteimonas	Bacteria
B1421_Mesorhizobium	B1421_Mesorhizobium	Bacteria
B2840_Bryobacter	B2840_Bryobacter	Bacteria
B2399_Candidatus Koribacter	B2399_Candidatus Koribacter	Bacteria
B96_uncultured	B96_uncultured	Bacteria
B2798_metagenome	B2798_metagenome	Bacteria
B578_f_uncultured	B578_f_uncultured	Bacteria
B543_Thiobacillus	B543_Thiobacillus	Bacteria
B150_RBG-16-58-14	B150_RBG-16-58-14	Bacteria
B417_Desulfobacca	B417_Desulfobacca	Bacteria
F171_unidentified	F171_unidentified	Fungi
F14_o_Pleosporales	F14_o_Pleosporales	Fungi
F651_unidentified	F651_unidentified	Fungi
B47_metagenome	B47_metagenome	Bacteria
B1183_RB41	B1183_RB41	Bacteria
B2085_Gemmatimonas	B2085_Gemmatimonas	Bacteria
B268_uncultured	B268_uncultured	Bacteria
B413_f_Micrococcaceae	B413_f_Micrococcaceae	Bacteria
F34_Mortierella	F34_Mortierella	Fungi
B290_Novosphingobium	B290_Novosphingobium	Bacteria
B609_Reyranella	B609_Reyranella	Bacteria
F28_f_Hypocreales_fam_Incertae_sedis	F28_f_Hypocreales_fam_Incertae_sedis	Fungi
B2184_uncultured Rhodocyclaceae bacterium	B2184_uncultured Rhodocyclaceae bacterium	Bacteria
B194_o_OPB41	B194_o_OPB41	Bacteria
B431_Leptolinea	B431_Leptolinea	Bacteria
F471_Mortierella	F471_Mortierella	Fungi
F419_unidentified	F419_unidentified	Fungi
F43_o_Sebacinales	F43_o_Sebacinales	Fungi
F68_Pseudogymnoascus	F68_Pseudogymnoascus	Fungi
B469_uncultured bacterium	B469_uncultured bacterium	Bacteria
B510_Devosia	B510_Devosia	Bacteria
B622_Novosphingobium	B622_Novosphingobium	Bacteria
B1007_uncultured bacterium	B1007_uncultured bacterium	Bacteria
B701_uncultured bacterium	B701_uncultured bacterium	Bacteria
B388_Mycobacterium	B388_Mycobacterium	Bacteria
B322_RB41	B322_RB41	Bacteria
F437_unidentified	F437_unidentified	Fungi
B819_Nitrospira	B819_Nitrospira	Bacteria
B196_Anaeromyxobacter	B196_Anaeromyxobacter	Bacteria
B613_uncultured	B613_uncultured	Bacteria
F192_Fusicolla	F192_Fusicolla	Fungi
F355_unidentified	F355_unidentified	Fungi
F119_unidentified	F119_unidentified	Fungi
B319_anaerobic bacterium MO-CFX2	B319_anaerobic bacterium MO-CFX2	Bacteria
F217_unidentified	F217_unidentified	Fungi
F59_Podospora	F59_Podospora	Fungi
F167_unidentified	F167_unidentified	Fungi
F134_o_NA	F134_o_NA	Fungi
F54_Pyrenochaetopsis	F54_Pyrenochaetopsis	Fungi
F79_Ceratobasidium	F79_Ceratobasidium	Fungi
F521_unidentified	F521_unidentified	Fungi
F378_unidentified	F378_unidentified	Fungi
F335_unidentified	F335_unidentified	Fungi
F78_unidentified	F78_unidentified	Fungi
F26_unidentified	F26_unidentified	Fungi
F610_unidentified	F610_unidentified	Fungi
F41_Arnium	F41_Arnium	Fungi
F2_Nigrospora	F2_Nigrospora	Fungi
F467_Saitozyma	F467_Saitozyma	Fungi
F53_Pyrenochaetopsis	F53_Pyrenochaetopsis	Fungi
F40_unidentified	F40_unidentified	Fungi
F90_Pseudogymnoascus	F90_Pseudogymnoascus	Fungi
B341_uncultured	B341_uncultured	Bacteria
B8173_o_Subgroup 7	B8173_o_Subgroup 7	Bacteria
F279_unidentified	F279_unidentified	Fungi
F427_unidentified	F427_unidentified	Fungi
F45_f_Didymellaceae	F45_f_Didymellaceae	Fungi
B349_Haliangium	B349_Haliangium	Bacteria
B606_Desulfobacca	B606_Desulfobacca	Bacteria
B883_uncultured	B883_uncultured	Bacteria
B1231_Fodinicola	B1231_Fodinicola	Bacteria
B544_uncultured Sorangiineae bacterium	B544_uncultured Sorangiineae bacterium	Bacteria
F330_o_NA	F330_o_NA	Fungi
F126_Tomentellopsis	F126_Tomentellopsis	Fungi
B248_o_Betaproteobacteriales	B248_o_Betaproteobacteriales	Bacteria
B63_Methylocystis	B63_Methylocystis	Bacteria
B1587_Actinomadura	B1587_Actinomadura	Bacteria
B1324_Gaiella	B1324_Gaiella	Bacteria
B223_uncultured Sphingobacteriales bacterium	B223_uncultured Sphingobacteriales bacterium	Bacteria
B62_Clostridium sensu stricto 1	B62_Clostridium sensu stricto 1	Bacteria
B2759_metagenome	B2759_metagenome	Bacteria
F1476_unidentified	F1476_unidentified	Fungi
F8_unidentified	F8_unidentified	Fungi
F3_Moesziomyces	F3_Moesziomyces	Fungi
F793_unidentified	F793_unidentified	Fungi
F359_unidentified	F359_unidentified	Fungi
F490_unidentified	F490_unidentified	Fungi
F95_o_NA	F95_o_NA	Fungi
F986_Plectosphaerella	F986_Plectosphaerella	Fungi
F145_Mrakiella	F145_Mrakiella	Fungi
F278_Peziza	F278_Peziza	Fungi
F80_Uncobasidium	F80_Uncobasidium	Fungi
B508_Phenylobacterium	B508_Phenylobacterium	Bacteria
F554_unidentified	F554_unidentified	Fungi
F179_unidentified	F179_unidentified	Fungi
F454_unidentified	F454_unidentified	Fungi
B238_uncultured Iamiaceae bacterium	B238_uncultured Iamiaceae bacterium	Bacteria
B2303_unidentified	B2303_unidentified	Bacteria
B1307_metagenome	B1307_metagenome	Bacteria
B201_Massilia	B201_Massilia	Bacteria
F375_o_NA	F375_o_NA	Fungi
F75_unidentified	F75_unidentified	Fungi
F329_o_NA	F329_o_NA	Fungi
F732_f_Hypocreales_fam_Incertae_sedis	F732_f_Hypocreales_fam_Incertae_sedis	Fungi
B113_o_RBG-13-54-9	B113_o_RBG-13-54-9	Bacteria
F399_unidentified	F399_unidentified	Fungi
F1366_unidentified	F1366_unidentified	Fungi
B1097_Bryobacter	B1097_Bryobacter	Bacteria
B283_uncultured Thermaerobacter sp.	B283_uncultured Thermaerobacter sp.	Bacteria
F2175_unidentified	F2175_unidentified	Fungi
B1112_Syntrophus	B1112_Syntrophus	Bacteria
F253_unidentified	F253_unidentified	Fungi
B173_uncultured planctomycete	B173_uncultured planctomycete	Bacteria
F631_unidentified	F631_unidentified	Fungi
F143_unidentified	F143_unidentified	Fungi
F547_unidentified	F547_unidentified	Fungi
F327_unidentified	F327_unidentified	Fungi
F395_unidentified	F395_unidentified	Fungi
F596_unidentified	F596_unidentified	Fungi
B575_Actinomadura	B575_Actinomadura	Bacteria
F438_unidentified	F438_unidentified	Fungi
F94_Mortierella	F94_Mortierella	Fungi
F103_unidentified	F103_unidentified	Fungi
F1197_unidentified	F1197_unidentified	Fungi
F195_Cistella	F195_Cistella	Fungi
F203_unidentified	F203_unidentified	Fungi
B441_Actinobacteria bacterium RBG_19FT_COMBO_70_19	B441_Actinobacteria bacterium RBG_19FT_COMBO_70_19	Bacteria
F20_Edenia	F20_Edenia	Fungi
B855_uncultured eubacterium WCHB1-50	B855_uncultured eubacterium WCHB1-50	Bacteria
F1217_unidentified	F1217_unidentified	Fungi
B1480_Conexibacter	B1480_Conexibacter	Bacteria
F232_Mortierella	F232_Mortierella	Fungi
B1851_Pleomorphomonas	B1851_Pleomorphomonas	Bacteria
F97_o_Sordariales	F97_o_Sordariales	Fungi
F180_Tetracladium	F180_Tetracladium	Fungi
F106_unidentified	F106_unidentified	Fungi
F1167_unidentified	F1167_unidentified	Fungi
F1229_unidentified	F1229_unidentified	Fungi
F120_Sporobolomyces	F120_Sporobolomyces	Fungi
F344_Typhula	F344_Typhula	Fungi
F22_Setophoma	F22_Setophoma	Fungi
F12_o_Pleosporales	F12_o_Pleosporales	Fungi
F10_Guehomyces	F10_Guehomyces	Fungi
F200_Aspergillus	F200_Aspergillus	Fungi
F108_unidentified	F108_unidentified	Fungi
F189_Westerdykella	F189_Westerdykella	Fungi
F182_o_NA	F182_o_NA	Fungi
F388_unidentified	F388_unidentified	Fungi
F122_Apodus	F122_Apodus	Fungi
F64_unidentified	F64_unidentified	Fungi
F205_Mortierella	F205_Mortierella	Fungi
F485_unidentified	F485_unidentified	Fungi
F294_unidentified	F294_unidentified	Fungi
F5_Alternaria	F5_Alternaria	Fungi
F307_unidentified	F307_unidentified	Fungi
F55_f_Nectriaceae	F55_f_Nectriaceae	Fungi
F61_o_Pleosporales	F61_o_Pleosporales	Fungi
F792_Claroideoglomus	F792_Claroideoglomus	Fungi
F290_f_Coniochaetaceae	F290_f_Coniochaetaceae	Fungi
F133_Cyphellophora	F133_Cyphellophora	Fungi
F27_Curvularia	F27_Curvularia	Fungi
F220_Acremonium	F220_Acremonium	Fungi
F367_unidentified	F367_unidentified	Fungi
F351_unidentified	F351_unidentified	Fungi
F977_unidentified	F977_unidentified	Fungi
F73_Tetracladium	F73_Tetracladium	Fungi
F981_o_Paraglomerales	F981_o_Paraglomerales	Fungi
F4_o_Pleosporales	F4_o_Pleosporales	Fungi
F962_unidentified	F962_unidentified	Fungi
F65_Sarocladium	F65_Sarocladium	Fungi
F518_unidentified	F518_unidentified	Fungi
F111_Geomyces	F111_Geomyces	Fungi
F703_unidentified	F703_unidentified	Fungi
F71_Papiliotrema	F71_Papiliotrema	Fungi
F2169_Entoloma	F2169_Entoloma	Fungi
F30_unidentified	F30_unidentified	Fungi
F141_f_Nectriaceae	F141_f_Nectriaceae	Fungi
F165_Cyberlindnera	F165_Cyberlindnera	Fungi
B470_o_Chthonomonadales	B470_o_Chthonomonadales	Bacteria
B1860_uncultured	B1860_uncultured	Bacteria
B1398_uncultured.Gemmatimonadetes.bacterium	B1398_uncultured.Gemmatimonadetes.bacterium	Bacteria
B211_o_SBR1031	B211_o_SBR1031	Bacteria
B139_RBG.16.58.14	B139_RBG.16.58.14	Bacteria
B163_uncultured	B163_uncultured	Bacteria
B4984_uncultured.prokaryote	B4984_uncultured.prokaryote	Bacteria
B1893_o_NA	B1893_o_NA	Bacteria
B1292_o_SBR1031	B1292_o_SBR1031	Bacteria
B1891_f_Anaerolineaceae	B1891_f_Anaerolineaceae	Bacteria
B509_o_SBR1031	B509_o_SBR1031	Bacteria
B1265_Anaerolinea	B1265_Anaerolinea	Bacteria
B667_Sh765B.TzT.35	B667_Sh765B.TzT.35	Bacteria
B614_uncultured	B614_uncultured	Bacteria
B977_o_RBG.13.54.9	B977_o_RBG.13.54.9	Bacteria
B250_o_RBG.13.54.9	B250_o_RBG.13.54.9	Bacteria
B656_Gemmatimonas	B656_Gemmatimonas	Bacteria
B247_uncultured	B247_uncultured	Bacteria
B218_RBG.16.58.14	B218_RBG.16.58.14	Bacteria
B5235_f_WD2101.soil.group	B5235_f_WD2101.soil.group	Bacteria
B3268_uncultured.bacterium	B3268_uncultured.bacterium	Bacteria
B563_uncultured.eubacterium.WCHB1.50	B563_uncultured.eubacterium.WCHB1.50	Bacteria
B236_o_SBR1031	B236_o_SBR1031	Bacteria
B530_o_RBG.13.54.9	B530_o_RBG.13.54.9	Bacteria
B456_f_Bacteroidetes.vadinHA17	B456_f_Bacteroidetes.vadinHA17	Bacteria
B795_Pir2.lineage	B795_Pir2.lineage	Bacteria
B158_uncultured.bacterium	B158_uncultured.bacterium	Bacteria
B506_uncultured.eubacterium.WCHB1.50	B506_uncultured.eubacterium.WCHB1.50	Bacteria
B898_f_Blastocatellaceae	B898_f_Blastocatellaceae	Bacteria
B396_o_RCP2.54	B396_o_RCP2.54	Bacteria
B79_uncultured	B79_uncultured	Bacteria
B225_uncultured.bacterium	B225_uncultured.bacterium	Bacteria
B65_o_RBG.13.54.9	B65_o_RBG.13.54.9	Bacteria
B1580_f_Burkholderiaceae	B1580_f_Burkholderiaceae	Bacteria
B942_uncultured.archaeon	B942_uncultured.archaeon	Bacteria
B602_uncultured.Holophaga.sp.	B602_uncultured.Holophaga.sp.	Bacteria
B1449_uncultured	B1449_uncultured	Bacteria
B136_Hydrogenispora	B136_Hydrogenispora	Bacteria
B440_Anaerolinea	B440_Anaerolinea	Bacteria
B591_Anaerolinea	B591_Anaerolinea	Bacteria
B980_f_uncultured	B980_f_uncultured	Bacteria
B181_uncultured.Planctomycetales.bacterium	B181_uncultured.Planctomycetales.bacterium	Bacteria
B414_uncultured.Desulfovirga.sp.	B414_uncultured.Desulfovirga.sp.	Bacteria
B129_ADurb.Bin063.1	B129_ADurb.Bin063.1	Bacteria
B770_f_WD2101.soil.group	B770_f_WD2101.soil.group	Bacteria
B2722_uncultured.bacterium.SJA.22	B2722_uncultured.bacterium.SJA.22	Bacteria
B263_Sphingomonas	B263_Sphingomonas	Bacteria
B44_f_Xanthobacteraceae	B44_f_Xanthobacteraceae	Bacteria
B363_uncultured	B363_uncultured	Bacteria
B459_uncultured	B459_uncultured	Bacteria
B319_anaerobic.bacterium.MO.CFX2	B319_anaerobic.bacterium.MO.CFX2	Bacteria
B206_uncultured.bacterium	B206_uncultured.bacterium	Bacteria
B255_Reyranella	B255_Reyranella	Bacteria
B573_uncultured.Gemmatimonadetes.bacterium	B573_uncultured.Gemmatimonadetes.bacterium	Bacteria
B774_wastewater.metagenome	B774_wastewater.metagenome	Bacteria
B251_uncultured.Bellilinea.sp.	B251_uncultured.Bellilinea.sp.	Bacteria
B168_uncultured.bacterium	B168_uncultured.bacterium	Bacteria
B1946_uncultured.bacterium	B1946_uncultured.bacterium	Bacteria
B810_uncultured	B810_uncultured	Bacteria
B979_o_RBG.13.54.9	B979_o_RBG.13.54.9	Bacteria
B921_uncultured.prokaryote	B921_uncultured.prokaryote	Bacteria
B94_uncultured.Nitrospirae.bacterium	B94_uncultured.Nitrospirae.bacterium	Bacteria
B458_uncultured.prokaryote	B458_uncultured.prokaryote	Bacteria
B3405_ADurb.Bin063.1	B3405_ADurb.Bin063.1	Bacteria
B783_Candidatus.Solibacter	B783_Candidatus.Solibacter	Bacteria
B238_uncultured.Iamiaceae.bacterium	B238_uncultured.Iamiaceae.bacterium	Bacteria
B2399_Candidatus.Koribacter	B2399_Candidatus.Koribacter	Bacteria
B1364_f_SC.I.84	B1364_f_SC.I.84	Bacteria
B120_uncultured.Anaerolineaceae.bacterium	B120_uncultured.Anaerolineaceae.bacterium	Bacteria
B845_Candidatus.Udaeobacter	B845_Candidatus.Udaeobacter	Bacteria
B133_uncultured.Desulfuromonadales.bacterium	B133_uncultured.Desulfuromonadales.bacterium	Bacteria
B104_uncultured.bacterium	B104_uncultured.bacterium	Bacteria
B1947_o_Subgroup.7	B1947_o_Subgroup.7	Bacteria
B38_uncultured.prokaryote	B38_uncultured.prokaryote	Bacteria
B924_uncultured	B924_uncultured	Bacteria
B3434_uncultured.Gemmatimonadetes.bacterium	B3434_uncultured.Gemmatimonadetes.bacterium	Bacteria
B174_f_Bacteroidetes.vadinHA17	B174_f_Bacteroidetes.vadinHA17	Bacteria
B155_Flavisolibacter	B155_Flavisolibacter	Bacteria
B701_uncultured.bacterium	B701_uncultured.bacterium	Bacteria
B1994_metagenome	B1994_metagenome	Bacteria
B146_uncultured.prokaryote	B146_uncultured.prokaryote	Bacteria
B469_uncultured.bacterium	B469_uncultured.bacterium	Bacteria
B113_o_RBG.13.54.9	B113_o_RBG.13.54.9	Bacteria
B1347_uncultured.prokaryote	B1347_uncultured.prokaryote	Bacteria
B643_ADurb.Bin063.1	B643_ADurb.Bin063.1	Bacteria
B199_f_Nocardioidaceae	B199_f_Nocardioidaceae	Bacteria
B1882_Zavarzinella	B1882_Zavarzinella	Bacteria
B1675_uncultured.Acidobacteriales.bacterium	B1675_uncultured.Acidobacteriales.bacterium	Bacteria
B764_f_Acidobacteriaceae..Subgroup.1.	B764_f_Acidobacteriaceae..Subgroup.1.	Bacteria
B869_o_Subgroup.7	B869_o_Subgroup.7	Bacteria
B1007_uncultured.bacterium	B1007_uncultured.bacterium	Bacteria
B3534_uncultured.Gemmatimonadetes.bacterium	B3534_uncultured.Gemmatimonadetes.bacterium	Bacteria
B538_f_SC.I.84	B538_f_SC.I.84	Bacteria
B150_RBG.16.58.14	B150_RBG.16.58.14	Bacteria
B855_uncultured.eubacterium.WCHB1.50	B855_uncultured.eubacterium.WCHB1.50	Bacteria
B53_f_SC.I.84	B53_f_SC.I.84	Bacteria
B8173_o_Subgroup.7	B8173_o_Subgroup.7	Bacteria
B223_uncultured.Sphingobacteriales.bacterium	B223_uncultured.Sphingobacteriales.bacterium	Bacteria
B1298_uncultured.Desulfovirga.sp.	B1298_uncultured.Desulfovirga.sp.	Bacteria
B283_uncultured.Thermaerobacter.sp.	B283_uncultured.Thermaerobacter.sp.	Bacteria
B205_uncultured.prokaryote	B205_uncultured.prokaryote	Bacteria
B173_uncultured.planctomycete	B173_uncultured.planctomycete	Bacteria
B25_uncultured.prokaryote	B25_uncultured.prokaryote	Bacteria
B344_f_SC.I.84	B344_f_SC.I.84	Bacteria
B2184_uncultured.Rhodocyclaceae.bacterium	B2184_uncultured.Rhodocyclaceae.bacterium	Bacteria
B316_uncultured.Thermaerobacter.sp.	B316_uncultured.Thermaerobacter.sp.	Bacteria
B2557_uncultured.prokaryote	B2557_uncultured.prokaryote	Bacteria
B444_f_Fimbriimonadaceae	B444_f_Fimbriimonadaceae	Bacteria
B112_uncultured.prokaryote	B112_uncultured.prokaryote	Bacteria
B441_Actinobacteria.bacterium.RBG_19FT_COMBO_70_19	B441_Actinobacteria.bacterium.RBG_19FT_COMBO_70_19	Bacteria
F984_unidentified	F984_unidentified	Fungi
F69_o_Pleosporales	F69_o_Pleosporales	Fungi
F175_unidentified	F175_unidentified	Fungi
F733_o_NA	F733_o_NA	Fungi
F636_unidentified	F636_unidentified	Fungi
F560_unidentified	F560_unidentified	Fungi
F47_f_Phaeosphaeriaceae	F47_f_Phaeosphaeriaceae	Fungi
F456_f_Hypocreales_fam_Incertae_sedis	F456_f_Hypocreales_fam_Incertae_sedis	Fungi
