id	label	Bacteria
B2484_uncultured	B2484_uncultured	Bacteria
F645_f_Lycoperdaceae	F645_f_Lycoperdaceae	Fungi
F306_Occultifur	F306_Occultifur	Fungi
B2344_o_NA	B2344_o_NA	Bacteria
B147_Sphingomonas	B147_Sphingomonas	Bacteria
B2521_Haliangium	B2521_Haliangium	Bacteria
B3887_f_BIrii41	B3887_f_BIrii41	Bacteria
B3874_Lechevalieria	B3874_Lechevalieria	Bacteria
B2377_Tahibacter	B2377_Tahibacter	Bacteria
B1168_Reyranella	B1168_Reyranella	Bacteria
B968_Acidibacter	B968_Acidibacter	Bacteria
B1_Pantoea	B1_Pantoea	Bacteria
B5229_Aquicella	B5229_Aquicella	Bacteria
B3671_OLB12	B3671_OLB12	Bacteria
B4_Pantoea	B4_Pantoea	Bacteria
F37_unidentified	F37_unidentified	Fungi
B1905_Ohtaekwangia	B1905_Ohtaekwangia	Bacteria
B5099_Pirellula	B5099_Pirellula	Bacteria
B2483_Opitutus	B2483_Opitutus	Bacteria
B335_f_Kineosporiaceae	B335_f_Kineosporiaceae	Bacteria
B487_Allorhizobium-Neorhizobium-Pararhizobium-Rhizobium	B487_Allorhizobium-Neorhizobium-Pararhizobium-Rhizobium	Bacteria
B54_uncultured	B54_uncultured	Bacteria
B318_Caulobacter	B318_Caulobacter	Bacteria
B913_uncultured	B913_uncultured	Bacteria
B2639_Flavobacterium	B2639_Flavobacterium	Bacteria
F3515_Pseudopyricularia	F3515_Pseudopyricularia	Fungi
F1706_unidentified	F1706_unidentified	Fungi
F410_Schizophyllum	F410_Schizophyllum	Fungi
F429_Bjerkandera	F429_Bjerkandera	Fungi
F3215_Gymnopilus	F3215_Gymnopilus	Fungi
F1322_unidentified	F1322_unidentified	Fungi
B3749_f_uncultured	B3749_f_uncultured	Bacteria
B1297_Peredibacter	B1297_Peredibacter	Bacteria
B22_uncultured Roseobacter sp.	B22_uncultured Roseobacter sp.	Bacteria
B197_Novosphingobium	B197_Novosphingobium	Bacteria
B683_Ancylobacter	B683_Ancylobacter	Bacteria
B11_Xanthomonas	B11_Xanthomonas	Bacteria
B3333_Flavobacterium	B3333_Flavobacterium	Bacteria
B202_f_Burkholderiaceae	B202_f_Burkholderiaceae	Bacteria
B48_Luteibacter	B48_Luteibacter	Bacteria
B1173_Devosia	B1173_Devosia	Bacteria
B633_f_Xanthomonadaceae	B633_f_Xanthomonadaceae	Bacteria
B327_1174-901-12	B327_1174-901-12	Bacteria
B512_Flavobacterium	B512_Flavobacterium	Bacteria
B308_Filimonas	B308_Filimonas	Bacteria
B68_Chryseobacterium	B68_Chryseobacterium	Bacteria
B1017_Clostridium sensu stricto 3	B1017_Clostridium sensu stricto 3	Bacteria
F131_unidentified	F131_unidentified	Fungi
F60_Nakataea	F60_Nakataea	Fungi
F20_Edenia	F20_Edenia	Fungi
F33_unidentified	F33_unidentified	Fungi
B4316_uncultured	B4316_uncultured	Bacteria
B1251_Dokdonella	B1251_Dokdonella	Bacteria
B2092_o_Betaproteobacteriales	B2092_o_Betaproteobacteriales	Bacteria
B2615_f_Burkholderiaceae	B2615_f_Burkholderiaceae	Bacteria
B98_Sphingomonas	B98_Sphingomonas	Bacteria
B2140_Haliangium	B2140_Haliangium	Bacteria
B1313_Escherichia-Shigella	B1313_Escherichia-Shigella	Bacteria
F36_Moesziomyces	F36_Moesziomyces	Fungi
B2347_Bacillus	B2347_Bacillus	Bacteria
B798_Devosia	B798_Devosia	Bacteria
F116_Curvularia	F116_Curvularia	Fungi
B61_Rhodanobacter	B61_Rhodanobacter	Bacteria
B3837_Gemmata	B3837_Gemmata	Bacteria
B2564_Achromobacter	B2564_Achromobacter	Bacteria
B2489_Pir4 lineage	B2489_Pir4 lineage	Bacteria
B23_f_Burkholderiaceae	B23_f_Burkholderiaceae	Bacteria
B36_Stenotrophomonas	B36_Stenotrophomonas	Bacteria
B371_Dongia	B371_Dongia	Bacteria
B1327_f_BIrii41	B1327_f_BIrii41	Bacteria
B373_Niastella	B373_Niastella	Bacteria
B4192_uncultured	B4192_uncultured	Bacteria
B303_Methylotenera	B303_Methylotenera	Bacteria
B1948_uncultured	B1948_uncultured	Bacteria
B2280_metagenome	B2280_metagenome	Bacteria
B100_Chitinophaga	B100_Chitinophaga	Bacteria
B3465_Roseimicrobium	B3465_Roseimicrobium	Bacteria
B58_Rhodanobacter	B58_Rhodanobacter	Bacteria
B4302_o_NA	B4302_o_NA	Bacteria
B5431_Subgroup 10	B5431_Subgroup 10	Bacteria
B39_Paenibacillus	B39_Paenibacillus	Bacteria
B2153_uncultured	B2153_uncultured	Bacteria
B894_f_BIrii41	B894_f_BIrii41	Bacteria
B2956_uncultured	B2956_uncultured	Bacteria
B15_Sphingomonas	B15_Sphingomonas	Bacteria
B1511_Stenotrophomonas	B1511_Stenotrophomonas	Bacteria
B1020_Nubsella	B1020_Nubsella	Bacteria
B106_Pseudolabrys	B106_Pseudolabrys	Bacteria
B889_Allorhizobium-Neorhizobium-Pararhizobium-Rhizobium	B889_Allorhizobium-Neorhizobium-Pararhizobium-Rhizobium	Bacteria
B78_Sphingomonas	B78_Sphingomonas	Bacteria
B118_Oxalicibacterium	B118_Oxalicibacterium	Bacteria
B1464_Hylemonella	B1464_Hylemonella	Bacteria
B1680_metagenome	B1680_metagenome	Bacteria
B3965_uncultured	B3965_uncultured	Bacteria
F330_o_NA	F330_o_NA	Fungi
F3_Moesziomyces	F3_Moesziomyces	Fungi
F156_Serendipita	F156_Serendipita	Fungi
F58_Schizothecium	F58_Schizothecium	Fungi
B3058_Candidatus Ovatusbacter	B3058_Candidatus Ovatusbacter	Bacteria
B3235_Lacunisphaera	B3235_Lacunisphaera	Bacteria
B19_Xanthomonas	B19_Xanthomonas	Bacteria
F358_unidentified	F358_unidentified	Fungi
F76_o_Sordariales	F76_o_Sordariales	Fungi
B4354_Actinoplanes	B4354_Actinoplanes	Bacteria
B1508_wastewater metagenome	B1508_wastewater metagenome	Bacteria
B183_Mucilaginibacter	B183_Mucilaginibacter	Bacteria
B3436_uncultured	B3436_uncultured	Bacteria
B3237_Spirochaeta 2	B3237_Spirochaeta 2	Bacteria
F114_unidentified	F114_unidentified	Fungi
B1252_f_Microbacteriaceae	B1252_f_Microbacteriaceae	Bacteria
B32_Bradyrhizobium	B32_Bradyrhizobium	Bacteria
F2_Nigrospora	F2_Nigrospora	Fungi
B464_Pseudomonas	B464_Pseudomonas	Bacteria
B2073_f_Burkholderiaceae	B2073_f_Burkholderiaceae	Bacteria
B134_Pseudomonas	B134_Pseudomonas	Bacteria
B6_Sphingomonas	B6_Sphingomonas	Bacteria
B37_Allorhizobium-Neorhizobium-Pararhizobium-Rhizobium	B37_Allorhizobium-Neorhizobium-Pararhizobium-Rhizobium	Bacteria
B111_Allorhizobium-Neorhizobium-Pararhizobium-Rhizobium	B111_Allorhizobium-Neorhizobium-Pararhizobium-Rhizobium	Bacteria
B10_Allorhizobium-Neorhizobium-Pararhizobium-Rhizobium	B10_Allorhizobium-Neorhizobium-Pararhizobium-Rhizobium	Bacteria
B42_Pseudomonas	B42_Pseudomonas	Bacteria
B949_Verticia	B949_Verticia	Bacteria
B947_Verticia	B947_Verticia	Bacteria
B581_Devosia	B581_Devosia	Bacteria
B20_Pseudomonas	B20_Pseudomonas	Bacteria
B603_Massilia	B603_Massilia	Bacteria
B127_Sphingobacterium	B127_Sphingobacterium	Bacteria
B30_Sphingomonas	B30_Sphingomonas	Bacteria
B89_Burkholderia-Caballeronia-Paraburkholderia	B89_Burkholderia-Caballeronia-Paraburkholderia	Bacteria
B2226_f_Burkholderiaceae	B2226_f_Burkholderiaceae	Bacteria
B18_Herbaspirillum	B18_Herbaspirillum	Bacteria
B52_Allorhizobium-Neorhizobium-Pararhizobium-Rhizobium	B52_Allorhizobium-Neorhizobium-Pararhizobium-Rhizobium	Bacteria
B2609_Altererythrobacter	B2609_Altererythrobacter	Bacteria
B1447_Achromobacter	B1447_Achromobacter	Bacteria
B28_Burkholderia-Caballeronia-Paraburkholderia	B28_Burkholderia-Caballeronia-Paraburkholderia	Bacteria
B532_Siphonobacter	B532_Siphonobacter	Bacteria
B14_Burkholderia-Caballeronia-Paraburkholderia	B14_Burkholderia-Caballeronia-Paraburkholderia	Bacteria
B95_Allorhizobium-Neorhizobium-Pararhizobium-Rhizobium	B95_Allorhizobium-Neorhizobium-Pararhizobium-Rhizobium	Bacteria
B103_Burkholderia-Caballeronia-Paraburkholderia	B103_Burkholderia-Caballeronia-Paraburkholderia	Bacteria
B317_Brevundimonas	B317_Brevundimonas	Bacteria
B1256_Sphingomonas	B1256_Sphingomonas	Bacteria
F109_o_Pleosporales	F109_o_Pleosporales	Fungi
F1156_unidentified	F1156_unidentified	Fungi
F54_Pyrenochaetopsis	F54_Pyrenochaetopsis	Fungi
F8_unidentified	F8_unidentified	Fungi
F133_Cyphellophora	F133_Cyphellophora	Fungi
F48_unidentified	F48_unidentified	Fungi
F95_o_NA	F95_o_NA	Fungi
F4_o_Pleosporales	F4_o_Pleosporales	Fungi
F147_o_Pleosporales	F147_o_Pleosporales	Fungi
F18_f_Phaeosphaeriaceae	F18_f_Phaeosphaeriaceae	Fungi
F12_o_Pleosporales	F12_o_Pleosporales	Fungi
F47_f_Phaeosphaeriaceae	F47_f_Phaeosphaeriaceae	Fungi
F50_Thanatephorus	F50_Thanatephorus	Fungi
F65_Sarocladium	F65_Sarocladium	Fungi
F28_f_Hypocreales_fam_Incertae_sedis	F28_f_Hypocreales_fam_Incertae_sedis	Fungi
F11_Sarocladium	F11_Sarocladium	Fungi
F124_Stachybotrys	F124_Stachybotrys	Fungi
F337_Myrmecridium	F337_Myrmecridium	Fungi
F276_Cercospora	F276_Cercospora	Fungi
F22_Setophoma	F22_Setophoma	Fungi
B26_Bradyrhizobium	B26_Bradyrhizobium	Bacteria
F1669_Arthopyrenia	F1669_Arthopyrenia	Fungi
B1657_Flavobacterium	B1657_Flavobacterium	Bacteria
B7_Curtobacterium	B7_Curtobacterium	Bacteria
F53_Pyrenochaetopsis	F53_Pyrenochaetopsis	Fungi
F30_unidentified	F30_unidentified	Fungi
B149_Mucilaginibacter	B149_Mucilaginibacter	Bacteria
F199_Aureobasidium	F199_Aureobasidium	Fungi
F16_Pyricularia	F16_Pyricularia	Fungi
B473_Spirochaeta 2	B473_Spirochaeta 2	Bacteria
F178_Schizopora	F178_Schizopora	Fungi
B208_Singulisphaera	B208_Singulisphaera	Bacteria
B1271_Actinotalea	B1271_Actinotalea	Bacteria
B607_Dietzia	B607_Dietzia	Bacteria
B354_Paraburkholderia tropica	B354_Paraburkholderia tropica	Bacteria
B705_f_Sphingomonadaceae	B705_f_Sphingomonadaceae	Bacteria
F537_Pichia	F537_Pichia	Fungi
B1193_Blastocatella	B1193_Blastocatella	Bacteria
B1090_uncultured	B1090_uncultured	Bacteria
B5095_Bdellovibrio	B5095_Bdellovibrio	Bacteria
B3412_Flavobacterium	B3412_Flavobacterium	Bacteria
B2665_f_Rhizobiaceae	B2665_f_Rhizobiaceae	Bacteria
B1174_Nocardioides	B1174_Nocardioides	Bacteria
B209_Escherichia-Shigella	B209_Escherichia-Shigella	Bacteria
B1178_Chitinophaga	B1178_Chitinophaga	Bacteria
B1761_Sphingobacterium	B1761_Sphingobacterium	Bacteria
B485_Niveispirillum	B485_Niveispirillum	Bacteria
B227_Allorhizobium-Neorhizobium-Pararhizobium-Rhizobium	B227_Allorhizobium-Neorhizobium-Pararhizobium-Rhizobium	Bacteria
B12_Novosphingobium	B12_Novosphingobium	Bacteria
F152_unidentified	F152_unidentified	Fungi
F341_Pyricularia	F341_Pyricularia	Fungi
B381_Rhodopseudomonas	B381_Rhodopseudomonas	Bacteria
B16_Sphingomonas	B16_Sphingomonas	Bacteria
F55_f_Nectriaceae	F55_f_Nectriaceae	Fungi
B5303_uncultured bacterium	B5303_uncultured bacterium	Bacteria
B2177_Turneriella	B2177_Turneriella	Bacteria
B3423_uncultured	B3423_uncultured	Bacteria
B3833_Rhodomicrobium	B3833_Rhodomicrobium	Bacteria
B2_Methylobacterium	B2_Methylobacterium	Bacteria
B24_Bradyrhizobium	B24_Bradyrhizobium	Bacteria
B1392_Taibaiella	B1392_Taibaiella	Bacteria
B997_Oxalophagus	B997_Oxalophagus	Bacteria
B601_Sphingobium	B601_Sphingobium	Bacteria
B1102_Pseudoxanthomonas	B1102_Pseudoxanthomonas	Bacteria
B503_Escherichia-Shigella	B503_Escherichia-Shigella	Bacteria
B645_Pseudomonas	B645_Pseudomonas	Bacteria
B86_Sphingomonas	B86_Sphingomonas	Bacteria
B40_Caulobacter	B40_Caulobacter	Bacteria
F458_Endoxyla	F458_Endoxyla	Fungi
F44_Zopfiella	F44_Zopfiella	Fungi
F21_Acremonium	F21_Acremonium	Fungi
F115_unidentified	F115_unidentified	Fungi
B4555_f_env.OPS 17	B4555_f_env.OPS 17	Bacteria
F69_o_Pleosporales	F69_o_Pleosporales	Fungi
F93_Gaeumannomyces	F93_Gaeumannomyces	Fungi
F712_Fusarium	F712_Fusarium	Fungi
B7661_Pirellula	B7661_Pirellula	Bacteria
B3733_f_Chitinophagaceae	B3733_f_Chitinophagaceae	Bacteria
B298_Burkholderia-Caballeronia-Paraburkholderia	B298_Burkholderia-Caballeronia-Paraburkholderia	Bacteria
F238_Coniochaeta	F238_Coniochaeta	Fungi
B1721_Flavobacterium	B1721_Flavobacterium	Bacteria
F448_Perenniporia	F448_Perenniporia	Fungi
B4538_f_Kineosporiaceae	B4538_f_Kineosporiaceae	Bacteria
B331_f_Burkholderiaceae	B331_f_Burkholderiaceae	Bacteria
B2806_f_Burkholderiaceae	B2806_f_Burkholderiaceae	Bacteria
B5907_Hyphomicrobium	B5907_Hyphomicrobium	Bacteria
B56_Allorhizobium-Neorhizobium-Pararhizobium-Rhizobium	B56_Allorhizobium-Neorhizobium-Pararhizobium-Rhizobium	Bacteria
F318_Saccharomyces	F318_Saccharomyces	Fungi
F567_Ceriporia	F567_Ceriporia	Fungi
B495_Mucilaginibacter	B495_Mucilaginibacter	Bacteria
B6486_Legionella	B6486_Legionella	Bacteria
B8_f_Rhizobiaceae	B8_f_Rhizobiaceae	Bacteria
B338_uncultured bacterium	B338_uncultured bacterium	Bacteria
F992_Coprinellus	F992_Coprinellus	Fungi
B1169_Roseomonas	B1169_Roseomonas	Bacteria
B2669_Bacillus	B2669_Bacillus	Bacteria
F169_Naganishia	F169_Naganishia	Fungi
B29_Methylobacterium	B29_Methylobacterium	Bacteria
B3787_Roseomonas	B3787_Roseomonas	Bacteria
F59_Podospora	F59_Podospora	Fungi
F6_Cladosporium	F6_Cladosporium	Fungi
B1957_Devosia	B1957_Devosia	Bacteria
B179_Mucilaginibacter	B179_Mucilaginibacter	Bacteria
B6233_uncultured	B6233_uncultured	Bacteria
B3445_Luteolibacter	B3445_Luteolibacter	Bacteria
B1776_Cloacibacterium	B1776_Cloacibacterium	Bacteria
B1098_Sphingobacterium	B1098_Sphingobacterium	Bacteria
F5909_Pholiota	F5909_Pholiota	Fungi
B72_Allorhizobium-Neorhizobium-Pararhizobium-Rhizobium	B72_Allorhizobium-Neorhizobium-Pararhizobium-Rhizobium	Bacteria
B1114_Dyadobacter	B1114_Dyadobacter	Bacteria
B3348_Flavobacterium	B3348_Flavobacterium	Bacteria
B1971_Terrimonas	B1971_Terrimonas	Bacteria
F27_Curvularia	F27_Curvularia	Fungi
F5_Alternaria	F5_Alternaria	Fungi
B6788_Candidatus.Protochlamydia	B6788_Candidatus.Protochlamydia	Bacteria
B11216_Neochlamydia	B11216_Neochlamydia	Bacteria
B2364_f_Burkholderiaceae	B2364_f_Burkholderiaceae	Bacteria
B5735_uncultured	B5735_uncultured	Bacteria
B5234_Pajaroellobacter	B5234_Pajaroellobacter	Bacteria
B1055_o_Acetobacterales	B1055_o_Acetobacterales	Bacteria
B4330_OLB12	B4330_OLB12	Bacteria
B2191_Virgisporangium	B2191_Virgisporangium	Bacteria
B34_Bradyrhizobium	B34_Bradyrhizobium	Bacteria
B1847_Lacunisphaera	B1847_Lacunisphaera	Bacteria
B2848_f_Burkholderiaceae	B2848_f_Burkholderiaceae	Bacteria
B22_uncultured.Roseobacter.sp.	B22_uncultured.Roseobacter.sp.	Bacteria
B4023_Virgisporangium	B4023_Virgisporangium	Bacteria
B1758_Lacunisphaera	B1758_Lacunisphaera	Bacteria
B7234_f_Isosphaeraceae	B7234_f_Isosphaeraceae	Bacteria
B892_Spirochaeta.2	B892_Spirochaeta.2	Bacteria
B781_Dyadobacter	B781_Dyadobacter	Bacteria
B2827_Rubritepida	B2827_Rubritepida	Bacteria
B2852_Chryseobacterium	B2852_Chryseobacterium	Bacteria
B41_uncultured	B41_uncultured	Bacteria
B473_Spirochaeta.2	B473_Spirochaeta.2	Bacteria
B2489_Pir4.lineage	B2489_Pir4.lineage	Bacteria
B3058_Candidatus.Ovatusbacter	B3058_Candidatus.Ovatusbacter	Bacteria
B5303_uncultured.bacterium	B5303_uncultured.bacterium	Bacteria
B4247_f_Devosiaceae	B4247_f_Devosiaceae	Bacteria
B71_Methylobacterium	B71_Methylobacterium	Bacteria
B37_Allorhizobium.Neorhizobium.Pararhizobium.Rhizobium	B37_Allorhizobium.Neorhizobium.Pararhizobium.Rhizobium	Bacteria
B111_Allorhizobium.Neorhizobium.Pararhizobium.Rhizobium	B111_Allorhizobium.Neorhizobium.Pararhizobium.Rhizobium	Bacteria
B4164_f_Microbacteriaceae	B4164_f_Microbacteriaceae	Bacteria
B342_Herbaspirillum	B342_Herbaspirillum	Bacteria
B10_Allorhizobium.Neorhizobium.Pararhizobium.Rhizobium	B10_Allorhizobium.Neorhizobium.Pararhizobium.Rhizobium	Bacteria
B9040_o_NA	B9040_o_NA	Bacteria
B2458_uncultured	B2458_uncultured	Bacteria
B2575_Terrimicrobium	B2575_Terrimicrobium	Bacteria
B494_Brevundimonas	B494_Brevundimonas	Bacteria
B1802_uncultured	B1802_uncultured	Bacteria
B1508_wastewater.metagenome	B1508_wastewater.metagenome	Bacteria
B487_Allorhizobium.Neorhizobium.Pararhizobium.Rhizobium	B487_Allorhizobium.Neorhizobium.Pararhizobium.Rhizobium	Bacteria
B4564_Pseudoflavitalea	B4564_Pseudoflavitalea	Bacteria
B4518_uncultured.eubacterium.WD261	B4518_uncultured.eubacterium.WD261	Bacteria
B4073_uncultured.bacterium	B4073_uncultured.bacterium	Bacteria
B4043_uncultured	B4043_uncultured	Bacteria
B503_Escherichia.Shigella	B503_Escherichia.Shigella	Bacteria
B1086_Staphylococcus	B1086_Staphylococcus	Bacteria
B5431_Subgroup.10	B5431_Subgroup.10	Bacteria
B17_Methylobacterium	B17_Methylobacterium	Bacteria
B89_Burkholderia.Caballeronia.Paraburkholderia	B89_Burkholderia.Caballeronia.Paraburkholderia	Bacteria
B72_Allorhizobium.Neorhizobium.Pararhizobium.Rhizobium	B72_Allorhizobium.Neorhizobium.Pararhizobium.Rhizobium	Bacteria
B3237_Spirochaeta.2	B3237_Spirochaeta.2	Bacteria
B338_uncultured.bacterium	B338_uncultured.bacterium	Bacteria
B110_Roseateles	B110_Roseateles	Bacteria
B327_1174.901.12	B327_1174.901.12	Bacteria
B13276_Dietzia	B13276_Dietzia	Bacteria
B1349_Mucilaginibacter	B1349_Mucilaginibacter	Bacteria
B1643_uncultured.eubacterium.WD264	B1643_uncultured.eubacterium.WD264	Bacteria
B52_Allorhizobium.Neorhizobium.Pararhizobium.Rhizobium	B52_Allorhizobium.Neorhizobium.Pararhizobium.Rhizobium	Bacteria
B1017_Clostridium.sensu.stricto.3	B1017_Clostridium.sensu.stricto.3	Bacteria
B354_Paraburkholderia.tropica	B354_Paraburkholderia.tropica	Bacteria
B227_Allorhizobium.Neorhizobium.Pararhizobium.Rhizobium	B227_Allorhizobium.Neorhizobium.Pararhizobium.Rhizobium	Bacteria
B889_Allorhizobium.Neorhizobium.Pararhizobium.Rhizobium	B889_Allorhizobium.Neorhizobium.Pararhizobium.Rhizobium	Bacteria
B28_Burkholderia.Caballeronia.Paraburkholderia	B28_Burkholderia.Caballeronia.Paraburkholderia	Bacteria
B209_Escherichia.Shigella	B209_Escherichia.Shigella	Bacteria
B14_Burkholderia.Caballeronia.Paraburkholderia	B14_Burkholderia.Caballeronia.Paraburkholderia	Bacteria
B95_Allorhizobium.Neorhizobium.Pararhizobium.Rhizobium	B95_Allorhizobium.Neorhizobium.Pararhizobium.Rhizobium	Bacteria
B103_Burkholderia.Caballeronia.Paraburkholderia	B103_Burkholderia.Caballeronia.Paraburkholderia	Bacteria
B4555_f_env.OPS.17	B4555_f_env.OPS.17	Bacteria
F117_Saitozyma	F117_Saitozyma	Fungi
