id	label	Bacteria
B9327_o_NA	B9327_o_NA	Bacteria
B13064_Weeksella	B13064_Weeksella	Bacteria
B1995_Massilia	B1995_Massilia	Bacteria
B2324_o_NA	B2324_o_NA	Bacteria
B1287_Allorhizobium-Neorhizobium-Pararhizobium-Rhizobium	B1287_Allorhizobium-Neorhizobium-Pararhizobium-Rhizobium	Bacteria
B3441_Pseudomonas	B3441_Pseudomonas	Bacteria
F258_Nigrospora	F258_Nigrospora	Fungi
F3_Moesziomyces	F3_Moesziomyces	Fungi
F2627_Kazachstania	F2627_Kazachstania	Fungi
B10068_Nakamurella	B10068_Nakamurella	Bacteria
B100_Chitinophaga	B100_Chitinophaga	Bacteria
B9671_Neisseria	B9671_Neisseria	Bacteria
B1597_Staphylococcus	B1597_Staphylococcus	Bacteria
F183_Curvularia	F183_Curvularia	Fungi
B2201_Staphylococcus	B2201_Staphylococcus	Bacteria
B2669_Bacillus	B2669_Bacillus	Bacteria
F990_f_Pleosporaceae	F990_f_Pleosporaceae	Fungi
F3803_Microascus	F3803_Microascus	Fungi
B1797_Sphingomonas	B1797_Sphingomonas	Bacteria
B2787_f_Burkholderiaceae	B2787_f_Burkholderiaceae	Bacteria
F81_Cladosporium	F81_Cladosporium	Fungi
B23_f_Burkholderiaceae	B23_f_Burkholderiaceae	Bacteria
F61_o_Pleosporales	F61_o_Pleosporales	Fungi
F1581_unidentified	F1581_unidentified	Fungi
F2_Nigrospora	F2_Nigrospora	Fungi
F112_Paraphaeosphaeria	F112_Paraphaeosphaeria	Fungi
F36_Moesziomyces	F36_Moesziomyces	Fungi
B8540_Bacillus	B8540_Bacillus	Bacteria
B70_f_Enterobacteriaceae	B70_f_Enterobacteriaceae	Bacteria
B21_Methylobacterium	B21_Methylobacterium	Bacteria
B13_Aureimonas	B13_Aureimonas	Bacteria
B5119_Acinetobacter	B5119_Acinetobacter	Bacteria
B3_Sphingomonas	B3_Sphingomonas	Bacteria
F461_unidentified	F461_unidentified	Fungi
B54_uncultured	B54_uncultured	Bacteria
F27_Curvularia	F27_Curvularia	Fungi
F6_Cladosporium	F6_Cladosporium	Fungi
F5_Alternaria	F5_Alternaria	Fungi
B14401_o_NA	B14401_o_NA	Bacteria
F178_Schizopora	F178_Schizopora	Fungi
B10846_Bacillus	B10846_Bacillus	Bacteria
B14702_Corynebacterium 1	B14702_Corynebacterium 1	Bacteria
B814_Sediminibacterium	B814_Sediminibacterium	Bacteria
F120_Sporobolomyces	F120_Sporobolomyces	Fungi
B5_Pseudomonas	B5_Pseudomonas	Bacteria
F136_f_Didymosphaeriaceae	F136_f_Didymosphaeriaceae	Fungi
F51_Papiliotrema	F51_Papiliotrema	Fungi
B2228_Acinetobacter	B2228_Acinetobacter	Bacteria
B20_Pseudomonas	B20_Pseudomonas	Bacteria
B93_Pedobacter	B93_Pedobacter	Bacteria
B1591_Allorhizobium-Neorhizobium-Pararhizobium-Rhizobium	B1591_Allorhizobium-Neorhizobium-Pararhizobium-Rhizobium	Bacteria
F45_f_Didymellaceae	F45_f_Didymellaceae	Fungi
B4_Pantoea	B4_Pantoea	Bacteria
B933_Pseudomonas	B933_Pseudomonas	Bacteria
B8040_Veillonella	B8040_Veillonella	Bacteria
B35_Methylobacterium	B35_Methylobacterium	Bacteria
B7_Curtobacterium	B7_Curtobacterium	Bacteria
F1698_Moesziomyces	F1698_Moesziomyces	Fungi
F4601_Aureobasidium	F4601_Aureobasidium	Fungi
F391_Nigrospora	F391_Nigrospora	Fungi
F346_Athelia	F346_Athelia	Fungi
F12_o_Pleosporales	F12_o_Pleosporales	Fungi
F321_Curvularia	F321_Curvularia	Fungi
F22_Setophoma	F22_Setophoma	Fungi
B4366_Actinomyces	B4366_Actinomyces	Bacteria
F686_Malassezia	F686_Malassezia	Fungi
B437_Escherichia-Shigella	B437_Escherichia-Shigella	Bacteria
B1682_Escherichia-Shigella	B1682_Escherichia-Shigella	Bacteria
B503_Escherichia-Shigella	B503_Escherichia-Shigella	Bacteria
B1313_Escherichia-Shigella	B1313_Escherichia-Shigella	Bacteria
B5821_Pseudomonas	B5821_Pseudomonas	Bacteria
F29_f_Didymellaceae	F29_f_Didymellaceae	Fungi
B1646_Asinibacterium	B1646_Asinibacterium	Bacteria
B7497_Methylobacterium	B7497_Methylobacterium	Bacteria
F132_Phaeosphaeria	F132_Phaeosphaeria	Fungi
F190_Irpex	F190_Irpex	Fungi
F449_unidentified	F449_unidentified	Fungi
B3590_Escherichia-Shigella	B3590_Escherichia-Shigella	Bacteria
B1227_Escherichia-Shigella	B1227_Escherichia-Shigella	Bacteria
B4215_Methylobacterium	B4215_Methylobacterium	Bacteria
B209_Escherichia-Shigella	B209_Escherichia-Shigella	Bacteria
B902_Escherichia-Shigella	B902_Escherichia-Shigella	Bacteria
F292_Engyodontium	F292_Engyodontium	Fungi
B81_Stenotrophomonas	B81_Stenotrophomonas	Bacteria
B2312_Kocuria	B2312_Kocuria	Bacteria
F458_Endoxyla	F458_Endoxyla	Fungi
F1482_Hyphoderma	F1482_Hyphoderma	Fungi
B1_Pantoea	B1_Pantoea	Bacteria
F1033_Endoxyla	F1033_Endoxyla	Fungi
F135_o_Pleosporales	F135_o_Pleosporales	Fungi
F280_o_Polyporales	F280_o_Polyporales	Fungi
F1336_Cylindrium	F1336_Cylindrium	Fungi
B72_Allorhizobium-Neorhizobium-Pararhizobium-Rhizobium	B72_Allorhizobium-Neorhizobium-Pararhizobium-Rhizobium	Bacteria
F1139_o_Helotiales	F1139_o_Helotiales	Fungi
F18_f_Phaeosphaeriaceae	F18_f_Phaeosphaeriaceae	Fungi
F89_Aureobasidium	F89_Aureobasidium	Fungi
B15_Sphingomonas	B15_Sphingomonas	Bacteria
F1258_Cryptococcus	F1258_Cryptococcus	Fungi
F48_unidentified	F48_unidentified	Fungi
F25_Dimorphospora	F25_Dimorphospora	Fungi
F116_Curvularia	F116_Curvularia	Fungi
F118_Curvularia	F118_Curvularia	Fungi
B6786_o_NA	B6786_o_NA	Bacteria
B2011_uncultured.bacterium	B2011_uncultured.bacterium	Bacteria
B10946_uncultured.bacterium	B10946_uncultured.bacterium	Bacteria
B1578_uncultured	B1578_uncultured	Bacteria
B1390_Candidatus.Cardinium	B1390_Candidatus.Cardinium	Bacteria
B34_Bradyrhizobium	B34_Bradyrhizobium	Bacteria
B22_uncultured.Roseobacter.sp.	B22_uncultured.Roseobacter.sp.	Bacteria
B10717_f_Burkholderiaceae	B10717_f_Burkholderiaceae	Bacteria
B2091_f_Enterobacteriaceae	B2091_f_Enterobacteriaceae	Bacteria
B10250_Corynebacterium.1	B10250_Corynebacterium.1	Bacteria
B735_uncultured.bacterium	B735_uncultured.bacterium	Bacteria
B2598_metagenome	B2598_metagenome	Bacteria
B26_Bradyrhizobium	B26_Bradyrhizobium	Bacteria
B10_Allorhizobium.Neorhizobium.Pararhizobium.Rhizobium	B10_Allorhizobium.Neorhizobium.Pararhizobium.Rhizobium	Bacteria
B919_f_Burkholderiaceae	B919_f_Burkholderiaceae	Bacteria
B13172_Actinomyces	B13172_Actinomyces	Bacteria
B4359_Qipengyuania	B4359_Qipengyuania	Bacteria
B437_Escherichia.Shigella	B437_Escherichia.Shigella	Bacteria
B5855_uncultured	B5855_uncultured	Bacteria
B24_Bradyrhizobium	B24_Bradyrhizobium	Bacteria
B1682_Escherichia.Shigella	B1682_Escherichia.Shigella	Bacteria
B503_Escherichia.Shigella	B503_Escherichia.Shigella	Bacteria
B1591_Allorhizobium.Neorhizobium.Pararhizobium.Rhizobium	B1591_Allorhizobium.Neorhizobium.Pararhizobium.Rhizobium	Bacteria
B72_Allorhizobium.Neorhizobium.Pararhizobium.Rhizobium	B72_Allorhizobium.Neorhizobium.Pararhizobium.Rhizobium	Bacteria
B3590_Escherichia.Shigella	B3590_Escherichia.Shigella	Bacteria
B14702_Corynebacterium.1	B14702_Corynebacterium.1	Bacteria
B1227_Escherichia.Shigella	B1227_Escherichia.Shigella	Bacteria
B902_Escherichia.Shigella	B902_Escherichia.Shigella	Bacteria
B1287_Allorhizobium.Neorhizobium.Pararhizobium.Rhizobium	B1287_Allorhizobium.Neorhizobium.Pararhizobium.Rhizobium	Bacteria
B1313_Escherichia.Shigella	B1313_Escherichia.Shigella	Bacteria
B209_Escherichia.Shigella	B209_Escherichia.Shigella	Bacteria
F131_unidentified	F131_unidentified	Fungi
F8_unidentified	F8_unidentified	Fungi
