id	label	Bacteria
B134_Pseudomonas	B134_Pseudomonas	Bacteria
B995_f_Burkholderiaceae	B995_f_Burkholderiaceae	Bacteria
B37_Allorhizobium-Neorhizobium-Pararhizobium-Rhizobium	B37_Allorhizobium-Neorhizobium-Pararhizobium-Rhizobium	Bacteria
B111_Allorhizobium-Neorhizobium-Pararhizobium-Rhizobium	B111_Allorhizobium-Neorhizobium-Pararhizobium-Rhizobium	Bacteria
B299_Allorhizobium-Neorhizobium-Pararhizobium-Rhizobium	B299_Allorhizobium-Neorhizobium-Pararhizobium-Rhizobium	Bacteria
B48_Luteibacter	B48_Luteibacter	Bacteria
B89_Burkholderia-Caballeronia-Paraburkholderia	B89_Burkholderia-Caballeronia-Paraburkholderia	Bacteria
B948_Mucilaginibacter	B948_Mucilaginibacter	Bacteria
B28_Burkholderia-Caballeronia-Paraburkholderia	B28_Burkholderia-Caballeronia-Paraburkholderia	Bacteria
B14_Burkholderia-Caballeronia-Paraburkholderia	B14_Burkholderia-Caballeronia-Paraburkholderia	Bacteria
B103_Burkholderia-Caballeronia-Paraburkholderia	B103_Burkholderia-Caballeronia-Paraburkholderia	Bacteria
F106_unidentified	F106_unidentified	Fungi
F21_Acremonium	F21_Acremonium	Fungi
F152_unidentified	F152_unidentified	Fungi
F8_unidentified	F8_unidentified	Fungi
F48_unidentified	F48_unidentified	Fungi
F2_Nigrospora	F2_Nigrospora	Fungi
F3_Moesziomyces	F3_Moesziomyces	Fungi
F53_Pyrenochaetopsis	F53_Pyrenochaetopsis	Fungi
F29_f_Didymellaceae	F29_f_Didymellaceae	Fungi
F33_unidentified	F33_unidentified	Fungi
F28_f_Hypocreales_fam_Incertae_sedis	F28_f_Hypocreales_fam_Incertae_sedis	Fungi
F754_Sarocladium	F754_Sarocladium	Fungi
F22_Setophoma	F22_Setophoma	Fungi
B640_f_Intrasporangiaceae	B640_f_Intrasporangiaceae	Bacteria
B252_Spirosoma	B252_Spirosoma	Bacteria
B1466_Cystobacter	B1466_Cystobacter	Bacteria
B5_Pseudomonas	B5_Pseudomonas	Bacteria
B702_Singulisphaera	B702_Singulisphaera	Bacteria
B116_Geodermatophilus	B116_Geodermatophilus	Bacteria
B76_Methylobacterium	B76_Methylobacterium	Bacteria
B265_Deinococcus	B265_Deinococcus	Bacteria
B332_Actinomycetospora	B332_Actinomycetospora	Bacteria
B2136_Spirosoma	B2136_Spirosoma	Bacteria
B847_f_Fimbriimonadaceae	B847_f_Fimbriimonadaceae	Bacteria
B33_Kineococcus	B33_Kineococcus	Bacteria
B842_Sphingomonas	B842_Sphingomonas	Bacteria
B17_Methylobacterium	B17_Methylobacterium	Bacteria
B2494_Aureimonas	B2494_Aureimonas	Bacteria
B2208_Sphingomonas	B2208_Sphingomonas	Bacteria
B636_Curtobacterium	B636_Curtobacterium	Bacteria
B16_Sphingomonas	B16_Sphingomonas	Bacteria
B2856_Cystobacter	B2856_Cystobacter	Bacteria
B1726_Jatrophihabitans	B1726_Jatrophihabitans	Bacteria
B1_Pantoea	B1_Pantoea	Bacteria
B1165_Sphingomonas	B1165_Sphingomonas	Bacteria
B7_Curtobacterium	B7_Curtobacterium	Bacteria
B3_Sphingomonas	B3_Sphingomonas	Bacteria
B1476_Methylobacterium	B1476_Methylobacterium	Bacteria
B432_Kineococcus	B432_Kineococcus	Bacteria
B4_Pantoea	B4_Pantoea	Bacteria
F88_unidentified	F88_unidentified	Fungi
F219_unidentified	F219_unidentified	Fungi
F115_unidentified	F115_unidentified	Fungi
F54_Pyrenochaetopsis	F54_Pyrenochaetopsis	Fungi
F78_unidentified	F78_unidentified	Fungi
F60_Nakataea	F60_Nakataea	Fungi
F12_o_Pleosporales	F12_o_Pleosporales	Fungi
F27_Curvularia	F27_Curvularia	Fungi
F612_Coniothyrium	F612_Coniothyrium	Fungi
F243_unidentified	F243_unidentified	Fungi
F6_Cladosporium	F6_Cladosporium	Fungi
F188_Arthrinium	F188_Arthrinium	Fungi
B1620_Melittangium	B1620_Melittangium	Bacteria
B933_Pseudomonas	B933_Pseudomonas	Bacteria
B835_Spirosoma	B835_Spirosoma	Bacteria
F69_o_Pleosporales	F69_o_Pleosporales	Fungi
F116_Curvularia	F116_Curvularia	Fungi
F354_Coniothyrium	F354_Coniothyrium	Fungi
B3207_Sphingomonas	B3207_Sphingomonas	Bacteria
B222_Kineococcus	B222_Kineococcus	Bacteria
B1174_Nocardioides	B1174_Nocardioides	Bacteria
B1478_Pantoea	B1478_Pantoea	Bacteria
F4_o_Pleosporales	F4_o_Pleosporales	Fungi
F236_Podospora	F236_Podospora	Fungi
F174_unidentified	F174_unidentified	Fungi
F118_Curvularia	F118_Curvularia	Fungi
F89_Aureobasidium	F89_Aureobasidium	Fungi
F289_Aspergillus	F289_Aspergillus	Fungi
B71_Methylobacterium	B71_Methylobacterium	Bacteria
B9_Methylobacterium	B9_Methylobacterium	Bacteria
B187_Clostridium sensu stricto 8	B187_Clostridium sensu stricto 8	Bacteria
B269_Pseudomonas	B269_Pseudomonas	Bacteria
B2617_Skermanella	B2617_Skermanella	Bacteria
B15_Sphingomonas	B15_Sphingomonas	Bacteria
B448_Lactococcus	B448_Lactococcus	Bacteria
B68_Chryseobacterium	B68_Chryseobacterium	Bacteria
B52_Allorhizobium-Neorhizobium-Pararhizobium-Rhizobium	B52_Allorhizobium-Neorhizobium-Pararhizobium-Rhizobium	Bacteria
B95_Allorhizobium-Neorhizobium-Pararhizobium-Rhizobium	B95_Allorhizobium-Neorhizobium-Pararhizobium-Rhizobium	Bacteria
F268_Sarocladium	F268_Sarocladium	Fungi
B2607_Blastocatella	B2607_Blastocatella	Bacteria
B2915_Marmoricola	B2915_Marmoricola	Bacteria
B1670_1174-901-12	B1670_1174-901-12	Bacteria
F20_Edenia	F20_Edenia	Fungi
F61_o_Pleosporales	F61_o_Pleosporales	Fungi
F2338_unidentified	F2338_unidentified	Fungi
F500_Leptosphaeria	F500_Leptosphaeria	Fungi
F65_Sarocladium	F65_Sarocladium	Fungi
F220_Acremonium	F220_Acremonium	Fungi
F81_Cladosporium	F81_Cladosporium	Fungi
B93_Pedobacter	B93_Pedobacter	Bacteria
B35_Methylobacterium	B35_Methylobacterium	Bacteria
B1911_Sphingomonas	B1911_Sphingomonas	Bacteria
B117_o_NA	B117_o_NA	Bacteria
F424_unidentified	F424_unidentified	Fungi
F299_Cladosporium	F299_Cladosporium	Fungi
F112_Paraphaeosphaeria	F112_Paraphaeosphaeria	Fungi
B6_Sphingomonas	B6_Sphingomonas	Bacteria
B36_Stenotrophomonas	B36_Stenotrophomonas	Bacteria
B191_Pseudoxanthomonas	B191_Pseudoxanthomonas	Bacteria
F117_Saitozyma	F117_Saitozyma	Fungi
F105_Clonostachys	F105_Clonostachys	Fungi
F341_Pyricularia	F341_Pyricularia	Fungi
B11_Xanthomonas	B11_Xanthomonas	Bacteria
F2439_o_NA	F2439_o_NA	Fungi
B2154_f_Burkholderiaceae	B2154_f_Burkholderiaceae	Bacteria
B4122_o_NA	B4122_o_NA	Bacteria
B1148_Allorhizobium-Neorhizobium-Pararhizobium-Rhizobium	B1148_Allorhizobium-Neorhizobium-Pararhizobium-Rhizobium	Bacteria
B6359_Lactobacillus	B6359_Lactobacillus	Bacteria
B329_Paenibacillus	B329_Paenibacillus	Bacteria
B326_Bacillus	B326_Bacillus	Bacteria
B430_Pseudonocardia	B430_Pseudonocardia	Bacteria
F204_Hannaella	F204_Hannaella	Fungi
B1797_Sphingomonas	B1797_Sphingomonas	Bacteria
B3570_Hymenobacter	B3570_Hymenobacter	Bacteria
B2845_Hymenobacter	B2845_Hymenobacter	Bacteria
B1965_Belnapia	B1965_Belnapia	Bacteria
B2160_Sphingobium	B2160_Sphingobium	Bacteria
F851_o_Chaetothyriales	F851_o_Chaetothyriales	Fungi
F133_Cyphellophora	F133_Cyphellophora	Fungi
F18_f_Phaeosphaeriaceae	F18_f_Phaeosphaeriaceae	Fungi
B24_Bradyrhizobium	B24_Bradyrhizobium	Bacteria
B209_Escherichia-Shigella	B209_Escherichia-Shigella	Bacteria
B3325_Hymenobacter	B3325_Hymenobacter	Bacteria
F136_f_Didymosphaeriaceae	F136_f_Didymosphaeriaceae	Fungi
F55_f_Nectriaceae	F55_f_Nectriaceae	Fungi
B260_Pseudomonas	B260_Pseudomonas	Bacteria
F5_Alternaria	F5_Alternaria	Fungi
F30_unidentified	F30_unidentified	Fungi
B208_Singulisphaera	B208_Singulisphaera	Bacteria
B12_Novosphingobium	B12_Novosphingobium	Bacteria
F71_Papiliotrema	F71_Papiliotrema	Fungi
F124_Stachybotrys	F124_Stachybotrys	Fungi
B1043_f_Burkholderiaceae	B1043_f_Burkholderiaceae	Bacteria
B10_Allorhizobium-Neorhizobium-Pararhizobium-Rhizobium	B10_Allorhizobium-Neorhizobium-Pararhizobium-Rhizobium	Bacteria
B2_Methylobacterium	B2_Methylobacterium	Bacteria
B2326_Pseudomonas	B2326_Pseudomonas	Bacteria
F418_Hannaella	F418_Hannaella	Fungi
F410_Schizophyllum	F410_Schizophyllum	Fungi
F45_f_Didymellaceae	F45_f_Didymellaceae	Fungi
F40_unidentified	F40_unidentified	Fungi
F31_Fusarium	F31_Fusarium	Fungi
B1447_Achromobacter	B1447_Achromobacter	Bacteria
B1468_Pseudomonas	B1468_Pseudomonas	Bacteria
B2116_Pseudomonas	B2116_Pseudomonas	Bacteria
F137_Malassezia	F137_Malassezia	Fungi
F120_Sporobolomyces	F120_Sporobolomyces	Fungi
B1256_Sphingomonas	B1256_Sphingomonas	Bacteria
B1658_Staphylococcus	B1658_Staphylococcus	Bacteria
F263_unidentified	F263_unidentified	Fungi
F85_Fusarium	F85_Fusarium	Fungi
B657_f_Xanthomonadaceae	B657_f_Xanthomonadaceae	Bacteria
B227_Allorhizobium-Neorhizobium-Pararhizobium-Rhizobium	B227_Allorhizobium-Neorhizobium-Pararhizobium-Rhizobium	Bacteria
F43_o_Sebacinales	F43_o_Sebacinales	Fungi
B333_metagenome	B333_metagenome	Bacteria
B1649_f_Enterobacteriaceae	B1649_f_Enterobacteriaceae	Bacteria
B646_Leuconostoc	B646_Leuconostoc	Bacteria
B317_Brevundimonas	B317_Brevundimonas	Bacteria
B873_f_Enterobacteriaceae	B873_f_Enterobacteriaceae	Bacteria
B327_1174-901-12	B327_1174-901-12	Bacteria
F36_Moesziomyces	F36_Moesziomyces	Fungi
B29_Methylobacterium	B29_Methylobacterium	Bacteria
B776_Lactococcus	B776_Lactococcus	Bacteria
B3982_f_Burkholderiaceae	B3982_f_Burkholderiaceae	Bacteria
B1603_Nakamurella	B1603_Nakamurella	Bacteria
F47_f_Phaeosphaeriaceae	F47_f_Phaeosphaeriaceae	Fungi
F222_o_NA	F222_o_NA	Fungi
F194_Hannaella	F194_Hannaella	Fungi
F44_Zopfiella	F44_Zopfiella	Fungi
F2048_unidentified	F2048_unidentified	Fungi
F3093_Pyrenochaeta	F3093_Pyrenochaeta	Fungi
F1045_unidentified	F1045_unidentified	Fungi
F178_Schizopora	F178_Schizopora	Fungi
B3255_uncultured	B3255_uncultured	Bacteria
B1229_Roseomonas	B1229_Roseomonas	Bacteria
B282_Acinetobacter	B282_Acinetobacter	Bacteria
B4701_Patulibacter	B4701_Patulibacter	Bacteria
B49_Anaerolinea	B49_Anaerolinea	Bacteria
B22_uncultured.Roseobacter.sp.	B22_uncultured.Roseobacter.sp.	Bacteria
B87_Mucilaginibacter	B87_Mucilaginibacter	Bacteria
B3515_Melittangium	B3515_Melittangium	Bacteria
B80_Bradyrhizobium	B80_Bradyrhizobium	Bacteria
B47_metagenome	B47_metagenome	Bacteria
B893_o_NA	B893_o_NA	Bacteria
B626_Pseudomonas	B626_Pseudomonas	Bacteria
B37_Allorhizobium.Neorhizobium.Pararhizobium.Rhizobium	B37_Allorhizobium.Neorhizobium.Pararhizobium.Rhizobium	Bacteria
B104_uncultured.bacterium	B104_uncultured.bacterium	Bacteria
B111_Allorhizobium.Neorhizobium.Pararhizobium.Rhizobium	B111_Allorhizobium.Neorhizobium.Pararhizobium.Rhizobium	Bacteria
B601_Sphingobium	B601_Sphingobium	Bacteria
B10_Allorhizobium.Neorhizobium.Pararhizobium.Rhizobium	B10_Allorhizobium.Neorhizobium.Pararhizobium.Rhizobium	Bacteria
B187_Clostridium.sensu.stricto.8	B187_Clostridium.sensu.stricto.8	Bacteria
B299_Allorhizobium.Neorhizobium.Pararhizobium.Rhizobium	B299_Allorhizobium.Neorhizobium.Pararhizobium.Rhizobium	Bacteria
B494_Brevundimonas	B494_Brevundimonas	Bacteria
B1327_f_BIrii41	B1327_f_BIrii41	Bacteria
B1450_Acinetobacter	B1450_Acinetobacter	Bacteria
B100_Chitinophaga	B100_Chitinophaga	Bacteria
B1716_Nocardioides	B1716_Nocardioides	Bacteria
B54_uncultured	B54_uncultured	Bacteria
B20_Pseudomonas	B20_Pseudomonas	Bacteria
B1670_1174.901.12	B1670_1174.901.12	Bacteria
B972_Singulisphaera	B972_Singulisphaera	Bacteria
B31_Quadrisphaera	B31_Quadrisphaera	Bacteria
B2261_Actinomycetospora	B2261_Actinomycetospora	Bacteria
B89_Burkholderia.Caballeronia.Paraburkholderia	B89_Burkholderia.Caballeronia.Paraburkholderia	Bacteria
B1148_Allorhizobium.Neorhizobium.Pararhizobium.Rhizobium	B1148_Allorhizobium.Neorhizobium.Pararhizobium.Rhizobium	Bacteria
B52_Allorhizobium.Neorhizobium.Pararhizobium.Rhizobium	B52_Allorhizobium.Neorhizobium.Pararhizobium.Rhizobium	Bacteria
B227_Allorhizobium.Neorhizobium.Pararhizobium.Rhizobium	B227_Allorhizobium.Neorhizobium.Pararhizobium.Rhizobium	Bacteria
B28_Burkholderia.Caballeronia.Paraburkholderia	B28_Burkholderia.Caballeronia.Paraburkholderia	Bacteria
B209_Escherichia.Shigella	B209_Escherichia.Shigella	Bacteria
B14_Burkholderia.Caballeronia.Paraburkholderia	B14_Burkholderia.Caballeronia.Paraburkholderia	Bacteria
B95_Allorhizobium.Neorhizobium.Pararhizobium.Rhizobium	B95_Allorhizobium.Neorhizobium.Pararhizobium.Rhizobium	Bacteria
B103_Burkholderia.Caballeronia.Paraburkholderia	B103_Burkholderia.Caballeronia.Paraburkholderia	Bacteria
F389_f_Sympoventuriaceae	F389_f_Sympoventuriaceae	Fungi
F574_Phlebia	F574_Phlebia	Fungi
