id	label	Bacteria
B144_Bradyrhizobium	B144_Bradyrhizobium	Bacteria
B120_uncultured Anaerolineaceae bacterium	B120_uncultured Anaerolineaceae bacterium	Bacteria
B36_Stenotrophomonas	B36_Stenotrophomonas	Bacteria
F2480_unidentified	F2480_unidentified	Fungi
F777_o_NA	F777_o_NA	Fungi
F31_Fusarium	F31_Fusarium	Fungi
B111_Allorhizobium-Neorhizobium-Pararhizobium-Rhizobium	B111_Allorhizobium-Neorhizobium-Pararhizobium-Rhizobium	Bacteria
B260_Pseudomonas	B260_Pseudomonas	Bacteria
B9_Methylobacterium	B9_Methylobacterium	Bacteria
B101_Filimonas	B101_Filimonas	Bacteria
B7581_Bradyrhizobium	B7581_Bradyrhizobium	Bacteria
F468_Keissleriella	F468_Keissleriella	Fungi
F85_Fusarium	F85_Fusarium	Fungi
B1019_f_Micrococcaceae	B1019_f_Micrococcaceae	Bacteria
B17_Methylobacterium	B17_Methylobacterium	Bacteria
B1281_Polaromonas	B1281_Polaromonas	Bacteria
B2846_Massilia	B2846_Massilia	Bacteria
B398_Rhodococcus	B398_Rhodococcus	Bacteria
F127_Papiliotrema	F127_Papiliotrema	Fungi
B6_Sphingomonas	B6_Sphingomonas	Bacteria
B1_Pantoea	B1_Pantoea	Bacteria
B28_Burkholderia-Caballeronia-Paraburkholderia	B28_Burkholderia-Caballeronia-Paraburkholderia	Bacteria
B14_Burkholderia-Caballeronia-Paraburkholderia	B14_Burkholderia-Caballeronia-Paraburkholderia	Bacteria
B4_Pantoea	B4_Pantoea	Bacteria
F69_o_Pleosporales	F69_o_Pleosporales	Fungi
F562_Leptospora	F562_Leptospora	Fungi
F115_unidentified	F115_unidentified	Fungi
F114_unidentified	F114_unidentified	Fungi
F2_Nigrospora	F2_Nigrospora	Fungi
F288_unidentified	F288_unidentified	Fungi
F4_o_Pleosporales	F4_o_Pleosporales	Fungi
F32_Tilletia	F32_Tilletia	Fungi
F425_Fusarium	F425_Fusarium	Fungi
F124_Stachybotrys	F124_Stachybotrys	Fungi
F715_Kondoa	F715_Kondoa	Fungi
B19_Xanthomonas	B19_Xanthomonas	Bacteria
B13_Aureimonas	B13_Aureimonas	Bacteria
B1165_Sphingomonas	B1165_Sphingomonas	Bacteria
B3_Sphingomonas	B3_Sphingomonas	Bacteria
F54_Pyrenochaetopsis	F54_Pyrenochaetopsis	Fungi
F8_unidentified	F8_unidentified	Fungi
F204_Hannaella	F204_Hannaella	Fungi
F18_f_Phaeosphaeriaceae	F18_f_Phaeosphaeriaceae	Fungi
F47_f_Phaeosphaeriaceae	F47_f_Phaeosphaeriaceae	Fungi
F552_unidentified	F552_unidentified	Fungi
F20_Edenia	F20_Edenia	Fungi
F74_f_Tilletiaceae	F74_f_Tilletiaceae	Fungi
F72_unidentified	F72_unidentified	Fungi
F53_Pyrenochaetopsis	F53_Pyrenochaetopsis	Fungi
F51_Papiliotrema	F51_Papiliotrema	Fungi
F417_Paraphoma	F417_Paraphoma	Fungi
F33_unidentified	F33_unidentified	Fungi
F36_Moesziomyces	F36_Moesziomyces	Fungi
F231_Bullera	F231_Bullera	Fungi
F194_Hannaella	F194_Hannaella	Fungi
F84_Tilletia	F84_Tilletia	Fungi
F178_Schizopora	F178_Schizopora	Fungi
F22_Setophoma	F22_Setophoma	Fungi
B23_f_Burkholderiaceae	B23_f_Burkholderiaceae	Bacteria
B1029_Massilia	B1029_Massilia	Bacteria
F192_Fusicolla	F192_Fusicolla	Fungi
F166_Aspergillus	F166_Aspergillus	Fungi
F61_o_Pleosporales	F61_o_Pleosporales	Fungi
F105_Clonostachys	F105_Clonostachys	Fungi
B26_Bradyrhizobium	B26_Bradyrhizobium	Bacteria
B5_Pseudomonas	B5_Pseudomonas	Bacteria
B11_Xanthomonas	B11_Xanthomonas	Bacteria
B39_Paenibacillus	B39_Paenibacillus	Bacteria
B7_Curtobacterium	B7_Curtobacterium	Bacteria
B2172_Pantoea	B2172_Pantoea	Bacteria
F133_Cyphellophora	F133_Cyphellophora	Fungi
F48_unidentified	F48_unidentified	Fungi
F12_o_Pleosporales	F12_o_Pleosporales	Fungi
F112_Paraphaeosphaeria	F112_Paraphaeosphaeria	Fungi
F27_Curvularia	F27_Curvularia	Fungi
F98_f_Didymellaceae	F98_f_Didymellaceae	Fungi
F45_f_Didymellaceae	F45_f_Didymellaceae	Fungi
F28_f_Hypocreales_fam_Incertae_sedis	F28_f_Hypocreales_fam_Incertae_sedis	Fungi
F297_Coniothyrium	F297_Coniothyrium	Fungi
F207_o_Tremellales	F207_o_Tremellales	Fungi
B1059_o_NA	B1059_o_NA	Bacteria
B11165_Streptococcus	B11165_Streptococcus	Bacteria
B31_Quadrisphaera	B31_Quadrisphaera	Bacteria
B33_Kineococcus	B33_Kineococcus	Bacteria
B354_Paraburkholderia tropica	B354_Paraburkholderia tropica	Bacteria
F102_f_Didymellaceae	F102_f_Didymellaceae	Fungi
F380_unidentified	F380_unidentified	Fungi
F81_Cladosporium	F81_Cladosporium	Fungi
F55_f_Nectriaceae	F55_f_Nectriaceae	Fungi
B1086_Staphylococcus	B1086_Staphylococcus	Bacteria
F160_Cladosporium	F160_Cladosporium	Fungi
F334_Plectosphaerella	F334_Plectosphaerella	Fungi
F118_Curvularia	F118_Curvularia	Fungi
F199_Aureobasidium	F199_Aureobasidium	Fungi
B183_Mucilaginibacter	B183_Mucilaginibacter	Bacteria
B769_Pseudomonas	B769_Pseudomonas	Bacteria
B1119_Dietzia	B1119_Dietzia	Bacteria
F1083_Fusarium	F1083_Fusarium	Fungi
B2_Methylobacterium	B2_Methylobacterium	Bacteria
B21_Methylobacterium	B21_Methylobacterium	Bacteria
B32_Bradyrhizobium	B32_Bradyrhizobium	Bacteria
F21_Acremonium	F21_Acremonium	Fungi
F1070_o_NA	F1070_o_NA	Fungi
F349_Biappendiculispora	F349_Biappendiculispora	Fungi
F3_Moesziomyces	F3_Moesziomyces	Fungi
F11_Sarocladium	F11_Sarocladium	Fungi
F161_Paraphoma	F161_Paraphoma	Fungi
F479_Plectosphaerella	F479_Plectosphaerella	Fungi
B734_JGI 0001001-H03	B734_JGI 0001001-H03	Bacteria
B712_f_Intrasporangiaceae	B712_f_Intrasporangiaceae	Bacteria
F78_unidentified	F78_unidentified	Fungi
F136_f_Didymosphaeriaceae	F136_f_Didymosphaeriaceae	Fungi
F328_Phaeosphaeria	F328_Phaeosphaeria	Fungi
F6_Cladosporium	F6_Cladosporium	Fungi
F5_Alternaria	F5_Alternaria	Fungi
F177_unidentified	F177_unidentified	Fungi
F260_Schizopora	F260_Schizopora	Fungi
F369_Penicillium	F369_Penicillium	Fungi
F1000_Ganoderma	F1000_Ganoderma	Fungi
F310_unidentified	F310_unidentified	Fungi
F100_Talaromyces	F100_Talaromyces	Fungi
B3898_Luteitalea	B3898_Luteitalea	Bacteria
B5249_Massilia	B5249_Massilia	Bacteria
B548_Pseudomonas	B548_Pseudomonas	Bacteria
F1099_Exserohilum	F1099_Exserohilum	Fungi
F147_o_Pleosporales	F147_o_Pleosporales	Fungi
F116_Curvularia	F116_Curvularia	Fungi
F867_o_Pleosporales	F867_o_Pleosporales	Fungi
B2261_Actinomycetospora	B2261_Actinomycetospora	Bacteria
B89_Burkholderia-Caballeronia-Paraburkholderia	B89_Burkholderia-Caballeronia-Paraburkholderia	Bacteria
F605_o_Pleosporales	F605_o_Pleosporales	Fungi
F787_Colletotrichum	F787_Colletotrichum	Fungi
F449_unidentified	F449_unidentified	Fungi
F745_Penicillium	F745_Penicillium	Fungi
F299_Cladosporium	F299_Cladosporium	Fungi
F729_Stemphylium	F729_Stemphylium	Fungi
F316_Dioszegia	F316_Dioszegia	Fungi
F190_Irpex	F190_Irpex	Fungi
F262_Talaromyces	F262_Talaromyces	Fungi
F1220_Periconia	F1220_Periconia	Fungi
F174_unidentified	F174_unidentified	Fungi
F89_Aureobasidium	F89_Aureobasidium	Fungi
F30_unidentified	F30_unidentified	Fungi
F376_Gibellulopsis	F376_Gibellulopsis	Fungi
F798_Kondoa	F798_Kondoa	Fungi
F1589_o_Chaetothyriales	F1589_o_Chaetothyriales	Fungi
F525_Phyllozyma	F525_Phyllozyma	Fungi
F120_Sporobolomyces	F120_Sporobolomyces	Fungi
F494_Coprinellus	F494_Coprinellus	Fungi
F101_Curvularia	F101_Curvularia	Fungi
F583_Trichomerium	F583_Trichomerium	Fungi
F1035_Tilletiopsis	F1035_Tilletiopsis	Fungi
F643_Symmetrospora	F643_Symmetrospora	Fungi
F322_Penicillium	F322_Penicillium	Fungi
F29_f_Didymellaceae	F29_f_Didymellaceae	Fungi
F132_Phaeosphaeria	F132_Phaeosphaeria	Fungi
F49_Nakataea	F49_Nakataea	Fungi
F71_Papiliotrema	F71_Papiliotrema	Fungi
F341_Pyricularia	F341_Pyricularia	Fungi
F191_f_Didymellaceae	F191_f_Didymellaceae	Fungi
F1068_Plenodomus	F1068_Plenodomus	Fungi
F600_Penicillium	F600_Penicillium	Fungi
B5974_uncultured.bacterium	B5974_uncultured.bacterium	Bacteria
B11975_uncultured.bacterium	B11975_uncultured.bacterium	Bacteria
B3564_o_NA	B3564_o_NA	Bacteria
B34_Bradyrhizobium	B34_Bradyrhizobium	Bacteria
B22_uncultured.Roseobacter.sp.	B22_uncultured.Roseobacter.sp.	Bacteria
B4729_Cyanothece.PCC.7424	B4729_Cyanothece.PCC.7424	Bacteria
B71_Methylobacterium	B71_Methylobacterium	Bacteria
B120_uncultured.Anaerolineaceae.bacterium	B120_uncultured.Anaerolineaceae.bacterium	Bacteria
B464_Pseudomonas	B464_Pseudomonas	Bacteria
B1220_Bacillus	B1220_Bacillus	Bacteria
B111_Allorhizobium.Neorhizobium.Pararhizobium.Rhizobium	B111_Allorhizobium.Neorhizobium.Pararhizobium.Rhizobium	Bacteria
B222_Kineococcus	B222_Kineococcus	Bacteria
B54_uncultured	B54_uncultured	Bacteria
B20_Pseudomonas	B20_Pseudomonas	Bacteria
B1610_Clostridium.sensu.stricto.10	B1610_Clostridium.sensu.stricto.10	Bacteria
B24_Bradyrhizobium	B24_Bradyrhizobium	Bacteria
B6620_Corynebacterium.1	B6620_Corynebacterium.1	Bacteria
B89_Burkholderia.Caballeronia.Paraburkholderia	B89_Burkholderia.Caballeronia.Paraburkholderia	Bacteria
B1646_Asinibacterium	B1646_Asinibacterium	Bacteria
B9276_Actinomyces	B9276_Actinomyces	Bacteria
B354_Paraburkholderia.tropica	B354_Paraburkholderia.tropica	Bacteria
B28_Burkholderia.Caballeronia.Paraburkholderia	B28_Burkholderia.Caballeronia.Paraburkholderia	Bacteria
B14_Burkholderia.Caballeronia.Paraburkholderia	B14_Burkholderia.Caballeronia.Paraburkholderia	Bacteria
B624_Ornithinimicrobium	B624_Ornithinimicrobium	Bacteria
F1968_unidentified	F1968_unidentified	Fungi
F348_Yuchengia	F348_Yuchengia	Fungi
F667_Hannaella	F667_Hannaella	Fungi
F280_o_Polyporales	F280_o_Polyporales	Fungi
F1270_o_NA	F1270_o_NA	Fungi
F1866_Periconia	F1866_Periconia	Fungi
