id	label	Bacteria
B276_Leifsonia	B276_Leifsonia	Bacteria
B5_Pseudomonas	B5_Pseudomonas	Bacteria
B21_Methylobacterium	B21_Methylobacterium	Bacteria
F61_o_Pleosporales	F61_o_Pleosporales	Fungi
F418_Hannaella	F418_Hannaella	Fungi
F89_Aureobasidium	F89_Aureobasidium	Fungi
F482_Pichia	F482_Pichia	Fungi
B71_Methylobacterium	B71_Methylobacterium	Bacteria
B2039_Stenotrophomonas	B2039_Stenotrophomonas	Bacteria
F723_unidentified	F723_unidentified	Fungi
F3844_o_NA	F3844_o_NA	Fungi
F263_unidentified	F263_unidentified	Fungi
F117_Saitozyma	F117_Saitozyma	Fungi
F1253_Phanerochaete	F1253_Phanerochaete	Fungi
F461_unidentified	F461_unidentified	Fungi
B2329_Dietzia	B2329_Dietzia	Bacteria
F7_unidentified	F7_unidentified	Fungi
F106_unidentified	F106_unidentified	Fungi
F449_unidentified	F449_unidentified	Fungi
F39_unidentified	F39_unidentified	Fungi
F4143_unidentified	F4143_unidentified	Fungi
F20_Edenia	F20_Edenia	Fungi
F9_Chaetomium	F9_Chaetomium	Fungi
B7_Curtobacterium	B7_Curtobacterium	Bacteria
B398_Rhodococcus	B398_Rhodococcus	Bacteria
F924_Kendrickiella	F924_Kendrickiella	Fungi
F258_Nigrospora	F258_Nigrospora	Fungi
F3_Moesziomyces	F3_Moesziomyces	Fungi
F6_Cladosporium	F6_Cladosporium	Fungi
F178_Schizopora	F178_Schizopora	Fungi
F356_Paraconiothyrium	F356_Paraconiothyrium	Fungi
B1385_Escherichia-Shigella	B1385_Escherichia-Shigella	Bacteria
B12260_Kineococcus	B12260_Kineococcus	Bacteria
B209_Escherichia-Shigella	B209_Escherichia-Shigella	Bacteria
B2627_Pseudomonas	B2627_Pseudomonas	Bacteria
F54_Pyrenochaetopsis	F54_Pyrenochaetopsis	Fungi
F1164_Antrodiella	F1164_Antrodiella	Fungi
F308_Curvularia	F308_Curvularia	Fungi
F272_Penicillium	F272_Penicillium	Fungi
F435_Cyberlindnera	F435_Cyberlindnera	Fungi
F53_Pyrenochaetopsis	F53_Pyrenochaetopsis	Fungi
F1486_Rosellinia	F1486_Rosellinia	Fungi
F28_f_Hypocreales_fam_Incertae_sedis	F28_f_Hypocreales_fam_Incertae_sedis	Fungi
F2099_Annulohypoxylon	F2099_Annulohypoxylon	Fungi
B7258_Escherichia-Shigella	B7258_Escherichia-Shigella	Bacteria
B8_f_Rhizobiaceae	B8_f_Rhizobiaceae	Bacteria
B14_Burkholderia-Caballeronia-Paraburkholderia	B14_Burkholderia-Caballeronia-Paraburkholderia	Bacteria
F1478_o_Saccharomycetales	F1478_o_Saccharomycetales	Fungi
F539_Cenococcum	F539_Cenococcum	Fungi
F194_Hannaella	F194_Hannaella	Fungi
F526_Pyrenochaetopsis	F526_Pyrenochaetopsis	Fungi
B1_Pantoea	B1_Pantoea	Bacteria
F137_Malassezia	F137_Malassezia	Fungi
F5_Alternaria	F5_Alternaria	Fungi
F131_unidentified	F131_unidentified	Fungi
F315_Trametes	F315_Trametes	Fungi
B302_Acinetobacter	B302_Acinetobacter	Bacteria
F199_Aureobasidium	F199_Aureobasidium	Fungi
F270_unidentified	F270_unidentified	Fungi
F1244_unidentified	F1244_unidentified	Fungi
F759_unidentified	F759_unidentified	Fungi
F1003_Mycena	F1003_Mycena	Fungi
F576_Malassezia	F576_Malassezia	Fungi
F609_Talaromyces	F609_Talaromyces	Fungi
F309_Flammulina	F309_Flammulina	Fungi
F806_Pseudomerulius	F806_Pseudomerulius	Fungi
F48_unidentified	F48_unidentified	Fungi
F663_Hymenochaetopsis	F663_Hymenochaetopsis	Fungi
F116_Curvularia	F116_Curvularia	Fungi
B83_Bradyrhizobium	B83_Bradyrhizobium	Bacteria
F297_Coniothyrium	F297_Coniothyrium	Fungi
F21_Acremonium	F21_Acremonium	Fungi
F366_Colletotrichum	F366_Colletotrichum	Fungi
F1743_o_NA	F1743_o_NA	Fungi
F2563_Talaromyces	F2563_Talaromyces	Fungi
F922_Phlebia	F922_Phlebia	Fungi
F441_o_Hypocreales	F441_o_Hypocreales	Fungi
F81_Cladosporium	F81_Cladosporium	Fungi
F55_f_Nectriaceae	F55_f_Nectriaceae	Fungi
F2268_Trichaptum	F2268_Trichaptum	Fungi
F1837_Calyptella	F1837_Calyptella	Fungi
F1664_Trechispora	F1664_Trechispora	Fungi
F2657_o_NA	F2657_o_NA	Fungi
F686_Malassezia	F686_Malassezia	Fungi
F814_Xylodon	F814_Xylodon	Fungi
B3_Sphingomonas	B3_Sphingomonas	Bacteria
B3620_Rhodococcus	B3620_Rhodococcus	Bacteria
F700_Trechispora	F700_Trechispora	Fungi
F8_unidentified	F8_unidentified	Fungi
F2_Nigrospora	F2_Nigrospora	Fungi
F635_unidentified	F635_unidentified	Fungi
F120_Sporobolomyces	F120_Sporobolomyces	Fungi
F36_Moesziomyces	F36_Moesziomyces	Fungi
F27_Curvularia	F27_Curvularia	Fungi
F1396_Myrmecridium	F1396_Myrmecridium	Fungi
F698_unidentified	F698_unidentified	Fungi
F190_Irpex	F190_Irpex	Fungi
F292_Engyodontium	F292_Engyodontium	Fungi
F429_Bjerkandera	F429_Bjerkandera	Fungi
F739_unidentified	F739_unidentified	Fungi
F880_unidentified	F880_unidentified	Fungi
F362_Porostereum	F362_Porostereum	Fungi
F1757_Rhodotorula	F1757_Rhodotorula	Fungi
F1076_Meyerozyma	F1076_Meyerozyma	Fungi
F12_o_Pleosporales	F12_o_Pleosporales	Fungi
F260_Schizopora	F260_Schizopora	Fungi
F407_Phanerochaete	F407_Phanerochaete	Fungi
F487_Filobasidium	F487_Filobasidium	Fungi
F11_Sarocladium	F11_Sarocladium	Fungi
F494_Coprinellus	F494_Coprinellus	Fungi
B2743_f_uncultured	B2743_f_uncultured	Bacteria
B282_Acinetobacter	B282_Acinetobacter	Bacteria
B22_uncultured.Roseobacter.sp.	B22_uncultured.Roseobacter.sp.	Bacteria
B41_uncultured	B41_uncultured	Bacteria
B2077_o_NA	B2077_o_NA	Bacteria
B144_Bradyrhizobium	B144_Bradyrhizobium	Bacteria
B23_f_Burkholderiaceae	B23_f_Burkholderiaceae	Bacteria
B7258_Escherichia.Shigella	B7258_Escherichia.Shigella	Bacteria
B2_Methylobacterium	B2_Methylobacterium	Bacteria
B437_Escherichia.Shigella	B437_Escherichia.Shigella	Bacteria
B32_Bradyrhizobium	B32_Bradyrhizobium	Bacteria
B15_Sphingomonas	B15_Sphingomonas	Bacteria
B1385_Escherichia.Shigella	B1385_Escherichia.Shigella	Bacteria
B13_Aureimonas	B13_Aureimonas	Bacteria
B814_Sediminibacterium	B814_Sediminibacterium	Bacteria
B209_Escherichia.Shigella	B209_Escherichia.Shigella	Bacteria
B14_Burkholderia.Caballeronia.Paraburkholderia	B14_Burkholderia.Caballeronia.Paraburkholderia	Bacteria
B5967_Burkholderia.Caballeronia.Paraburkholderia	B5967_Burkholderia.Caballeronia.Paraburkholderia	Bacteria
F2444_o_NA	F2444_o_NA	Fungi
F4384_o_NA	F4384_o_NA	Fungi
F545_Cutaneotrichosporon	F545_Cutaneotrichosporon	Fungi
F16_Pyricularia	F16_Pyricularia	Fungi
