id	label	Bacteria
B9_Methylobacterium	B9_Methylobacterium	Bacteria
F1427_unidentified	F1427_unidentified	Fungi
F30_unidentified	F30_unidentified	Fungi
F802_Nigrograna	F802_Nigrograna	Fungi
B27_Mucilaginibacter	B27_Mucilaginibacter	Bacteria
F1538_unidentified	F1538_unidentified	Fungi
F204_Hannaella	F204_Hannaella	Fungi
F880_unidentified	F880_unidentified	Fungi
F260_Schizopora	F260_Schizopora	Fungi
B78_Sphingomonas	B78_Sphingomonas	Bacteria
F1542_Trichosporon	F1542_Trichosporon	Fungi
F1480_unidentified	F1480_unidentified	Fungi
F1384_Leucogyrophana	F1384_Leucogyrophana	Fungi
F226_Saitozyma	F226_Saitozyma	Fungi
F72_unidentified	F72_unidentified	Fungi
F127_Papiliotrema	F127_Papiliotrema	Fungi
F89_Aureobasidium	F89_Aureobasidium	Fungi
F353_Diaporthe	F353_Diaporthe	Fungi
F8_unidentified	F8_unidentified	Fungi
F318_Saccharomyces	F318_Saccharomyces	Fungi
F116_Curvularia	F116_Curvularia	Fungi
F1018_unidentified	F1018_unidentified	Fungi
F921_unidentified	F921_unidentified	Fungi
F29_f_Didymellaceae	F29_f_Didymellaceae	Fungi
F4_o_Pleosporales	F4_o_Pleosporales	Fungi
B432_Kineococcus	B432_Kineococcus	Bacteria
F1623_Lycoperdon	F1623_Lycoperdon	Fungi
F277_Peniophora	F277_Peniophora	Fungi
F276_Cercospora	F276_Cercospora	Fungi
F262_Talaromyces	F262_Talaromyces	Fungi
F85_Fusarium	F85_Fusarium	Fungi
F137_Malassezia	F137_Malassezia	Fungi
F1336_Cylindrium	F1336_Cylindrium	Fungi
F280_o_Polyporales	F280_o_Polyporales	Fungi
F1577_Diaporthe	F1577_Diaporthe	Fungi
B1804_Corynebacterium	B1804_Corynebacterium	Bacteria
F16_Pyricularia	F16_Pyricularia	Fungi
F1575_o_Pleosporales	F1575_o_Pleosporales	Fungi
F190_Irpex	F190_Irpex	Fungi
F982_Suillus	F982_Suillus	Fungi
F1012_Antrodiella	F1012_Antrodiella	Fungi
F352_o_NA	F352_o_NA	Fungi
F1418_unidentified	F1418_unidentified	Fungi
F316_Dioszegia	F316_Dioszegia	Fungi
F1514_o_Capnodiales	F1514_o_Capnodiales	Fungi
F1523_unidentified	F1523_unidentified	Fungi
F525_Phyllozyma	F525_Phyllozyma	Fungi
F1487_unidentified	F1487_unidentified	Fungi
F1557_o_Pleosporales	F1557_o_Pleosporales	Fungi
F2034_Peniophora	F2034_Peniophora	Fungi
F1087_Ophioceras	F1087_Ophioceras	Fungi
F1902_Talaromyces	F1902_Talaromyces	Fungi
F299_Cladosporium	F299_Cladosporium	Fungi
F785_Peniophorella	F785_Peniophorella	Fungi
F629_unidentified	F629_unidentified	Fungi
F328_Phaeosphaeria	F328_Phaeosphaeria	Fungi
F426_Fusarium	F426_Fusarium	Fungi
F199_Aureobasidium	F199_Aureobasidium	Fungi
F194_Hannaella	F194_Hannaella	Fungi
F322_Penicillium	F322_Penicillium	Fungi
F1793_f_Leptosphaeriaceae	F1793_f_Leptosphaeriaceae	Fungi
F494_Coprinellus	F494_Coprinellus	Fungi
F1040_Microcera	F1040_Microcera	Fungi
F28_f_Hypocreales_fam_Incertae_sedis	F28_f_Hypocreales_fam_Incertae_sedis	Fungi
F310_unidentified	F310_unidentified	Fungi
F1050_Aspergillus	F1050_Aspergillus	Fungi
F178_Schizopora	F178_Schizopora	Fungi
F250_Pseudopithomyces	F250_Pseudopithomyces	Fungi
B22_uncultured.Roseobacter.sp.	B22_uncultured.Roseobacter.sp.	Bacteria
B87_Mucilaginibacter	B87_Mucilaginibacter	Bacteria
B232_f_Sphingomonadaceae	B232_f_Sphingomonadaceae	Bacteria
B1288_Luteibacter	B1288_Luteibacter	Bacteria
B71_Methylobacterium	B71_Methylobacterium	Bacteria
B6_Sphingomonas	B6_Sphingomonas	Bacteria
B37_Allorhizobium.Neorhizobium.Pararhizobium.Rhizobium	B37_Allorhizobium.Neorhizobium.Pararhizobium.Rhizobium	Bacteria
B10_Allorhizobium.Neorhizobium.Pararhizobium.Rhizobium	B10_Allorhizobium.Neorhizobium.Pararhizobium.Rhizobium	Bacteria
B76_Methylobacterium	B76_Methylobacterium	Bacteria
B1505_uncultured.Roseobacter.sp.	B1505_uncultured.Roseobacter.sp.	Bacteria
B48_Luteibacter	B48_Luteibacter	Bacteria
B137_Mycobacterium	B137_Mycobacterium	Bacteria
B89_Burkholderia.Caballeronia.Paraburkholderia	B89_Burkholderia.Caballeronia.Paraburkholderia	Bacteria
B1110_Geodermatophilus	B1110_Geodermatophilus	Bacteria
B19_Xanthomonas	B19_Xanthomonas	Bacteria
B1526_Luteibacter	B1526_Luteibacter	Bacteria
B14_Burkholderia.Caballeronia.Paraburkholderia	B14_Burkholderia.Caballeronia.Paraburkholderia	Bacteria
B95_Allorhizobium.Neorhizobium.Pararhizobium.Rhizobium	B95_Allorhizobium.Neorhizobium.Pararhizobium.Rhizobium	Bacteria
B103_Burkholderia.Caballeronia.Paraburkholderia	B103_Burkholderia.Caballeronia.Paraburkholderia	Bacteria
B2185_uncultured	B2185_uncultured	Bacteria
F131_unidentified	F131_unidentified	Fungi
F2038_unidentified	F2038_unidentified	Fungi
F1734_f_Ceratobasidiaceae	F1734_f_Ceratobasidiaceae	Fungi
F800_unidentified	F800_unidentified	Fungi
F3298_Pseudobensingtonia	F3298_Pseudobensingtonia	Fungi
F1956_unidentified	F1956_unidentified	Fungi
F2296_o_NA	F2296_o_NA	Fungi
F2357_Toxicocladosporium	F2357_Toxicocladosporium	Fungi
F1441_Roussoella	F1441_Roussoella	Fungi
F233_Periconia	F233_Periconia	Fungi
F117_Saitozyma	F117_Saitozyma	Fungi
F18_f_Phaeosphaeriaceae	F18_f_Phaeosphaeriaceae	Fungi
F177_unidentified	F177_unidentified	Fungi
F308_Curvularia	F308_Curvularia	Fungi
F795_Colletotrichum	F795_Colletotrichum	Fungi
F605_o_Pleosporales	F605_o_Pleosporales	Fungi
F40_unidentified	F40_unidentified	Fungi
F2526_Lepista	F2526_Lepista	Fungi
F55_f_Nectriaceae	F55_f_Nectriaceae	Fungi
F366_Colletotrichum	F366_Colletotrichum	Fungi
