id	label	Bacteria
B153_Ralstonia	B153_Ralstonia	Bacteria
F5405_Nigrospora	F5405_Nigrospora	Fungi
F667_Hannaella	F667_Hannaella	Fungi
F3_Moesziomyces	F3_Moesziomyces	Fungi
F190_Irpex	F190_Irpex	Fungi
F280_o_Polyporales	F280_o_Polyporales	Fungi
F277_Peniophora	F277_Peniophora	Fungi
F441_o_Hypocreales	F441_o_Hypocreales	Fungi
F166_Aspergillus	F166_Aspergillus	Fungi
B26_Bradyrhizobium	B26_Bradyrhizobium	Bacteria
B260_Pseudomonas	B260_Pseudomonas	Bacteria
B210_Ralstonia	B210_Ralstonia	Bacteria
B24_Bradyrhizobium	B24_Bradyrhizobium	Bacteria
B10589_Moraxella	B10589_Moraxella	Bacteria
B1_Pantoea	B1_Pantoea	Bacteria
B814_Sediminibacterium	B814_Sediminibacterium	Bacteria
B9095_Bacillus	B9095_Bacillus	Bacteria
F1269_o_NA	F1269_o_NA	Fungi
F576_Malassezia	F576_Malassezia	Fungi
F461_unidentified	F461_unidentified	Fungi
B7063_Burkholderia-Caballeronia-Paraburkholderia	B7063_Burkholderia-Caballeronia-Paraburkholderia	Bacteria
B319_anaerobic bacterium MO-CFX2	B319_anaerobic bacterium MO-CFX2	Bacteria
B303_Methylotenera	B303_Methylotenera	Bacteria
B35_Methylobacterium	B35_Methylobacterium	Bacteria
F106_unidentified	F106_unidentified	Fungi
F1337_unidentified	F1337_unidentified	Fungi
F136_f_Didymosphaeriaceae	F136_f_Didymosphaeriaceae	Fungi
F53_Pyrenochaetopsis	F53_Pyrenochaetopsis	Fungi
F312_unidentified	F312_unidentified	Fungi
B8291_Pseudomonas	B8291_Pseudomonas	Bacteria
F16_Pyricularia	F16_Pyricularia	Fungi
B8_f_Rhizobiaceae	B8_f_Rhizobiaceae	Bacteria
B999_Ruminiclostridium 1	B999_Ruminiclostridium 1	Bacteria
B254_Pseudomonas	B254_Pseudomonas	Bacteria
B9096_Aeribacillus	B9096_Aeribacillus	Bacteria
F3343_o_NA	F3343_o_NA	Fungi
F723_unidentified	F723_unidentified	Fungi
F2494_Vishniacozyma	F2494_Vishniacozyma	Fungi
F114_unidentified	F114_unidentified	Fungi
F258_Nigrospora	F258_Nigrospora	Fungi
F2806_Aspergillus	F2806_Aspergillus	Fungi
F1000_Ganoderma	F1000_Ganoderma	Fungi
F717_Sistotremastrum	F717_Sistotremastrum	Fungi
F251_Alternaria	F251_Alternaria	Fungi
B10716_Azospirillum	B10716_Azospirillum	Bacteria
B11459_Corynebacterium 1	B11459_Corynebacterium 1	Bacteria
B14729_uncultured	B14729_uncultured	Bacteria
F2_Nigrospora	F2_Nigrospora	Fungi
B8851_Phreatobacter	B8851_Phreatobacter	Bacteria
B7375_Escherichia-Shigella	B7375_Escherichia-Shigella	Bacteria
B1610_Clostridium sensu stricto 10	B1610_Clostridium sensu stricto 10	Bacteria
B5761_Abiotrophia	B5761_Abiotrophia	Bacteria
B8177_Lautropia	B8177_Lautropia	Bacteria
B489_f_Micrococcaceae	B489_f_Micrococcaceae	Bacteria
F3874_unidentified	F3874_unidentified	Fungi
F50_Thanatephorus	F50_Thanatephorus	Fungi
B919_f_Burkholderiaceae	B919_f_Burkholderiaceae	Bacteria
B1738_uncultured Termite group 1 bacterium	B1738_uncultured Termite group 1 bacterium	Bacteria
B5111_Pseudomonas	B5111_Pseudomonas	Bacteria
F54_Pyrenochaetopsis	F54_Pyrenochaetopsis	Fungi
F226_Saitozyma	F226_Saitozyma	Fungi
F178_Schizopora	F178_Schizopora	Fungi
F643_Symmetrospora	F643_Symmetrospora	Fungi
B9_Methylobacterium	B9_Methylobacterium	Bacteria
B54_uncultured	B54_uncultured	Bacteria
B12689_Sphingomonas	B12689_Sphingomonas	Bacteria
B209_Escherichia-Shigella	B209_Escherichia-Shigella	Bacteria
F288_unidentified	F288_unidentified	Fungi
F686_Malassezia	F686_Malassezia	Fungi
B7772_Variovorax	B7772_Variovorax	Bacteria
B5713_Dietzia	B5713_Dietzia	Bacteria
B7915_Neisseria	B7915_Neisseria	Bacteria
B1646_Asinibacterium	B1646_Asinibacterium	Bacteria
F621_Nigrospora	F621_Nigrospora	Fungi
B826_Enhydrobacter	B826_Enhydrobacter	Bacteria
F48_unidentified	F48_unidentified	Fungi
F12_o_Pleosporales	F12_o_Pleosporales	Fungi
B76_Methylobacterium	B76_Methylobacterium	Bacteria
B331_f_Burkholderiaceae	B331_f_Burkholderiaceae	Bacteria
B21_Methylobacterium	B21_Methylobacterium	Bacteria
B398_Rhodococcus	B398_Rhodococcus	Bacteria
F5237_unidentified	F5237_unidentified	Fungi
F658_Candida	F658_Candida	Fungi
F292_Engyodontium	F292_Engyodontium	Fungi
F228_Purpureocillium	F228_Purpureocillium	Fungi
F488_Penicillium	F488_Penicillium	Fungi
F745_Penicillium	F745_Penicillium	Fungi
F410_Schizophyllum	F410_Schizophyllum	Fungi
F5578_o_NA	F5578_o_NA	Fungi
F1258_Cryptococcus	F1258_Cryptococcus	Fungi
F4_o_Pleosporales	F4_o_Pleosporales	Fungi
F131_unidentified	F131_unidentified	Fungi
F8_unidentified	F8_unidentified	Fungi
B1319_Staphylococcus	B1319_Staphylococcus	Bacteria
F458_Endoxyla	F458_Endoxyla	Fungi
F69_o_Pleosporales	F69_o_Pleosporales	Fungi
F511_Malassezia	F511_Malassezia	Fungi
F233_Periconia	F233_Periconia	Fungi
F18_f_Phaeosphaeriaceae	F18_f_Phaeosphaeriaceae	Fungi
F47_f_Phaeosphaeriaceae	F47_f_Phaeosphaeriaceae	Fungi
F1753_f_Ganodermataceae	F1753_f_Ganodermataceae	Fungi
F27_Curvularia	F27_Curvularia	Fungi
F775_Hyphoderma	F775_Hyphoderma	Fungi
F991_o_NA	F991_o_NA	Fungi
F289_Aspergillus	F289_Aspergillus	Fungi
F5_Alternaria	F5_Alternaria	Fungi
F298_unidentified	F298_unidentified	Fungi
F693_Aspergillus	F693_Aspergillus	Fungi
F1520_Acremonium	F1520_Acremonium	Fungi
F1482_Hyphoderma	F1482_Hyphoderma	Fungi
F1181_unidentified	F1181_unidentified	Fungi
F137_Malassezia	F137_Malassezia	Fungi
F2033_Cutaneotrichosporon	F2033_Cutaneotrichosporon	Fungi
F1339_Wickerhamomyces	F1339_Wickerhamomyces	Fungi
F6_Cladosporium	F6_Cladosporium	Fungi
B276_Leifsonia	B276_Leifsonia	Bacteria
B282_Acinetobacter	B282_Acinetobacter	Bacteria
B7433_f_Ruminococcaceae	B7433_f_Ruminococcaceae	Bacteria
B1900_Clostridium.sensu.stricto.9	B1900_Clostridium.sensu.stricto.9	Bacteria
B22_uncultured.Roseobacter.sp.	B22_uncultured.Roseobacter.sp.	Bacteria
B684_Clostridium.sensu.stricto.1	B684_Clostridium.sensu.stricto.1	Bacteria
B7063_Burkholderia.Caballeronia.Paraburkholderia	B7063_Burkholderia.Caballeronia.Paraburkholderia	Bacteria
B319_anaerobic.bacterium.MO.CFX2	B319_anaerobic.bacterium.MO.CFX2	Bacteria
B12489_Acidibacter	B12489_Acidibacter	Bacteria
B6817_f_JG30.KF.CM45	B6817_f_JG30.KF.CM45	Bacteria
B23_f_Burkholderiaceae	B23_f_Burkholderiaceae	Bacteria
B735_uncultured.bacterium	B735_uncultured.bacterium	Bacteria
B7085_Escherichia.Shigella	B7085_Escherichia.Shigella	Bacteria
B7375_Escherichia.Shigella	B7375_Escherichia.Shigella	Bacteria
B437_Escherichia.Shigella	B437_Escherichia.Shigella	Bacteria
B999_Ruminiclostridium.1	B999_Ruminiclostridium.1	Bacteria
B1610_Clostridium.sensu.stricto.10	B1610_Clostridium.sensu.stricto.10	Bacteria
B11459_Corynebacterium.1	B11459_Corynebacterium.1	Bacteria
B1738_uncultured.Termite.group.1.bacterium	B1738_uncultured.Termite.group.1.bacterium	Bacteria
B1227_Escherichia.Shigella	B1227_Escherichia.Shigella	Bacteria
B209_Escherichia.Shigella	B209_Escherichia.Shigella	Bacteria
F832_f_Stereaceae	F832_f_Stereaceae	Fungi
