id	label	Bacteria
B435_Mycobacterium	B435_Mycobacterium	Bacteria
F1009_o_Pleosporales	F1009_o_Pleosporales	Fungi
B48_Luteibacter	B48_Luteibacter	Bacteria
B596_Dyella	B596_Dyella	Bacteria
B32_Bradyrhizobium	B32_Bradyrhizobium	Bacteria
B19_Xanthomonas	B19_Xanthomonas	Bacteria
B18_Herbaspirillum	B18_Herbaspirillum	Bacteria
B1643_uncultured eubacterium WD264	B1643_uncultured eubacterium WD264	Bacteria
B254_Pseudomonas	B254_Pseudomonas	Bacteria
B3_Sphingomonas	B3_Sphingomonas	Bacteria
F1012_Antrodiella	F1012_Antrodiella	Fungi
F990_f_Pleosporaceae	F990_f_Pleosporaceae	Fungi
F2524_Nemania	F2524_Nemania	Fungi
B37_Allorhizobium-Neorhizobium-Pararhizobium-Rhizobium	B37_Allorhizobium-Neorhizobium-Pararhizobium-Rhizobium	Bacteria
B1731_f_Xanthobacteraceae	B1731_f_Xanthobacteraceae	Bacteria
B717_Acinetobacter	B717_Acinetobacter	Bacteria
B9_Methylobacterium	B9_Methylobacterium	Bacteria
B437_Escherichia-Shigella	B437_Escherichia-Shigella	Bacteria
B1468_Pseudomonas	B1468_Pseudomonas	Bacteria
B1738_uncultured Termite group 1 bacterium	B1738_uncultured Termite group 1 bacterium	Bacteria
B92_Chryseobacterium	B92_Chryseobacterium	Bacteria
B1_Pantoea	B1_Pantoea	Bacteria
F76_o_Sordariales	F76_o_Sordariales	Fungi
F2_Nigrospora	F2_Nigrospora	Fungi
F3999_Coprinopsis	F3999_Coprinopsis	Fungi
B6_Sphingomonas	B6_Sphingomonas	Bacteria
B36_Stenotrophomonas	B36_Stenotrophomonas	Bacteria
B10_Allorhizobium-Neorhizobium-Pararhizobium-Rhizobium	B10_Allorhizobium-Neorhizobium-Pararhizobium-Rhizobium	Bacteria
B8_f_Rhizobiaceae	B8_f_Rhizobiaceae	Bacteria
B93_Pedobacter	B93_Pedobacter	Bacteria
B17_Methylobacterium	B17_Methylobacterium	Bacteria
B535_Burkholderia-Caballeronia-Paraburkholderia	B535_Burkholderia-Caballeronia-Paraburkholderia	Bacteria
B2021_Acidisoma	B2021_Acidisoma	Bacteria
B95_Allorhizobium-Neorhizobium-Pararhizobium-Rhizobium	B95_Allorhizobium-Neorhizobium-Pararhizobium-Rhizobium	Bacteria
F43_o_Sebacinales	F43_o_Sebacinales	Fungi
F48_unidentified	F48_unidentified	Fungi
F47_f_Phaeosphaeriaceae	F47_f_Phaeosphaeriaceae	Fungi
F53_Pyrenochaetopsis	F53_Pyrenochaetopsis	Fungi
F613_Talaromyces	F613_Talaromyces	Fungi
B3533_Pseudomonas	B3533_Pseudomonas	Bacteria
B41_uncultured	B41_uncultured	Bacteria
B76_Methylobacterium	B76_Methylobacterium	Bacteria
B678_Sphingomonas	B678_Sphingomonas	Bacteria
B1086_Staphylococcus	B1086_Staphylococcus	Bacteria
B39_Paenibacillus	B39_Paenibacillus	Bacteria
B164_f_Burkholderiaceae	B164_f_Burkholderiaceae	Bacteria
B16_Sphingomonas	B16_Sphingomonas	Bacteria
B902_Escherichia-Shigella	B902_Escherichia-Shigella	Bacteria
B86_Sphingomonas	B86_Sphingomonas	Bacteria
F61_o_Pleosporales	F61_o_Pleosporales	Fungi
F69_o_Pleosporales	F69_o_Pleosporales	Fungi
F137_Malassezia	F137_Malassezia	Fungi
F525_Phyllozyma	F525_Phyllozyma	Fungi
F226_Saitozyma	F226_Saitozyma	Fungi
F4_o_Pleosporales	F4_o_Pleosporales	Fungi
F32_Tilletia	F32_Tilletia	Fungi
F11_Sarocladium	F11_Sarocladium	Fungi
F6_Cladosporium	F6_Cladosporium	Fungi
F160_Cladosporium	F160_Cladosporium	Fungi
F55_f_Nectriaceae	F55_f_Nectriaceae	Fungi
F207_o_Tremellales	F207_o_Tremellales	Fungi
B2739_f_Burkholderiaceae	B2739_f_Burkholderiaceae	Bacteria
B4999_uncultured bacterium	B4999_uncultured bacterium	Bacteria
B4325_Geobacillus	B4325_Geobacillus	Bacteria
B30_Sphingomonas	B30_Sphingomonas	Bacteria
F1611_unidentified	F1611_unidentified	Fungi
B5_Pseudomonas	B5_Pseudomonas	Bacteria
F27_Curvularia	F27_Curvularia	Fungi
F2896_Penicillium	F2896_Penicillium	Fungi
F45_f_Didymellaceae	F45_f_Didymellaceae	Fungi
B314_Segniliparus	B314_Segniliparus	Bacteria
B2_Methylobacterium	B2_Methylobacterium	Bacteria
B24_Bradyrhizobium	B24_Bradyrhizobium	Bacteria
B56_Allorhizobium-Neorhizobium-Pararhizobium-Rhizobium	B56_Allorhizobium-Neorhizobium-Pararhizobium-Rhizobium	Bacteria
B327_1174-901-12	B327_1174-901-12	Bacteria
B43_Sphingomonas	B43_Sphingomonas	Bacteria
B354_Paraburkholderia tropica	B354_Paraburkholderia tropica	Bacteria
B162_Asticcacaulis	B162_Asticcacaulis	Bacteria
B28_Burkholderia-Caballeronia-Paraburkholderia	B28_Burkholderia-Caballeronia-Paraburkholderia	Bacteria
B149_Mucilaginibacter	B149_Mucilaginibacter	Bacteria
B916_Mycobacterium	B916_Mycobacterium	Bacteria
F538_Ramichloridium	F538_Ramichloridium	Fungi
F3_Moesziomyces	F3_Moesziomyces	Fungi
F116_Curvularia	F116_Curvularia	Fungi
F28_f_Hypocreales_fam_Incertae_sedis	F28_f_Hypocreales_fam_Incertae_sedis	Fungi
F84_Tilletia	F84_Tilletia	Fungi
F773_Colletotrichum	F773_Colletotrichum	Fungi
F289_Aspergillus	F289_Aspergillus	Fungi
F130_Ramichloridium	F130_Ramichloridium	Fungi
F758_unidentified	F758_unidentified	Fungi
B147_Sphingomonas	B147_Sphingomonas	Bacteria
B58_Rhodanobacter	B58_Rhodanobacter	Bacteria
B13_Aureimonas	B13_Aureimonas	Bacteria
B14_Burkholderia-Caballeronia-Paraburkholderia	B14_Burkholderia-Caballeronia-Paraburkholderia	Bacteria
F8_unidentified	F8_unidentified	Fungi
F574_Phlebia	F574_Phlebia	Fungi
F583_Trichomerium	F583_Trichomerium	Fungi
F147_o_Pleosporales	F147_o_Pleosporales	Fungi
F12_o_Pleosporales	F12_o_Pleosporales	Fungi
F20_Edenia	F20_Edenia	Fungi
F74_f_Tilletiaceae	F74_f_Tilletiaceae	Fungi
F72_unidentified	F72_unidentified	Fungi
F71_Papiliotrema	F71_Papiliotrema	Fungi
F29_f_Didymellaceae	F29_f_Didymellaceae	Fungi
F36_Moesziomyces	F36_Moesziomyces	Fungi
F81_Cladosporium	F81_Cladosporium	Fungi
F262_Talaromyces	F262_Talaromyces	Fungi
F199_Aureobasidium	F199_Aureobasidium	Fungi
F131_unidentified	F131_unidentified	Fungi
F204_Hannaella	F204_Hannaella	Fungi
B27_Mucilaginibacter	B27_Mucilaginibacter	Bacteria
F16_Pyricularia	F16_Pyricularia	Fungi
F51_Papiliotrema	F51_Papiliotrema	Fungi
F31_Fusarium	F31_Fusarium	Fungi
B338_uncultured bacterium	B338_uncultured bacterium	Bacteria
F968_unidentified	F968_unidentified	Fungi
F33_unidentified	F33_unidentified	Fungi
F202_Pseudozyma	F202_Pseudozyma	Fungi
F508_Papiliotrema	F508_Papiliotrema	Fungi
F539_Cenococcum	F539_Cenococcum	Fungi
B2062_Pseudorhodoferax	B2062_Pseudorhodoferax	Bacteria
F1075_Arthrocatena	F1075_Arthrocatena	Fungi
F250_Pseudopithomyces	F250_Pseudopithomyces	Fungi
F1866_Periconia	F1866_Periconia	Fungi
B4_Pantoea	B4_Pantoea	Bacteria
F178_Schizopora	F178_Schizopora	Fungi
B103_Burkholderia-Caballeronia-Paraburkholderia	B103_Burkholderia-Caballeronia-Paraburkholderia	Bacteria
F1258_Cryptococcus	F1258_Cryptococcus	Fungi
B1670_1174-901-12	B1670_1174-901-12	Bacteria
F21_Acremonium	F21_Acremonium	Fungi
F469_unidentified	F469_unidentified	Fungi
B2395_Pseudomonas	B2395_Pseudomonas	Bacteria
F85_Fusarium	F85_Fusarium	Fungi
B217_Burkholderia-Caballeronia-Paraburkholderia	B217_Burkholderia-Caballeronia-Paraburkholderia	Bacteria
B453_Allorhizobium-Neorhizobium-Pararhizobium-Rhizobium	B453_Allorhizobium-Neorhizobium-Pararhizobium-Rhizobium	Bacteria
B8338_Chryseobacterium	B8338_Chryseobacterium	Bacteria
B889_Allorhizobium-Neorhizobium-Pararhizobium-Rhizobium	B889_Allorhizobium-Neorhizobium-Pararhizobium-Rhizobium	Bacteria
B7_Curtobacterium	B7_Curtobacterium	Bacteria
B4115_Variovorax	B4115_Variovorax	Bacteria
B1319_Staphylococcus	B1319_Staphylococcus	Bacteria
F923_o_NA	F923_o_NA	Fungi
F652_Trichomerium	F652_Trichomerium	Fungi
F747_unidentified	F747_unidentified	Fungi
F1577_Diaporthe	F1577_Diaporthe	Fungi
B89_Burkholderia-Caballeronia-Paraburkholderia	B89_Burkholderia-Caballeronia-Paraburkholderia	Bacteria
F4842_f_Tilletiaceae	F4842_f_Tilletiaceae	Fungi
B403_Luteibacter	B403_Luteibacter	Bacteria
B9460_hydrothermal vent metagenome	B9460_hydrothermal vent metagenome	Bacteria
B29_Methylobacterium	B29_Methylobacterium	Bacteria
B1191_Terriglobus	B1191_Terriglobus	Bacteria
F194_Hannaella	F194_Hannaella	Fungi
B6134_Domibacillus	B6134_Domibacillus	Bacteria
F268_Sarocladium	F268_Sarocladium	Fungi
F22_Setophoma	F22_Setophoma	Fungi
B1040_Allorhizobium-Neorhizobium-Pararhizobium-Rhizobium	B1040_Allorhizobium-Neorhizobium-Pararhizobium-Rhizobium	Bacteria
F259_Sakaguchia	F259_Sakaguchia	Fungi
B77_Allorhizobium-Neorhizobium-Pararhizobium-Rhizobium	B77_Allorhizobium-Neorhizobium-Pararhizobium-Rhizobium	Bacteria
F78_unidentified	F78_unidentified	Fungi
F117_Saitozyma	F117_Saitozyma	Fungi
F334_Plectosphaerella	F334_Plectosphaerella	Fungi
B12_Novosphingobium	B12_Novosphingobium	Bacteria
F785_Peniophorella	F785_Peniophorella	Fungi
F1360_Xylaria	F1360_Xylaria	Fungi
F756_Hyphodontia	F756_Hyphodontia	Fungi
B15_Sphingomonas	B15_Sphingomonas	Bacteria
F1060_Phlebia	F1060_Phlebia	Fungi
F348_Yuchengia	F348_Yuchengia	Fungi
F1610_Exidia	F1610_Exidia	Fungi
F18_f_Phaeosphaeriaceae	F18_f_Phaeosphaeriaceae	Fungi
F809_f_Didymellaceae	F809_f_Didymellaceae	Fungi
F494_Coprinellus	F494_Coprinellus	Fungi
F109_o_Pleosporales	F109_o_Pleosporales	Fungi
F222_o_NA	F222_o_NA	Fungi
F306_Occultifur	F306_Occultifur	Fungi
F30_unidentified	F30_unidentified	Fungi
B209_Escherichia-Shigella	B209_Escherichia-Shigella	Bacteria
F89_Aureobasidium	F89_Aureobasidium	Fungi
F288_unidentified	F288_unidentified	Fungi
F276_Cercospora	F276_Cercospora	Fungi
F1144_Papiliotrema	F1144_Papiliotrema	Fungi
F127_Papiliotrema	F127_Papiliotrema	Fungi
F1145_unidentified	F1145_unidentified	Fungi
F2398_Hypholoma	F2398_Hypholoma	Fungi
F260_Schizopora	F260_Schizopora	Fungi
F1386_Coprinus	F1386_Coprinus	Fungi
F934_Valsaria	F934_Valsaria	Fungi
F567_Ceriporia	F567_Ceriporia	Fungi
F120_Sporobolomyces	F120_Sporobolomyces	Fungi
F2431_Steccherinum	F2431_Steccherinum	Fungi
F100_Talaromyces	F100_Talaromyces	Fungi
F3829_o_NA	F3829_o_NA	Fungi
F318_Saccharomyces	F318_Saccharomyces	Fungi
F301_o_NA	F301_o_NA	Fungi
F407_Phanerochaete	F407_Phanerochaete	Fungi
F875_Sistotremastrum	F875_Sistotremastrum	Fungi
F220_Acremonium	F220_Acremonium	Fungi
F5_Alternaria	F5_Alternaria	Fungi
F362_Porostereum	F362_Porostereum	Fungi
B5975_uncultured.soil.bacterium	B5975_uncultured.soil.bacterium	Bacteria
B276_Leifsonia	B276_Leifsonia	Bacteria
B1170_Dyella	B1170_Dyella	Bacteria
B22_uncultured.Roseobacter.sp.	B22_uncultured.Roseobacter.sp.	Bacteria
B252_Spirosoma	B252_Spirosoma	Bacteria
B61_Rhodanobacter	B61_Rhodanobacter	Bacteria
B220_Burkholderia.Caballeronia.Paraburkholderia	B220_Burkholderia.Caballeronia.Paraburkholderia	Bacteria
B80_Bradyrhizobium	B80_Bradyrhizobium	Bacteria
B71_Methylobacterium	B71_Methylobacterium	Bacteria
B37_Allorhizobium.Neorhizobium.Pararhizobium.Rhizobium	B37_Allorhizobium.Neorhizobium.Pararhizobium.Rhizobium	Bacteria
B735_uncultured.bacterium	B735_uncultured.bacterium	Bacteria
B111_Allorhizobium.Neorhizobium.Pararhizobium.Rhizobium	B111_Allorhizobium.Neorhizobium.Pararhizobium.Rhizobium	Bacteria
B10_Allorhizobium.Neorhizobium.Pararhizobium.Rhizobium	B10_Allorhizobium.Neorhizobium.Pararhizobium.Rhizobium	Bacteria
B11_Xanthomonas	B11_Xanthomonas	Bacteria
B949_Verticia	B949_Verticia	Bacteria
B4999_uncultured.bacterium	B4999_uncultured.bacterium	Bacteria
B1450_Acinetobacter	B1450_Acinetobacter	Bacteria
B4854_f_Microbacteriaceae	B4854_f_Microbacteriaceae	Bacteria
B332_Actinomycetospora	B332_Actinomycetospora	Bacteria
B437_Escherichia.Shigella	B437_Escherichia.Shigella	Bacteria
B302_Acinetobacter	B302_Acinetobacter	Bacteria
B266_Allorhizobium.Neorhizobium.Pararhizobium.Rhizobium	B266_Allorhizobium.Neorhizobium.Pararhizobium.Rhizobium	Bacteria
B217_Burkholderia.Caballeronia.Paraburkholderia	B217_Burkholderia.Caballeronia.Paraburkholderia	Bacteria
B838_Pseudomonas	B838_Pseudomonas	Bacteria
B1670_1174.901.12	B1670_1174.901.12	Bacteria
B208_Singulisphaera	B208_Singulisphaera	Bacteria
B343_Microbacterium	B343_Microbacterium	Bacteria
B922_Spirosoma	B922_Spirosoma	Bacteria
B863_Microbacterium	B863_Microbacterium	Bacteria
B31_Quadrisphaera	B31_Quadrisphaera	Bacteria
B8455_Gemmata	B8455_Gemmata	Bacteria
B77_Allorhizobium.Neorhizobium.Pararhizobium.Rhizobium	B77_Allorhizobium.Neorhizobium.Pararhizobium.Rhizobium	Bacteria
B89_Burkholderia.Caballeronia.Paraburkholderia	B89_Burkholderia.Caballeronia.Paraburkholderia	Bacteria
B1738_uncultured.Termite.group.1.bacterium	B1738_uncultured.Termite.group.1.bacterium	Bacteria
B877_Bacillus	B877_Bacillus	Bacteria
B56_Allorhizobium.Neorhizobium.Pararhizobium.Rhizobium	B56_Allorhizobium.Neorhizobium.Pararhizobium.Rhizobium	Bacteria
B338_uncultured.bacterium	B338_uncultured.bacterium	Bacteria
B424_Williamsia	B424_Williamsia	Bacteria
B541_Achromobacter	B541_Achromobacter	Bacteria
B535_Burkholderia.Caballeronia.Paraburkholderia	B535_Burkholderia.Caballeronia.Paraburkholderia	Bacteria
B9460_hydrothermal.vent.metagenome	B9460_hydrothermal.vent.metagenome	Bacteria
B453_Allorhizobium.Neorhizobium.Pararhizobium.Rhizobium	B453_Allorhizobium.Neorhizobium.Pararhizobium.Rhizobium	Bacteria
B902_Escherichia.Shigella	B902_Escherichia.Shigella	Bacteria
B327_1174.901.12	B327_1174.901.12	Bacteria
B1040_Allorhizobium.Neorhizobium.Pararhizobium.Rhizobium	B1040_Allorhizobium.Neorhizobium.Pararhizobium.Rhizobium	Bacteria
B1643_uncultured.eubacterium.WD264	B1643_uncultured.eubacterium.WD264	Bacteria
B354_Paraburkholderia.tropica	B354_Paraburkholderia.tropica	Bacteria
B889_Allorhizobium.Neorhizobium.Pararhizobium.Rhizobium	B889_Allorhizobium.Neorhizobium.Pararhizobium.Rhizobium	Bacteria
B28_Burkholderia.Caballeronia.Paraburkholderia	B28_Burkholderia.Caballeronia.Paraburkholderia	Bacteria
B209_Escherichia.Shigella	B209_Escherichia.Shigella	Bacteria
B14_Burkholderia.Caballeronia.Paraburkholderia	B14_Burkholderia.Caballeronia.Paraburkholderia	Bacteria
B548_Pseudomonas	B548_Pseudomonas	Bacteria
B95_Allorhizobium.Neorhizobium.Pararhizobium.Rhizobium	B95_Allorhizobium.Neorhizobium.Pararhizobium.Rhizobium	Bacteria
B103_Burkholderia.Caballeronia.Paraburkholderia	B103_Burkholderia.Caballeronia.Paraburkholderia	Bacteria
F911_o_NA	F911_o_NA	Fungi
F54_Pyrenochaetopsis	F54_Pyrenochaetopsis	Fungi
F133_Cyphellophora	F133_Cyphellophora	Fungi
F857_Sakaguchia	F857_Sakaguchia	Fungi
F105_Clonostachys	F105_Clonostachys	Fungi
