id	label	Bacteria
B2236_Pseudopedobacter	B2236_Pseudopedobacter	Bacteria
B919_f_Burkholderiaceae	B919_f_Burkholderiaceae	Bacteria
F106_unidentified	F106_unidentified	Fungi
F270_unidentified	F270_unidentified	Fungi
F469_unidentified	F469_unidentified	Fungi
F3009_unidentified	F3009_unidentified	Fungi
F71_Papiliotrema	F71_Papiliotrema	Fungi
B11347_Nocardioides	B11347_Nocardioides	Bacteria
B210_Ralstonia	B210_Ralstonia	Bacteria
B461_Acinetobacter	B461_Acinetobacter	Bacteria
B338_uncultured bacterium	B338_uncultured bacterium	Bacteria
B3590_Escherichia-Shigella	B3590_Escherichia-Shigella	Bacteria
B3713_Tepidimonas	B3713_Tepidimonas	Bacteria
B7_Curtobacterium	B7_Curtobacterium	Bacteria
F389_f_Sympoventuriaceae	F389_f_Sympoventuriaceae	Fungi
F1727_Sarocladium	F1727_Sarocladium	Fungi
F76_o_Sordariales	F76_o_Sordariales	Fungi
F53_Pyrenochaetopsis	F53_Pyrenochaetopsis	Fungi
F174_unidentified	F174_unidentified	Fungi
F220_Acremonium	F220_Acremonium	Fungi
F55_f_Nectriaceae	F55_f_Nectriaceae	Fungi
F31_Fusarium	F31_Fusarium	Fungi
F725_Cabalodontia	F725_Cabalodontia	Fungi
F720_unidentified	F720_unidentified	Fungi
B11507_Methylobacterium	B11507_Methylobacterium	Bacteria
F13_Zopfiella	F13_Zopfiella	Fungi
B143_Bradyrhizobium	B143_Bradyrhizobium	Bacteria
B81_Stenotrophomonas	B81_Stenotrophomonas	Bacteria
F1336_Cylindrium	F1336_Cylindrium	Fungi
F4237_Macrophomina	F4237_Macrophomina	Fungi
F991_o_NA	F991_o_NA	Fungi
B398_Rhodococcus	B398_Rhodococcus	Bacteria
F3370_Pseudozyma	F3370_Pseudozyma	Fungi
F251_Alternaria	F251_Alternaria	Fungi
F260_Schizopora	F260_Schizopora	Fungi
F101_Curvularia	F101_Curvularia	Fungi
B12170_Cloacibacterium	B12170_Cloacibacterium	Bacteria
B5542_Micromonospora	B5542_Micromonospora	Bacteria
B9443_Devosia	B9443_Devosia	Bacteria
F477_Trichoderma	F477_Trichoderma	Fungi
B503_Escherichia-Shigella	B503_Escherichia-Shigella	Bacteria
F318_Saccharomyces	F318_Saccharomyces	Fungi
F1270_o_NA	F1270_o_NA	Fungi
F292_Engyodontium	F292_Engyodontium	Fungi
F3034_Phlebiopsis	F3034_Phlebiopsis	Fungi
B743_Escherichia-Shigella	B743_Escherichia-Shigella	Bacteria
B6020_Sphingomonas	B6020_Sphingomonas	Bacteria
B6861_Mycobacterium	B6861_Mycobacterium	Bacteria
B4367_Acinetobacter	B4367_Acinetobacter	Bacteria
F458_Endoxyla	F458_Endoxyla	Fungi
F114_unidentified	F114_unidentified	Fungi
F2023_unidentified	F2023_unidentified	Fungi
F169_Naganishia	F169_Naganishia	Fungi
F204_Hannaella	F204_Hannaella	Fungi
F3_Moesziomyces	F3_Moesziomyces	Fungi
F567_Ceriporia	F567_Ceriporia	Fungi
F27_Curvularia	F27_Curvularia	Fungi
F441_o_Hypocreales	F441_o_Hypocreales	Fungi
F693_Aspergillus	F693_Aspergillus	Fungi
F301_o_NA	F301_o_NA	Fungi
F22_Setophoma	F22_Setophoma	Fungi
F190_Irpex	F190_Irpex	Fungi
B5803_Sphingomonas	B5803_Sphingomonas	Bacteria
B1506_Bacillus	B1506_Bacillus	Bacteria
B1303_f_uncultured	B1303_f_uncultured	Bacteria
B1597_Staphylococcus	B1597_Staphylococcus	Bacteria
F131_unidentified	F131_unidentified	Fungi
F2537_unidentified	F2537_unidentified	Fungi
F2275_unidentified	F2275_unidentified	Fungi
F99_Cistella	F99_Cistella	Fungi
F577_unidentified	F577_unidentified	Fungi
F1292_unidentified	F1292_unidentified	Fungi
F2510_unidentified	F2510_unidentified	Fungi
F288_unidentified	F288_unidentified	Fungi
F12_o_Pleosporales	F12_o_Pleosporales	Fungi
F90_Pseudogymnoascus	F90_Pseudogymnoascus	Fungi
F66_Trichoderma	F66_Trichoderma	Fungi
F9_Chaetomium	F9_Chaetomium	Fungi
F68_Pseudogymnoascus	F68_Pseudogymnoascus	Fungi
F54_Pyrenochaetopsis	F54_Pyrenochaetopsis	Fungi
F2343_unidentified	F2343_unidentified	Fungi
F67_unidentified	F67_unidentified	Fungi
F3315_unidentified	F3315_unidentified	Fungi
F46_Microscypha	F46_Microscypha	Fungi
F366_Colletotrichum	F366_Colletotrichum	Fungi
F658_Candida	F658_Candida	Fungi
F263_unidentified	F263_unidentified	Fungi
B4265_Acidovorax	B4265_Acidovorax	Bacteria
F3204_unidentified	F3204_unidentified	Fungi
F2_Nigrospora	F2_Nigrospora	Fungi
F61_o_Pleosporales	F61_o_Pleosporales	Fungi
F2141_unidentified	F2141_unidentified	Fungi
F336_unidentified	F336_unidentified	Fungi
F661_unidentified	F661_unidentified	Fungi
F939_Phlebia	F939_Phlebia	Fungi
F1430_Cutaneotrichosporon	F1430_Cutaneotrichosporon	Fungi
F16_Pyricularia	F16_Pyricularia	Fungi
F1339_Wickerhamomyces	F1339_Wickerhamomyces	Fungi
F97_o_Sordariales	F97_o_Sordariales	Fungi
F6_Cladosporium	F6_Cladosporium	Fungi
F272_Penicillium	F272_Penicillium	Fungi
F160_Cladosporium	F160_Cladosporium	Fungi
F45_f_Didymellaceae	F45_f_Didymellaceae	Fungi
F228_Purpureocillium	F228_Purpureocillium	Fungi
F488_Penicillium	F488_Penicillium	Fungi
B282_Acinetobacter	B282_Acinetobacter	Bacteria
B7862_Methylobacterium	B7862_Methylobacterium	Bacteria
B626_Pseudomonas	B626_Pseudomonas	Bacteria
B1448_f_Burkholderiaceae	B1448_f_Burkholderiaceae	Bacteria
B735_uncultured.bacterium	B735_uncultured.bacterium	Bacteria
B13746_Rhodomicrobium	B13746_Rhodomicrobium	Bacteria
B26_Bradyrhizobium	B26_Bradyrhizobium	Bacteria
B743_Escherichia.Shigella	B743_Escherichia.Shigella	Bacteria
B1995_Massilia	B1995_Massilia	Bacteria
B201_Massilia	B201_Massilia	Bacteria
B54_uncultured	B54_uncultured	Bacteria
B503_Escherichia.Shigella	B503_Escherichia.Shigella	Bacteria
B338_uncultured.bacterium	B338_uncultured.bacterium	Bacteria
B3590_Escherichia.Shigella	B3590_Escherichia.Shigella	Bacteria
B32_Bradyrhizobium	B32_Bradyrhizobium	Bacteria
B15_Sphingomonas	B15_Sphingomonas	Bacteria
B209_Escherichia.Shigella	B209_Escherichia.Shigella	Bacteria
F4624_unidentified	F4624_unidentified	Fungi
