id	label	Bacteria
B41_uncultured	B41_uncultured	Bacteria
B700_f_Micrococcaceae	B700_f_Micrococcaceae	Bacteria
B71_Methylobacterium	B71_Methylobacterium	Bacteria
B1220_Bacillus	B1220_Bacillus	Bacteria
B5_Pseudomonas	B5_Pseudomonas	Bacteria
B2_Methylobacterium	B2_Methylobacterium	Bacteria
B9_Methylobacterium	B9_Methylobacterium	Bacteria
B494_Brevundimonas	B494_Brevundimonas	Bacteria
B1019_f_Micrococcaceae	B1019_f_Micrococcaceae	Bacteria
B1612_uncultured organism	B1612_uncultured organism	Bacteria
B1193_Blastocatella	B1193_Blastocatella	Bacteria
B21_Methylobacterium	B21_Methylobacterium	Bacteria
B301_f_Microbacteriaceae	B301_f_Microbacteriaceae	Bacteria
B77_Allorhizobium-Neorhizobium-Pararhizobium-Rhizobium	B77_Allorhizobium-Neorhizobium-Pararhizobium-Rhizobium	Bacteria
B2451_f_Sphingomonadaceae	B2451_f_Sphingomonadaceae	Bacteria
B877_Bacillus	B877_Bacillus	Bacteria
B1475_uncultured bacterium	B1475_uncultured bacterium	Bacteria
B1224_Blastococcus	B1224_Blastococcus	Bacteria
B712_f_Intrasporangiaceae	B712_f_Intrasporangiaceae	Bacteria
B98_Sphingomonas	B98_Sphingomonas	Bacteria
B2075_Bacillus	B2075_Bacillus	Bacteria
B607_Dietzia	B607_Dietzia	Bacteria
B15_Sphingomonas	B15_Sphingomonas	Bacteria
B237_f_Micrococcaceae	B237_f_Micrococcaceae	Bacteria
B679_Georgenia	B679_Georgenia	Bacteria
B13_Aureimonas	B13_Aureimonas	Bacteria
B354_Paraburkholderia tropica	B354_Paraburkholderia tropica	Bacteria
B35_Methylobacterium	B35_Methylobacterium	Bacteria
B78_Sphingomonas	B78_Sphingomonas	Bacteria
B3_Sphingomonas	B3_Sphingomonas	Bacteria
B624_Ornithinimicrobium	B624_Ornithinimicrobium	Bacteria
B154_f_Micrococcaceae	B154_f_Micrococcaceae	Bacteria
B1119_Dietzia	B1119_Dietzia	Bacteria
B413_f_Micrococcaceae	B413_f_Micrococcaceae	Bacteria
B918_Bacillus	B918_Bacillus	Bacteria
B705_f_Sphingomonadaceae	B705_f_Sphingomonadaceae	Bacteria
B1885_Paenibacillus	B1885_Paenibacillus	Bacteria
B398_Rhodococcus	B398_Rhodococcus	Bacteria
F280_o_Polyporales	F280_o_Polyporales	Fungi
F6_Cladosporium	F6_Cladosporium	Fungi
F5_Alternaria	F5_Alternaria	Fungi
B1236_uncultured Roseobacter sp.	B1236_uncultured Roseobacter sp.	Bacteria
B36_Stenotrophomonas	B36_Stenotrophomonas	Bacteria
B265_Deinococcus	B265_Deinococcus	Bacteria
B343_Microbacterium	B343_Microbacterium	Bacteria
B968_Acidibacter	B968_Acidibacter	Bacteria
B33_Kineococcus	B33_Kineococcus	Bacteria
B726_Chryseobacterium	B726_Chryseobacterium	Bacteria
B1_Pantoea	B1_Pantoea	Bacteria
B7_Curtobacterium	B7_Curtobacterium	Bacteria
F8_unidentified	F8_unidentified	Fungi
F51_Papiliotrema	F51_Papiliotrema	Fungi
B87_Mucilaginibacter	B87_Mucilaginibacter	Bacteria
B11_Xanthomonas	B11_Xanthomonas	Bacteria
B830_f_Burkholderiaceae	B830_f_Burkholderiaceae	Bacteria
B29_Methylobacterium	B29_Methylobacterium	Bacteria
B16_Sphingomonas	B16_Sphingomonas	Bacteria
B19_Xanthomonas	B19_Xanthomonas	Bacteria
B2166_Siphonobacter	B2166_Siphonobacter	Bacteria
B27_Mucilaginibacter	B27_Mucilaginibacter	Bacteria
F3362_o_NA	F3362_o_NA	Fungi
F1179_unidentified	F1179_unidentified	Fungi
F11_Sarocladium	F11_Sarocladium	Fungi
F178_Schizopora	F178_Schizopora	Fungi
B6_Sphingomonas	B6_Sphingomonas	Bacteria
B10_Allorhizobium-Neorhizobium-Pararhizobium-Rhizobium	B10_Allorhizobium-Neorhizobium-Pararhizobium-Rhizobium	Bacteria
F26_unidentified	F26_unidentified	Fungi
F3_Moesziomyces	F3_Moesziomyces	Fungi
B23_f_Burkholderiaceae	B23_f_Burkholderiaceae	Bacteria
F2_Nigrospora	F2_Nigrospora	Fungi
F32_Tilletia	F32_Tilletia	Fungi
F89_Aureobasidium	F89_Aureobasidium	Fungi
B521_Peredibacter	B521_Peredibacter	Bacteria
B430_Pseudonocardia	B430_Pseudonocardia	Bacteria
B4684_Aquabacterium	B4684_Aquabacterium	Bacteria
B222_Kineococcus	B222_Kineococcus	Bacteria
B68_Chryseobacterium	B68_Chryseobacterium	Bacteria
B4_Pantoea	B4_Pantoea	Bacteria
B116_Geodermatophilus	B116_Geodermatophilus	Bacteria
F407_Phanerochaete	F407_Phanerochaete	Fungi
B1062_f_Burkholderiaceae	B1062_f_Burkholderiaceae	Bacteria
B636_Curtobacterium	B636_Curtobacterium	Bacteria
F1617_o_Pleosporales	F1617_o_Pleosporales	Fungi
B28_Burkholderia-Caballeronia-Paraburkholderia	B28_Burkholderia-Caballeronia-Paraburkholderia	Bacteria
B12_Novosphingobium	B12_Novosphingobium	Bacteria
F177_unidentified	F177_unidentified	Fungi
F190_Irpex	F190_Irpex	Fungi
F207_o_Tremellales	F207_o_Tremellales	Fungi
B1271_Actinotalea	B1271_Actinotalea	Bacteria
B3117_Bacillus	B3117_Bacillus	Bacteria
F114_unidentified	F114_unidentified	Fungi
B42_Pseudomonas	B42_Pseudomonas	Bacteria
B1491_Microbacterium	B1491_Microbacterium	Bacteria
B4692_Fimbriiglobus	B4692_Fimbriiglobus	Bacteria
B600_Kineosporia	B600_Kineosporia	Bacteria
B31_Quadrisphaera	B31_Quadrisphaera	Bacteria
B4888_Atopobium	B4888_Atopobium	Bacteria
F47_f_Phaeosphaeriaceae	F47_f_Phaeosphaeriaceae	Fungi
F582_Mycoleptodiscus	F582_Mycoleptodiscus	Fungi
B8_f_Rhizobiaceae	B8_f_Rhizobiaceae	Bacteria
B20_Pseudomonas	B20_Pseudomonas	Bacteria
B14_Burkholderia-Caballeronia-Paraburkholderia	B14_Burkholderia-Caballeronia-Paraburkholderia	Bacteria
B1295_Bacillus	B1295_Bacillus	Bacteria
B1678_Bacillus	B1678_Bacillus	Bacteria
F469_unidentified	F469_unidentified	Fungi
B37_Allorhizobium-Neorhizobium-Pararhizobium-Rhizobium	B37_Allorhizobium-Neorhizobium-Pararhizobium-Rhizobium	Bacteria
B271_Microbacterium	B271_Microbacterium	Bacteria
B1477_Candidatus Paracaedibacter	B1477_Candidatus Paracaedibacter	Bacteria
F458_Endoxyla	F458_Endoxyla	Fungi
F431_Coprinopsis	F431_Coprinopsis	Fungi
F1590_o_Pleosporales	F1590_o_Pleosporales	Fungi
F27_Curvularia	F27_Curvularia	Fungi
F84_Tilletia	F84_Tilletia	Fungi
F4_o_Pleosporales	F4_o_Pleosporales	Fungi
B3341_uncultured bacterium	B3341_uncultured bacterium	Bacteria
F349_Biappendiculispora	F349_Biappendiculispora	Fungi
F429_Bjerkandera	F429_Bjerkandera	Fungi
B17_Methylobacterium	B17_Methylobacterium	Bacteria
F5936_Periconia	F5936_Periconia	Fungi
F260_Schizopora	F260_Schizopora	Fungi
F231_Bullera	F231_Bullera	Fungi
B76_Methylobacterium	B76_Methylobacterium	Bacteria
B2164_Bacillus	B2164_Bacillus	Bacteria
F313_Papiliotrema	F313_Papiliotrema	Fungi
F28_f_Hypocreales_fam_Incertae_sedis	F28_f_Hypocreales_fam_Incertae_sedis	Fungi
B2691_uncultured	B2691_uncultured	Bacteria
B424_Williamsia	B424_Williamsia	Bacteria
B380_f_Micrococcaceae	B380_f_Micrococcaceae	Bacteria
B632_f_Micrococcaceae	B632_f_Micrococcaceae	Bacteria
B489_f_Micrococcaceae	B489_f_Micrococcaceae	Bacteria
B426_f_Burkholderiaceae	B426_f_Burkholderiaceae	Bacteria
F18_f_Phaeosphaeriaceae	F18_f_Phaeosphaeriaceae	Fungi
F36_Moesziomyces	F36_Moesziomyces	Fungi
B2424_Flectobacillus	B2424_Flectobacillus	Bacteria
B1165_Sphingomonas	B1165_Sphingomonas	Bacteria
F1190_Montagnula	F1190_Montagnula	Fungi
F328_Phaeosphaeria	F328_Phaeosphaeria	Fungi
F209_unidentified	F209_unidentified	Fungi
F297_Coniothyrium	F297_Coniothyrium	Fungi
F202_Pseudozyma	F202_Pseudozyma	Fungi
F100_Talaromyces	F100_Talaromyces	Fungi
F862_o_NA	F862_o_NA	Fungi
F358_unidentified	F358_unidentified	Fungi
F4240_Paraconiothyrium	F4240_Paraconiothyrium	Fungi
F1433_Penicillium	F1433_Penicillium	Fungi
F45_f_Didymellaceae	F45_f_Didymellaceae	Fungi
F795_Colletotrichum	F795_Colletotrichum	Fungi
F48_unidentified	F48_unidentified	Fungi
B3440_Sphingomonas	B3440_Sphingomonas	Bacteria
B1589_Bacillus	B1589_Bacillus	Bacteria
F4190_Knufia	F4190_Knufia	Fungi
F745_Penicillium	F745_Penicillium	Fungi
F425_Fusarium	F425_Fusarium	Fungi
F1071_Hericium	F1071_Hericium	Fungi
F71_Papiliotrema	F71_Papiliotrema	Fungi
F16_Pyricularia	F16_Pyricularia	Fungi
B234_f_Cellulomonadaceae	B234_f_Cellulomonadaceae	Bacteria
F131_unidentified	F131_unidentified	Fungi
F1698_Moesziomyces	F1698_Moesziomyces	Fungi
F2547_unidentified	F2547_unidentified	Fungi
F1821_Penicillium	F1821_Penicillium	Fungi
F353_Diaporthe	F353_Diaporthe	Fungi
F81_Cladosporium	F81_Cladosporium	Fungi
F1596_Peniophorella	F1596_Peniophorella	Fungi
F398_Diaporthe	F398_Diaporthe	Fungi
F638_Ceriporia	F638_Ceriporia	Fungi
F310_unidentified	F310_unidentified	Fungi
F55_f_Nectriaceae	F55_f_Nectriaceae	Fungi
F448_Perenniporia	F448_Perenniporia	Fungi
F1505_Vishniacozyma	F1505_Vishniacozyma	Fungi
F65_Sarocladium	F65_Sarocladium	Fungi
F1915_Phlebia	F1915_Phlebia	Fungi
F404_Curvularia	F404_Curvularia	Fungi
F525_Phyllozyma	F525_Phyllozyma	Fungi
F580_Psathyrella	F580_Psathyrella	Fungi
F1613_Penicillium	F1613_Penicillium	Fungi
F605_o_Pleosporales	F605_o_Pleosporales	Fungi
F233_Periconia	F233_Periconia	Fungi
F669_Protomerulius	F669_Protomerulius	Fungi
F12_o_Pleosporales	F12_o_Pleosporales	Fungi
F1610_Exidia	F1610_Exidia	Fungi
B278_o_NA	B278_o_NA	Bacteria
B1831_o_NA	B1831_o_NA	Bacteria
B640_f_Intrasporangiaceae	B640_f_Intrasporangiaceae	Bacteria
B22_uncultured.Roseobacter.sp.	B22_uncultured.Roseobacter.sp.	Bacteria
B252_Spirosoma	B252_Spirosoma	Bacteria
B3365_wastewater.metagenome	B3365_wastewater.metagenome	Bacteria
B1236_uncultured.Roseobacter.sp.	B1236_uncultured.Roseobacter.sp.	Bacteria
B4616_f_Sphingomonadaceae	B4616_f_Sphingomonadaceae	Bacteria
B5696_Megasphaera	B5696_Megasphaera	Bacteria
B3245_Gardnerella	B3245_Gardnerella	Bacteria
B893_o_NA	B893_o_NA	Bacteria
B412_Microbacterium	B412_Microbacterium	Bacteria
B379_f_Micrococcaceae	B379_f_Micrococcaceae	Bacteria
B37_Allorhizobium.Neorhizobium.Pararhizobium.Rhizobium	B37_Allorhizobium.Neorhizobium.Pararhizobium.Rhizobium	Bacteria
B26_Bradyrhizobium	B26_Bradyrhizobium	Bacteria
B3340_Lysinibacillus	B3340_Lysinibacillus	Bacteria
B10_Allorhizobium.Neorhizobium.Pararhizobium.Rhizobium	B10_Allorhizobium.Neorhizobium.Pararhizobium.Rhizobium	Bacteria
B1892_Kaistia	B1892_Kaistia	Bacteria
B1612_uncultured.organism	B1612_uncultured.organism	Bacteria
B3341_uncultured.bacterium	B3341_uncultured.bacterium	Bacteria
B4826_Chthoniobacter	B4826_Chthoniobacter	Bacteria
B351_f_Burkholderiaceae	B351_f_Burkholderiaceae	Bacteria
B266_Allorhizobium.Neorhizobium.Pararhizobium.Rhizobium	B266_Allorhizobium.Neorhizobium.Pararhizobium.Rhizobium	Bacteria
B965_Bdellovibrio	B965_Bdellovibrio	Bacteria
B2261_Actinomycetospora	B2261_Actinomycetospora	Bacteria
B77_Allorhizobium.Neorhizobium.Pararhizobium.Rhizobium	B77_Allorhizobium.Neorhizobium.Pararhizobium.Rhizobium	Bacteria
B1475_uncultured.bacterium	B1475_uncultured.bacterium	Bacteria
B2208_Sphingomonas	B2208_Sphingomonas	Bacteria
B400_f_Micrococcaceae	B400_f_Micrococcaceae	Bacteria
B2329_Dietzia	B2329_Dietzia	Bacteria
B2549_f_Intrasporangiaceae	B2549_f_Intrasporangiaceae	Bacteria
B2958_Rhodococcus	B2958_Rhodococcus	Bacteria
B179_Mucilaginibacter	B179_Mucilaginibacter	Bacteria
B354_Paraburkholderia.tropica	B354_Paraburkholderia.tropica	Bacteria
B524_f_Micrococcaceae	B524_f_Micrococcaceae	Bacteria
B720_Dongia	B720_Dongia	Bacteria
B28_Burkholderia.Caballeronia.Paraburkholderia	B28_Burkholderia.Caballeronia.Paraburkholderia	Bacteria
B14_Burkholderia.Caballeronia.Paraburkholderia	B14_Burkholderia.Caballeronia.Paraburkholderia	Bacteria
B2263_Rhodococcus	B2263_Rhodococcus	Bacteria
B95_Allorhizobium.Neorhizobium.Pararhizobium.Rhizobium	B95_Allorhizobium.Neorhizobium.Pararhizobium.Rhizobium	Bacteria
F61_o_Pleosporales	F61_o_Pleosporales	Fungi
F69_o_Pleosporales	F69_o_Pleosporales	Fungi
F5458_o_NA	F5458_o_NA	Fungi
F222_o_NA	F222_o_NA	Fungi
F1070_o_NA	F1070_o_NA	Fungi
F1399_o_NA	F1399_o_NA	Fungi
F54_Pyrenochaetopsis	F54_Pyrenochaetopsis	Fungi
F4177_o_NA	F4177_o_NA	Fungi
F1920_Roussoella	F1920_Roussoella	Fungi
F226_Saitozyma	F226_Saitozyma	Fungi
F362_Porostereum	F362_Porostereum	Fungi
