id	label	Bacteria
B5832_Acinetobacter	B5832_Acinetobacter	Bacteria
B9992_Corynebacterium	B9992_Corynebacterium	Bacteria
B26_Bradyrhizobium	B26_Bradyrhizobium	Bacteria
B989_Staphylococcus	B989_Staphylococcus	Bacteria
B269_Pseudomonas	B269_Pseudomonas	Bacteria
B21_Methylobacterium	B21_Methylobacterium	Bacteria
B1738_uncultured Termite group 1 bacterium	B1738_uncultured Termite group 1 bacterium	Bacteria
B5321_Streptococcus	B5321_Streptococcus	Bacteria
B2846_Massilia	B2846_Massilia	Bacteria
B1776_Cloacibacterium	B1776_Cloacibacterium	Bacteria
B14_Burkholderia-Caballeronia-Paraburkholderia	B14_Burkholderia-Caballeronia-Paraburkholderia	Bacteria
F4380_unidentified	F4380_unidentified	Fungi
F1903_f_Mucoraceae	F1903_f_Mucoraceae	Fungi
F1591_Gloeocystidiellum	F1591_Gloeocystidiellum	Fungi
F1103_Sclerostagonospora	F1103_Sclerostagonospora	Fungi
F1411_Annulohypoxylon	F1411_Annulohypoxylon	Fungi
F1486_Rosellinia	F1486_Rosellinia	Fungi
F29_f_Didymellaceae	F29_f_Didymellaceae	Fungi
F22_Setophoma	F22_Setophoma	Fungi
F482_Pichia	F482_Pichia	Fungi
B6_Sphingomonas	B6_Sphingomonas	Bacteria
B14637_o_CCM19a	B14637_o_CCM19a	Bacteria
B32_Bradyrhizobium	B32_Bradyrhizobium	Bacteria
B1646_Asinibacterium	B1646_Asinibacterium	Bacteria
B12703_o_NA	B12703_o_NA	Bacteria
B5554_Pseudomonas	B5554_Pseudomonas	Bacteria
B3_Sphingomonas	B3_Sphingomonas	Bacteria
F131_unidentified	F131_unidentified	Fungi
F3266_unidentified	F3266_unidentified	Fungi
F134_o_NA	F134_o_NA	Fungi
F17_o_Pleosporales	F17_o_Pleosporales	Fungi
F606_unidentified	F606_unidentified	Fungi
F931_o_NA	F931_o_NA	Fungi
F2005_Colletotrichum	F2005_Colletotrichum	Fungi
F1141_Annulohypoxylon	F1141_Annulohypoxylon	Fungi
F161_Paraphoma	F161_Paraphoma	Fungi
F13_Zopfiella	F13_Zopfiella	Fungi
F568_Aspergillus	F568_Aspergillus	Fungi
F773_Colletotrichum	F773_Colletotrichum	Fungi
F3800_Talaromyces	F3800_Talaromyces	Fungi
F238_Coniochaeta	F238_Coniochaeta	Fungi
B10049_Georgenia	B10049_Georgenia	Bacteria
B2240_Brevundimonas	B2240_Brevundimonas	Bacteria
B2387_Sphingomonas	B2387_Sphingomonas	Bacteria
B1243_Acetobacteroides	B1243_Acetobacteroides	Bacteria
F96_unidentified	F96_unidentified	Fungi
F777_o_NA	F777_o_NA	Fungi
F280_o_Polyporales	F280_o_Polyporales	Fungi
F667_Hannaella	F667_Hannaella	Fungi
F1904_Coniosporium	F1904_Coniosporium	Fungi
F1499_unidentified	F1499_unidentified	Fungi
F1642_Pestalotiopsis	F1642_Pestalotiopsis	Fungi
B503_Escherichia-Shigella	B503_Escherichia-Shigella	Bacteria
B5380_Acinetobacter	B5380_Acinetobacter	Bacteria
B9088_Staphylococcus	B9088_Staphylococcus	Bacteria
B2395_Pseudomonas	B2395_Pseudomonas	Bacteria
F274_unidentified	F274_unidentified	Fungi
F27_Curvularia	F27_Curvularia	Fungi
F4841_Eutypella	F4841_Eutypella	Fungi
F273_Ascochyta	F273_Ascochyta	Fungi
F2577_Acremonium	F2577_Acremonium	Fungi
F2968_Neolentinus	F2968_Neolentinus	Fungi
B54_uncultured	B54_uncultured	Bacteria
F698_unidentified	F698_unidentified	Fungi
F160_Cladosporium	F160_Cladosporium	Fungi
B144_Bradyrhizobium	B144_Bradyrhizobium	Bacteria
B826_Enhydrobacter	B826_Enhydrobacter	Bacteria
B838_Pseudomonas	B838_Pseudomonas	Bacteria
B1810_Fluviicola	B1810_Fluviicola	Bacteria
B5391_Methylobacterium	B5391_Methylobacterium	Bacteria
F2047_unidentified	F2047_unidentified	Fungi
F2345_unidentified	F2345_unidentified	Fungi
F213_Yarrowia	F213_Yarrowia	Fungi
F880_unidentified	F880_unidentified	Fungi
F871_Symmetrospora	F871_Symmetrospora	Fungi
F228_Purpureocillium	F228_Purpureocillium	Fungi
F84_Tilletia	F84_Tilletia	Fungi
B5_Pseudomonas	B5_Pseudomonas	Bacteria
B1610_Clostridium sensu stricto 10	B1610_Clostridium sensu stricto 10	Bacteria
B9899_Hydrocarboniphaga	B9899_Hydrocarboniphaga	Bacteria
F570_Colletotrichum	F570_Colletotrichum	Fungi
F103_unidentified	F103_unidentified	Fungi
F85_Fusarium	F85_Fusarium	Fungi
B56_Allorhizobium-Neorhizobium-Pararhizobium-Rhizobium	B56_Allorhizobium-Neorhizobium-Pararhizobium-Rhizobium	Bacteria
F303_unidentified	F303_unidentified	Fungi
F684_Endoxyla	F684_Endoxyla	Fungi
F270_unidentified	F270_unidentified	Fungi
F147_o_Pleosporales	F147_o_Pleosporales	Fungi
F1339_Wickerhamomyces	F1339_Wickerhamomyces	Fungi
F1410_Cystofilobasidium	F1410_Cystofilobasidium	Fungi
F575_Trametes	F575_Trametes	Fungi
F45_f_Didymellaceae	F45_f_Didymellaceae	Fungi
F250_Pseudopithomyces	F250_Pseudopithomyces	Fungi
B5620_Pajaroellobacter	B5620_Pajaroellobacter	Bacteria
B209_Escherichia-Shigella	B209_Escherichia-Shigella	Bacteria
F723_unidentified	F723_unidentified	Fungi
F658_Candida	F658_Candida	Fungi
F2_Nigrospora	F2_Nigrospora	Fungi
F1233_Coniochaeta	F1233_Coniochaeta	Fungi
F1684_unidentified	F1684_unidentified	Fungi
F2258_unidentified	F2258_unidentified	Fungi
F304_Sphaerulina	F304_Sphaerulina	Fungi
F758_unidentified	F758_unidentified	Fungi
F8_unidentified	F8_unidentified	Fungi
F876_f_Phaeosphaeriaceae	F876_f_Phaeosphaeriaceae	Fungi
F18_f_Phaeosphaeriaceae	F18_f_Phaeosphaeriaceae	Fungi
F328_Phaeosphaeria	F328_Phaeosphaeria	Fungi
F89_Aureobasidium	F89_Aureobasidium	Fungi
F2368_unidentified	F2368_unidentified	Fungi
B4139_Clostridium sensu stricto 11	B4139_Clostridium sensu stricto 11	Bacteria
B81_Stenotrophomonas	B81_Stenotrophomonas	Bacteria
F2213_Clavispora	F2213_Clavispora	Fungi
F4_o_Pleosporales	F4_o_Pleosporales	Fungi
F12_o_Pleosporales	F12_o_Pleosporales	Fungi
F230_unidentified	F230_unidentified	Fungi
F415_Penicillium	F415_Penicillium	Fungi
F448_Perenniporia	F448_Perenniporia	Fungi
B2_Methylobacterium	B2_Methylobacterium	Bacteria
B10801_o_Gastranaerophilales	B10801_o_Gastranaerophilales	Bacteria
B8_f_Rhizobiaceae	B8_f_Rhizobiaceae	Bacteria
B307_Bacillus	B307_Bacillus	Bacteria
B814_Sediminibacterium	B814_Sediminibacterium	Bacteria
F1149_f_Magnaporthaceae	F1149_f_Magnaporthaceae	Fungi
F48_unidentified	F48_unidentified	Fungi
F716_unidentified	F716_unidentified	Fungi
F226_Saitozyma	F226_Saitozyma	Fungi
F50_Thanatephorus	F50_Thanatephorus	Fungi
F1834_o_Diaporthales	F1834_o_Diaporthales	Fungi
F93_Gaeumannomyces	F93_Gaeumannomyces	Fungi
B116_Geodermatophilus	B116_Geodermatophilus	Bacteria
B9_Methylobacterium	B9_Methylobacterium	Bacteria
B1077_Ralstonia	B1077_Ralstonia	Bacteria
B1017_Clostridium sensu stricto 3	B1017_Clostridium sensu stricto 3	Bacteria
B971_Pseudomonas	B971_Pseudomonas	Bacteria
B879_uncultured Chlorobiales bacterium	B879_uncultured Chlorobiales bacterium	Bacteria
F210_unidentified	F210_unidentified	Fungi
F418_Hannaella	F418_Hannaella	Fungi
F837_Candida	F837_Candida	Fungi
F98_f_Didymellaceae	F98_f_Didymellaceae	Fungi
F582_Mycoleptodiscus	F582_Mycoleptodiscus	Fungi
F251_Alternaria	F251_Alternaria	Fungi
F100_Talaromyces	F100_Talaromyces	Fungi
F4539_Apiotrichum	F4539_Apiotrichum	Fungi
F20_Edenia	F20_Edenia	Fungi
F1126_unidentified	F1126_unidentified	Fungi
F6_Cladosporium	F6_Cladosporium	Fungi
F10_Guehomyces	F10_Guehomyces	Fungi
B2461_Hymenobacter	B2461_Hymenobacter	Bacteria
B5587_Sphingomonas	B5587_Sphingomonas	Bacteria
B2363_Candidatus Finniella	B2363_Candidatus Finniella	Bacteria
F1614_unidentified	F1614_unidentified	Fungi
F1871_o_Trechisporales	F1871_o_Trechisporales	Fungi
F2017_o_NA	F2017_o_NA	Fungi
F54_Pyrenochaetopsis	F54_Pyrenochaetopsis	Fungi
F1286_Naganishia	F1286_Naganishia	Fungi
F601_Penicillium	F601_Penicillium	Fungi
F3_Moesziomyces	F3_Moesziomyces	Fungi
F36_Moesziomyces	F36_Moesziomyces	Fungi
B1224_Blastococcus	B1224_Blastococcus	Bacteria
F3400_o_NA	F3400_o_NA	Fungi
F1817_Abortiporus	F1817_Abortiporus	Fungi
F41_Arnium	F41_Arnium	Fungi
F854_Penicillium	F854_Penicillium	Fungi
F3640_unidentified	F3640_unidentified	Fungi
F16_Pyricularia	F16_Pyricularia	Fungi
B254_Pseudomonas	B254_Pseudomonas	Bacteria
F2801_unidentified	F2801_unidentified	Fungi
F2807_Sistotrema	F2807_Sistotrema	Fungi
F277_Peniophora	F277_Peniophora	Fungi
F90_Pseudogymnoascus	F90_Pseudogymnoascus	Fungi
F158_Diaporthe	F158_Diaporthe	Fungi
B9259_Turicella	B9259_Turicella	Bacteria
B15_Sphingomonas	B15_Sphingomonas	Bacteria
F206_unidentified	F206_unidentified	Fungi
F292_Engyodontium	F292_Engyodontium	Fungi
F353_Diaporthe	F353_Diaporthe	Fungi
F61_o_Pleosporales	F61_o_Pleosporales	Fungi
F55_f_Nectriaceae	F55_f_Nectriaceae	Fungi
B338_uncultured bacterium	B338_uncultured bacterium	Bacteria
F1181_unidentified	F1181_unidentified	Fungi
F47_f_Phaeosphaeriaceae	F47_f_Phaeosphaeriaceae	Fungi
F488_Penicillium	F488_Penicillium	Fungi
F980_unidentified	F980_unidentified	Fungi
F895_Dipodascus	F895_Dipodascus	Fungi
F315_Trametes	F315_Trametes	Fungi
F440_Penicillium	F440_Penicillium	Fungi
F137_Malassezia	F137_Malassezia	Fungi
F37_unidentified	F37_unidentified	Fungi
F461_unidentified	F461_unidentified	Fungi
F62_Mrakia	F62_Mrakia	Fungi
F120_Sporobolomyces	F120_Sporobolomyces	Fungi
F477_Trichoderma	F477_Trichoderma	Fungi
F366_Colletotrichum	F366_Colletotrichum	Fungi
F73_Tetracladium	F73_Tetracladium	Fungi
F166_Aspergillus	F166_Aspergillus	Fungi
F2706_unidentified	F2706_unidentified	Fungi
F318_Saccharomyces	F318_Saccharomyces	Fungi
F407_Phanerochaete	F407_Phanerochaete	Fungi
F53_Pyrenochaetopsis	F53_Pyrenochaetopsis	Fungi
F621_Nigrospora	F621_Nigrospora	Fungi
F5_Alternaria	F5_Alternaria	Fungi
B9558_uncultured.soil.bacterium	B9558_uncultured.soil.bacterium	Bacteria
B276_Leifsonia	B276_Leifsonia	Bacteria
B282_Acinetobacter	B282_Acinetobacter	Bacteria
B1010_Clostridium.sensu.stricto.8	B1010_Clostridium.sensu.stricto.8	Bacteria
B22_uncultured.Roseobacter.sp.	B22_uncultured.Roseobacter.sp.	Bacteria
B206_uncultured.bacterium	B206_uncultured.bacterium	Bacteria
B11359_f_Isosphaeraceae	B11359_f_Isosphaeraceae	Bacteria
B6050_Leifsonia	B6050_Leifsonia	Bacteria
B23_f_Burkholderiaceae	B23_f_Burkholderiaceae	Bacteria
B464_Pseudomonas	B464_Pseudomonas	Bacteria
B743_Escherichia.Shigella	B743_Escherichia.Shigella	Bacteria
B3407_Aquabacterium	B3407_Aquabacterium	Bacteria
B210_Ralstonia	B210_Ralstonia	Bacteria
B919_f_Burkholderiaceae	B919_f_Burkholderiaceae	Bacteria
B1388_Lawsonella	B1388_Lawsonella	Bacteria
B4628_Peptoniphilus	B4628_Peptoniphilus	Bacteria
B1610_Clostridium.sensu.stricto.10	B1610_Clostridium.sensu.stricto.10	Bacteria
B24_Bradyrhizobium	B24_Bradyrhizobium	Bacteria
B503_Escherichia.Shigella	B503_Escherichia.Shigella	Bacteria
B1738_uncultured.Termite.group.1.bacterium	B1738_uncultured.Termite.group.1.bacterium	Bacteria
B56_Allorhizobium.Neorhizobium.Pararhizobium.Rhizobium	B56_Allorhizobium.Neorhizobium.Pararhizobium.Rhizobium	Bacteria
B338_uncultured.bacterium	B338_uncultured.bacterium	Bacteria
B11863_f_Micromonosporaceae	B11863_f_Micromonosporaceae	Bacteria
B13267_Comamonas	B13267_Comamonas	Bacteria
B4139_Clostridium.sensu.stricto.11	B4139_Clostridium.sensu.stricto.11	Bacteria
B1017_Clostridium.sensu.stricto.3	B1017_Clostridium.sensu.stricto.3	Bacteria
B209_Escherichia.Shigella	B209_Escherichia.Shigella	Bacteria
B14_Burkholderia.Caballeronia.Paraburkholderia	B14_Burkholderia.Caballeronia.Paraburkholderia	Bacteria
B879_uncultured.Chlorobiales.bacterium	B879_uncultured.Chlorobiales.bacterium	Bacteria
B2363_Candidatus.Finniella	B2363_Candidatus.Finniella	Bacteria
F227_Diaporthe	F227_Diaporthe	Fungi
F441_o_Hypocreales	F441_o_Hypocreales	Fungi
F2264_unidentified	F2264_unidentified	Fungi
