Source	Target	Cor	pseudo_p	positive
B4_Pantoea	B12309_o_NA	0.4418	0.0235	TRUE
F258_Nigrospora	B12309_o_NA	0.4213	0.0235	TRUE
F50_Thanatephorus	B12309_o_NA	0.4501	0.0235	TRUE
F36_Moesziomyces	B12309_o_NA	0.4123	0.0388	TRUE
B11739_Micromonospora	B7499_f_Leptolyngbyaceae	0.4712	0.0433	TRUE
B10509_Pirellula	B7499_f_Leptolyngbyaceae	0.5348	0.0137	TRUE
B140_f_Intrasporangiaceae	B7499_f_Leptolyngbyaceae	0.5427	0.005	TRUE
B10342_Staphylococcus	B7499_f_Leptolyngbyaceae	0.5307	0.0137	TRUE
B7928_Leptolyngbya BN43	B7499_f_Leptolyngbyaceae	0.5372	0.0137	TRUE
F171_unidentified	B7499_f_Leptolyngbyaceae	0.5347	0.0334	TRUE
F405_unidentified	B7499_f_Leptolyngbyaceae	0.5421	0.005	TRUE
F791_unidentified	B7499_f_Leptolyngbyaceae	0.5399	0.0235	TRUE
F888_Phellinus	B7499_f_Leptolyngbyaceae	0.427	0.0334	TRUE
F3934_o_NA	B7499_f_Leptolyngbyaceae	0.4172	0.0433	TRUE
F1958_Aspergillus	B7499_f_Leptolyngbyaceae	0.4685	0.0334	TRUE
F356_Paraconiothyrium	B7499_f_Leptolyngbyaceae	0.5395	0.019	TRUE
F29_f_Didymellaceae	B7499_f_Leptolyngbyaceae	0.4685	0.0433	TRUE
F248_Bipolaris	B7499_f_Leptolyngbyaceae	0.6029	0.005	TRUE
B12955_Flavobacterium	B12859_uncultured.bacterium	0.5234	0.0137	TRUE
B15482_f_0319-6G20	B12859_uncultured.bacterium	0.4234	0.0334	TRUE
B12182_Bacillus	B12859_uncultured.bacterium	0.506	0.0334	TRUE
B1738_uncultured Termite group 1 bacterium	B12859_uncultured.bacterium	0.467	0.0137	TRUE
B1313_Escherichia-Shigella	B12859_uncultured.bacterium	0.5979	0.0137	TRUE
B12714_Gleocapsa	B12859_uncultured.bacterium	0.5507	0.0334	TRUE
B769_Pseudomonas	B12859_uncultured.bacterium	0.4884	0.0334	TRUE
B6783_Massilia	B12859_uncultured.bacterium	0.5753	0.0137	TRUE
F190_Irpex	B12859_uncultured.bacterium	0.4326	0.0487	TRUE
B13225_bacterium Ellin6529	B12955_Flavobacterium	0.5515	0.0235	TRUE
B1738_uncultured Termite group 1 bacterium	B12955_Flavobacterium	0.5143	0.0334	TRUE
B1313_Escherichia-Shigella	B12955_Flavobacterium	0.6362	0.0137	TRUE
B769_Pseudomonas	B12955_Flavobacterium	0.5678	0.0137	TRUE
B6783_Massilia	B12955_Flavobacterium	0.6466	0.005	TRUE
F190_Irpex	B12955_Flavobacterium	0.4666	0.0388	TRUE
B210_Ralstonia	B34_Bradyrhizobium	-0.8457	0.0099	FALSE
F137_Malassezia	B34_Bradyrhizobium	0.6774	0.0297	TRUE
F277_Peniophora	B34_Bradyrhizobium	0.5995	0.0396	TRUE
B269_Pseudomonas	B1634_f_Unknown.Family	0.4108	0.0235	TRUE
B2346_Microcoleus PCC-7113	B1634_f_Unknown.Family	0.4342	0.0334	TRUE
B2201_Staphylococcus	B1634_f_Unknown.Family	0.4363	0.0433	TRUE
B10880_Bacillus	B1634_f_Unknown.Family	0.4337	0.0433	TRUE
F274_unidentified	B1634_f_Unknown.Family	0.5208	0.0334	TRUE
F469_unidentified	B1634_f_Unknown.Family	0.3942	0.0334	TRUE
F513_Pleurotus	B1634_f_Unknown.Family	0.6235	0.0235	TRUE
F288_unidentified	B1634_f_Unknown.Family	0.4182	0.0433	TRUE
F116_Curvularia	B1634_f_Unknown.Family	0.4902	0.0433	TRUE
F73_Tetracladium	B1634_f_Unknown.Family	0.5137	0.0235	TRUE
F68_Pseudogymnoascus	B1634_f_Unknown.Family	0.523	0.0334	TRUE
F2306_Pseudodinemasporium	B1634_f_Unknown.Family	0.4347	0.0433	TRUE
B54_uncultured	B22_uncultured.Roseobacter.sp.	0.9483	0.0099	TRUE
B15_Sphingomonas	B22_uncultured.Roseobacter.sp.	0.7245	0.0297	TRUE
B3_Sphingomonas	B22_uncultured.Roseobacter.sp.	-0.6981	0.0198	FALSE
F575_Trametes	B22_uncultured.Roseobacter.sp.	0.7556	0.0198	TRUE
F694_Biscogniauxia	B22_uncultured.Roseobacter.sp.	0.4624	0.0495	TRUE
B735_uncultured bacterium	B3894_Flavobacterium	0.4476	0.0334	TRUE
B138_Nakamurella	B3894_Flavobacterium	0.3919	0.0433	TRUE
F199_Aureobasidium	B3894_Flavobacterium	0.4913	0.0433	TRUE
B13225_bacterium Ellin6529	B15482_f_0319.6G20	0.4002	0.0433	TRUE
B1738_uncultured Termite group 1 bacterium	B15482_f_0319.6G20	0.4297	0.0334	TRUE
B1313_Escherichia-Shigella	B15482_f_0319.6G20	0.5134	0.0433	TRUE
B12714_Gleocapsa	B15482_f_0319.6G20	0.4697	0.0433	TRUE
B769_Pseudomonas	B15482_f_0319.6G20	0.4789	0.0433	TRUE
B6783_Massilia	B15482_f_0319.6G20	0.5785	0.005	TRUE
F68_Pseudogymnoascus	B10482_Cyanothece.PCC.7424	0.4799	0.0235	TRUE
B2889_Pseudomonas	B15640_Lachnospiraceae.NK4A136.group	0.4381	0.0334	TRUE
F1723_Penicillium	B15640_Lachnospiraceae.NK4A136.group	0.4463	0.0137	TRUE
B735_uncultured bacterium	B71_Methylobacterium	0.5859	0.0137	TRUE
B919_f_Burkholderiaceae	B71_Methylobacterium	0.5107	0.0388	TRUE
B138_Nakamurella	B71_Methylobacterium	0.608	0.0137	TRUE
B1682_Escherichia-Shigella	B71_Methylobacterium	0.7146	0.0235	TRUE
F16_Pyricularia	B71_Methylobacterium	-0.6385	0.0495	FALSE
F3026_unidentified	B71_Methylobacterium	0.7758	0.0137	TRUE
F199_Aureobasidium	B71_Methylobacterium	0.7738	0.0137	TRUE
B989_Staphylococcus	B735_uncultured.bacterium	0.5016	0.005	TRUE
B138_Nakamurella	B735_uncultured.bacterium	0.5857	0.0137	TRUE
B1682_Escherichia-Shigella	B735_uncultured.bacterium	0.5765	0.005	TRUE
F16_Pyricularia	B735_uncultured.bacterium	-0.5201	0.0396	FALSE
F3026_unidentified	B735_uncultured.bacterium	0.6926	0.005	TRUE
F199_Aureobasidium	B735_uncultured.bacterium	0.7372	0.005	TRUE
B7474_Caenimonas	B26_Bradyrhizobium	0.6131	0.0289	TRUE
F27_Curvularia	B26_Bradyrhizobium	0.6447	0.0297	TRUE
F441_o_Hypocreales	B26_Bradyrhizobium	0.4469	0.0487	TRUE
F238_Coniochaeta	B26_Bradyrhizobium	0.6838	0.019	TRUE
B10509_Pirellula	B11739_Micromonospora	0.4845	0.0334	TRUE
B4537_IMCC26207	B11739_Micromonospora	0.4537	0.0334	TRUE
B1556_Pseudomonas	B11739_Micromonospora	0.5569	0.0137	TRUE
B2217_Streptococcus	B11739_Micromonospora	0.4687	0.0334	TRUE
B140_f_Intrasporangiaceae	B11739_Micromonospora	0.5266	0.0334	TRUE
B1914_Massilia	B11739_Micromonospora	0.5031	0.0433	TRUE
F171_unidentified	B11739_Micromonospora	0.4553	0.0433	TRUE
F791_unidentified	B11739_Micromonospora	0.452	0.0235	TRUE
F1075_Arthrocatena	B11739_Micromonospora	0.4245	0.0235	TRUE
F137_Malassezia	B210_Ralstonia	-0.6794	0.0297	FALSE
F277_Peniophora	B210_Ralstonia	-0.6454	0.0495	FALSE
B2_Methylobacterium	B919_f_Burkholderiaceae	0.6602	0.0198	TRUE
F16_Pyricularia	B919_f_Burkholderiaceae	-0.63	0.0396	FALSE
F3026_unidentified	B919_f_Burkholderiaceae	0.5522	0.0388	TRUE
F199_Aureobasidium	B919_f_Burkholderiaceae	0.5586	0.0487	TRUE
F5_Alternaria	B2_Methylobacterium	0.6025	0.0495	TRUE
B4537_IMCC26207	B10509_Pirellula	0.4666	0.0334	TRUE
B1556_Pseudomonas	B10509_Pirellula	0.4966	0.0433	TRUE
B2217_Streptococcus	B10509_Pirellula	0.5013	0.0433	TRUE
B140_f_Intrasporangiaceae	B10509_Pirellula	0.552	0.0137	TRUE
B10342_Staphylococcus	B10509_Pirellula	0.5	0.0137	TRUE
B1914_Massilia	B10509_Pirellula	0.5695	0.005	TRUE
B7928_Leptolyngbya BN43	B10509_Pirellula	0.5312	0.0235	TRUE
B10354_Geitlerinema PCC-8501	B10509_Pirellula	0.4719	0.0433	TRUE
F171_unidentified	B10509_Pirellula	0.5255	0.005	TRUE
F405_unidentified	B10509_Pirellula	0.5715	0.005	TRUE
F791_unidentified	B10509_Pirellula	0.4974	0.0433	TRUE
F888_Phellinus	B10509_Pirellula	0.4234	0.0334	TRUE
F1958_Aspergillus	B10509_Pirellula	0.576	0.0137	TRUE
F356_Paraconiothyrium	B10509_Pirellula	0.5	0.0487	TRUE
F1075_Arthrocatena	B10509_Pirellula	0.4219	0.0334	TRUE
F29_f_Didymellaceae	B10509_Pirellula	0.4945	0.0433	TRUE
F248_Bipolaris	B10509_Pirellula	0.6	0.0235	TRUE
F274_unidentified	B10514_Rhodopirellula	0.4643	0.0334	TRUE
F513_Pleurotus	B10514_Rhodopirellula	0.5317	0.0334	TRUE
F116_Curvularia	B10514_Rhodopirellula	0.4461	0.0433	TRUE
F73_Tetracladium	B10514_Rhodopirellula	0.4856	0.0433	TRUE
F513_Pleurotus	B1641_o_Clostridiales	0.4396	0.0235	TRUE
F832_f_Stereaceae	B9_Methylobacterium	0.5085	0.0289	TRUE
F258_Nigrospora	B9_Methylobacterium	0.5746	0.0487	TRUE
F50_Thanatephorus	B9_Methylobacterium	0.5167	0.0388	TRUE
B138_Nakamurella	B989_Staphylococcus	0.4795	0.0334	TRUE
B1682_Escherichia-Shigella	B989_Staphylococcus	0.5486	0.005	TRUE
F3026_unidentified	B989_Staphylococcus	0.5647	0.0137	TRUE
F199_Aureobasidium	B989_Staphylococcus	0.5851	0.005	TRUE
B1556_Pseudomonas	B4537_IMCC26207	0.5692	0.005	TRUE
B2217_Streptococcus	B4537_IMCC26207	0.5051	0.0334	TRUE
B140_f_Intrasporangiaceae	B4537_IMCC26207	0.5154	0.0137	TRUE
B7928_Leptolyngbya BN43	B4537_IMCC26207	0.5388	0.005	TRUE
F171_unidentified	B4537_IMCC26207	0.5315	0.0334	TRUE
F405_unidentified	B4537_IMCC26207	0.5286	0.0137	TRUE
F29_f_Didymellaceae	B4537_IMCC26207	0.4736	0.0334	TRUE
F248_Bipolaris	B4537_IMCC26207	0.5925	0.0235	TRUE
B1_Pantoea	B4628_Peptoniphilus	0.619	0.0091	TRUE
B4_Pantoea	B4628_Peptoniphilus	0.6806	0.0235	TRUE
F2015_unidentified	B4628_Peptoniphilus	0.5755	0.0137	TRUE
F832_f_Stereaceae	B4628_Peptoniphilus	0.6957	0.0137	TRUE
F258_Nigrospora	B4628_Peptoniphilus	0.6757	0.0137	TRUE
F50_Thanatephorus	B4628_Peptoniphilus	0.6685	0.0235	TRUE
F81_Cladosporium	B4628_Peptoniphilus	0.6122	0.005	TRUE
B54_uncultured	B437_Escherichia.Shigella	0.6024	0.0396	TRUE
B8051_Pseudomonas	B437_Escherichia.Shigella	0.6996	0.0137	TRUE
F606_unidentified	B437_Escherichia.Shigella	0.7535	0.0137	TRUE
F213_Yarrowia	B437_Escherichia.Shigella	0.6002	0.0297	TRUE
F575_Trametes	B437_Escherichia.Shigella	0.7063	0.0091	TRUE
B2217_Streptococcus	B1556_Pseudomonas	0.6214	0.005	TRUE
B140_f_Intrasporangiaceae	B1556_Pseudomonas	0.6125	0.0137	TRUE
B10342_Staphylococcus	B1556_Pseudomonas	0.6327	0.005	TRUE
B1914_Massilia	B1556_Pseudomonas	0.6268	0.005	TRUE
B7928_Leptolyngbya BN43	B1556_Pseudomonas	0.527	0.0235	TRUE
F405_unidentified	B1556_Pseudomonas	0.5265	0.0433	TRUE
F791_unidentified	B1556_Pseudomonas	0.5062	0.0235	TRUE
F888_Phellinus	B1556_Pseudomonas	0.4743	0.0334	TRUE
F3934_o_NA	B1556_Pseudomonas	0.5547	0.0137	TRUE
F1958_Aspergillus	B1556_Pseudomonas	0.5229	0.0235	TRUE
F1075_Arthrocatena	B1556_Pseudomonas	0.5699	0.0137	TRUE
F29_f_Didymellaceae	B1556_Pseudomonas	0.5367	0.0137	TRUE
F248_Bipolaris	B1556_Pseudomonas	0.667	0.0137	TRUE
B8051_Pseudomonas	B54_uncultured	0.5416	0.0495	TRUE
F575_Trametes	B54_uncultured	0.6838	0.0198	TRUE
F694_Biscogniauxia	B54_uncultured	0.4745	0.0297	TRUE
B863_Microbacterium	B826_Enhydrobacter	0.5941	0.0137	TRUE
B1077_Ralstonia	B826_Enhydrobacter	0.6036	0.005	TRUE
B902_Escherichia-Shigella	B826_Enhydrobacter	0.5971	0.005	TRUE
B737_Pseudomonas	B826_Enhydrobacter	0.6514	0.005	TRUE
F2680_Nigrospora	B826_Enhydrobacter	0.6616	0.005	TRUE
F57_Trichoderma	B826_Enhydrobacter	0.5824	0.0235	TRUE
F362_Porostereum	B826_Enhydrobacter	0.5726	0.005	TRUE
F178_Schizopora	B826_Enhydrobacter	0.6265	0.005	TRUE
F488_Penicillium	B826_Enhydrobacter	0.5328	0.0235	TRUE
B1682_Escherichia-Shigella	B138_Nakamurella	0.6441	0.005	TRUE
F131_unidentified	B138_Nakamurella	-0.5612	0.0297	FALSE
F16_Pyricularia	B138_Nakamurella	-0.5825	0.0495	FALSE
F3026_unidentified	B138_Nakamurella	0.6849	0.005	TRUE
F199_Aureobasidium	B138_Nakamurella	0.6785	0.0235	TRUE
F274_unidentified	B269_Pseudomonas	0.5026	0.0433	TRUE
F513_Pleurotus	B269_Pseudomonas	0.5771	0.0235	TRUE
F27_Curvularia	B269_Pseudomonas	0.4849	0.0395	TRUE
F68_Pseudogymnoascus	B269_Pseudomonas	0.5608	0.0235	TRUE
B13225_bacterium Ellin6529	B12182_Bacillus	0.5396	0.0334	TRUE
B1738_uncultured Termite group 1 bacterium	B12182_Bacillus	0.596	0.005	TRUE
B1313_Escherichia-Shigella	B12182_Bacillus	0.6232	0.005	TRUE
B12714_Gleocapsa	B12182_Bacillus	0.5931	0.005	TRUE
B769_Pseudomonas	B12182_Bacillus	0.5707	0.0334	TRUE
B6783_Massilia	B12182_Bacillus	0.6357	0.005	TRUE
F190_Irpex	B12182_Bacillus	0.4637	0.0289	TRUE
B140_f_Intrasporangiaceae	B2217_Streptococcus	0.5468	0.0433	TRUE
B1914_Massilia	B2217_Streptococcus	0.5992	0.0137	TRUE
B7928_Leptolyngbya BN43	B2217_Streptococcus	0.5043	0.0137	TRUE
B10354_Geitlerinema PCC-8501	B2217_Streptococcus	0.4357	0.0433	TRUE
F171_unidentified	B2217_Streptococcus	0.5313	0.0433	TRUE
F791_unidentified	B2217_Streptococcus	0.5049	0.0433	TRUE
F888_Phellinus	B2217_Streptococcus	0.4433	0.0334	TRUE
F3934_o_NA	B2217_Streptococcus	0.4624	0.0433	TRUE
F29_f_Didymellaceae	B2217_Streptococcus	0.519	0.0433	TRUE
F248_Bipolaris	B2217_Streptococcus	0.6359	0.0334	TRUE
B1646_Asinibacterium	B7474_Caenimonas	0.5632	0.0388	TRUE
F653_Penicillium	B7474_Caenimonas	0.4094	0.0334	TRUE
F621_Nigrospora	B7474_Caenimonas	0.5494	0.0433	TRUE
F1199_Nigrospora	B7474_Caenimonas	0.5608	0.0137	TRUE
F441_o_Hypocreales	B7474_Caenimonas	0.5311	0.0137	TRUE
F36_Moesziomyces	B7474_Caenimonas	0.6223	0.0487	TRUE
F694_Biscogniauxia	B7474_Caenimonas	0.5079	0.0137	TRUE
F238_Coniochaeta	B7474_Caenimonas	0.7585	0.005	TRUE
F513_Pleurotus	B2346_Microcoleus.PCC.7113	0.4722	0.0433	TRUE
B13864_Actinomyces	B140_f_Intrasporangiaceae	0.5084	0.005	TRUE
B10342_Staphylococcus	B140_f_Intrasporangiaceae	0.5461	0.0137	TRUE
B1914_Massilia	B140_f_Intrasporangiaceae	0.6312	0.005	TRUE
B7928_Leptolyngbya BN43	B140_f_Intrasporangiaceae	0.5767	0.0235	TRUE
F171_unidentified	B140_f_Intrasporangiaceae	0.5735	0.0137	TRUE
F405_unidentified	B140_f_Intrasporangiaceae	0.5599	0.0235	TRUE
F791_unidentified	B140_f_Intrasporangiaceae	0.4965	0.0433	TRUE
F888_Phellinus	B140_f_Intrasporangiaceae	0.4703	0.0334	TRUE
F1958_Aspergillus	B140_f_Intrasporangiaceae	0.5905	0.0137	TRUE
F356_Paraconiothyrium	B140_f_Intrasporangiaceae	0.5523	0.0388	TRUE
F1075_Arthrocatena	B140_f_Intrasporangiaceae	0.5156	0.0433	TRUE
F29_f_Didymellaceae	B140_f_Intrasporangiaceae	0.5408	0.0235	TRUE
F248_Bipolaris	B140_f_Intrasporangiaceae	0.6365	0.0137	TRUE
B1738_uncultured Termite group 1 bacterium	B13225_bacterium.Ellin6529	0.5062	0.0235	TRUE
B1313_Escherichia-Shigella	B13225_bacterium.Ellin6529	0.5807	0.0137	TRUE
B12714_Gleocapsa	B13225_bacterium.Ellin6529	0.5904	0.005	TRUE
B769_Pseudomonas	B13225_bacterium.Ellin6529	0.5439	0.0137	TRUE
B6783_Massilia	B13225_bacterium.Ellin6529	0.6375	0.005	TRUE
F61_o_Pleosporales	B13225_bacterium.Ellin6529	0.4356	0.0296	TRUE
B1077_Ralstonia	B863_Microbacterium	0.7313	0.0235	TRUE
B902_Escherichia-Shigella	B863_Microbacterium	0.7121	0.005	TRUE
B737_Pseudomonas	B863_Microbacterium	0.6646	0.0137	TRUE
F61_o_Pleosporales	B863_Microbacterium	0.5158	0.0395	TRUE
F2680_Nigrospora	B863_Microbacterium	0.7122	0.0235	TRUE
F57_Trichoderma	B863_Microbacterium	0.6438	0.005	TRUE
F277_Peniophora	B863_Microbacterium	0.6041	0.0487	TRUE
F362_Porostereum	B863_Microbacterium	0.6689	0.0235	TRUE
F178_Schizopora	B863_Microbacterium	0.612	0.005	TRUE
F488_Penicillium	B863_Microbacterium	0.7348	0.005	TRUE
B769_Pseudomonas	B24_Bradyrhizobium	0.4889	0.0396	TRUE
F131_unidentified	B1682_Escherichia.Shigella	-0.592	0.0495	FALSE
F16_Pyricularia	B1682_Escherichia.Shigella	-0.6297	0.0099	FALSE
F3026_unidentified	B1682_Escherichia.Shigella	0.7242	0.0137	TRUE
F199_Aureobasidium	B1682_Escherichia.Shigella	0.7375	0.005	TRUE
B1313_Escherichia-Shigella	B1738_uncultured.Termite.group.1.bacterium	0.5684	0.0137	TRUE
B12714_Gleocapsa	B1738_uncultured.Termite.group.1.bacterium	0.4817	0.0235	TRUE
B769_Pseudomonas	B1738_uncultured.Termite.group.1.bacterium	0.6093	0.0137	TRUE
B6783_Massilia	B1738_uncultured.Termite.group.1.bacterium	0.5658	0.0137	TRUE
F68_Pseudogymnoascus	B4285_Subgroup.10	0.4262	0.0433	TRUE
B10342_Staphylococcus	B13864_Actinomyces	0.4675	0.0235	TRUE
B1914_Massilia	B13864_Actinomyces	0.5428	0.0433	TRUE
F171_unidentified	B13864_Actinomyces	0.4557	0.0433	TRUE
F29_f_Didymellaceae	B13864_Actinomyces	0.531	0.005	TRUE
F248_Bipolaris	B13864_Actinomyces	0.4971	0.0137	TRUE
B902_Escherichia-Shigella	B1646_Asinibacterium	0.4765	0.0388	TRUE
F621_Nigrospora	B1646_Asinibacterium	0.519	0.0388	TRUE
F694_Biscogniauxia	B1646_Asinibacterium	0.5032	0.0487	TRUE
F238_Coniochaeta	B1646_Asinibacterium	0.6304	0.019	TRUE
B2201_Staphylococcus	B4367_Acinetobacter	0.4527	0.0433	TRUE
F274_unidentified	B4367_Acinetobacter	0.4789	0.0334	TRUE
F2771_o_NA	B4367_Acinetobacter	0.4876	0.0235	TRUE
F513_Pleurotus	B4367_Acinetobacter	0.5959	0.0334	TRUE
F27_Curvularia	B4367_Acinetobacter	0.5462	0.0395	TRUE
F68_Pseudogymnoascus	B4367_Acinetobacter	0.4926	0.0235	TRUE
B209_Escherichia-Shigella	B15_Sphingomonas	-0.8214	0.0099	FALSE
F513_Pleurotus	B15_Sphingomonas	-0.5869	0.0495	FALSE
F2_Nigrospora	B15_Sphingomonas	0.6237	0.0495	TRUE
F280_o_Polyporales	B15_Sphingomonas	-0.6551	0.0198	FALSE
F292_Engyodontium	B15_Sphingomonas	-0.57	0.0495	FALSE
F6_Cladosporium	B15_Sphingomonas	-0.8155	0.0198	FALSE
B1914_Massilia	B10342_Staphylococcus	0.5994	0.0137	TRUE
B7928_Leptolyngbya BN43	B10342_Staphylococcus	0.5029	0.0235	TRUE
B10354_Geitlerinema PCC-8501	B10342_Staphylococcus	0.4587	0.0334	TRUE
F405_unidentified	B10342_Staphylococcus	0.5032	0.0235	TRUE
F791_unidentified	B10342_Staphylococcus	0.5201	0.0433	TRUE
F3934_o_NA	B10342_Staphylococcus	0.5175	0.0235	TRUE
F1958_Aspergillus	B10342_Staphylococcus	0.5077	0.0433	TRUE
F248_Bipolaris	B10342_Staphylococcus	0.6246	0.0433	TRUE
B902_Escherichia-Shigella	B1077_Ralstonia	0.7469	0.0235	TRUE
B737_Pseudomonas	B1077_Ralstonia	0.7213	0.005	TRUE
F61_o_Pleosporales	B1077_Ralstonia	0.5458	0.0296	TRUE
F2680_Nigrospora	B1077_Ralstonia	0.7661	0.0137	TRUE
F57_Trichoderma	B1077_Ralstonia	0.7112	0.005	TRUE
F277_Peniophora	B1077_Ralstonia	0.6802	0.019	TRUE
F362_Porostereum	B1077_Ralstonia	0.7168	0.0235	TRUE
F178_Schizopora	B1077_Ralstonia	0.6169	0.0235	TRUE
F488_Penicillium	B1077_Ralstonia	0.6993	0.0137	TRUE
B1_Pantoea	B13889_uncultured.bacterium	0.4858	0.0487	TRUE
F2015_unidentified	B13889_uncultured.bacterium	0.5269	0.005	TRUE
F832_f_Stereaceae	B13889_uncultured.bacterium	0.5267	0.005	TRUE
F258_Nigrospora	B13889_uncultured.bacterium	0.5935	0.0137	TRUE
F50_Thanatephorus	B13889_uncultured.bacterium	0.495	0.0334	TRUE
F81_Cladosporium	B13889_uncultured.bacterium	0.4787	0.0433	TRUE
B10880_Bacillus	B2201_Staphylococcus	0.4432	0.0433	TRUE
F560_unidentified	B2201_Staphylococcus	0.4264	0.0235	TRUE
F513_Pleurotus	B2201_Staphylococcus	0.585	0.0235	TRUE
F27_Curvularia	B2201_Staphylococcus	0.5469	0.0197	TRUE
F116_Curvularia	B2201_Staphylococcus	0.503	0.0235	TRUE
F68_Pseudogymnoascus	B2201_Staphylococcus	0.4825	0.0433	TRUE
B7928_Leptolyngbya BN43	B1914_Massilia	0.6044	0.0235	TRUE
F171_unidentified	B1914_Massilia	0.5548	0.0137	TRUE
F405_unidentified	B1914_Massilia	0.5803	0.0137	TRUE
F791_unidentified	B1914_Massilia	0.4339	0.0334	TRUE
F888_Phellinus	B1914_Massilia	0.4861	0.0137	TRUE
F3934_o_NA	B1914_Massilia	0.471	0.0433	TRUE
F1958_Aspergillus	B1914_Massilia	0.4602	0.0334	TRUE
F356_Paraconiothyrium	B1914_Massilia	0.5882	0.0388	TRUE
F1075_Arthrocatena	B1914_Massilia	0.5235	0.0137	TRUE
F29_f_Didymellaceae	B1914_Massilia	0.595	0.0137	TRUE
F248_Bipolaris	B1914_Massilia	0.6487	0.0334	TRUE
B737_Pseudomonas	B902_Escherichia.Shigella	0.7281	0.0137	TRUE
F61_o_Pleosporales	B902_Escherichia.Shigella	0.5281	0.0494	TRUE
F2680_Nigrospora	B902_Escherichia.Shigella	0.7727	0.0235	TRUE
F57_Trichoderma	B902_Escherichia.Shigella	0.6887	0.0137	TRUE
F277_Peniophora	B902_Escherichia.Shigella	0.6581	0.0091	TRUE
F362_Porostereum	B902_Escherichia.Shigella	0.7185	0.0137	TRUE
F178_Schizopora	B902_Escherichia.Shigella	0.7081	0.0334	TRUE
F488_Penicillium	B902_Escherichia.Shigella	0.7354	0.0235	TRUE
B12714_Gleocapsa	B1313_Escherichia.Shigella	0.6755	0.005	TRUE
B769_Pseudomonas	B1313_Escherichia.Shigella	0.6556	0.005	TRUE
B6783_Massilia	B1313_Escherichia.Shigella	0.7051	0.005	TRUE
F190_Irpex	B1313_Escherichia.Shigella	0.5552	0.0289	TRUE
B10354_Geitlerinema PCC-8501	B7928_Leptolyngbya.BN43	0.3971	0.0433	TRUE
F171_unidentified	B7928_Leptolyngbya.BN43	0.5528	0.0137	TRUE
F405_unidentified	B7928_Leptolyngbya.BN43	0.6038	0.005	TRUE
F888_Phellinus	B7928_Leptolyngbya.BN43	0.4566	0.0137	TRUE
F3934_o_NA	B7928_Leptolyngbya.BN43	0.4308	0.0334	TRUE
F1075_Arthrocatena	B7928_Leptolyngbya.BN43	0.5047	0.0433	TRUE
F29_f_Didymellaceae	B7928_Leptolyngbya.BN43	0.4659	0.0433	TRUE
F248_Bipolaris	B7928_Leptolyngbya.BN43	0.5761	0.0235	TRUE
B769_Pseudomonas	B12714_Gleocapsa	0.6414	0.005	TRUE
B6783_Massilia	B12714_Gleocapsa	0.6608	0.005	TRUE
F2680_Nigrospora	B737_Pseudomonas	0.7273	0.0235	TRUE
F57_Trichoderma	B737_Pseudomonas	0.6353	0.0137	TRUE
F277_Peniophora	B737_Pseudomonas	0.6322	0.0388	TRUE
F362_Porostereum	B737_Pseudomonas	0.6536	0.005	TRUE
F178_Schizopora	B737_Pseudomonas	0.6155	0.0137	TRUE
F488_Penicillium	B737_Pseudomonas	0.6349	0.0334	TRUE
F513_Pleurotus	B10880_Bacillus	0.4809	0.0235	TRUE
F73_Tetracladium	B10880_Bacillus	0.4087	0.0334	TRUE
B2889_Pseudomonas	B1_Pantoea	0.5332	0.0487	TRUE
B4_Pantoea	B1_Pantoea	0.611	0.0289	TRUE
F2015_unidentified	B1_Pantoea	0.5354	0.0289	TRUE
F832_f_Stereaceae	B1_Pantoea	0.5979	0.0289	TRUE
F258_Nigrospora	B1_Pantoea	0.6137	0.0487	TRUE
F50_Thanatephorus	B1_Pantoea	0.6041	0.0388	TRUE
F81_Cladosporium	B1_Pantoea	0.55	0.0388	TRUE
F29_f_Didymellaceae	B10354_Geitlerinema.PCC.8501	0.4946	0.0137	TRUE
F248_Bipolaris	B10354_Geitlerinema.PCC.8501	0.4684	0.0334	TRUE
F606_unidentified	B8051_Pseudomonas	0.7622	0.005	TRUE
F213_Yarrowia	B8051_Pseudomonas	0.5721	0.0396	TRUE
F575_Trametes	B8051_Pseudomonas	0.7409	0.0091	TRUE
B6783_Massilia	B769_Pseudomonas	0.6631	0.0235	TRUE
F190_Irpex	B769_Pseudomonas	0.498	0.0388	TRUE
F27_Curvularia	B209_Escherichia.Shigella	0.5412	0.0396	TRUE
F280_o_Polyporales	B209_Escherichia.Shigella	0.5636	0.0494	TRUE
F292_Engyodontium	B209_Escherichia.Shigella	0.59	0.0197	TRUE
F6_Cladosporium	B209_Escherichia.Shigella	0.7553	0.0395	TRUE
B95_Allorhizobium-Neorhizobium-Pararhizobium-Rhizobium	B2889_Pseudomonas	0.5624	0.005	TRUE
B14732_Paracoccus	B2889_Pseudomonas	0.4697	0.005	TRUE
F233_Periconia	B2889_Pseudomonas	0.5125	0.0235	TRUE
F3_Moesziomyces	B2889_Pseudomonas	0.6263	0.0487	TRUE
F1723_Penicillium	B2889_Pseudomonas	0.6691	0.0334	TRUE
F190_Irpex	B6783_Massilia	0.5596	0.0487	TRUE
B14732_Paracoccus	B95_Allorhizobium.Neorhizobium.Pararhizobium.Rhizobium	0.428	0.0433	TRUE
F233_Periconia	B95_Allorhizobium.Neorhizobium.Pararhizobium.Rhizobium	0.5157	0.0137	TRUE
F3_Moesziomyces	B95_Allorhizobium.Neorhizobium.Pararhizobium.Rhizobium	0.5797	0.019	TRUE
F1723_Penicillium	B95_Allorhizobium.Neorhizobium.Pararhizobium.Rhizobium	0.6238	0.0137	TRUE
F1723_Penicillium	B14732_Paracoccus	0.5433	0.0235	TRUE
F2015_unidentified	B4_Pantoea	0.6479	0.005	TRUE
F832_f_Stereaceae	B4_Pantoea	0.6359	0.0137	TRUE
F258_Nigrospora	B4_Pantoea	0.7003	0.0137	TRUE
F50_Thanatephorus	B4_Pantoea	0.6046	0.0235	TRUE
F36_Moesziomyces	B4_Pantoea	0.4908	0.0487	TRUE
F81_Cladosporium	B4_Pantoea	0.6754	0.005	TRUE
F405_unidentified	F171_unidentified	0.5412	0.0235	TRUE
F3934_o_NA	F171_unidentified	0.4206	0.0433	TRUE
F1958_Aspergillus	F171_unidentified	0.581	0.0235	TRUE
F356_Paraconiothyrium	F171_unidentified	0.5185	0.019	TRUE
F29_f_Didymellaceae	F171_unidentified	0.4836	0.0433	TRUE
F248_Bipolaris	F171_unidentified	0.6051	0.0334	TRUE
F2680_Nigrospora	F61_o_Pleosporales	0.5291	0.0494	TRUE
F488_Penicillium	F61_o_Pleosporales	0.5109	0.0494	TRUE
F16_Pyricularia	F131_unidentified	0.942	0.0099	TRUE
F3026_unidentified	F131_unidentified	-0.6423	0.0396	FALSE
F5_Alternaria	F131_unidentified	-0.7121	0.0198	FALSE
F3934_o_NA	F405_unidentified	0.417	0.0334	TRUE
F29_f_Didymellaceae	F405_unidentified	0.5208	0.0235	TRUE
F248_Bipolaris	F405_unidentified	0.5862	0.005	TRUE
F3669_unidentified	F274_unidentified	0.4171	0.0433	TRUE
F513_Pleurotus	F274_unidentified	0.6595	0.0137	TRUE
F116_Curvularia	F274_unidentified	0.5656	0.0235	TRUE
F73_Tetracladium	F274_unidentified	0.5023	0.0334	TRUE
F68_Pseudogymnoascus	F274_unidentified	0.5823	0.0137	TRUE
F832_f_Stereaceae	F2015_unidentified	0.6493	0.0137	TRUE
F258_Nigrospora	F2015_unidentified	0.6157	0.0137	TRUE
F50_Thanatephorus	F2015_unidentified	0.6207	0.0334	TRUE
F81_Cladosporium	F2015_unidentified	0.5678	0.0334	TRUE
F513_Pleurotus	F1711_unidentified	0.5612	0.0334	TRUE
F513_Pleurotus	F2771_o_NA	0.5947	0.0235	TRUE
F27_Curvularia	F2771_o_NA	0.538	0.0494	TRUE
F68_Pseudogymnoascus	F2771_o_NA	0.4333	0.0433	TRUE
F3934_o_NA	F791_unidentified	0.4191	0.0433	TRUE
F1075_Arthrocatena	F791_unidentified	0.4978	0.0334	TRUE
F29_f_Didymellaceae	F791_unidentified	0.4235	0.0433	TRUE
F248_Bipolaris	F791_unidentified	0.5424	0.0433	TRUE
F513_Pleurotus	F3669_unidentified	0.5441	0.0235	TRUE
F68_Pseudogymnoascus	F3669_unidentified	0.4291	0.0433	TRUE
F2306_Pseudodinemasporium	F3669_unidentified	0.4247	0.0433	TRUE
F248_Bipolaris	F888_Phellinus	0.4855	0.0334	TRUE
F258_Nigrospora	F832_f_Stereaceae	0.6922	0.0137	TRUE
F50_Thanatephorus	F832_f_Stereaceae	0.662	0.005	TRUE
F513_Pleurotus	F469_unidentified	0.5096	0.0433	TRUE
F513_Pleurotus	F560_unidentified	0.5	0.0334	TRUE
F513_Pleurotus	F170_unidentified	0.4863	0.0334	TRUE
F575_Trametes	F606_unidentified	0.7294	0.0091	TRUE
F248_Bipolaris	F3934_o_NA	0.5023	0.0137	TRUE
F3026_unidentified	F16_Pyricularia	-0.7033	0.0297	FALSE
F5_Alternaria	F16_Pyricularia	-0.6533	0.0495	FALSE
F199_Aureobasidium	F16_Pyricularia	-0.6539	0.0495	FALSE
F513_Pleurotus	F658_Candida	0.5502	0.0433	TRUE
F116_Curvularia	F658_Candida	0.4958	0.0334	TRUE
F116_Curvularia	F513_Pleurotus	0.6674	0.0334	TRUE
F73_Tetracladium	F513_Pleurotus	0.5988	0.0235	TRUE
F68_Pseudogymnoascus	F513_Pleurotus	0.702	0.005	TRUE
F2306_Pseudodinemasporium	F513_Pleurotus	0.551	0.0137	TRUE
F50_Thanatephorus	F258_Nigrospora	0.7233	0.0235	TRUE
F81_Cladosporium	F258_Nigrospora	0.7192	0.005	TRUE
F1199_Nigrospora	F621_Nigrospora	0.5388	0.0433	TRUE
F441_o_Hypocreales	F621_Nigrospora	0.4354	0.0235	TRUE
F238_Coniochaeta	F621_Nigrospora	0.5979	0.0334	TRUE
F441_o_Hypocreales	F1199_Nigrospora	0.4271	0.0137	TRUE
F36_Moesziomyces	F1199_Nigrospora	0.5369	0.0289	TRUE
F238_Coniochaeta	F1199_Nigrospora	0.6012	0.005	TRUE
F57_Trichoderma	F2680_Nigrospora	0.6837	0.0137	TRUE
F277_Peniophora	F2680_Nigrospora	0.6797	0.0289	TRUE
F362_Porostereum	F2680_Nigrospora	0.7551	0.0235	TRUE
F178_Schizopora	F2680_Nigrospora	0.6982	0.0137	TRUE
F488_Penicillium	F2680_Nigrospora	0.7606	0.005	TRUE
F277_Peniophora	F57_Trichoderma	0.6528	0.0091	TRUE
F362_Porostereum	F57_Trichoderma	0.5976	0.0235	TRUE
F178_Schizopora	F57_Trichoderma	0.5324	0.0334	TRUE
F488_Penicillium	F57_Trichoderma	0.6312	0.0235	TRUE
F3_Moesziomyces	F233_Periconia	0.5091	0.0487	TRUE
F1075_Arthrocatena	F1958_Aspergillus	0.4301	0.0334	TRUE
F248_Bipolaris	F1958_Aspergillus	0.5554	0.0433	TRUE
F1723_Penicillium	F3_Moesziomyces	0.7074	0.0289	TRUE
F81_Cladosporium	F50_Thanatephorus	0.6263	0.0137	TRUE
F199_Aureobasidium	F3026_unidentified	0.8158	0.0235	TRUE
F116_Curvularia	F27_Curvularia	0.5617	0.0494	TRUE
F73_Tetracladium	F27_Curvularia	0.5085	0.0395	TRUE
F68_Pseudogymnoascus	F27_Curvularia	0.5188	0.0395	TRUE
F407_Phanerochaete	F116_Curvularia	0.3607	0.0433	TRUE
F73_Tetracladium	F116_Curvularia	0.4825	0.0334	TRUE
F68_Pseudogymnoascus	F116_Curvularia	0.563	0.0334	TRUE
F6_Cladosporium	F280_o_Polyporales	0.6053	0.0098	TRUE
F362_Porostereum	F277_Peniophora	0.6015	0.0091	TRUE
F178_Schizopora	F277_Peniophora	0.6295	0.019	TRUE
F488_Penicillium	F277_Peniophora	0.6124	0.0289	TRUE
F36_Moesziomyces	F441_o_Hypocreales	0.5241	0.0289	TRUE
F694_Biscogniauxia	F441_o_Hypocreales	0.4838	0.0235	TRUE
F238_Coniochaeta	F441_o_Hypocreales	0.5646	0.0137	TRUE
F178_Schizopora	F362_Porostereum	0.6081	0.0235	TRUE
F488_Penicillium	F362_Porostereum	0.6663	0.005	TRUE
F29_f_Didymellaceae	F1075_Arthrocatena	0.4767	0.0334	TRUE
F248_Bipolaris	F1075_Arthrocatena	0.5098	0.0235	TRUE
F248_Bipolaris	F29_f_Didymellaceae	0.5359	0.0334	TRUE
F694_Biscogniauxia	F36_Moesziomyces	0.5209	0.0388	TRUE
F238_Coniochaeta	F36_Moesziomyces	0.6312	0.0487	TRUE
F238_Coniochaeta	F694_Biscogniauxia	0.5721	0.0235	TRUE
F488_Penicillium	F178_Schizopora	0.685	0.0137	TRUE
