Source	Target	Cor	pseudo_p	positive
B41_uncultured	B278_o_NA	-0.5484	0.0297	FALSE
B700_f_Micrococcaceae	B278_o_NA	0.4791	0.0396	TRUE
B71_Methylobacterium	B278_o_NA	-0.521	0.0495	FALSE
B1220_Bacillus	B278_o_NA	0.6362	0.0099	TRUE
B5_Pseudomonas	B278_o_NA	-0.6316	0.0198	FALSE
B2_Methylobacterium	B278_o_NA	-0.6834	0.0198	FALSE
B9_Methylobacterium	B278_o_NA	-0.6155	0.0495	FALSE
B494_Brevundimonas	B278_o_NA	0.653	0.0198	TRUE
B1019_f_Micrococcaceae	B278_o_NA	0.6878	0.0099	TRUE
B1612_uncultured organism	B278_o_NA	0.5909	0.0396	TRUE
B1193_Blastocatella	B278_o_NA	0.6312	0.0495	TRUE
B21_Methylobacterium	B278_o_NA	-0.5997	0.0495	FALSE
B301_f_Microbacteriaceae	B278_o_NA	0.6346	0.0198	TRUE
B77_Allorhizobium-Neorhizobium-Pararhizobium-Rhizobium	B278_o_NA	0.5998	0.0297	TRUE
B2451_f_Sphingomonadaceae	B278_o_NA	0.5294	0.0396	TRUE
B877_Bacillus	B278_o_NA	0.633	0.0396	TRUE
B1475_uncultured bacterium	B278_o_NA	0.663	0.0198	TRUE
B1224_Blastococcus	B278_o_NA	0.5966	0.0396	TRUE
B712_f_Intrasporangiaceae	B278_o_NA	0.7067	0.0099	TRUE
B98_Sphingomonas	B278_o_NA	-0.7803	0.0099	FALSE
B2075_Bacillus	B278_o_NA	0.4435	0.0495	TRUE
B607_Dietzia	B278_o_NA	0.66	0.0396	TRUE
B15_Sphingomonas	B278_o_NA	-0.7661	0.0198	FALSE
B237_f_Micrococcaceae	B278_o_NA	0.5476	0.0396	TRUE
B679_Georgenia	B278_o_NA	0.6622	0.0198	TRUE
B13_Aureimonas	B278_o_NA	-0.6615	0.0099	FALSE
B354_Paraburkholderia tropica	B278_o_NA	0.731	0.0099	TRUE
B35_Methylobacterium	B278_o_NA	-0.5169	0.0396	FALSE
B78_Sphingomonas	B278_o_NA	-0.7032	0.0099	FALSE
B3_Sphingomonas	B278_o_NA	-0.5901	0.0297	FALSE
B624_Ornithinimicrobium	B278_o_NA	0.69	0.0099	TRUE
B154_f_Micrococcaceae	B278_o_NA	0.6363	0.0396	TRUE
B1119_Dietzia	B278_o_NA	0.6534	0.0198	TRUE
B413_f_Micrococcaceae	B278_o_NA	0.5383	0.0099	TRUE
B918_Bacillus	B278_o_NA	0.5588	0.0297	TRUE
B705_f_Sphingomonadaceae	B278_o_NA	0.6342	0.0198	TRUE
B1885_Paenibacillus	B278_o_NA	0.6315	0.0297	TRUE
B398_Rhodococcus	B278_o_NA	0.7259	0.0099	TRUE
F280_o_Polyporales	B278_o_NA	0.6225	0.0297	TRUE
F6_Cladosporium	B278_o_NA	-0.7146	0.0099	FALSE
F5_Alternaria	B278_o_NA	-0.5408	0.0396	FALSE
B1236_uncultured Roseobacter sp.	B1831_o_NA	0.6024	0.0297	TRUE
B71_Methylobacterium	B1831_o_NA	0.6316	0.0297	TRUE
B36_Stenotrophomonas	B1831_o_NA	0.451	0.0495	TRUE
B2_Methylobacterium	B1831_o_NA	0.6888	0.0297	TRUE
B9_Methylobacterium	B1831_o_NA	0.6619	0.0198	TRUE
B265_Deinococcus	B1831_o_NA	0.6347	0.0099	TRUE
B343_Microbacterium	B1831_o_NA	0.5501	0.0297	TRUE
B968_Acidibacter	B1831_o_NA	0.4597	0.0495	TRUE
B33_Kineococcus	B1831_o_NA	0.6729	0.0099	TRUE
B77_Allorhizobium-Neorhizobium-Pararhizobium-Rhizobium	B1831_o_NA	-0.5458	0.0198	FALSE
B726_Chryseobacterium	B1831_o_NA	0.6384	0.0099	TRUE
B1_Pantoea	B1831_o_NA	-0.6046	0.0198	FALSE
B35_Methylobacterium	B1831_o_NA	0.6759	0.0495	TRUE
B78_Sphingomonas	B1831_o_NA	0.6174	0.0297	TRUE
B7_Curtobacterium	B1831_o_NA	0.5685	0.0495	TRUE
F8_unidentified	B1831_o_NA	0.5747	0.0396	TRUE
F280_o_Polyporales	B1831_o_NA	-0.5386	0.0198	FALSE
F51_Papiliotrema	B1831_o_NA	0.7342	0.0099	TRUE
B87_Mucilaginibacter	B640_f_Intrasporangiaceae	-0.6316	0.0495	FALSE
B41_uncultured	B640_f_Intrasporangiaceae	0.5631	0.0297	TRUE
B5_Pseudomonas	B640_f_Intrasporangiaceae	0.5748	0.0495	TRUE
B11_Xanthomonas	B640_f_Intrasporangiaceae	-0.5539	0.0297	FALSE
B830_f_Burkholderiaceae	B640_f_Intrasporangiaceae	0.5143	0.0296	TRUE
B21_Methylobacterium	B640_f_Intrasporangiaceae	0.6199	0.0297	TRUE
B29_Methylobacterium	B640_f_Intrasporangiaceae	0.7111	0.0099	TRUE
B16_Sphingomonas	B640_f_Intrasporangiaceae	0.5622	0.0297	TRUE
B19_Xanthomonas	B640_f_Intrasporangiaceae	-0.6652	0.0099	FALSE
B13_Aureimonas	B640_f_Intrasporangiaceae	0.7128	0.0297	TRUE
B2166_Siphonobacter	B640_f_Intrasporangiaceae	0.5572	0.0198	TRUE
B27_Mucilaginibacter	B640_f_Intrasporangiaceae	0.6895	0.0098	TRUE
F3362_o_NA	B640_f_Intrasporangiaceae	0.5621	0.0197	TRUE
F1179_unidentified	B640_f_Intrasporangiaceae	0.5295	0.0099	TRUE
F11_Sarocladium	B640_f_Intrasporangiaceae	0.6883	0.0198	TRUE
F178_Schizopora	B640_f_Intrasporangiaceae	0.6001	0.0297	TRUE
B87_Mucilaginibacter	B22_uncultured.Roseobacter.sp.	-0.5928	0.0495	FALSE
B6_Sphingomonas	B22_uncultured.Roseobacter.sp.	0.587	0.0198	TRUE
B10_Allorhizobium-Neorhizobium-Pararhizobium-Rhizobium	B22_uncultured.Roseobacter.sp.	-0.5151	0.0495	FALSE
B265_Deinococcus	B22_uncultured.Roseobacter.sp.	-0.6144	0.0099	FALSE
B726_Chryseobacterium	B22_uncultured.Roseobacter.sp.	-0.6293	0.0099	FALSE
F8_unidentified	B22_uncultured.Roseobacter.sp.	-0.6698	0.0297	FALSE
F26_unidentified	B22_uncultured.Roseobacter.sp.	-0.5671	0.0198	FALSE
F3_Moesziomyces	B22_uncultured.Roseobacter.sp.	-0.6233	0.0198	FALSE
F51_Papiliotrema	B22_uncultured.Roseobacter.sp.	-0.6668	0.0198	FALSE
B6_Sphingomonas	B87_Mucilaginibacter	-0.5577	0.0495	FALSE
B23_f_Burkholderiaceae	B87_Mucilaginibacter	0.7291	0.0198	TRUE
B11_Xanthomonas	B87_Mucilaginibacter	0.7321	0.0198	TRUE
B29_Methylobacterium	B87_Mucilaginibacter	-0.6314	0.0396	FALSE
B19_Xanthomonas	B87_Mucilaginibacter	0.9073	0.0099	TRUE
B13_Aureimonas	B87_Mucilaginibacter	-0.6468	0.0297	FALSE
B27_Mucilaginibacter	B87_Mucilaginibacter	-0.6912	0.0099	FALSE
F3362_o_NA	B87_Mucilaginibacter	-0.6168	0.0099	FALSE
F1179_unidentified	B87_Mucilaginibacter	-0.7405	0.0099	FALSE
F2_Nigrospora	B87_Mucilaginibacter	0.7196	0.0495	TRUE
F3_Moesziomyces	B87_Mucilaginibacter	0.8081	0.0297	TRUE
F32_Tilletia	B87_Mucilaginibacter	-0.7431	0.0099	FALSE
F51_Papiliotrema	B87_Mucilaginibacter	0.6687	0.0396	TRUE
F11_Sarocladium	B87_Mucilaginibacter	-0.779	0.0198	FALSE
F178_Schizopora	B87_Mucilaginibacter	-0.6449	0.0495	FALSE
F89_Aureobasidium	B87_Mucilaginibacter	-0.6104	0.0495	FALSE
B41_uncultured	B252_Spirosoma	0.5941	0.0198	TRUE
B521_Peredibacter	B252_Spirosoma	0.5649	0.0396	TRUE
B11_Xanthomonas	B252_Spirosoma	-0.6331	0.0198	FALSE
B430_Pseudonocardia	B252_Spirosoma	-0.519	0.0396	FALSE
B4684_Aquabacterium	B252_Spirosoma	0.416	0.0494	TRUE
B222_Kineococcus	B252_Spirosoma	-0.5693	0.0396	FALSE
B21_Methylobacterium	B252_Spirosoma	0.521	0.0396	TRUE
B13_Aureimonas	B252_Spirosoma	0.6298	0.0099	TRUE
B68_Chryseobacterium	B252_Spirosoma	0.6159	0.0099	TRUE
B4_Pantoea	B3365_wastewater.metagenome	-0.3554	0.0495	FALSE
B5_Pseudomonas	B41_uncultured	0.6504	0.0297	TRUE
B116_Geodermatophilus	B41_uncultured	-0.4752	0.0198	FALSE
B11_Xanthomonas	B41_uncultured	-0.6826	0.0198	FALSE
B222_Kineococcus	B41_uncultured	-0.6238	0.0495	FALSE
B21_Methylobacterium	B41_uncultured	0.6518	0.0396	TRUE
B29_Methylobacterium	B41_uncultured	0.7292	0.0099	TRUE
B19_Xanthomonas	B41_uncultured	-0.6285	0.0198	FALSE
B13_Aureimonas	B41_uncultured	0.7681	0.0198	TRUE
B68_Chryseobacterium	B41_uncultured	0.6845	0.0099	TRUE
B2166_Siphonobacter	B41_uncultured	0.6765	0.0198	TRUE
F3362_o_NA	B41_uncultured	0.5283	0.0198	TRUE
F407_Phanerochaete	B41_uncultured	0.4035	0.0395	TRUE
B430_Pseudonocardia	B521_Peredibacter	-0.6328	0.0099	FALSE
B222_Kineococcus	B521_Peredibacter	-0.6713	0.0198	FALSE
B21_Methylobacterium	B521_Peredibacter	0.6122	0.0198	TRUE
B29_Methylobacterium	B521_Peredibacter	0.6414	0.0297	TRUE
B1062_f_Burkholderiaceae	B521_Peredibacter	0.4401	0.0297	TRUE
B636_Curtobacterium	B521_Peredibacter	0.4655	0.0495	TRUE
B15_Sphingomonas	B521_Peredibacter	0.6583	0.0297	TRUE
B13_Aureimonas	B521_Peredibacter	0.6426	0.0198	TRUE
B68_Chryseobacterium	B521_Peredibacter	0.5372	0.0396	TRUE
F1617_o_Pleosporales	B521_Peredibacter	0.4862	0.0396	TRUE
B71_Methylobacterium	B1236_uncultured.Roseobacter.sp.	0.5339	0.0297	TRUE
B11_Xanthomonas	B1236_uncultured.Roseobacter.sp.	0.5125	0.0396	TRUE
B2_Methylobacterium	B1236_uncultured.Roseobacter.sp.	0.6235	0.0297	TRUE
B9_Methylobacterium	B1236_uncultured.Roseobacter.sp.	0.573	0.0396	TRUE
B265_Deinococcus	B1236_uncultured.Roseobacter.sp.	0.6789	0.0099	TRUE
B33_Kineococcus	B1236_uncultured.Roseobacter.sp.	0.5877	0.0297	TRUE
B726_Chryseobacterium	B1236_uncultured.Roseobacter.sp.	0.6575	0.0099	TRUE
B35_Methylobacterium	B1236_uncultured.Roseobacter.sp.	0.578	0.0495	TRUE
B28_Burkholderia-Caballeronia-Paraburkholderia	B1236_uncultured.Roseobacter.sp.	0.4067	0.0494	TRUE
B12_Novosphingobium	B1236_uncultured.Roseobacter.sp.	0.5567	0.0396	TRUE
F26_unidentified	B1236_uncultured.Roseobacter.sp.	0.5314	0.0198	TRUE
F177_unidentified	B1236_uncultured.Roseobacter.sp.	0.5601	0.0396	TRUE
F190_Irpex	B1236_uncultured.Roseobacter.sp.	0.4898	0.0495	TRUE
F51_Papiliotrema	B1236_uncultured.Roseobacter.sp.	0.724	0.0297	TRUE
F207_o_Tremellales	B1236_uncultured.Roseobacter.sp.	0.5485	0.0297	TRUE
B10_Allorhizobium-Neorhizobium-Pararhizobium-Rhizobium	B4616_f_Sphingomonadaceae	-0.4828	0.0297	FALSE
B1271_Actinotalea	B4616_f_Sphingomonadaceae	0.4777	0.0197	TRUE
B3117_Bacillus	B4616_f_Sphingomonadaceae	0.446	0.0395	TRUE
F114_unidentified	B5696_Megasphaera	-0.4745	0.0297	FALSE
B42_Pseudomonas	B3245_Gardnerella	0.4378	0.005	TRUE
B1491_Microbacterium	B3245_Gardnerella	0.5079	0.0235	TRUE
B4692_Fimbriiglobus	B3245_Gardnerella	0.4181	0.0334	TRUE
B600_Kineosporia	B3245_Gardnerella	0.4617	0.0235	TRUE
B31_Quadrisphaera	B3245_Gardnerella	0.5064	0.0297	TRUE
B4888_Atopobium	B3245_Gardnerella	0.4493	0.0334	TRUE
F114_unidentified	B3245_Gardnerella	-0.6308	0.0396	FALSE
F1617_o_Pleosporales	B893_o_NA	0.4167	0.0289	TRUE
F47_f_Phaeosphaeriaceae	B412_Microbacterium	0.5231	0.0433	TRUE
F582_Mycoleptodiscus	B412_Microbacterium	0.4906	0.0388	TRUE
B2_Methylobacterium	B379_f_Micrococcaceae	-0.5608	0.0396	FALSE
B494_Brevundimonas	B379_f_Micrococcaceae	0.4841	0.0495	TRUE
B1612_uncultured organism	B379_f_Micrococcaceae	0.5515	0.0297	TRUE
B1224_Blastococcus	B379_f_Micrococcaceae	0.589	0.0099	TRUE
B712_f_Intrasporangiaceae	B379_f_Micrococcaceae	0.5121	0.0495	TRUE
B98_Sphingomonas	B379_f_Micrococcaceae	-0.5799	0.0297	FALSE
B15_Sphingomonas	B379_f_Micrococcaceae	-0.5979	0.0495	FALSE
B237_f_Micrococcaceae	B379_f_Micrococcaceae	0.5029	0.0297	TRUE
B354_Paraburkholderia tropica	B379_f_Micrococcaceae	0.5809	0.0099	TRUE
B78_Sphingomonas	B379_f_Micrococcaceae	-0.6181	0.0297	FALSE
B705_f_Sphingomonadaceae	B379_f_Micrococcaceae	0.5266	0.0297	TRUE
B398_Rhodococcus	B379_f_Micrococcaceae	0.5873	0.0495	TRUE
B1220_Bacillus	B700_f_Micrococcaceae	0.4457	0.0495	TRUE
B1193_Blastocatella	B700_f_Micrococcaceae	0.4533	0.0297	TRUE
B877_Bacillus	B700_f_Micrococcaceae	0.5086	0.0297	TRUE
B712_f_Intrasporangiaceae	B700_f_Micrococcaceae	0.4638	0.0396	TRUE
B15_Sphingomonas	B700_f_Micrococcaceae	-0.5009	0.0495	FALSE
B1885_Paenibacillus	B700_f_Micrococcaceae	0.4627	0.0396	TRUE
B1220_Bacillus	B71_Methylobacterium	-0.5581	0.0198	FALSE
B2_Methylobacterium	B71_Methylobacterium	0.7369	0.0099	TRUE
B9_Methylobacterium	B71_Methylobacterium	0.8055	0.0099	TRUE
B494_Brevundimonas	B71_Methylobacterium	-0.5652	0.0297	FALSE
B1019_f_Micrococcaceae	B71_Methylobacterium	-0.5717	0.0495	FALSE
B1612_uncultured organism	B71_Methylobacterium	-0.5467	0.0495	FALSE
B1193_Blastocatella	B71_Methylobacterium	-0.6389	0.0297	FALSE
B8_f_Rhizobiaceae	B71_Methylobacterium	0.6391	0.0396	TRUE
B265_Deinococcus	B71_Methylobacterium	0.4813	0.0495	TRUE
B20_Pseudomonas	B71_Methylobacterium	-0.6915	0.0198	FALSE
B301_f_Microbacteriaceae	B71_Methylobacterium	-0.5966	0.0099	FALSE
B33_Kineococcus	B71_Methylobacterium	0.6646	0.0396	TRUE
B77_Allorhizobium-Neorhizobium-Pararhizobium-Rhizobium	B71_Methylobacterium	-0.7154	0.0099	FALSE
B2451_f_Sphingomonadaceae	B71_Methylobacterium	-0.5147	0.0396	FALSE
B877_Bacillus	B71_Methylobacterium	-0.5968	0.0198	FALSE
B1475_uncultured bacterium	B71_Methylobacterium	-0.578	0.0396	FALSE
B1224_Blastococcus	B71_Methylobacterium	-0.6119	0.0099	FALSE
B712_f_Intrasporangiaceae	B71_Methylobacterium	-0.6036	0.0099	FALSE
B98_Sphingomonas	B71_Methylobacterium	0.6742	0.0297	TRUE
B607_Dietzia	B71_Methylobacterium	-0.6173	0.0297	FALSE
B15_Sphingomonas	B71_Methylobacterium	0.6971	0.0198	TRUE
B237_f_Micrococcaceae	B71_Methylobacterium	-0.5406	0.0396	FALSE
B679_Georgenia	B71_Methylobacterium	-0.6195	0.0396	FALSE
B354_Paraburkholderia tropica	B71_Methylobacterium	-0.7067	0.0099	FALSE
B35_Methylobacterium	B71_Methylobacterium	0.7664	0.0099	TRUE
B78_Sphingomonas	B71_Methylobacterium	0.8155	0.0099	TRUE
B14_Burkholderia-Caballeronia-Paraburkholderia	B71_Methylobacterium	0.6206	0.0099	TRUE
B7_Curtobacterium	B71_Methylobacterium	0.7176	0.0099	TRUE
B3_Sphingomonas	B71_Methylobacterium	0.6291	0.0198	TRUE
B624_Ornithinimicrobium	B71_Methylobacterium	-0.593	0.0297	FALSE
B1295_Bacillus	B71_Methylobacterium	-0.5377	0.0198	FALSE
B1678_Bacillus	B71_Methylobacterium	-0.4967	0.0099	FALSE
B918_Bacillus	B71_Methylobacterium	-0.6223	0.0198	FALSE
B705_f_Sphingomonadaceae	B71_Methylobacterium	-0.5994	0.0495	FALSE
B398_Rhodococcus	B71_Methylobacterium	-0.6742	0.0297	FALSE
F469_unidentified	B71_Methylobacterium	-0.5123	0.0495	FALSE
F280_o_Polyporales	B71_Methylobacterium	-0.6052	0.0396	FALSE
F51_Papiliotrema	B71_Methylobacterium	0.5595	0.0396	TRUE
B37_Allorhizobium-Neorhizobium-Pararhizobium-Rhizobium	B6_Sphingomonas	-0.6627	0.0396	FALSE
B271_Microbacterium	B6_Sphingomonas	-0.663	0.0198	FALSE
B1477_Candidatus Paracaedibacter	B6_Sphingomonas	-0.4347	0.0495	FALSE
F458_Endoxyla	B6_Sphingomonas	-0.6467	0.0297	FALSE
F1617_o_Pleosporales	B6_Sphingomonas	-0.5839	0.0099	FALSE
F431_Coprinopsis	B6_Sphingomonas	-0.6474	0.0198	FALSE
F8_unidentified	B6_Sphingomonas	-0.5683	0.0396	FALSE
F26_unidentified	B6_Sphingomonas	-0.6974	0.0198	FALSE
F1590_o_Pleosporales	B6_Sphingomonas	-0.6621	0.0198	FALSE
F3_Moesziomyces	B6_Sphingomonas	-0.7402	0.0198	FALSE
F190_Irpex	B6_Sphingomonas	-0.6097	0.0396	FALSE
B636_Curtobacterium	B37_Allorhizobium.Neorhizobium.Pararhizobium.Rhizobium	0.584	0.0197	TRUE
B3_Sphingomonas	B37_Allorhizobium.Neorhizobium.Pararhizobium.Rhizobium	0.5706	0.0396	TRUE
F1617_o_Pleosporales	B37_Allorhizobium.Neorhizobium.Pararhizobium.Rhizobium	0.4701	0.0487	TRUE
F431_Coprinopsis	B37_Allorhizobium.Neorhizobium.Pararhizobium.Rhizobium	0.52	0.0388	TRUE
F3_Moesziomyces	B37_Allorhizobium.Neorhizobium.Pararhizobium.Rhizobium	0.6322	0.0297	TRUE
F1179_unidentified	B23_f_Burkholderiaceae	-0.6678	0.0297	FALSE
F2_Nigrospora	B23_f_Burkholderiaceae	0.7848	0.0099	TRUE
F3_Moesziomyces	B23_f_Burkholderiaceae	0.8112	0.0099	TRUE
F27_Curvularia	B23_f_Burkholderiaceae	-0.7013	0.0099	FALSE
F84_Tilletia	B23_f_Burkholderiaceae	-0.5006	0.0495	FALSE
F89_Aureobasidium	B23_f_Burkholderiaceae	-0.6973	0.0099	FALSE
F4_o_Pleosporales	B26_Bradyrhizobium	-0.6196	0.0396	FALSE
B5_Pseudomonas	B1220_Bacillus	-0.5844	0.0396	FALSE
B2_Methylobacterium	B1220_Bacillus	-0.664	0.0297	FALSE
B9_Methylobacterium	B1220_Bacillus	-0.6271	0.0198	FALSE
B494_Brevundimonas	B1220_Bacillus	0.6235	0.0198	TRUE
B1019_f_Micrococcaceae	B1220_Bacillus	0.6312	0.0396	TRUE
B3341_uncultured bacterium	B1220_Bacillus	0.5536	0.0396	TRUE
B1193_Blastocatella	B1220_Bacillus	0.6416	0.0297	TRUE
B21_Methylobacterium	B1220_Bacillus	-0.5912	0.0297	FALSE
B301_f_Microbacteriaceae	B1220_Bacillus	0.6765	0.0099	TRUE
B77_Allorhizobium-Neorhizobium-Pararhizobium-Rhizobium	B1220_Bacillus	0.6255	0.0198	TRUE
B2451_f_Sphingomonadaceae	B1220_Bacillus	0.5354	0.0297	TRUE
B877_Bacillus	B1220_Bacillus	0.6297	0.0396	TRUE
B1475_uncultured bacterium	B1220_Bacillus	0.712	0.0099	TRUE
B1224_Blastococcus	B1220_Bacillus	0.6424	0.0198	TRUE
B712_f_Intrasporangiaceae	B1220_Bacillus	0.6614	0.0297	TRUE
B98_Sphingomonas	B1220_Bacillus	-0.714	0.0099	FALSE
B607_Dietzia	B1220_Bacillus	0.6504	0.0198	TRUE
B15_Sphingomonas	B1220_Bacillus	-0.718	0.0099	FALSE
B237_f_Micrococcaceae	B1220_Bacillus	0.5746	0.0396	TRUE
B679_Georgenia	B1220_Bacillus	0.6821	0.0198	TRUE
B354_Paraburkholderia tropica	B1220_Bacillus	0.6595	0.0099	TRUE
B78_Sphingomonas	B1220_Bacillus	-0.72	0.0099	FALSE
B3_Sphingomonas	B1220_Bacillus	-0.5998	0.0297	FALSE
B624_Ornithinimicrobium	B1220_Bacillus	0.6382	0.0099	TRUE
B154_f_Micrococcaceae	B1220_Bacillus	0.6347	0.0198	TRUE
B1119_Dietzia	B1220_Bacillus	0.6023	0.0396	TRUE
B1295_Bacillus	B1220_Bacillus	0.5314	0.0495	TRUE
B1678_Bacillus	B1220_Bacillus	0.5689	0.0396	TRUE
B918_Bacillus	B1220_Bacillus	0.6494	0.0099	TRUE
B705_f_Sphingomonadaceae	B1220_Bacillus	0.643	0.0099	TRUE
B1885_Paenibacillus	B1220_Bacillus	0.627	0.0297	TRUE
B398_Rhodococcus	B1220_Bacillus	0.6629	0.0099	TRUE
F280_o_Polyporales	B1220_Bacillus	0.5969	0.0297	TRUE
F6_Cladosporium	B1220_Bacillus	-0.6482	0.0198	FALSE
B1019_f_Micrococcaceae	B5_Pseudomonas	-0.5915	0.0297	FALSE
B830_f_Burkholderiaceae	B5_Pseudomonas	0.5477	0.0099	TRUE
B222_Kineococcus	B5_Pseudomonas	-0.6014	0.0495	FALSE
B21_Methylobacterium	B5_Pseudomonas	0.8513	0.0099	TRUE
B301_f_Microbacteriaceae	B5_Pseudomonas	-0.6428	0.0297	FALSE
B29_Methylobacterium	B5_Pseudomonas	0.797	0.0198	TRUE
B1475_uncultured bacterium	B5_Pseudomonas	-0.615	0.0396	FALSE
B1224_Blastococcus	B5_Pseudomonas	-0.5718	0.0396	FALSE
B712_f_Intrasporangiaceae	B5_Pseudomonas	-0.6063	0.0495	FALSE
B98_Sphingomonas	B5_Pseudomonas	0.6657	0.0396	TRUE
B15_Sphingomonas	B5_Pseudomonas	0.7354	0.0297	TRUE
B679_Georgenia	B5_Pseudomonas	-0.6058	0.0198	FALSE
B13_Aureimonas	B5_Pseudomonas	0.7871	0.0099	TRUE
B68_Chryseobacterium	B5_Pseudomonas	0.6342	0.0198	TRUE
B2166_Siphonobacter	B5_Pseudomonas	0.6126	0.0099	TRUE
B624_Ornithinimicrobium	B5_Pseudomonas	-0.5915	0.0396	FALSE
B1885_Paenibacillus	B5_Pseudomonas	-0.5776	0.0396	FALSE
B398_Rhodococcus	B5_Pseudomonas	-0.6151	0.0495	FALSE
B27_Mucilaginibacter	B5_Pseudomonas	0.591	0.0198	TRUE
F3362_o_NA	B5_Pseudomonas	0.6203	0.0198	TRUE
F349_Biappendiculispora	B5_Pseudomonas	0.5783	0.0297	TRUE
F429_Bjerkandera	B5_Pseudomonas	-0.5423	0.0396	FALSE
F11_Sarocladium	B5_Pseudomonas	0.721	0.0297	TRUE
B2_Methylobacterium	B36_Stenotrophomonas	0.5076	0.0198	TRUE
B17_Methylobacterium	B36_Stenotrophomonas	-0.5589	0.0198	FALSE
F5936_Periconia	B3340_Lysinibacillus	0.392	0.0433	TRUE
F260_Schizopora	B3340_Lysinibacillus	0.4704	0.0433	TRUE
B11_Xanthomonas	B116_Geodermatophilus	0.6195	0.0198	TRUE
B222_Kineococcus	B116_Geodermatophilus	0.61	0.0198	TRUE
F177_unidentified	B116_Geodermatophilus	0.5398	0.0495	TRUE
F231_Bullera	B116_Geodermatophilus	0.5243	0.0495	TRUE
F207_o_Tremellales	B116_Geodermatophilus	0.5016	0.0495	TRUE
B2_Methylobacterium	B10_Allorhizobium.Neorhizobium.Pararhizobium.Rhizobium	0.6628	0.0198	TRUE
B76_Methylobacterium	B10_Allorhizobium.Neorhizobium.Pararhizobium.Rhizobium	-0.5567	0.0396	FALSE
B1193_Blastocatella	B10_Allorhizobium.Neorhizobium.Pararhizobium.Rhizobium	-0.5871	0.0297	FALSE
B301_f_Microbacteriaceae	B10_Allorhizobium.Neorhizobium.Pararhizobium.Rhizobium	-0.5445	0.0495	FALSE
B2164_Bacillus	B10_Allorhizobium.Neorhizobium.Pararhizobium.Rhizobium	-0.5482	0.0495	FALSE
B2451_f_Sphingomonadaceae	B10_Allorhizobium.Neorhizobium.Pararhizobium.Rhizobium	-0.5033	0.0396	FALSE
B1271_Actinotalea	B10_Allorhizobium.Neorhizobium.Pararhizobium.Rhizobium	-0.5446	0.0495	FALSE
B705_f_Sphingomonadaceae	B10_Allorhizobium.Neorhizobium.Pararhizobium.Rhizobium	-0.5641	0.0495	FALSE
F469_unidentified	B10_Allorhizobium.Neorhizobium.Pararhizobium.Rhizobium	-0.6033	0.0297	FALSE
F177_unidentified	B10_Allorhizobium.Neorhizobium.Pararhizobium.Rhizobium	0.5389	0.0396	TRUE
F51_Papiliotrema	B10_Allorhizobium.Neorhizobium.Pararhizobium.Rhizobium	0.6031	0.0495	TRUE
B830_f_Burkholderiaceae	B11_Xanthomonas	-0.4678	0.0297	FALSE
B265_Deinococcus	B11_Xanthomonas	0.7269	0.0099	TRUE
B222_Kineococcus	B11_Xanthomonas	0.562	0.0396	TRUE
B726_Chryseobacterium	B11_Xanthomonas	0.6016	0.0198	TRUE
B19_Xanthomonas	B11_Xanthomonas	0.8363	0.0099	TRUE
B13_Aureimonas	B11_Xanthomonas	-0.7147	0.0099	FALSE
B68_Chryseobacterium	B11_Xanthomonas	-0.7097	0.0198	FALSE
B2166_Siphonobacter	B11_Xanthomonas	-0.643	0.0198	FALSE
B27_Mucilaginibacter	B11_Xanthomonas	-0.5246	0.0495	FALSE
F8_unidentified	B11_Xanthomonas	0.6361	0.0198	TRUE
F51_Papiliotrema	B11_Xanthomonas	0.6367	0.0297	TRUE
B9_Methylobacterium	B2_Methylobacterium	0.8679	0.0099	TRUE
B494_Brevundimonas	B2_Methylobacterium	-0.7311	0.0099	FALSE
B1019_f_Micrococcaceae	B2_Methylobacterium	-0.8022	0.0099	FALSE
B1612_uncultured organism	B2_Methylobacterium	-0.6965	0.0198	FALSE
B3341_uncultured bacterium	B2_Methylobacterium	-0.6169	0.0396	FALSE
B1193_Blastocatella	B2_Methylobacterium	-0.7574	0.0099	FALSE
B301_f_Microbacteriaceae	B2_Methylobacterium	-0.7528	0.0297	FALSE
B343_Microbacterium	B2_Methylobacterium	0.6172	0.0297	TRUE
B968_Acidibacter	B2_Methylobacterium	0.4991	0.0495	TRUE
B33_Kineococcus	B2_Methylobacterium	0.8089	0.0099	TRUE
B17_Methylobacterium	B2_Methylobacterium	-0.7096	0.0297	FALSE
B77_Allorhizobium-Neorhizobium-Pararhizobium-Rhizobium	B2_Methylobacterium	-0.7297	0.0297	FALSE
B2451_f_Sphingomonadaceae	B2_Methylobacterium	-0.6709	0.0099	FALSE
B877_Bacillus	B2_Methylobacterium	-0.7476	0.0198	FALSE
B726_Chryseobacterium	B2_Methylobacterium	0.624	0.0396	TRUE
B1475_uncultured bacterium	B2_Methylobacterium	-0.7296	0.0099	FALSE
B1224_Blastococcus	B2_Methylobacterium	-0.7511	0.0198	FALSE
B712_f_Intrasporangiaceae	B2_Methylobacterium	-0.733	0.0099	FALSE
B98_Sphingomonas	B2_Methylobacterium	0.8285	0.0099	TRUE
B607_Dietzia	B2_Methylobacterium	-0.7869	0.0198	FALSE
B15_Sphingomonas	B2_Methylobacterium	0.82	0.0198	TRUE
B237_f_Micrococcaceae	B2_Methylobacterium	-0.6539	0.0396	FALSE
B679_Georgenia	B2_Methylobacterium	-0.79	0.0099	FALSE
B354_Paraburkholderia tropica	B2_Methylobacterium	-0.7983	0.0099	FALSE
B35_Methylobacterium	B2_Methylobacterium	0.8342	0.0099	TRUE
B78_Sphingomonas	B2_Methylobacterium	0.9211	0.0099	TRUE
B7_Curtobacterium	B2_Methylobacterium	0.6648	0.0198	TRUE
B3_Sphingomonas	B2_Methylobacterium	0.7431	0.0198	TRUE
B624_Ornithinimicrobium	B2_Methylobacterium	-0.7563	0.0396	FALSE
B154_f_Micrococcaceae	B2_Methylobacterium	-0.7251	0.0198	FALSE
B1119_Dietzia	B2_Methylobacterium	-0.6791	0.0099	FALSE
B413_f_Micrococcaceae	B2_Methylobacterium	-0.5956	0.0495	FALSE
B1678_Bacillus	B2_Methylobacterium	-0.6161	0.0198	FALSE
B918_Bacillus	B2_Methylobacterium	-0.7358	0.0297	FALSE
B705_f_Sphingomonadaceae	B2_Methylobacterium	-0.772	0.0099	FALSE
B1885_Paenibacillus	B2_Methylobacterium	-0.6786	0.0396	FALSE
B398_Rhodococcus	B2_Methylobacterium	-0.829	0.0099	FALSE
F177_unidentified	B2_Methylobacterium	0.6907	0.0297	TRUE
F280_o_Polyporales	B2_Methylobacterium	-0.8279	0.0099	FALSE
F313_Papiliotrema	B2_Methylobacterium	0.5977	0.0396	TRUE
F51_Papiliotrema	B2_Methylobacterium	0.7571	0.0099	TRUE
F28_f_Hypocreales_fam_Incertae_sedis	B2_Methylobacterium	-0.6134	0.0495	FALSE
F207_o_Tremellales	B2_Methylobacterium	0.5641	0.0396	TRUE
B222_Kineococcus	B430_Pseudonocardia	0.5972	0.0495	TRUE
B636_Curtobacterium	B430_Pseudonocardia	-0.5107	0.0099	FALSE
F458_Endoxyla	B271_Microbacterium	0.5602	0.0137	TRUE
F1617_o_Pleosporales	B271_Microbacterium	0.4973	0.0334	TRUE
F431_Coprinopsis	B271_Microbacterium	0.5934	0.005	TRUE
F1590_o_Pleosporales	B271_Microbacterium	0.5386	0.0235	TRUE
F190_Irpex	B271_Microbacterium	0.4895	0.0289	TRUE
B42_Pseudomonas	B4684_Aquabacterium	0.4109	0.0334	TRUE
B31_Quadrisphaera	B4684_Aquabacterium	0.5171	0.0099	TRUE
B2691_uncultured	B4684_Aquabacterium	0.4395	0.0433	TRUE
F114_unidentified	B4684_Aquabacterium	-0.5765	0.0396	FALSE
B494_Brevundimonas	B9_Methylobacterium	-0.6284	0.0198	FALSE
B1019_f_Micrococcaceae	B9_Methylobacterium	-0.7191	0.0297	FALSE
B1612_uncultured organism	B9_Methylobacterium	-0.5993	0.0297	FALSE
B3341_uncultured bacterium	B9_Methylobacterium	-0.5462	0.0495	FALSE
B1193_Blastocatella	B9_Methylobacterium	-0.7058	0.0297	FALSE
B8_f_Rhizobiaceae	B9_Methylobacterium	0.7401	0.0396	TRUE
B20_Pseudomonas	B9_Methylobacterium	-0.7506	0.0099	FALSE
B301_f_Microbacteriaceae	B9_Methylobacterium	-0.6701	0.0099	FALSE
B33_Kineococcus	B9_Methylobacterium	0.8032	0.0198	TRUE
B77_Allorhizobium-Neorhizobium-Pararhizobium-Rhizobium	B9_Methylobacterium	-0.7763	0.0198	FALSE
B2451_f_Sphingomonadaceae	B9_Methylobacterium	-0.5711	0.0495	FALSE
B877_Bacillus	B9_Methylobacterium	-0.6677	0.0198	FALSE
B1475_uncultured bacterium	B9_Methylobacterium	-0.6744	0.0297	FALSE
B1224_Blastococcus	B9_Methylobacterium	-0.6763	0.0297	FALSE
B712_f_Intrasporangiaceae	B9_Methylobacterium	-0.651	0.0198	FALSE
B98_Sphingomonas	B9_Methylobacterium	0.7674	0.0198	TRUE
B607_Dietzia	B9_Methylobacterium	-0.7128	0.0297	FALSE
B15_Sphingomonas	B9_Methylobacterium	0.7889	0.0198	TRUE
B237_f_Micrococcaceae	B9_Methylobacterium	-0.5815	0.0198	FALSE
B679_Georgenia	B9_Methylobacterium	-0.7423	0.0099	FALSE
B354_Paraburkholderia tropica	B9_Methylobacterium	-0.7859	0.0099	FALSE
B1_Pantoea	B9_Methylobacterium	-0.5815	0.0396	FALSE
B35_Methylobacterium	B9_Methylobacterium	0.9123	0.0099	TRUE
B78_Sphingomonas	B9_Methylobacterium	0.9038	0.0099	TRUE
B14_Burkholderia-Caballeronia-Paraburkholderia	B9_Methylobacterium	0.6328	0.0099	TRUE
B7_Curtobacterium	B9_Methylobacterium	0.8386	0.0099	TRUE
B3_Sphingomonas	B9_Methylobacterium	0.7167	0.0099	TRUE
B624_Ornithinimicrobium	B9_Methylobacterium	-0.6649	0.0198	FALSE
B154_f_Micrococcaceae	B9_Methylobacterium	-0.6152	0.0396	FALSE
B1119_Dietzia	B9_Methylobacterium	-0.6113	0.0495	FALSE
B413_f_Micrococcaceae	B9_Methylobacterium	-0.5885	0.0198	FALSE
B1678_Bacillus	B9_Methylobacterium	-0.6041	0.0297	FALSE
B918_Bacillus	B9_Methylobacterium	-0.6884	0.0099	FALSE
B705_f_Sphingomonadaceae	B9_Methylobacterium	-0.6719	0.0396	FALSE
B1885_Paenibacillus	B9_Methylobacterium	-0.6511	0.0297	FALSE
B398_Rhodococcus	B9_Methylobacterium	-0.7635	0.0198	FALSE
F26_unidentified	B9_Methylobacterium	0.5799	0.0297	TRUE
F280_o_Polyporales	B9_Methylobacterium	-0.6688	0.0297	FALSE
F51_Papiliotrema	B9_Methylobacterium	0.6964	0.0495	TRUE
F28_f_Hypocreales_fam_Incertae_sedis	B9_Methylobacterium	-0.5713	0.0297	FALSE
F114_unidentified	B1892_Kaistia	-0.4949	0.0495	FALSE
B1019_f_Micrococcaceae	B494_Brevundimonas	0.6405	0.0297	TRUE
B1612_uncultured organism	B494_Brevundimonas	0.6407	0.0297	TRUE
B1193_Blastocatella	B494_Brevundimonas	0.6461	0.0099	TRUE
B21_Methylobacterium	B494_Brevundimonas	-0.5651	0.0198	FALSE
B301_f_Microbacteriaceae	B494_Brevundimonas	0.6346	0.0198	TRUE
B33_Kineococcus	B494_Brevundimonas	-0.528	0.0495	FALSE
B77_Allorhizobium-Neorhizobium-Pararhizobium-Rhizobium	B494_Brevundimonas	0.616	0.0297	TRUE
B2451_f_Sphingomonadaceae	B494_Brevundimonas	0.5473	0.0396	TRUE
B877_Bacillus	B494_Brevundimonas	0.683	0.0396	TRUE
B1475_uncultured bacterium	B494_Brevundimonas	0.6473	0.0198	TRUE
B1224_Blastococcus	B494_Brevundimonas	0.6257	0.0099	TRUE
B424_Williamsia	B494_Brevundimonas	0.5154	0.0396	TRUE
B712_f_Intrasporangiaceae	B494_Brevundimonas	0.6792	0.0099	TRUE
B98_Sphingomonas	B494_Brevundimonas	-0.706	0.0198	FALSE
B607_Dietzia	B494_Brevundimonas	0.714	0.0099	TRUE
B380_f_Micrococcaceae	B494_Brevundimonas	0.4868	0.0396	TRUE
B15_Sphingomonas	B494_Brevundimonas	-0.7128	0.0396	FALSE
B679_Georgenia	B494_Brevundimonas	0.6491	0.0198	TRUE
B13_Aureimonas	B494_Brevundimonas	-0.5427	0.0495	FALSE
B354_Paraburkholderia tropica	B494_Brevundimonas	0.6839	0.0297	TRUE
B35_Methylobacterium	B494_Brevundimonas	-0.6077	0.0495	FALSE
B78_Sphingomonas	B494_Brevundimonas	-0.691	0.0297	FALSE
B632_f_Micrococcaceae	B494_Brevundimonas	0.4798	0.0396	TRUE
B3_Sphingomonas	B494_Brevundimonas	-0.646	0.0297	FALSE
B624_Ornithinimicrobium	B494_Brevundimonas	0.6639	0.0198	TRUE
B154_f_Micrococcaceae	B494_Brevundimonas	0.6324	0.0099	TRUE
B1119_Dietzia	B494_Brevundimonas	0.617	0.0099	TRUE
B1295_Bacillus	B494_Brevundimonas	0.5469	0.0297	TRUE
B1678_Bacillus	B494_Brevundimonas	0.5621	0.0495	TRUE
B918_Bacillus	B494_Brevundimonas	0.5987	0.0297	TRUE
B1885_Paenibacillus	B494_Brevundimonas	0.6389	0.0198	TRUE
B398_Rhodococcus	B494_Brevundimonas	0.6557	0.0198	TRUE
F280_o_Polyporales	B494_Brevundimonas	0.6192	0.0297	TRUE
F6_Cladosporium	B494_Brevundimonas	-0.6485	0.0297	FALSE
B1491_Microbacterium	B42_Pseudomonas	0.5021	0.0235	TRUE
B1062_f_Burkholderiaceae	B42_Pseudomonas	0.3695	0.0433	TRUE
F114_unidentified	B42_Pseudomonas	-0.5987	0.0099	FALSE
B1193_Blastocatella	B76_Methylobacterium	0.4419	0.0495	TRUE
B265_Deinococcus	B76_Methylobacterium	-0.5912	0.0297	FALSE
B77_Allorhizobium-Neorhizobium-Pararhizobium-Rhizobium	B76_Methylobacterium	0.5399	0.0495	TRUE
B726_Chryseobacterium	B76_Methylobacterium	-0.5366	0.0396	FALSE
F26_unidentified	B76_Methylobacterium	-0.5467	0.0396	FALSE
F51_Papiliotrema	B76_Methylobacterium	-0.6093	0.0396	FALSE
B1612_uncultured organism	B1019_f_Micrococcaceae	0.6648	0.0099	TRUE
B1193_Blastocatella	B1019_f_Micrococcaceae	0.7219	0.0099	TRUE
B21_Methylobacterium	B1019_f_Micrococcaceae	-0.6185	0.0495	FALSE
B301_f_Microbacteriaceae	B1019_f_Micrococcaceae	0.6968	0.0198	TRUE
B33_Kineococcus	B1019_f_Micrococcaceae	-0.5968	0.0396	FALSE
B77_Allorhizobium-Neorhizobium-Pararhizobium-Rhizobium	B1019_f_Micrococcaceae	0.5905	0.0495	TRUE
B877_Bacillus	B1019_f_Micrococcaceae	0.6678	0.0198	TRUE
B1475_uncultured bacterium	B1019_f_Micrococcaceae	0.6714	0.0198	TRUE
B1224_Blastococcus	B1019_f_Micrococcaceae	0.614	0.0396	TRUE
B424_Williamsia	B1019_f_Micrococcaceae	0.548	0.0495	TRUE
B712_f_Intrasporangiaceae	B1019_f_Micrococcaceae	0.7113	0.0198	TRUE
B98_Sphingomonas	B1019_f_Micrococcaceae	-0.7981	0.0099	FALSE
B607_Dietzia	B1019_f_Micrococcaceae	0.759	0.0099	TRUE
B380_f_Micrococcaceae	B1019_f_Micrococcaceae	0.5388	0.0396	TRUE
B15_Sphingomonas	B1019_f_Micrococcaceae	-0.8039	0.0099	FALSE
B679_Georgenia	B1019_f_Micrococcaceae	0.7067	0.0099	TRUE
B354_Paraburkholderia tropica	B1019_f_Micrococcaceae	0.7243	0.0396	TRUE
B35_Methylobacterium	B1019_f_Micrococcaceae	-0.672	0.0198	FALSE
B78_Sphingomonas	B1019_f_Micrococcaceae	-0.7822	0.0198	FALSE
B3_Sphingomonas	B1019_f_Micrococcaceae	-0.7343	0.0099	FALSE
B624_Ornithinimicrobium	B1019_f_Micrococcaceae	0.7151	0.0099	TRUE
B154_f_Micrococcaceae	B1019_f_Micrococcaceae	0.6548	0.0396	TRUE
B1119_Dietzia	B1019_f_Micrococcaceae	0.6665	0.0099	TRUE
B413_f_Micrococcaceae	B1019_f_Micrococcaceae	0.5375	0.0495	TRUE
B1678_Bacillus	B1019_f_Micrococcaceae	0.5573	0.0495	TRUE
B918_Bacillus	B1019_f_Micrococcaceae	0.6106	0.0198	TRUE
B705_f_Sphingomonadaceae	B1019_f_Micrococcaceae	0.6519	0.0297	TRUE
B1885_Paenibacillus	B1019_f_Micrococcaceae	0.6449	0.0099	TRUE
B398_Rhodococcus	B1019_f_Micrococcaceae	0.783	0.0099	TRUE
F280_o_Polyporales	B1019_f_Micrococcaceae	0.6731	0.0297	TRUE
F6_Cladosporium	B1019_f_Micrococcaceae	-0.6861	0.0297	FALSE
F5_Alternaria	B1019_f_Micrococcaceae	-0.491	0.0495	FALSE
B1193_Blastocatella	B1612_uncultured.organism	0.6228	0.0198	TRUE
B301_f_Microbacteriaceae	B1612_uncultured.organism	0.5424	0.0198	TRUE
B2451_f_Sphingomonadaceae	B1612_uncultured.organism	0.5008	0.0495	TRUE
B877_Bacillus	B1612_uncultured.organism	0.643	0.0396	TRUE
B1475_uncultured bacterium	B1612_uncultured.organism	0.5913	0.0396	TRUE
B1224_Blastococcus	B1612_uncultured.organism	0.6013	0.0396	TRUE
B712_f_Intrasporangiaceae	B1612_uncultured.organism	0.6234	0.0297	TRUE
B98_Sphingomonas	B1612_uncultured.organism	-0.6692	0.0297	FALSE
B607_Dietzia	B1612_uncultured.organism	0.66	0.0198	TRUE
B380_f_Micrococcaceae	B1612_uncultured.organism	0.4873	0.0495	TRUE
B15_Sphingomonas	B1612_uncultured.organism	-0.7167	0.0297	FALSE
B679_Georgenia	B1612_uncultured.organism	0.634	0.0396	TRUE
B354_Paraburkholderia tropica	B1612_uncultured.organism	0.6693	0.0198	TRUE
B78_Sphingomonas	B1612_uncultured.organism	-0.6858	0.0396	FALSE
B632_f_Micrococcaceae	B1612_uncultured.organism	0.4288	0.0495	TRUE
B3_Sphingomonas	B1612_uncultured.organism	-0.657	0.0396	FALSE
B624_Ornithinimicrobium	B1612_uncultured.organism	0.6472	0.0198	TRUE
B154_f_Micrococcaceae	B1612_uncultured.organism	0.5557	0.0396	TRUE
B1119_Dietzia	B1612_uncultured.organism	0.5811	0.0396	TRUE
B705_f_Sphingomonadaceae	B1612_uncultured.organism	0.5901	0.0198	TRUE
B398_Rhodococcus	B1612_uncultured.organism	0.6425	0.0495	TRUE
F6_Cladosporium	B1612_uncultured.organism	-0.6392	0.0297	FALSE
B301_f_Microbacteriaceae	B3341_uncultured.bacterium	0.5663	0.0198	TRUE
B877_Bacillus	B3341_uncultured.bacterium	0.4837	0.0495	TRUE
B1224_Blastococcus	B3341_uncultured.bacterium	0.4734	0.0297	TRUE
B98_Sphingomonas	B3341_uncultured.bacterium	-0.6165	0.0099	FALSE
B607_Dietzia	B3341_uncultured.bacterium	0.5807	0.0198	TRUE
B15_Sphingomonas	B3341_uncultured.bacterium	-0.6185	0.0198	FALSE
B679_Georgenia	B3341_uncultured.bacterium	0.5323	0.0099	TRUE
B354_Paraburkholderia tropica	B3341_uncultured.bacterium	0.5889	0.0099	TRUE
B35_Methylobacterium	B3341_uncultured.bacterium	-0.5006	0.0495	FALSE
B78_Sphingomonas	B3341_uncultured.bacterium	-0.5729	0.0198	FALSE
B3_Sphingomonas	B3341_uncultured.bacterium	-0.5687	0.0396	FALSE
B624_Ornithinimicrobium	B3341_uncultured.bacterium	0.5855	0.0297	TRUE
B1119_Dietzia	B3341_uncultured.bacterium	0.5191	0.0297	TRUE
B413_f_Micrococcaceae	B3341_uncultured.bacterium	0.4693	0.0396	TRUE
B489_f_Micrococcaceae	B3341_uncultured.bacterium	0.4316	0.0396	TRUE
B398_Rhodococcus	B3341_uncultured.bacterium	0.5572	0.0099	TRUE
B301_f_Microbacteriaceae	B1193_Blastocatella	0.6548	0.0198	TRUE
B77_Allorhizobium-Neorhizobium-Pararhizobium-Rhizobium	B1193_Blastocatella	0.7209	0.0099	TRUE
B2451_f_Sphingomonadaceae	B1193_Blastocatella	0.5773	0.0099	TRUE
B877_Bacillus	B1193_Blastocatella	0.6655	0.0099	TRUE
B1475_uncultured bacterium	B1193_Blastocatella	0.6181	0.0198	TRUE
B1224_Blastococcus	B1193_Blastocatella	0.6098	0.0099	TRUE
B712_f_Intrasporangiaceae	B1193_Blastocatella	0.6837	0.0198	TRUE
B98_Sphingomonas	B1193_Blastocatella	-0.7609	0.0099	FALSE
B607_Dietzia	B1193_Blastocatella	0.7151	0.0198	TRUE
B15_Sphingomonas	B1193_Blastocatella	-0.7716	0.0099	FALSE
B237_f_Micrococcaceae	B1193_Blastocatella	0.6041	0.0297	TRUE
B679_Georgenia	B1193_Blastocatella	0.7169	0.0099	TRUE
B354_Paraburkholderia tropica	B1193_Blastocatella	0.7442	0.0099	TRUE
B35_Methylobacterium	B1193_Blastocatella	-0.6341	0.0198	FALSE
B78_Sphingomonas	B1193_Blastocatella	-0.756	0.0099	FALSE
B7_Curtobacterium	B1193_Blastocatella	-0.5388	0.0495	FALSE
B3_Sphingomonas	B1193_Blastocatella	-0.6965	0.0099	FALSE
B624_Ornithinimicrobium	B1193_Blastocatella	0.7343	0.0198	TRUE
B154_f_Micrococcaceae	B1193_Blastocatella	0.6099	0.0198	TRUE
B1119_Dietzia	B1193_Blastocatella	0.6134	0.0297	TRUE
B1678_Bacillus	B1193_Blastocatella	0.5511	0.0099	TRUE
B918_Bacillus	B1193_Blastocatella	0.6313	0.0099	TRUE
B705_f_Sphingomonadaceae	B1193_Blastocatella	0.6432	0.0099	TRUE
B1885_Paenibacillus	B1193_Blastocatella	0.6501	0.0198	TRUE
B398_Rhodococcus	B1193_Blastocatella	0.7377	0.0099	TRUE
F469_unidentified	B1193_Blastocatella	0.5536	0.0495	TRUE
F280_o_Polyporales	B1193_Blastocatella	0.7141	0.0198	TRUE
F6_Cladosporium	B1193_Blastocatella	-0.6622	0.0396	FALSE
B1491_Microbacterium	B4826_Chthoniobacter	0.3704	0.0334	TRUE
B8_f_Rhizobiaceae	B830_f_Burkholderiaceae	0.5027	0.0396	TRUE
B21_Methylobacterium	B830_f_Burkholderiaceae	0.532	0.0099	TRUE
B29_Methylobacterium	B830_f_Burkholderiaceae	0.5924	0.0396	TRUE
B16_Sphingomonas	B830_f_Burkholderiaceae	0.5466	0.0297	TRUE
B13_Aureimonas	B830_f_Burkholderiaceae	0.5555	0.0297	TRUE
B2166_Siphonobacter	B830_f_Burkholderiaceae	0.5401	0.0198	TRUE
B27_Mucilaginibacter	B830_f_Burkholderiaceae	0.5461	0.0296	TRUE
F3362_o_NA	B830_f_Burkholderiaceae	0.5369	0.0197	TRUE
F27_Curvularia	B830_f_Burkholderiaceae	0.4661	0.0495	TRUE
F11_Sarocladium	B830_f_Burkholderiaceae	0.6106	0.0297	TRUE
F178_Schizopora	B830_f_Burkholderiaceae	0.495	0.0396	TRUE
B20_Pseudomonas	B8_f_Rhizobiaceae	-0.8407	0.0099	FALSE
B31_Quadrisphaera	B8_f_Rhizobiaceae	-0.6928	0.0198	FALSE
B77_Allorhizobium-Neorhizobium-Pararhizobium-Rhizobium	B8_f_Rhizobiaceae	-0.671	0.0495	FALSE
B16_Sphingomonas	B8_f_Rhizobiaceae	0.779	0.0099	TRUE
B35_Methylobacterium	B8_f_Rhizobiaceae	0.8333	0.0099	TRUE
B7_Curtobacterium	B8_f_Rhizobiaceae	0.9229	0.0099	TRUE
B4_Pantoea	B8_f_Rhizobiaceae	-0.5593	0.0198	FALSE
F4_o_Pleosporales	B8_f_Rhizobiaceae	0.6998	0.0396	TRUE
B343_Microbacterium	B265_Deinococcus	0.6048	0.0297	TRUE
B31_Quadrisphaera	B265_Deinococcus	-0.5868	0.0297	FALSE
B968_Acidibacter	B265_Deinococcus	0.3794	0.0396	TRUE
B33_Kineococcus	B265_Deinococcus	0.6138	0.0396	TRUE
B726_Chryseobacterium	B265_Deinococcus	0.6853	0.0099	TRUE
B19_Xanthomonas	B265_Deinococcus	0.6238	0.0297	TRUE
B1_Pantoea	B265_Deinococcus	-0.6873	0.0297	FALSE
B35_Methylobacterium	B265_Deinococcus	0.6854	0.0099	TRUE
B7_Curtobacterium	B265_Deinococcus	0.5869	0.0495	TRUE
B12_Novosphingobium	B265_Deinococcus	0.5442	0.0495	TRUE
F8_unidentified	B265_Deinococcus	0.6832	0.0297	TRUE
F177_unidentified	B265_Deinococcus	0.5898	0.0495	TRUE
F313_Papiliotrema	B265_Deinococcus	0.5789	0.0396	TRUE
F51_Papiliotrema	B265_Deinococcus	0.8054	0.0099	TRUE
F231_Bullera	B265_Deinococcus	0.5573	0.0396	TRUE
F207_o_Tremellales	B265_Deinococcus	0.6037	0.0099	TRUE
B1491_Microbacterium	B351_f_Burkholderiaceae	0.5046	0.0235	TRUE
B426_f_Burkholderiaceae	B351_f_Burkholderiaceae	0.425	0.0433	TRUE
F114_unidentified	B351_f_Burkholderiaceae	-0.6328	0.0198	FALSE
B21_Methylobacterium	B222_Kineococcus	-0.6248	0.0495	FALSE
B29_Methylobacterium	B222_Kineococcus	-0.6563	0.0396	FALSE
B13_Aureimonas	B222_Kineococcus	-0.6895	0.0495	FALSE
F3362_o_NA	B222_Kineococcus	-0.4841	0.0495	FALSE
F18_f_Phaeosphaeriaceae	B222_Kineococcus	0.62	0.0396	TRUE
F36_Moesziomyces	B222_Kineococcus	0.5964	0.0198	TRUE
B2164_Bacillus	B266_Allorhizobium.Neorhizobium.Pararhizobium.Rhizobium	0.5135	0.0296	TRUE
B1271_Actinotalea	B266_Allorhizobium.Neorhizobium.Pararhizobium.Rhizobium	0.5404	0.0395	TRUE
F469_unidentified	B266_Allorhizobium.Neorhizobium.Pararhizobium.Rhizobium	0.6212	0.0197	TRUE
B31_Quadrisphaera	B20_Pseudomonas	0.625	0.0297	TRUE
B77_Allorhizobium-Neorhizobium-Pararhizobium-Rhizobium	B20_Pseudomonas	0.6177	0.0198	TRUE
B16_Sphingomonas	B20_Pseudomonas	-0.6537	0.0297	FALSE
B35_Methylobacterium	B20_Pseudomonas	-0.7969	0.0198	FALSE
B78_Sphingomonas	B20_Pseudomonas	-0.65	0.0495	FALSE
B7_Curtobacterium	B20_Pseudomonas	-0.8107	0.0099	FALSE
B413_f_Micrococcaceae	B20_Pseudomonas	0.506	0.0396	TRUE
F4_o_Pleosporales	B20_Pseudomonas	-0.5887	0.0297	FALSE
B600_Kineosporia	B1491_Microbacterium	0.4068	0.0334	TRUE
B31_Quadrisphaera	B1491_Microbacterium	0.6346	0.0099	TRUE
B426_f_Burkholderiaceae	B1491_Microbacterium	0.574	0.0235	TRUE
B1062_f_Burkholderiaceae	B1491_Microbacterium	0.4943	0.0235	TRUE
B3_Sphingomonas	B1491_Microbacterium	0.5031	0.0495	TRUE
B2691_uncultured	B1491_Microbacterium	0.5093	0.0235	TRUE
B2424_Flectobacillus	B1491_Microbacterium	0.4863	0.0433	TRUE
F114_unidentified	B1491_Microbacterium	-0.7691	0.0198	FALSE
B31_Quadrisphaera	B4692_Fimbriiglobus	0.4467	0.0396	TRUE
F114_unidentified	B4692_Fimbriiglobus	-0.5115	0.0297	FALSE
B1_Pantoea	B965_Bdellovibrio	-0.4166	0.0396	FALSE
B301_f_Microbacteriaceae	B21_Methylobacterium	-0.6083	0.0396	FALSE
B29_Methylobacterium	B21_Methylobacterium	0.8151	0.0099	TRUE
B77_Allorhizobium-Neorhizobium-Pararhizobium-Rhizobium	B21_Methylobacterium	-0.6072	0.0198	FALSE
B877_Bacillus	B21_Methylobacterium	-0.5873	0.0297	FALSE
B1475_uncultured bacterium	B21_Methylobacterium	-0.6507	0.0396	FALSE
B712_f_Intrasporangiaceae	B21_Methylobacterium	-0.5593	0.0495	FALSE
B98_Sphingomonas	B21_Methylobacterium	0.7305	0.0198	TRUE
B15_Sphingomonas	B21_Methylobacterium	0.8015	0.0099	TRUE
B13_Aureimonas	B21_Methylobacterium	0.8263	0.0099	TRUE
B68_Chryseobacterium	B21_Methylobacterium	0.6381	0.0297	TRUE
B354_Paraburkholderia tropica	B21_Methylobacterium	-0.7135	0.0396	FALSE
B2166_Siphonobacter	B21_Methylobacterium	0.6314	0.0297	TRUE
B78_Sphingomonas	B21_Methylobacterium	0.6462	0.0297	TRUE
B624_Ornithinimicrobium	B21_Methylobacterium	-0.6279	0.0297	FALSE
B27_Mucilaginibacter	B21_Methylobacterium	0.5598	0.0396	TRUE
F3362_o_NA	B21_Methylobacterium	0.6269	0.0198	TRUE
F6_Cladosporium	B21_Methylobacterium	0.6356	0.0495	TRUE
B2451_f_Sphingomonadaceae	B301_f_Microbacteriaceae	0.5713	0.0297	TRUE
B877_Bacillus	B301_f_Microbacteriaceae	0.6352	0.0099	TRUE
B1475_uncultured bacterium	B301_f_Microbacteriaceae	0.658	0.0099	TRUE
B1224_Blastococcus	B301_f_Microbacteriaceae	0.562	0.0198	TRUE
B712_f_Intrasporangiaceae	B301_f_Microbacteriaceae	0.6215	0.0297	TRUE
B98_Sphingomonas	B301_f_Microbacteriaceae	-0.7619	0.0099	FALSE
B607_Dietzia	B301_f_Microbacteriaceae	0.6593	0.0396	TRUE
B15_Sphingomonas	B301_f_Microbacteriaceae	-0.7607	0.0198	FALSE
B679_Georgenia	B301_f_Microbacteriaceae	0.7193	0.0099	TRUE
B354_Paraburkholderia tropica	B301_f_Microbacteriaceae	0.7148	0.0396	TRUE
B35_Methylobacterium	B301_f_Microbacteriaceae	-0.609	0.0396	FALSE
B78_Sphingomonas	B301_f_Microbacteriaceae	-0.756	0.0099	FALSE
B3_Sphingomonas	B301_f_Microbacteriaceae	-0.6332	0.0198	FALSE
B624_Ornithinimicrobium	B301_f_Microbacteriaceae	0.6692	0.0099	TRUE
B154_f_Micrococcaceae	B301_f_Microbacteriaceae	0.5999	0.0099	TRUE
B1678_Bacillus	B301_f_Microbacteriaceae	0.5445	0.0396	TRUE
B918_Bacillus	B301_f_Microbacteriaceae	0.6508	0.0198	TRUE
B705_f_Sphingomonadaceae	B301_f_Microbacteriaceae	0.5876	0.0396	TRUE
B1885_Paenibacillus	B301_f_Microbacteriaceae	0.6497	0.0198	TRUE
B398_Rhodococcus	B301_f_Microbacteriaceae	0.7416	0.0099	TRUE
F280_o_Polyporales	B301_f_Microbacteriaceae	0.7093	0.0198	TRUE
F429_Bjerkandera	B301_f_Microbacteriaceae	0.4994	0.0495	TRUE
F6_Cladosporium	B301_f_Microbacteriaceae	-0.6591	0.0297	FALSE
B33_Kineococcus	B343_Microbacterium	0.5666	0.0396	TRUE
B17_Methylobacterium	B343_Microbacterium	-0.6366	0.0297	FALSE
B726_Chryseobacterium	B343_Microbacterium	0.5791	0.0198	TRUE
B1_Pantoea	B343_Microbacterium	-0.7084	0.0297	FALSE
B35_Methylobacterium	B343_Microbacterium	0.5597	0.0495	TRUE
B1165_Sphingomonas	B343_Microbacterium	0.4857	0.0487	TRUE
B12_Novosphingobium	B343_Microbacterium	0.5166	0.0396	TRUE
F1190_Montagnula	B343_Microbacterium	0.4352	0.0487	TRUE
F177_unidentified	B343_Microbacterium	0.7238	0.0098	TRUE
F313_Papiliotrema	B343_Microbacterium	0.7048	0.0296	TRUE
F51_Papiliotrema	B343_Microbacterium	0.6448	0.0198	TRUE
F328_Phaeosphaeria	B343_Microbacterium	0.459	0.0388	TRUE
F231_Bullera	B343_Microbacterium	0.6259	0.0395	TRUE
F207_o_Tremellales	B343_Microbacterium	0.644	0.0197	TRUE
B1271_Actinotalea	B2164_Bacillus	0.5647	0.0197	TRUE
B354_Paraburkholderia tropica	B2164_Bacillus	0.5061	0.0495	TRUE
F469_unidentified	B2164_Bacillus	0.6669	0.0098	TRUE
B1475_uncultured bacterium	B29_Methylobacterium	-0.5823	0.0396	FALSE
B98_Sphingomonas	B29_Methylobacterium	0.619	0.0297	TRUE
B16_Sphingomonas	B29_Methylobacterium	0.5904	0.0495	TRUE
B15_Sphingomonas	B29_Methylobacterium	0.7248	0.0198	TRUE
B19_Xanthomonas	B29_Methylobacterium	-0.6799	0.0099	FALSE
B13_Aureimonas	B29_Methylobacterium	0.9105	0.0099	TRUE
B68_Chryseobacterium	B29_Methylobacterium	0.7214	0.0297	TRUE
B354_Paraburkholderia tropica	B29_Methylobacterium	-0.6881	0.0099	FALSE
B2166_Siphonobacter	B29_Methylobacterium	0.746	0.0099	TRUE
B1885_Paenibacillus	B29_Methylobacterium	-0.5598	0.0396	FALSE
B27_Mucilaginibacter	B29_Methylobacterium	0.728	0.0099	TRUE
F3362_o_NA	B29_Methylobacterium	0.6891	0.0198	TRUE
F209_unidentified	B29_Methylobacterium	0.5219	0.0495	TRUE
F27_Curvularia	B29_Methylobacterium	0.5848	0.0396	TRUE
F407_Phanerochaete	B29_Methylobacterium	0.5385	0.0396	TRUE
F32_Tilletia	B29_Methylobacterium	0.6099	0.0297	TRUE
F11_Sarocladium	B29_Methylobacterium	0.7423	0.0297	TRUE
F297_Coniothyrium	B29_Methylobacterium	0.5076	0.0198	TRUE
B35_Methylobacterium	B31_Quadrisphaera	-0.5579	0.0495	FALSE
B7_Curtobacterium	B31_Quadrisphaera	-0.6592	0.0495	FALSE
B2424_Flectobacillus	B31_Quadrisphaera	0.4421	0.0297	TRUE
F114_unidentified	B31_Quadrisphaera	-0.8008	0.0198	FALSE
B35_Methylobacterium	B968_Acidibacter	0.4366	0.0495	TRUE
F177_unidentified	B968_Acidibacter	0.4843	0.0296	TRUE
B877_Bacillus	B33_Kineococcus	-0.5365	0.0396	FALSE
B726_Chryseobacterium	B33_Kineococcus	0.6733	0.0099	TRUE
B1475_uncultured bacterium	B33_Kineococcus	-0.6008	0.0396	FALSE
B1224_Blastococcus	B33_Kineococcus	-0.5383	0.0396	FALSE
B607_Dietzia	B33_Kineococcus	-0.5978	0.0495	FALSE
B354_Paraburkholderia tropica	B33_Kineococcus	-0.5931	0.0198	FALSE
B1_Pantoea	B33_Kineococcus	-0.6285	0.0297	FALSE
B35_Methylobacterium	B33_Kineococcus	0.8648	0.0099	TRUE
B78_Sphingomonas	B33_Kineococcus	0.7325	0.0396	TRUE
B14_Burkholderia-Caballeronia-Paraburkholderia	B33_Kineococcus	0.5778	0.0495	TRUE
B7_Curtobacterium	B33_Kineococcus	0.7382	0.0297	TRUE
B3_Sphingomonas	B33_Kineococcus	0.6387	0.0297	TRUE
B918_Bacillus	B33_Kineococcus	-0.5668	0.0495	FALSE
B398_Rhodococcus	B33_Kineococcus	-0.6403	0.0396	FALSE
F8_unidentified	B33_Kineococcus	0.6697	0.0297	TRUE
F202_Pseudozyma	B33_Kineococcus	-0.5306	0.0297	FALSE
F177_unidentified	B33_Kineococcus	0.5519	0.0396	TRUE
F280_o_Polyporales	B33_Kineococcus	-0.612	0.0495	FALSE
F429_Bjerkandera	B33_Kineococcus	-0.6064	0.0297	FALSE
F51_Papiliotrema	B33_Kineococcus	0.7289	0.0198	TRUE
F28_f_Hypocreales_fam_Incertae_sedis	B33_Kineococcus	-0.6544	0.0396	FALSE
F100_Talaromyces	B2261_Actinomycetospora	0.4662	0.0433	TRUE
B1_Pantoea	B17_Methylobacterium	0.8647	0.0099	TRUE
B1165_Sphingomonas	B17_Methylobacterium	-0.6689	0.0297	FALSE
B4_Pantoea	B17_Methylobacterium	0.7171	0.0198	TRUE
F862_o_NA	B17_Methylobacterium	-0.6028	0.0198	FALSE
F358_unidentified	B17_Methylobacterium	-0.5767	0.0396	FALSE
F1190_Montagnula	B17_Methylobacterium	-0.5703	0.0297	FALSE
F4240_Paraconiothyrium	B17_Methylobacterium	-0.6026	0.0198	FALSE
F1433_Penicillium	B17_Methylobacterium	-0.4935	0.0297	FALSE
F313_Papiliotrema	B17_Methylobacterium	-0.6652	0.0198	FALSE
F328_Phaeosphaeria	B17_Methylobacterium	-0.6375	0.0099	FALSE
F45_f_Didymellaceae	B17_Methylobacterium	-0.6513	0.0297	FALSE
F231_Bullera	B17_Methylobacterium	-0.6043	0.0396	FALSE
F207_o_Tremellales	B17_Methylobacterium	-0.5978	0.0198	FALSE
B877_Bacillus	B77_Allorhizobium.Neorhizobium.Pararhizobium.Rhizobium	0.58	0.0495	TRUE
B1475_uncultured bacterium	B77_Allorhizobium.Neorhizobium.Pararhizobium.Rhizobium	0.6193	0.0198	TRUE
B1224_Blastococcus	B77_Allorhizobium.Neorhizobium.Pararhizobium.Rhizobium	0.6589	0.0099	TRUE
B712_f_Intrasporangiaceae	B77_Allorhizobium.Neorhizobium.Pararhizobium.Rhizobium	0.5962	0.0297	TRUE
B98_Sphingomonas	B77_Allorhizobium.Neorhizobium.Pararhizobium.Rhizobium	-0.697	0.0099	FALSE
B15_Sphingomonas	B77_Allorhizobium.Neorhizobium.Pararhizobium.Rhizobium	-0.6847	0.0297	FALSE
B679_Georgenia	B77_Allorhizobium.Neorhizobium.Pararhizobium.Rhizobium	0.6609	0.0297	TRUE
B354_Paraburkholderia tropica	B77_Allorhizobium.Neorhizobium.Pararhizobium.Rhizobium	0.7028	0.0396	TRUE
B35_Methylobacterium	B77_Allorhizobium.Neorhizobium.Pararhizobium.Rhizobium	-0.7149	0.0198	FALSE
B78_Sphingomonas	B77_Allorhizobium.Neorhizobium.Pararhizobium.Rhizobium	-0.7611	0.0099	FALSE
B7_Curtobacterium	B77_Allorhizobium.Neorhizobium.Pararhizobium.Rhizobium	-0.7386	0.0198	FALSE
B3_Sphingomonas	B77_Allorhizobium.Neorhizobium.Pararhizobium.Rhizobium	-0.5291	0.0396	FALSE
B624_Ornithinimicrobium	B77_Allorhizobium.Neorhizobium.Pararhizobium.Rhizobium	0.6752	0.0099	TRUE
B1678_Bacillus	B77_Allorhizobium.Neorhizobium.Pararhizobium.Rhizobium	0.522	0.0495	TRUE
B918_Bacillus	B77_Allorhizobium.Neorhizobium.Pararhizobium.Rhizobium	0.649	0.0297	TRUE
B705_f_Sphingomonadaceae	B77_Allorhizobium.Neorhizobium.Pararhizobium.Rhizobium	0.6104	0.0297	TRUE
B398_Rhodococcus	B77_Allorhizobium.Neorhizobium.Pararhizobium.Rhizobium	0.684	0.0198	TRUE
F280_o_Polyporales	B77_Allorhizobium.Neorhizobium.Pararhizobium.Rhizobium	0.6411	0.0495	TRUE
F6_Cladosporium	B77_Allorhizobium.Neorhizobium.Pararhizobium.Rhizobium	-0.5613	0.0396	FALSE
B2691_uncultured	B426_f_Burkholderiaceae	0.4926	0.005	TRUE
B2424_Flectobacillus	B426_f_Burkholderiaceae	0.4759	0.0334	TRUE
F114_unidentified	B426_f_Burkholderiaceae	-0.6708	0.0099	FALSE
F114_unidentified	B1062_f_Burkholderiaceae	-0.5423	0.0297	FALSE
B877_Bacillus	B2451_f_Sphingomonadaceae	0.6169	0.0396	TRUE
B1475_uncultured bacterium	B2451_f_Sphingomonadaceae	0.5926	0.0297	TRUE
B1224_Blastococcus	B2451_f_Sphingomonadaceae	0.5975	0.0297	TRUE
B98_Sphingomonas	B2451_f_Sphingomonadaceae	-0.7053	0.0099	FALSE
B607_Dietzia	B2451_f_Sphingomonadaceae	0.6417	0.0198	TRUE
B380_f_Micrococcaceae	B2451_f_Sphingomonadaceae	0.5026	0.0297	TRUE
B15_Sphingomonas	B2451_f_Sphingomonadaceae	-0.6819	0.0198	FALSE
B679_Georgenia	B2451_f_Sphingomonadaceae	0.6048	0.0099	TRUE
B354_Paraburkholderia tropica	B2451_f_Sphingomonadaceae	0.6391	0.0198	TRUE
B78_Sphingomonas	B2451_f_Sphingomonadaceae	-0.662	0.0099	FALSE
B624_Ornithinimicrobium	B2451_f_Sphingomonadaceae	0.5958	0.0297	TRUE
B154_f_Micrococcaceae	B2451_f_Sphingomonadaceae	0.5696	0.0099	TRUE
B705_f_Sphingomonadaceae	B2451_f_Sphingomonadaceae	0.5878	0.0198	TRUE
B398_Rhodococcus	B2451_f_Sphingomonadaceae	0.6073	0.0396	TRUE
F469_unidentified	B2451_f_Sphingomonadaceae	0.5492	0.0297	TRUE
F280_o_Polyporales	B2451_f_Sphingomonadaceae	0.6098	0.0198	TRUE
F6_Cladosporium	B2451_f_Sphingomonadaceae	-0.6387	0.0396	FALSE
B98_Sphingomonas	B1271_Actinotalea	-0.5816	0.0099	FALSE
B354_Paraburkholderia tropica	B1271_Actinotalea	0.5116	0.0297	TRUE
B3117_Bacillus	B1271_Actinotalea	0.4931	0.0197	TRUE
F469_unidentified	B1271_Actinotalea	0.7036	0.0098	TRUE
B1475_uncultured bacterium	B877_Bacillus	0.6398	0.0396	TRUE
B1224_Blastococcus	B877_Bacillus	0.6215	0.0297	TRUE
B712_f_Intrasporangiaceae	B877_Bacillus	0.6644	0.0099	TRUE
B98_Sphingomonas	B877_Bacillus	-0.7427	0.0198	FALSE
B607_Dietzia	B877_Bacillus	0.6399	0.0099	TRUE
B380_f_Micrococcaceae	B877_Bacillus	0.5932	0.0297	TRUE
B15_Sphingomonas	B877_Bacillus	-0.7813	0.0099	FALSE
B237_f_Micrococcaceae	B877_Bacillus	0.586	0.0198	TRUE
B679_Georgenia	B877_Bacillus	0.6912	0.0099	TRUE
B354_Paraburkholderia tropica	B877_Bacillus	0.7195	0.0099	TRUE
B35_Methylobacterium	B877_Bacillus	-0.6405	0.0198	FALSE
B78_Sphingomonas	B877_Bacillus	-0.7456	0.0396	FALSE
B7_Curtobacterium	B877_Bacillus	-0.535	0.0396	FALSE
B3_Sphingomonas	B877_Bacillus	-0.6724	0.0099	FALSE
B624_Ornithinimicrobium	B877_Bacillus	0.6942	0.0099	TRUE
B154_f_Micrococcaceae	B877_Bacillus	0.6157	0.0198	TRUE
B1119_Dietzia	B877_Bacillus	0.6257	0.0198	TRUE
B1295_Bacillus	B877_Bacillus	0.5528	0.0198	TRUE
B1678_Bacillus	B877_Bacillus	0.5094	0.0495	TRUE
B705_f_Sphingomonadaceae	B877_Bacillus	0.6581	0.0099	TRUE
B1885_Paenibacillus	B877_Bacillus	0.5357	0.0396	TRUE
B398_Rhodococcus	B877_Bacillus	0.7757	0.0198	TRUE
F280_o_Polyporales	B877_Bacillus	0.6696	0.0297	TRUE
F6_Cladosporium	B877_Bacillus	-0.7061	0.0198	FALSE
B35_Methylobacterium	B726_Chryseobacterium	0.6102	0.0297	TRUE
F8_unidentified	B726_Chryseobacterium	0.7194	0.0198	TRUE
F3_Moesziomyces	B726_Chryseobacterium	0.5656	0.0297	TRUE
F280_o_Polyporales	B726_Chryseobacterium	-0.504	0.0495	FALSE
F51_Papiliotrema	B726_Chryseobacterium	0.7207	0.0297	TRUE
F207_o_Tremellales	B726_Chryseobacterium	0.4969	0.0495	TRUE
B1224_Blastococcus	B1475_uncultured.bacterium	0.6561	0.0198	TRUE
B712_f_Intrasporangiaceae	B1475_uncultured.bacterium	0.6313	0.0297	TRUE
B98_Sphingomonas	B1475_uncultured.bacterium	-0.7662	0.0099	FALSE
B607_Dietzia	B1475_uncultured.bacterium	0.7063	0.0099	TRUE
B380_f_Micrococcaceae	B1475_uncultured.bacterium	0.5348	0.0396	TRUE
B15_Sphingomonas	B1475_uncultured.bacterium	-0.7933	0.0099	FALSE
B679_Georgenia	B1475_uncultured.bacterium	0.7282	0.0099	TRUE
B13_Aureimonas	B1475_uncultured.bacterium	-0.6096	0.0396	FALSE
B354_Paraburkholderia tropica	B1475_uncultured.bacterium	0.7284	0.0099	TRUE
B35_Methylobacterium	B1475_uncultured.bacterium	-0.636	0.0495	FALSE
B78_Sphingomonas	B1475_uncultured.bacterium	-0.7386	0.0099	FALSE
B7_Curtobacterium	B1475_uncultured.bacterium	-0.4967	0.0495	FALSE
B3_Sphingomonas	B1475_uncultured.bacterium	-0.7133	0.0099	FALSE
B624_Ornithinimicrobium	B1475_uncultured.bacterium	0.7133	0.0099	TRUE
B154_f_Micrococcaceae	B1475_uncultured.bacterium	0.6786	0.0099	TRUE
B1119_Dietzia	B1475_uncultured.bacterium	0.6032	0.0396	TRUE
B413_f_Micrococcaceae	B1475_uncultured.bacterium	0.5335	0.0495	TRUE
B1295_Bacillus	B1475_uncultured.bacterium	0.5726	0.0297	TRUE
B1678_Bacillus	B1475_uncultured.bacterium	0.5846	0.0297	TRUE
B918_Bacillus	B1475_uncultured.bacterium	0.6369	0.0198	TRUE
B705_f_Sphingomonadaceae	B1475_uncultured.bacterium	0.7139	0.0099	TRUE
B1885_Paenibacillus	B1475_uncultured.bacterium	0.6559	0.0198	TRUE
B398_Rhodococcus	B1475_uncultured.bacterium	0.7415	0.0099	TRUE
F280_o_Polyporales	B1475_uncultured.bacterium	0.652	0.0297	TRUE
F6_Cladosporium	B1475_uncultured.bacterium	-0.6155	0.0396	FALSE
B712_f_Intrasporangiaceae	B1224_Blastococcus	0.6258	0.0099	TRUE
B98_Sphingomonas	B1224_Blastococcus	-0.7004	0.0198	FALSE
B607_Dietzia	B1224_Blastococcus	0.6723	0.0297	TRUE
B380_f_Micrococcaceae	B1224_Blastococcus	0.5302	0.0396	TRUE
B15_Sphingomonas	B1224_Blastococcus	-0.6999	0.0099	FALSE
B237_f_Micrococcaceae	B1224_Blastococcus	0.5571	0.0099	TRUE
B679_Georgenia	B1224_Blastococcus	0.6611	0.0099	TRUE
B13_Aureimonas	B1224_Blastococcus	-0.5283	0.0396	FALSE
B354_Paraburkholderia tropica	B1224_Blastococcus	0.707	0.0099	TRUE
B78_Sphingomonas	B1224_Blastococcus	-0.7264	0.0099	FALSE
B3_Sphingomonas	B1224_Blastococcus	-0.6002	0.0396	FALSE
B624_Ornithinimicrobium	B1224_Blastococcus	0.6685	0.0297	TRUE
B154_f_Micrococcaceae	B1224_Blastococcus	0.6276	0.0297	TRUE
B1119_Dietzia	B1224_Blastococcus	0.6169	0.0396	TRUE
B1295_Bacillus	B1224_Blastococcus	0.5848	0.0198	TRUE
B1678_Bacillus	B1224_Blastococcus	0.4981	0.0495	TRUE
B918_Bacillus	B1224_Blastococcus	0.589	0.0198	TRUE
B705_f_Sphingomonadaceae	B1224_Blastococcus	0.63	0.0198	TRUE
B1885_Paenibacillus	B1224_Blastococcus	0.5594	0.0198	TRUE
B398_Rhodococcus	B1224_Blastococcus	0.6836	0.0099	TRUE
F469_unidentified	B1224_Blastococcus	0.5691	0.0495	TRUE
F280_o_Polyporales	B1224_Blastococcus	0.6887	0.0198	TRUE
F6_Cladosporium	B1224_Blastococcus	-0.6805	0.0198	FALSE
F3362_o_NA	B2208_Sphingomonas	0.4232	0.0487	TRUE
F209_unidentified	B2208_Sphingomonas	0.5683	0.0235	TRUE
F407_Phanerochaete	B2208_Sphingomonas	0.5843	0.005	TRUE
F795_Colletotrichum	B2208_Sphingomonas	0.4703	0.0235	TRUE
F297_Coniothyrium	B2208_Sphingomonas	0.4757	0.0137	TRUE
B624_Ornithinimicrobium	B424_Williamsia	0.5483	0.0495	TRUE
B98_Sphingomonas	B712_f_Intrasporangiaceae	-0.7475	0.0297	FALSE
B607_Dietzia	B712_f_Intrasporangiaceae	0.7235	0.0099	TRUE
B15_Sphingomonas	B712_f_Intrasporangiaceae	-0.7739	0.0099	FALSE
B237_f_Micrococcaceae	B712_f_Intrasporangiaceae	0.6038	0.0099	TRUE
B679_Georgenia	B712_f_Intrasporangiaceae	0.6967	0.0198	TRUE
B354_Paraburkholderia tropica	B712_f_Intrasporangiaceae	0.7266	0.0198	TRUE
B35_Methylobacterium	B712_f_Intrasporangiaceae	-0.5932	0.0495	FALSE
B78_Sphingomonas	B712_f_Intrasporangiaceae	-0.7436	0.0099	FALSE
B3_Sphingomonas	B712_f_Intrasporangiaceae	-0.7195	0.0198	FALSE
B624_Ornithinimicrobium	B712_f_Intrasporangiaceae	0.7287	0.0099	TRUE
B154_f_Micrococcaceae	B712_f_Intrasporangiaceae	0.6859	0.0099	TRUE
B1119_Dietzia	B712_f_Intrasporangiaceae	0.6459	0.0297	TRUE
B1295_Bacillus	B712_f_Intrasporangiaceae	0.5388	0.0495	TRUE
B1678_Bacillus	B712_f_Intrasporangiaceae	0.5089	0.0396	TRUE
B918_Bacillus	B712_f_Intrasporangiaceae	0.6181	0.0198	TRUE
B705_f_Sphingomonadaceae	B712_f_Intrasporangiaceae	0.6804	0.0099	TRUE
B1885_Paenibacillus	B712_f_Intrasporangiaceae	0.5864	0.0297	TRUE
B398_Rhodococcus	B712_f_Intrasporangiaceae	0.6757	0.0099	TRUE
F280_o_Polyporales	B712_f_Intrasporangiaceae	0.6636	0.0297	TRUE
F429_Bjerkandera	B712_f_Intrasporangiaceae	0.4541	0.0495	TRUE
F6_Cladosporium	B712_f_Intrasporangiaceae	-0.7067	0.0198	FALSE
F114_unidentified	B636_Curtobacterium	-0.4876	0.0396	FALSE
F3_Moesziomyces	B636_Curtobacterium	0.4915	0.0396	TRUE
B607_Dietzia	B98_Sphingomonas	-0.7588	0.0198	FALSE
B380_f_Micrococcaceae	B98_Sphingomonas	-0.5933	0.0099	FALSE
B15_Sphingomonas	B98_Sphingomonas	0.9155	0.0099	TRUE
B237_f_Micrococcaceae	B98_Sphingomonas	-0.6627	0.0198	FALSE
B679_Georgenia	B98_Sphingomonas	-0.7873	0.0099	FALSE
B13_Aureimonas	B98_Sphingomonas	0.6741	0.0198	TRUE
B354_Paraburkholderia tropica	B98_Sphingomonas	-0.8522	0.0099	FALSE
B2166_Siphonobacter	B98_Sphingomonas	0.5445	0.0396	TRUE
B78_Sphingomonas	B98_Sphingomonas	0.8829	0.0099	TRUE
B3_Sphingomonas	B98_Sphingomonas	0.8023	0.0099	TRUE
B624_Ornithinimicrobium	B98_Sphingomonas	-0.8054	0.0297	FALSE
B154_f_Micrococcaceae	B98_Sphingomonas	-0.7341	0.0198	FALSE
B1119_Dietzia	B98_Sphingomonas	-0.7246	0.0099	FALSE
B413_f_Micrococcaceae	B98_Sphingomonas	-0.6018	0.0297	FALSE
B1295_Bacillus	B98_Sphingomonas	-0.6332	0.0297	FALSE
B1678_Bacillus	B98_Sphingomonas	-0.5826	0.0198	FALSE
B918_Bacillus	B98_Sphingomonas	-0.6782	0.0099	FALSE
B705_f_Sphingomonadaceae	B98_Sphingomonas	-0.7366	0.0198	FALSE
B1885_Paenibacillus	B98_Sphingomonas	-0.7083	0.0099	FALSE
B398_Rhodococcus	B98_Sphingomonas	-0.8115	0.0099	FALSE
F469_unidentified	B98_Sphingomonas	-0.6399	0.0495	FALSE
F280_o_Polyporales	B98_Sphingomonas	-0.7688	0.0099	FALSE
F6_Cladosporium	B98_Sphingomonas	0.8226	0.0099	TRUE
F5_Alternaria	B98_Sphingomonas	0.6409	0.0495	TRUE
B13_Aureimonas	B16_Sphingomonas	0.5513	0.0495	TRUE
B2166_Siphonobacter	B16_Sphingomonas	0.5291	0.0396	TRUE
B7_Curtobacterium	B16_Sphingomonas	0.6564	0.0396	TRUE
B27_Mucilaginibacter	B16_Sphingomonas	0.6198	0.0495	TRUE
F3362_o_NA	B16_Sphingomonas	0.5937	0.0198	TRUE
F209_unidentified	B16_Sphingomonas	0.4373	0.0495	TRUE
F11_Sarocladium	B16_Sphingomonas	0.6332	0.0297	TRUE
F48_unidentified	B400_f_Micrococcaceae	0.444	0.0396	TRUE
F429_Bjerkandera	B400_f_Micrococcaceae	0.454	0.0395	TRUE
B607_Dietzia	B2075_Bacillus	0.4349	0.0297	TRUE
B15_Sphingomonas	B2075_Bacillus	-0.492	0.0495	FALSE
F100_Talaromyces	B2329_Dietzia	0.3943	0.0334	TRUE
B15_Sphingomonas	B607_Dietzia	-0.784	0.0099	FALSE
B237_f_Micrococcaceae	B607_Dietzia	0.5971	0.0198	TRUE
B679_Georgenia	B607_Dietzia	0.6919	0.0099	TRUE
B13_Aureimonas	B607_Dietzia	-0.5418	0.0495	FALSE
B354_Paraburkholderia tropica	B607_Dietzia	0.7655	0.0297	TRUE
B78_Sphingomonas	B607_Dietzia	-0.7445	0.0198	FALSE
B3_Sphingomonas	B607_Dietzia	-0.7257	0.0099	FALSE
B624_Ornithinimicrobium	B607_Dietzia	0.7354	0.0099	TRUE
B154_f_Micrococcaceae	B607_Dietzia	0.6441	0.0396	TRUE
B1119_Dietzia	B607_Dietzia	0.5933	0.0099	TRUE
B918_Bacillus	B607_Dietzia	0.6852	0.0099	TRUE
B705_f_Sphingomonadaceae	B607_Dietzia	0.6874	0.0198	TRUE
B1885_Paenibacillus	B607_Dietzia	0.6515	0.0099	TRUE
B398_Rhodococcus	B607_Dietzia	0.7507	0.0198	TRUE
F469_unidentified	B607_Dietzia	0.5378	0.0495	TRUE
F280_o_Polyporales	B607_Dietzia	0.6898	0.0198	TRUE
F6_Cladosporium	B607_Dietzia	-0.6963	0.0099	FALSE
B3440_Sphingomonas	B2549_f_Intrasporangiaceae	0.4428	0.0395	TRUE
F48_unidentified	B2549_f_Intrasporangiaceae	0.5537	0.0396	TRUE
F28_f_Hypocreales_fam_Incertae_sedis	B2549_f_Intrasporangiaceae	0.5707	0.0494	TRUE
B15_Sphingomonas	B380_f_Micrococcaceae	-0.6027	0.0495	FALSE
B679_Georgenia	B380_f_Micrococcaceae	0.5509	0.0198	TRUE
B354_Paraburkholderia tropica	B380_f_Micrococcaceae	0.6291	0.0198	TRUE
B78_Sphingomonas	B380_f_Micrococcaceae	-0.5702	0.0297	FALSE
B624_Ornithinimicrobium	B380_f_Micrococcaceae	0.5304	0.0495	TRUE
B154_f_Micrococcaceae	B380_f_Micrococcaceae	0.5715	0.0198	TRUE
B413_f_Micrococcaceae	B380_f_Micrococcaceae	0.4735	0.0495	TRUE
B1295_Bacillus	B380_f_Micrococcaceae	0.4735	0.0297	TRUE
B918_Bacillus	B380_f_Micrococcaceae	0.4954	0.0396	TRUE
B398_Rhodococcus	B380_f_Micrococcaceae	0.6083	0.0099	TRUE
F280_o_Polyporales	B380_f_Micrococcaceae	0.5582	0.0099	TRUE
B237_f_Micrococcaceae	B15_Sphingomonas	-0.6209	0.0297	FALSE
B679_Georgenia	B15_Sphingomonas	-0.7963	0.0099	FALSE
B13_Aureimonas	B15_Sphingomonas	0.7449	0.0099	TRUE
B68_Chryseobacterium	B15_Sphingomonas	0.5675	0.0297	TRUE
B354_Paraburkholderia tropica	B15_Sphingomonas	-0.888	0.0198	FALSE
B35_Methylobacterium	B15_Sphingomonas	0.6717	0.0396	TRUE
B2166_Siphonobacter	B15_Sphingomonas	0.5633	0.0297	TRUE
B78_Sphingomonas	B15_Sphingomonas	0.8727	0.0099	TRUE
B3_Sphingomonas	B15_Sphingomonas	0.8567	0.0099	TRUE
B624_Ornithinimicrobium	B15_Sphingomonas	-0.7966	0.0099	FALSE
B154_f_Micrococcaceae	B15_Sphingomonas	-0.7341	0.0099	FALSE
B1119_Dietzia	B15_Sphingomonas	-0.6872	0.0099	FALSE
B413_f_Micrococcaceae	B15_Sphingomonas	-0.6168	0.0297	FALSE
B1295_Bacillus	B15_Sphingomonas	-0.6175	0.0495	FALSE
B1589_Bacillus	B15_Sphingomonas	-0.5113	0.0297	FALSE
B1678_Bacillus	B15_Sphingomonas	-0.5963	0.0495	FALSE
B918_Bacillus	B15_Sphingomonas	-0.7226	0.0297	FALSE
B705_f_Sphingomonadaceae	B15_Sphingomonas	-0.7575	0.0198	FALSE
B1885_Paenibacillus	B15_Sphingomonas	-0.7157	0.0099	FALSE
B398_Rhodococcus	B15_Sphingomonas	-0.8426	0.0099	FALSE
F469_unidentified	B15_Sphingomonas	-0.6016	0.0495	FALSE
F48_unidentified	B15_Sphingomonas	-0.5446	0.0495	FALSE
F280_o_Polyporales	B15_Sphingomonas	-0.775	0.0198	FALSE
F429_Bjerkandera	B15_Sphingomonas	-0.5947	0.0297	FALSE
F6_Cladosporium	B15_Sphingomonas	0.7868	0.0297	TRUE
F4190_Knufia	B2958_Rhodococcus	0.4927	0.005	TRUE
F745_Penicillium	B2958_Rhodococcus	0.4517	0.0235	TRUE
B354_Paraburkholderia tropica	B237_f_Micrococcaceae	0.6436	0.0099	TRUE
B35_Methylobacterium	B237_f_Micrococcaceae	-0.5718	0.0099	FALSE
B78_Sphingomonas	B237_f_Micrococcaceae	-0.6617	0.0099	FALSE
B3_Sphingomonas	B237_f_Micrococcaceae	-0.5291	0.0495	FALSE
B624_Ornithinimicrobium	B237_f_Micrococcaceae	0.6054	0.0198	TRUE
B154_f_Micrococcaceae	B237_f_Micrococcaceae	0.6289	0.0099	TRUE
B1119_Dietzia	B237_f_Micrococcaceae	0.558	0.0099	TRUE
B1295_Bacillus	B237_f_Micrococcaceae	0.5306	0.0396	TRUE
B1678_Bacillus	B237_f_Micrococcaceae	0.5199	0.0297	TRUE
B398_Rhodococcus	B237_f_Micrococcaceae	0.6039	0.0297	TRUE
F280_o_Polyporales	B237_f_Micrococcaceae	0.5912	0.0198	TRUE
F6_Cladosporium	B237_f_Micrococcaceae	-0.5692	0.0495	FALSE
B13_Aureimonas	B19_Xanthomonas	-0.6819	0.0495	FALSE
B68_Chryseobacterium	B19_Xanthomonas	-0.6	0.0495	FALSE
B2166_Siphonobacter	B19_Xanthomonas	-0.6701	0.0297	FALSE
B27_Mucilaginibacter	B19_Xanthomonas	-0.6508	0.0495	FALSE
F3362_o_NA	B19_Xanthomonas	-0.6009	0.0297	FALSE
F1179_unidentified	B19_Xanthomonas	-0.6412	0.0297	FALSE
F8_unidentified	B19_Xanthomonas	0.6572	0.0495	TRUE
F3_Moesziomyces	B19_Xanthomonas	0.6999	0.0198	TRUE
F32_Tilletia	B19_Xanthomonas	-0.6651	0.0396	FALSE
F51_Papiliotrema	B19_Xanthomonas	0.7066	0.0198	TRUE
F11_Sarocladium	B19_Xanthomonas	-0.7045	0.0297	FALSE
B354_Paraburkholderia tropica	B679_Georgenia	0.7526	0.0099	TRUE
B35_Methylobacterium	B679_Georgenia	-0.6823	0.0396	FALSE
B78_Sphingomonas	B679_Georgenia	-0.8	0.0099	FALSE
B3_Sphingomonas	B679_Georgenia	-0.6597	0.0198	FALSE
B624_Ornithinimicrobium	B679_Georgenia	0.7212	0.0099	TRUE
B154_f_Micrococcaceae	B679_Georgenia	0.6279	0.0396	TRUE
B1119_Dietzia	B679_Georgenia	0.6363	0.0198	TRUE
B1295_Bacillus	B679_Georgenia	0.5804	0.0495	TRUE
B1678_Bacillus	B679_Georgenia	0.5858	0.0396	TRUE
B918_Bacillus	B679_Georgenia	0.6782	0.0099	TRUE
B705_f_Sphingomonadaceae	B679_Georgenia	0.6755	0.0198	TRUE
B1885_Paenibacillus	B679_Georgenia	0.6647	0.0198	TRUE
B398_Rhodococcus	B679_Georgenia	0.7428	0.0099	TRUE
F280_o_Polyporales	B679_Georgenia	0.7036	0.0099	TRUE
F425_Fusarium	B679_Georgenia	0.5038	0.0495	TRUE
F6_Cladosporium	B679_Georgenia	-0.7011	0.0198	FALSE
B68_Chryseobacterium	B13_Aureimonas	0.765	0.0099	TRUE
B354_Paraburkholderia tropica	B13_Aureimonas	-0.7011	0.0297	FALSE
B2166_Siphonobacter	B13_Aureimonas	0.7703	0.0099	TRUE
B27_Mucilaginibacter	B13_Aureimonas	0.6763	0.0396	TRUE
F3362_o_NA	B13_Aureimonas	0.6603	0.0297	TRUE
F27_Curvularia	B13_Aureimonas	0.5982	0.0495	TRUE
F1071_Hericium	B13_Aureimonas	0.4493	0.0495	TRUE
F795_Colletotrichum	B13_Aureimonas	0.4329	0.0396	TRUE
F11_Sarocladium	B13_Aureimonas	0.7085	0.0297	TRUE
F6_Cladosporium	B13_Aureimonas	0.6163	0.0396	TRUE
B2166_Siphonobacter	B68_Chryseobacterium	0.7	0.0297	TRUE
B27_Mucilaginibacter	B68_Chryseobacterium	0.5709	0.0297	TRUE
F3362_o_NA	B68_Chryseobacterium	0.5327	0.0297	TRUE
F114_unidentified	B179_Mucilaginibacter	-0.3935	0.0198	FALSE
B35_Methylobacterium	B354_Paraburkholderia.tropica	-0.7291	0.0198	FALSE
B2166_Siphonobacter	B354_Paraburkholderia.tropica	-0.5181	0.0396	FALSE
B78_Sphingomonas	B354_Paraburkholderia.tropica	-0.8358	0.0198	FALSE
B3_Sphingomonas	B354_Paraburkholderia.tropica	-0.736	0.0198	FALSE
B624_Ornithinimicrobium	B354_Paraburkholderia.tropica	0.7377	0.0198	TRUE
B154_f_Micrococcaceae	B354_Paraburkholderia.tropica	0.7305	0.0099	TRUE
B1119_Dietzia	B354_Paraburkholderia.tropica	0.6402	0.0198	TRUE
B413_f_Micrococcaceae	B354_Paraburkholderia.tropica	0.5665	0.0495	TRUE
B489_f_Micrococcaceae	B354_Paraburkholderia.tropica	0.5694	0.0396	TRUE
B1295_Bacillus	B354_Paraburkholderia.tropica	0.5775	0.0495	TRUE
B1678_Bacillus	B354_Paraburkholderia.tropica	0.5976	0.0297	TRUE
B918_Bacillus	B354_Paraburkholderia.tropica	0.7475	0.0198	TRUE
B705_f_Sphingomonadaceae	B354_Paraburkholderia.tropica	0.7057	0.0099	TRUE
B1885_Paenibacillus	B354_Paraburkholderia.tropica	0.6775	0.0297	TRUE
B398_Rhodococcus	B354_Paraburkholderia.tropica	0.8061	0.0297	TRUE
F469_unidentified	B354_Paraburkholderia.tropica	0.6132	0.0396	TRUE
F280_o_Polyporales	B354_Paraburkholderia.tropica	0.7375	0.0099	TRUE
F28_f_Hypocreales_fam_Incertae_sedis	B354_Paraburkholderia.tropica	0.5722	0.0495	TRUE
F6_Cladosporium	B354_Paraburkholderia.tropica	-0.7126	0.0099	FALSE
B35_Methylobacterium	B1_Pantoea	-0.6662	0.0297	FALSE
B1165_Sphingomonas	B1_Pantoea	-0.6396	0.0297	FALSE
B4_Pantoea	B1_Pantoea	0.7783	0.0099	TRUE
F1190_Montagnula	B1_Pantoea	-0.55	0.0297	FALSE
F177_unidentified	B1_Pantoea	-0.7244	0.0198	FALSE
F4240_Paraconiothyrium	B1_Pantoea	-0.5718	0.0297	FALSE
F313_Papiliotrema	B1_Pantoea	-0.7459	0.0297	FALSE
F328_Phaeosphaeria	B1_Pantoea	-0.6104	0.0198	FALSE
F45_f_Didymellaceae	B1_Pantoea	-0.6206	0.0198	FALSE
F231_Bullera	B1_Pantoea	-0.7139	0.0099	FALSE
F207_o_Tremellales	B1_Pantoea	-0.6797	0.0099	FALSE
B1295_Bacillus	B524_f_Micrococcaceae	0.4387	0.0396	TRUE
B78_Sphingomonas	B35_Methylobacterium	0.8434	0.0198	TRUE
B14_Burkholderia-Caballeronia-Paraburkholderia	B35_Methylobacterium	0.5454	0.0396	TRUE
B7_Curtobacterium	B35_Methylobacterium	0.924	0.0099	TRUE
B918_Bacillus	B35_Methylobacterium	-0.6279	0.0198	FALSE
B705_f_Sphingomonadaceae	B35_Methylobacterium	-0.5949	0.0495	FALSE
F280_o_Polyporales	B35_Methylobacterium	-0.6032	0.0396	FALSE
F51_Papiliotrema	B35_Methylobacterium	0.6909	0.0297	TRUE
F28_f_Hypocreales_fam_Incertae_sedis	B35_Methylobacterium	-0.5804	0.0297	FALSE
F3362_o_NA	B2166_Siphonobacter	0.5502	0.0495	TRUE
F1071_Hericium	B2166_Siphonobacter	0.4093	0.0494	TRUE
F11_Sarocladium	B2166_Siphonobacter	0.5686	0.0297	TRUE
F114_unidentified	B720_Dongia	-0.4303	0.0396	FALSE
B4_Pantoea	B1165_Sphingomonas	-0.5316	0.0396	FALSE
F862_o_NA	B1165_Sphingomonas	0.423	0.0433	TRUE
F1190_Montagnula	B1165_Sphingomonas	0.4012	0.0433	TRUE
F177_unidentified	B1165_Sphingomonas	0.4479	0.0487	TRUE
F4240_Paraconiothyrium	B1165_Sphingomonas	0.4291	0.0433	TRUE
F313_Papiliotrema	B1165_Sphingomonas	0.4813	0.0388	TRUE
F45_f_Didymellaceae	B1165_Sphingomonas	0.5162	0.0334	TRUE
F231_Bullera	B1165_Sphingomonas	0.5109	0.0289	TRUE
F47_f_Phaeosphaeriaceae	B28_Burkholderia.Caballeronia.Paraburkholderia	0.3966	0.0334	TRUE
F71_Papiliotrema	B28_Burkholderia.Caballeronia.Paraburkholderia	0.451	0.0334	TRUE
F582_Mycoleptodiscus	B28_Burkholderia.Caballeronia.Paraburkholderia	0.4921	0.0289	TRUE
B14_Burkholderia-Caballeronia-Paraburkholderia	B78_Sphingomonas	0.5461	0.0495	TRUE
B7_Curtobacterium	B78_Sphingomonas	0.7421	0.0198	TRUE
B3_Sphingomonas	B78_Sphingomonas	0.7756	0.0099	TRUE
B624_Ornithinimicrobium	B78_Sphingomonas	-0.7659	0.0099	FALSE
B154_f_Micrococcaceae	B78_Sphingomonas	-0.7193	0.0297	FALSE
B1119_Dietzia	B78_Sphingomonas	-0.6701	0.0198	FALSE
B1295_Bacillus	B78_Sphingomonas	-0.6038	0.0297	FALSE
B1678_Bacillus	B78_Sphingomonas	-0.6013	0.0396	FALSE
B918_Bacillus	B78_Sphingomonas	-0.7241	0.0198	FALSE
B705_f_Sphingomonadaceae	B78_Sphingomonas	-0.7382	0.0099	FALSE
B1885_Paenibacillus	B78_Sphingomonas	-0.7065	0.0198	FALSE
B398_Rhodococcus	B78_Sphingomonas	-0.83	0.0099	FALSE
F280_o_Polyporales	B78_Sphingomonas	-0.7753	0.0099	FALSE
F6_Cladosporium	B78_Sphingomonas	0.7292	0.0495	TRUE
B3_Sphingomonas	B14_Burkholderia.Caballeronia.Paraburkholderia	0.5379	0.0495	TRUE
F16_Pyricularia	B14_Burkholderia.Caballeronia.Paraburkholderia	-0.495	0.0495	FALSE
F469_unidentified	B3117_Bacillus	0.4343	0.0395	TRUE
B234_f_Cellulomonadaceae	B2263_Rhodococcus	0.4555	0.0395	TRUE
F425_Fusarium	B2263_Rhodococcus	0.497	0.0494	TRUE
F4_o_Pleosporales	B7_Curtobacterium	0.6939	0.0396	TRUE
B624_Ornithinimicrobium	B3_Sphingomonas	-0.6706	0.0198	FALSE
B154_f_Micrococcaceae	B3_Sphingomonas	-0.685	0.0099	FALSE
B1119_Dietzia	B3_Sphingomonas	-0.5946	0.0198	FALSE
B918_Bacillus	B3_Sphingomonas	-0.6487	0.0396	FALSE
B705_f_Sphingomonadaceae	B3_Sphingomonas	-0.6417	0.0297	FALSE
B398_Rhodococcus	B3_Sphingomonas	-0.7303	0.0396	FALSE
F131_unidentified	B3_Sphingomonas	-0.5677	0.0297	FALSE
F16_Pyricularia	B3_Sphingomonas	-0.6167	0.0495	FALSE
F3_Moesziomyces	B3_Sphingomonas	0.5965	0.0396	TRUE
F280_o_Polyporales	B3_Sphingomonas	-0.7489	0.0099	FALSE
F28_f_Hypocreales_fam_Incertae_sedis	B3_Sphingomonas	-0.5791	0.0297	FALSE
F6_Cladosporium	B3_Sphingomonas	0.6732	0.0297	TRUE
F114_unidentified	B4888_Atopobium	-0.5383	0.0396	FALSE
B154_f_Micrococcaceae	B624_Ornithinimicrobium	0.6205	0.0297	TRUE
B1119_Dietzia	B624_Ornithinimicrobium	0.6925	0.0297	TRUE
B413_f_Micrococcaceae	B624_Ornithinimicrobium	0.5613	0.0396	TRUE
B1295_Bacillus	B624_Ornithinimicrobium	0.5715	0.0495	TRUE
B1678_Bacillus	B624_Ornithinimicrobium	0.5763	0.0396	TRUE
B918_Bacillus	B624_Ornithinimicrobium	0.6521	0.0099	TRUE
B705_f_Sphingomonadaceae	B624_Ornithinimicrobium	0.7142	0.0198	TRUE
B1885_Paenibacillus	B624_Ornithinimicrobium	0.6489	0.0297	TRUE
B398_Rhodococcus	B624_Ornithinimicrobium	0.7415	0.0099	TRUE
F469_unidentified	B624_Ornithinimicrobium	0.5884	0.0297	TRUE
F280_o_Polyporales	B624_Ornithinimicrobium	0.6754	0.0099	TRUE
F6_Cladosporium	B624_Ornithinimicrobium	-0.7836	0.0099	FALSE
F582_Mycoleptodiscus	B624_Ornithinimicrobium	-0.4119	0.0495	FALSE
B1119_Dietzia	B154_f_Micrococcaceae	0.5871	0.0099	TRUE
B413_f_Micrococcaceae	B154_f_Micrococcaceae	0.5186	0.0297	TRUE
B1295_Bacillus	B154_f_Micrococcaceae	0.5538	0.0297	TRUE
B918_Bacillus	B154_f_Micrococcaceae	0.5953	0.0495	TRUE
B705_f_Sphingomonadaceae	B154_f_Micrococcaceae	0.655	0.0099	TRUE
B398_Rhodococcus	B154_f_Micrococcaceae	0.6668	0.0099	TRUE
F280_o_Polyporales	B154_f_Micrococcaceae	0.593	0.0297	TRUE
F6_Cladosporium	B154_f_Micrococcaceae	-0.6882	0.0297	FALSE
B1295_Bacillus	B1119_Dietzia	0.5283	0.0297	TRUE
B918_Bacillus	B1119_Dietzia	0.5644	0.0297	TRUE
B705_f_Sphingomonadaceae	B1119_Dietzia	0.573	0.0198	TRUE
B1885_Paenibacillus	B1119_Dietzia	0.5351	0.0495	TRUE
B398_Rhodococcus	B1119_Dietzia	0.7119	0.0099	TRUE
F280_o_Polyporales	B1119_Dietzia	0.5884	0.0198	TRUE
F6_Cladosporium	B1119_Dietzia	-0.6854	0.0198	FALSE
F47_f_Phaeosphaeriaceae	B95_Allorhizobium.Neorhizobium.Pararhizobium.Rhizobium	0.493	0.0433	TRUE
F71_Papiliotrema	B95_Allorhizobium.Neorhizobium.Pararhizobium.Rhizobium	0.4067	0.0334	TRUE
F582_Mycoleptodiscus	B95_Allorhizobium.Neorhizobium.Pararhizobium.Rhizobium	0.4758	0.0388	TRUE
B705_f_Sphingomonadaceae	B413_f_Micrococcaceae	0.4913	0.0495	TRUE
F280_o_Polyporales	B413_f_Micrococcaceae	0.5653	0.0198	TRUE
B398_Rhodococcus	B1295_Bacillus	0.5448	0.0396	TRUE
F469_unidentified	B1295_Bacillus	0.5387	0.0198	TRUE
F280_o_Polyporales	B1295_Bacillus	0.543	0.0495	TRUE
F6_Cladosporium	B1295_Bacillus	-0.5382	0.0495	FALSE
B705_f_Sphingomonadaceae	B1678_Bacillus	0.5412	0.0297	TRUE
B1885_Paenibacillus	B1678_Bacillus	0.5325	0.0396	TRUE
B398_Rhodococcus	B1678_Bacillus	0.5984	0.0297	TRUE
F280_o_Polyporales	B1678_Bacillus	0.5725	0.0495	TRUE
F6_Cladosporium	B1678_Bacillus	-0.5788	0.0297	FALSE
B705_f_Sphingomonadaceae	B918_Bacillus	0.5626	0.0495	TRUE
B1885_Paenibacillus	B918_Bacillus	0.6126	0.0099	TRUE
B398_Rhodococcus	B918_Bacillus	0.6482	0.0396	TRUE
F280_o_Polyporales	B918_Bacillus	0.5735	0.0198	TRUE
F177_unidentified	B12_Novosphingobium	0.5835	0.0396	TRUE
F313_Papiliotrema	B12_Novosphingobium	0.5736	0.0297	TRUE
F51_Papiliotrema	B12_Novosphingobium	0.6271	0.0198	TRUE
F1698_Moesziomyces	B234_f_Cellulomonadaceae	0.3707	0.0487	TRUE
F2547_unidentified	B234_f_Cellulomonadaceae	0.4584	0.0487	TRUE
F425_Fusarium	B234_f_Cellulomonadaceae	0.5421	0.0296	TRUE
F1821_Penicillium	B234_f_Cellulomonadaceae	0.4871	0.0487	TRUE
B1885_Paenibacillus	B705_f_Sphingomonadaceae	0.4965	0.0297	TRUE
B398_Rhodococcus	B705_f_Sphingomonadaceae	0.7263	0.0099	TRUE
F280_o_Polyporales	B705_f_Sphingomonadaceae	0.6485	0.0396	TRUE
F28_f_Hypocreales_fam_Incertae_sedis	B705_f_Sphingomonadaceae	0.5413	0.0198	TRUE
F6_Cladosporium	B705_f_Sphingomonadaceae	-0.666	0.0297	FALSE
F114_unidentified	B2691_uncultured	-0.6375	0.0099	FALSE
F114_unidentified	B2424_Flectobacillus	-0.5679	0.0297	FALSE
B398_Rhodococcus	B1885_Paenibacillus	0.6908	0.0099	TRUE
F280_o_Polyporales	B1885_Paenibacillus	0.6221	0.0198	TRUE
F6_Cladosporium	B1885_Paenibacillus	-0.6427	0.0099	FALSE
F469_unidentified	B398_Rhodococcus	0.5668	0.0495	TRUE
F280_o_Polyporales	B398_Rhodococcus	0.7476	0.0099	TRUE
F28_f_Hypocreales_fam_Incertae_sedis	B398_Rhodococcus	0.5559	0.0396	TRUE
F6_Cladosporium	B398_Rhodococcus	-0.72	0.0198	FALSE
F862_o_NA	B4_Pantoea	-0.4685	0.0495	FALSE
F358_unidentified	B4_Pantoea	-0.4895	0.0396	FALSE
F4240_Paraconiothyrium	B4_Pantoea	-0.5063	0.0396	FALSE
F328_Phaeosphaeria	B4_Pantoea	-0.5365	0.0495	FALSE
F45_f_Didymellaceae	B4_Pantoea	-0.5856	0.0198	FALSE
F353_Diaporthe	B4_Pantoea	-0.6197	0.0099	FALSE
F3362_o_NA	B27_Mucilaginibacter	0.6319	0.0197	TRUE
F1179_unidentified	B27_Mucilaginibacter	0.6201	0.0198	TRUE
F209_unidentified	B27_Mucilaginibacter	0.415	0.0487	TRUE
F27_Curvularia	B27_Mucilaginibacter	0.5937	0.0495	TRUE
F32_Tilletia	B27_Mucilaginibacter	0.5841	0.0396	TRUE
F11_Sarocladium	B27_Mucilaginibacter	0.6943	0.0198	TRUE
F178_Schizopora	B27_Mucilaginibacter	0.5794	0.0099	TRUE
F431_Coprinopsis	F458_Endoxyla	0.526	0.0137	TRUE
F81_Cladosporium	F61_o_Pleosporales	0.6914	0.0297	TRUE
F84_Tilletia	F61_o_Pleosporales	0.5627	0.0495	TRUE
F48_unidentified	F131_unidentified	0.5371	0.0495	TRUE
F16_Pyricularia	F131_unidentified	0.6338	0.0495	TRUE
F2_Nigrospora	F131_unidentified	-0.6485	0.0099	FALSE
F28_f_Hypocreales_fam_Incertae_sedis	F131_unidentified	0.5808	0.0495	TRUE
F1596_Peniophorella	F69_o_Pleosporales	0.4852	0.0433	TRUE
F398_Diaporthe	F69_o_Pleosporales	0.4733	0.0235	TRUE
F202_Pseudozyma	F69_o_Pleosporales	0.4431	0.0334	TRUE
F638_Ceriporia	F69_o_Pleosporales	0.4495	0.0235	TRUE
F310_unidentified	F69_o_Pleosporales	0.4461	0.0494	TRUE
F55_f_Nectriaceae	F69_o_Pleosporales	0.5047	0.0235	TRUE
F1821_Penicillium	F69_o_Pleosporales	0.5061	0.0433	TRUE
F448_Perenniporia	F69_o_Pleosporales	0.4792	0.0289	TRUE
F2547_unidentified	F1698_Moesziomyces	0.4719	0.0433	TRUE
F1596_Peniophorella	F1698_Moesziomyces	0.5036	0.0235	TRUE
F398_Diaporthe	F1698_Moesziomyces	0.433	0.0334	TRUE
F55_f_Nectriaceae	F1698_Moesziomyces	0.4402	0.0433	TRUE
F100_Talaromyces	F1698_Moesziomyces	0.5012	0.0334	TRUE
F1821_Penicillium	F1698_Moesziomyces	0.5057	0.0433	TRUE
F4190_Knufia	F5458_o_NA	0.3942	0.0334	TRUE
F1505_Vishniacozyma	F5458_o_NA	0.4354	0.0433	TRUE
F65_Sarocladium	F5458_o_NA	0.4022	0.0433	TRUE
F1915_Phlebia	F222_o_NA	0.4838	0.0433	TRUE
F469_unidentified	F222_o_NA	0.4632	0.0289	TRUE
F5936_Periconia	F222_o_NA	0.5646	0.005	TRUE
F260_Schizopora	F222_o_NA	0.5894	0.0137	TRUE
F1179_unidentified	F3362_o_NA	0.5048	0.0396	TRUE
F209_unidentified	F3362_o_NA	0.4532	0.0487	TRUE
F27_Curvularia	F3362_o_NA	0.5971	0.0099	TRUE
F404_Curvularia	F3362_o_NA	0.4572	0.0388	TRUE
F407_Phanerochaete	F3362_o_NA	0.4851	0.0487	TRUE
F11_Sarocladium	F3362_o_NA	0.6635	0.0099	TRUE
F431_Coprinopsis	F1617_o_Pleosporales	0.5186	0.005	TRUE
F1590_o_Pleosporales	F1617_o_Pleosporales	0.4988	0.0137	TRUE
F1596_Peniophorella	F2547_unidentified	0.5169	0.0137	TRUE
F55_f_Nectriaceae	F2547_unidentified	0.4732	0.0334	TRUE
F1821_Penicillium	F2547_unidentified	0.5487	0.0137	TRUE
F398_Diaporthe	F1596_Peniophorella	0.4841	0.0334	TRUE
F525_Phyllozyma	F1596_Peniophorella	0.4679	0.0334	TRUE
F310_unidentified	F1596_Peniophorella	0.527	0.0494	TRUE
F580_Psathyrella	F1596_Peniophorella	0.3596	0.0433	TRUE
F55_f_Nectriaceae	F1596_Peniophorella	0.5492	0.0137	TRUE
F1613_Penicillium	F1596_Peniophorella	0.4254	0.0334	TRUE
F1821_Penicillium	F1596_Peniophorella	0.4699	0.0235	TRUE
F448_Perenniporia	F1596_Peniophorella	0.4859	0.0289	TRUE
F2_Nigrospora	F1179_unidentified	-0.7171	0.0099	FALSE
F3_Moesziomyces	F1179_unidentified	-0.6035	0.0495	FALSE
F27_Curvularia	F1179_unidentified	0.7496	0.0396	TRUE
F11_Sarocladium	F1179_unidentified	0.5683	0.0198	TRUE
F84_Tilletia	F1179_unidentified	0.4987	0.0495	TRUE
F89_Aureobasidium	F1179_unidentified	0.7647	0.0099	TRUE
F5936_Periconia	F1915_Phlebia	0.5221	0.0334	TRUE
F260_Schizopora	F1915_Phlebia	0.6019	0.0235	TRUE
F1590_o_Pleosporales	F431_Coprinopsis	0.5928	0.0137	TRUE
F45_f_Didymellaceae	F862_o_NA	0.4616	0.0334	TRUE
F280_o_Polyporales	F469_unidentified	0.5642	0.0396	TRUE
F65_Sarocladium	F1070_o_NA	0.4156	0.0433	TRUE
F404_Curvularia	F1399_o_NA	0.5378	0.005	TRUE
F1190_Montagnula	F358_unidentified	0.4662	0.0334	TRUE
F4240_Paraconiothyrium	F358_unidentified	0.4332	0.0334	TRUE
F47_f_Phaeosphaeriaceae	F54_Pyrenochaetopsis	0.4903	0.0235	TRUE
F605_o_Pleosporales	F54_Pyrenochaetopsis	0.4326	0.0433	TRUE
F582_Mycoleptodiscus	F54_Pyrenochaetopsis	0.5435	0.0289	TRUE
F26_unidentified	F8_unidentified	0.5961	0.0495	TRUE
F2_Nigrospora	F8_unidentified	0.7172	0.0099	TRUE
F51_Papiliotrema	F8_unidentified	0.7336	0.0198	TRUE
F233_Periconia	F4177_o_NA	0.3432	0.0433	TRUE
F18_f_Phaeosphaeriaceae	F48_unidentified	0.5688	0.0396	TRUE
F429_Bjerkandera	F48_unidentified	0.6468	0.0297	TRUE
F28_f_Hypocreales_fam_Incertae_sedis	F48_unidentified	0.6389	0.0396	TRUE
F1505_Vishniacozyma	F4190_Knufia	0.464	0.0433	TRUE
F65_Sarocladium	F4190_Knufia	0.5815	0.0235	TRUE
F745_Penicillium	F4190_Knufia	0.5461	0.0137	TRUE
F3_Moesziomyces	F26_unidentified	0.5749	0.0495	TRUE
F190_Irpex	F26_unidentified	0.656	0.0098	TRUE
F51_Papiliotrema	F26_unidentified	0.6274	0.0198	TRUE
F313_Papiliotrema	F1190_Montagnula	0.4612	0.0487	TRUE
F45_f_Didymellaceae	F1190_Montagnula	0.4742	0.0235	TRUE
F202_Pseudozyma	F398_Diaporthe	0.4636	0.0137	TRUE
F638_Ceriporia	F398_Diaporthe	0.4466	0.0235	TRUE
F669_Protomerulius	F398_Diaporthe	0.4588	0.0433	TRUE
F55_f_Nectriaceae	F398_Diaporthe	0.4758	0.0334	TRUE
F12_o_Pleosporales	F16_Pyricularia	0.6457	0.0297	TRUE
F36_Moesziomyces	F16_Pyricularia	0.63	0.0495	TRUE
F28_f_Hypocreales_fam_Incertae_sedis	F16_Pyricularia	0.5608	0.0198	TRUE
F3_Moesziomyces	F2_Nigrospora	0.7676	0.0198	TRUE
F12_o_Pleosporales	F2_Nigrospora	-0.7582	0.0198	FALSE
F178_Schizopora	F2_Nigrospora	-0.593	0.0495	FALSE
F89_Aureobasidium	F2_Nigrospora	-0.7447	0.0198	FALSE
F209_unidentified	F1920_Roussoella	0.4539	0.0433	TRUE
F407_Phanerochaete	F1920_Roussoella	0.5157	0.0137	TRUE
F795_Colletotrichum	F1920_Roussoella	0.3933	0.0433	TRUE
F404_Curvularia	F233_Periconia	0.4531	0.0235	TRUE
F638_Ceriporia	F525_Phyllozyma	0.4701	0.0433	TRUE
F55_f_Nectriaceae	F525_Phyllozyma	0.48	0.0334	TRUE
F100_Talaromyces	F525_Phyllozyma	0.4552	0.0433	TRUE
F47_f_Phaeosphaeriaceae	F226_Saitozyma	0.4862	0.0433	TRUE
F71_Papiliotrema	F226_Saitozyma	0.4516	0.0334	TRUE
F407_Phanerochaete	F209_unidentified	0.5552	0.005	TRUE
F638_Ceriporia	F202_Pseudozyma	0.4382	0.0433	TRUE
F100_Talaromyces	F202_Pseudozyma	0.4577	0.0433	TRUE
F1613_Penicillium	F202_Pseudozyma	0.492	0.0334	TRUE
F32_Tilletia	F3_Moesziomyces	-0.6784	0.0198	FALSE
F51_Papiliotrema	F3_Moesziomyces	0.7109	0.0198	TRUE
F89_Aureobasidium	F3_Moesziomyces	-0.5632	0.0495	FALSE
F1505_Vishniacozyma	F4_o_Pleosporales	-0.4517	0.0495	FALSE
F36_Moesziomyces	F18_f_Phaeosphaeriaceae	0.8328	0.0099	TRUE
F605_o_Pleosporales	F47_f_Phaeosphaeriaceae	0.4564	0.0433	TRUE
F71_Papiliotrema	F47_f_Phaeosphaeriaceae	0.4861	0.0235	TRUE
F582_Mycoleptodiscus	F47_f_Phaeosphaeriaceae	0.5955	0.0289	TRUE
F313_Papiliotrema	F177_unidentified	0.7739	0.0098	TRUE
F51_Papiliotrema	F177_unidentified	0.69	0.0099	TRUE
F231_Bullera	F177_unidentified	0.6785	0.0098	TRUE
F207_o_Tremellales	F177_unidentified	0.7247	0.0098	TRUE
F51_Papiliotrema	F190_Irpex	0.572	0.0495	TRUE
F448_Perenniporia	F638_Ceriporia	0.5208	0.0289	TRUE
F328_Phaeosphaeria	F4240_Paraconiothyrium	0.418	0.0235	TRUE
F45_f_Didymellaceae	F4240_Paraconiothyrium	0.5383	0.0433	TRUE
F81_Cladosporium	F27_Curvularia	0.7636	0.0099	TRUE
F89_Aureobasidium	F27_Curvularia	0.7429	0.0099	TRUE
F51_Papiliotrema	F280_o_Polyporales	-0.5553	0.0495	FALSE
F6_Cladosporium	F280_o_Polyporales	-0.7333	0.0198	FALSE
F795_Colletotrichum	F407_Phanerochaete	0.4629	0.0334	TRUE
F11_Sarocladium	F407_Phanerochaete	0.4783	0.0396	TRUE
F297_Coniothyrium	F407_Phanerochaete	0.5595	0.0137	TRUE
F11_Sarocladium	F32_Tilletia	0.7788	0.0198	TRUE
F178_Schizopora	F32_Tilletia	0.8141	0.0099	TRUE
F28_f_Hypocreales_fam_Incertae_sedis	F429_Bjerkandera	0.7215	0.0098	TRUE
F1610_Exidia	F362_Porostereum	0.4211	0.0235	TRUE
F71_Papiliotrema	F605_o_Pleosporales	0.4813	0.0137	TRUE
F582_Mycoleptodiscus	F605_o_Pleosporales	0.4343	0.0487	TRUE
F260_Schizopora	F5936_Periconia	0.5726	0.0433	TRUE
F5_Alternaria	F5936_Periconia	-0.513	0.0495	FALSE
F6_Cladosporium	F425_Fusarium	-0.6803	0.0198	FALSE
F5_Alternaria	F425_Fusarium	-0.6865	0.0198	FALSE
F231_Bullera	F313_Papiliotrema	0.6308	0.0296	TRUE
F207_o_Tremellales	F313_Papiliotrema	0.6711	0.0098	TRUE
F582_Mycoleptodiscus	F71_Papiliotrema	0.4874	0.0487	TRUE
F328_Phaeosphaeria	F51_Papiliotrema	0.4792	0.0494	TRUE
F231_Bullera	F51_Papiliotrema	0.5795	0.0297	TRUE
F207_o_Tremellales	F51_Papiliotrema	0.6198	0.0198	TRUE
F231_Bullera	F328_Phaeosphaeria	0.4834	0.0289	TRUE
F745_Penicillium	F65_Sarocladium	0.5169	0.0137	TRUE
F178_Schizopora	F11_Sarocladium	0.7526	0.0099	TRUE
F260_Schizopora	F6_Cladosporium	-0.5718	0.0495	FALSE
F5_Alternaria	F6_Cladosporium	0.8781	0.0099	TRUE
F89_Aureobasidium	F81_Cladosporium	0.609	0.0495	TRUE
F207_o_Tremellales	F231_Bullera	0.6429	0.0098	TRUE
F89_Aureobasidium	F84_Tilletia	0.5428	0.0198	TRUE
F5_Alternaria	F260_Schizopora	-0.6026	0.0297	FALSE
F448_Perenniporia	F1821_Penicillium	0.4089	0.0487	TRUE
