Source	Target	Cor	pseudo_p	positive
B1585_Stenotrophomonas	B1240_Stenotrophomonas	0.3379	0.0191	TRUE
B9_Methylobacterium	B1240_Stenotrophomonas	-0.3694	0.0099	FALSE
B1107_Stenotrophomonas	B1240_Stenotrophomonas	0.3512	0.0191	TRUE
B1750_Stenotrophomonas	B1240_Stenotrophomonas	0.3349	0.0389	TRUE
B808_Stenotrophomonas	B1240_Stenotrophomonas	0.3588	0.0191	TRUE
B36_Stenotrophomonas	B279_Stenotrophomonas	0.4892	0.0099	TRUE
B42_Pseudomonas	B134_Pseudomonas	0.4197	0.0099	TRUE
B20_Pseudomonas	B134_Pseudomonas	0.5049	0.0099	TRUE
B111_Allorhizobium-Neorhizobium-Pararhizobium-Rhizobium	B71_Methylobacterium	-0.3175	0.0396	FALSE
B10_Allorhizobium-Neorhizobium-Pararhizobium-Rhizobium	B71_Methylobacterium	-0.3752	0.0099	FALSE
B2_Methylobacterium	B71_Methylobacterium	0.3839	0.0495	TRUE
B9_Methylobacterium	B71_Methylobacterium	0.5081	0.0099	TRUE
B21_Methylobacterium	B71_Methylobacterium	0.4498	0.0099	TRUE
B17_Methylobacterium	B71_Methylobacterium	0.534	0.0099	TRUE
B81_Stenotrophomonas	B71_Methylobacterium	-0.3186	0.0297	FALSE
F132_Phaeosphaeria	B71_Methylobacterium	-0.3527	0.0396	FALSE
B23_f_Burkholderiaceae	B37_Allorhizobium-Neorhizobium-Pararhizobium-Rhizobium	-0.4139	0.0198	FALSE
B10_Allorhizobium-Neorhizobium-Pararhizobium-Rhizobium	B37_Allorhizobium-Neorhizobium-Pararhizobium-Rhizobium	0.7312	0.0099	TRUE
B8_f_Rhizobiaceae	B37_Allorhizobium-Neorhizobium-Pararhizobium-Rhizobium	-0.3918	0.0198	FALSE
B135_Sphingomonas	B37_Allorhizobium-Neorhizobium-Pararhizobium-Rhizobium	-0.3492	0.0297	FALSE
B16_Sphingomonas	B37_Allorhizobium-Neorhizobium-Pararhizobium-Rhizobium	0.3839	0.0396	TRUE
B13_Aureimonas	B37_Allorhizobium-Neorhizobium-Pararhizobium-Rhizobium	-0.3917	0.0396	FALSE
B52_Allorhizobium-Neorhizobium-Pararhizobium-Rhizobium	B37_Allorhizobium-Neorhizobium-Pararhizobium-Rhizobium	0.6772	0.0099	TRUE
B548_Pseudomonas	B37_Allorhizobium-Neorhizobium-Pararhizobium-Rhizobium	-0.3403	0.0396	FALSE
B3_Sphingomonas	B37_Allorhizobium-Neorhizobium-Pararhizobium-Rhizobium	-0.4002	0.0297	FALSE
B95_Allorhizobium-Neorhizobium-Pararhizobium-Rhizobium	B37_Allorhizobium-Neorhizobium-Pararhizobium-Rhizobium	0.7725	0.0099	TRUE
F20_Edenia	B37_Allorhizobium-Neorhizobium-Pararhizobium-Rhizobium	-0.3115	0.0495	FALSE
B3_Sphingomonas	B23_f_Burkholderiaceae	0.3278	0.0198	TRUE
F152_unidentified	B23_f_Burkholderiaceae	-0.3284	0.0396	FALSE
F54_Pyrenochaetopsis	B23_f_Burkholderiaceae	-0.5129	0.0099	FALSE
F8_unidentified	B23_f_Burkholderiaceae	-0.4526	0.0198	FALSE
B11_Xanthomonas	B5_Pseudomonas	-0.4592	0.0198	FALSE
B2_Methylobacterium	B5_Pseudomonas	0.4444	0.0099	TRUE
B19_Xanthomonas	B5_Pseudomonas	-0.5079	0.0198	FALSE
B328_Stenotrophomonas	B111_Allorhizobium-Neorhizobium-Pararhizobium-Rhizobium	0.5082	0.0099	TRUE
B15_Sphingomonas	B111_Allorhizobium-Neorhizobium-Pararhizobium-Rhizobium	-0.3278	0.0099	FALSE
B81_Stenotrophomonas	B111_Allorhizobium-Neorhizobium-Pararhizobium-Rhizobium	0.5856	0.0099	TRUE
B1344_Stenotrophomonas	B111_Allorhizobium-Neorhizobium-Pararhizobium-Rhizobium	0.4826	0.0099	TRUE
F20_Edenia	B111_Allorhizobium-Neorhizobium-Pararhizobium-Rhizobium	0.396	0.0198	TRUE
B8_f_Rhizobiaceae	B10_Allorhizobium-Neorhizobium-Pararhizobium-Rhizobium	-0.4319	0.0099	FALSE
B21_Methylobacterium	B10_Allorhizobium-Neorhizobium-Pararhizobium-Rhizobium	-0.3931	0.0495	FALSE
B135_Sphingomonas	B10_Allorhizobium-Neorhizobium-Pararhizobium-Rhizobium	-0.3223	0.0396	FALSE
B13_Aureimonas	B10_Allorhizobium-Neorhizobium-Pararhizobium-Rhizobium	-0.3918	0.0495	FALSE
B52_Allorhizobium-Neorhizobium-Pararhizobium-Rhizobium	B10_Allorhizobium-Neorhizobium-Pararhizobium-Rhizobium	0.7119	0.0099	TRUE
B35_Methylobacterium	B10_Allorhizobium-Neorhizobium-Pararhizobium-Rhizobium	-0.4104	0.0297	FALSE
B3_Sphingomonas	B10_Allorhizobium-Neorhizobium-Pararhizobium-Rhizobium	-0.4385	0.0297	FALSE
B95_Allorhizobium-Neorhizobium-Pararhizobium-Rhizobium	B10_Allorhizobium-Neorhizobium-Pararhizobium-Rhizobium	0.7641	0.0099	TRUE
B29_Methylobacterium	B11_Xanthomonas	-0.3074	0.0396	FALSE
B19_Xanthomonas	B11_Xanthomonas	0.8188	0.0099	TRUE
F132_Phaeosphaeria	B11_Xanthomonas	0.3255	0.0495	TRUE
F98_f_Didymellaceae	B2_Methylobacterium	-0.4775	0.0198	FALSE
F45_f_Didymellaceae	B2_Methylobacterium	-0.3803	0.0297	FALSE
B9_Methylobacterium	B1585_Stenotrophomonas	-0.3453	0.0099	FALSE
B1107_Stenotrophomonas	B1585_Stenotrophomonas	0.3738	0.0092	TRUE
B1750_Stenotrophomonas	B1585_Stenotrophomonas	0.3224	0.0191	TRUE
B808_Stenotrophomonas	B1585_Stenotrophomonas	0.3139	0.0092	TRUE
B3204_Stenotrophomonas	B1585_Stenotrophomonas	0.3581	0.0092	TRUE
B52_Allorhizobium-Neorhizobium-Pararhizobium-Rhizobium	B9_Methylobacterium	-0.368	0.0099	FALSE
B191_Pseudoxanthomonas	B9_Methylobacterium	-0.317	0.0396	FALSE
B35_Methylobacterium	B9_Methylobacterium	0.4651	0.0099	TRUE
B1107_Stenotrophomonas	B9_Methylobacterium	-0.4229	0.0099	FALSE
B1750_Stenotrophomonas	B9_Methylobacterium	-0.3912	0.0396	FALSE
B808_Stenotrophomonas	B9_Methylobacterium	-0.3799	0.0495	FALSE
B3204_Stenotrophomonas	B9_Methylobacterium	-0.3398	0.0396	FALSE
F29_f_Didymellaceae	B9_Methylobacterium	-0.4156	0.0198	FALSE
F20_Edenia	B299_Allorhizobium-Neorhizobium-Pararhizobium-Rhizobium	0.4265	0.0099	TRUE
B20_Pseudomonas	B42_Pseudomonas	0.5217	0.0099	TRUE
B98_Sphingomonas	B8_f_Rhizobiaceae	0.3034	0.0198	TRUE
B13_Aureimonas	B8_f_Rhizobiaceae	0.3136	0.0495	TRUE
B35_Methylobacterium	B8_f_Rhizobiaceae	0.3299	0.0396	TRUE
F191_f_Didymellaceae	B48_Luteibacter	0.3913	0.0099	TRUE
B548_Pseudomonas	B135_Sphingomonas	0.4032	0.0198	TRUE
B95_Allorhizobium-Neorhizobium-Pararhizobium-Rhizobium	B135_Sphingomonas	-0.3051	0.0297	FALSE
B19_Xanthomonas	B29_Methylobacterium	-0.3291	0.0396	FALSE
F18_f_Phaeosphaeriaceae	B31_Quadrisphaera	-0.3448	0.0297	FALSE
F8_unidentified	B17_Methylobacterium	0.5781	0.0099	TRUE
F3_Moesziomyces	B17_Methylobacterium	0.3523	0.0396	TRUE
B28_Burkholderia-Caballeronia-Paraburkholderia	B39_Paenibacillus	0.3005	0.0396	TRUE
B4_Pantoea	B39_Paenibacillus	-0.3269	0.0396	FALSE
F174_unidentified	B39_Paenibacillus	0.3137	0.0297	TRUE
F98_f_Didymellaceae	B39_Paenibacillus	0.3897	0.0198	TRUE
F45_f_Didymellaceae	B39_Paenibacillus	0.372	0.0099	TRUE
B13_Aureimonas	B89_Burkholderia-Caballeronia-Paraburkholderia	-0.3238	0.0396	FALSE
B35_Methylobacterium	B89_Burkholderia-Caballeronia-Paraburkholderia	-0.3231	0.0297	FALSE
B28_Burkholderia-Caballeronia-Paraburkholderia	B89_Burkholderia-Caballeronia-Paraburkholderia	0.6096	0.0099	TRUE
B14_Burkholderia-Caballeronia-Paraburkholderia	B89_Burkholderia-Caballeronia-Paraburkholderia	0.659	0.0099	TRUE
B103_Burkholderia-Caballeronia-Paraburkholderia	B89_Burkholderia-Caballeronia-Paraburkholderia	0.5319	0.0099	TRUE
F54_Pyrenochaetopsis	B89_Burkholderia-Caballeronia-Paraburkholderia	0.3626	0.0198	TRUE
F98_f_Didymellaceae	B89_Burkholderia-Caballeronia-Paraburkholderia	0.3451	0.0198	TRUE
F54_Pyrenochaetopsis	B636_Curtobacterium	-0.362	0.0099	FALSE
F12_o_Pleosporales	B16_Sphingomonas	-0.3304	0.0495	FALSE
B15_Sphingomonas	B328_Stenotrophomonas	-0.3085	0.0297	FALSE
B81_Stenotrophomonas	B328_Stenotrophomonas	0.5591	0.0099	TRUE
B369_Stenotrophomonas	B328_Stenotrophomonas	0.3588	0.0099	TRUE
B1344_Stenotrophomonas	B328_Stenotrophomonas	0.489	0.0099	TRUE
B13_Aureimonas	B15_Sphingomonas	0.4161	0.0396	TRUE
B35_Methylobacterium	B15_Sphingomonas	0.3675	0.0495	TRUE
B81_Stenotrophomonas	B15_Sphingomonas	-0.3782	0.0297	FALSE
F2_Nigrospora	B15_Sphingomonas	0.3437	0.0495	TRUE
F132_Phaeosphaeria	B19_Xanthomonas	0.3521	0.0396	TRUE
B52_Allorhizobium-Neorhizobium-Pararhizobium-Rhizobium	B13_Aureimonas	-0.4486	0.0198	FALSE
B35_Methylobacterium	B13_Aureimonas	0.5036	0.0198	TRUE
B28_Burkholderia-Caballeronia-Paraburkholderia	B13_Aureimonas	-0.3511	0.0495	FALSE
B14_Burkholderia-Caballeronia-Paraburkholderia	B13_Aureimonas	-0.3267	0.0495	FALSE
B95_Allorhizobium-Neorhizobium-Pararhizobium-Rhizobium	B13_Aureimonas	-0.4382	0.0396	FALSE
F20_Edenia	B68_Chryseobacterium	0.4323	0.0099	TRUE
B35_Methylobacterium	B52_Allorhizobium-Neorhizobium-Pararhizobium-Rhizobium	-0.4253	0.0495	FALSE
B3_Sphingomonas	B52_Allorhizobium-Neorhizobium-Pararhizobium-Rhizobium	-0.3843	0.0297	FALSE
B95_Allorhizobium-Neorhizobium-Pararhizobium-Rhizobium	B52_Allorhizobium-Neorhizobium-Pararhizobium-Rhizobium	0.8357	0.0099	TRUE
F22_Setophoma	B52_Allorhizobium-Neorhizobium-Pararhizobium-Rhizobium	0.383	0.0396	TRUE
B28_Burkholderia-Caballeronia-Paraburkholderia	B1_Pantoea	-0.3299	0.0198	FALSE
B4_Pantoea	B1_Pantoea	0.8996	0.0099	TRUE
F2_Nigrospora	B1_Pantoea	-0.4228	0.0297	FALSE
F3_Moesziomyces	B1_Pantoea	0.4651	0.0198	TRUE
F5_Alternaria	B1_Pantoea	-0.4015	0.0396	FALSE
B14_Burkholderia-Caballeronia-Paraburkholderia	B35_Methylobacterium	-0.3802	0.0495	FALSE
B95_Allorhizobium-Neorhizobium-Pararhizobium-Rhizobium	B35_Methylobacterium	-0.3983	0.0495	FALSE
B14_Burkholderia-Caballeronia-Paraburkholderia	B28_Burkholderia-Caballeronia-Paraburkholderia	0.6738	0.0099	TRUE
B103_Burkholderia-Caballeronia-Paraburkholderia	B28_Burkholderia-Caballeronia-Paraburkholderia	0.585	0.0099	TRUE
F3_Moesziomyces	B28_Burkholderia-Caballeronia-Paraburkholderia	-0.4262	0.0099	FALSE
F98_f_Didymellaceae	B28_Burkholderia-Caballeronia-Paraburkholderia	0.4026	0.0396	TRUE
B103_Burkholderia-Caballeronia-Paraburkholderia	B14_Burkholderia-Caballeronia-Paraburkholderia	0.6272	0.0099	TRUE
F54_Pyrenochaetopsis	B14_Burkholderia-Caballeronia-Paraburkholderia	0.4201	0.0099	TRUE
F98_f_Didymellaceae	B14_Burkholderia-Caballeronia-Paraburkholderia	0.4162	0.0297	TRUE
B971_Pseudomonas	B3_Sphingomonas	-0.3201	0.0099	FALSE
B95_Allorhizobium-Neorhizobium-Pararhizobium-Rhizobium	B3_Sphingomonas	-0.4136	0.0099	FALSE
F597_Gibberella	B3_Sphingomonas	-0.5037	0.0297	FALSE
B369_Stenotrophomonas	B81_Stenotrophomonas	0.3256	0.0198	TRUE
B1344_Stenotrophomonas	B81_Stenotrophomonas	0.5739	0.0099	TRUE
F20_Edenia	B81_Stenotrophomonas	0.384	0.0396	TRUE
B1750_Stenotrophomonas	B1107_Stenotrophomonas	0.367	0.0092	TRUE
B808_Stenotrophomonas	B1107_Stenotrophomonas	0.4188	0.0191	TRUE
B3204_Stenotrophomonas	B1107_Stenotrophomonas	0.3124	0.0092	TRUE
B808_Stenotrophomonas	B1750_Stenotrophomonas	0.3596	0.0191	TRUE
B3204_Stenotrophomonas	B1750_Stenotrophomonas	0.312	0.0092	TRUE
F29_f_Didymellaceae	B1750_Stenotrophomonas	0.3038	0.0396	TRUE
F20_Edenia	B149_Mucilaginibacter	0.4097	0.0099	TRUE
F20_Edenia	B1344_Stenotrophomonas	0.3692	0.0297	TRUE
F98_f_Didymellaceae	B103_Burkholderia-Caballeronia-Paraburkholderia	0.3786	0.0297	TRUE
F18_f_Phaeosphaeriaceae	B4_Pantoea	0.3327	0.0495	TRUE
F5_Alternaria	B4_Pantoea	-0.3745	0.0297	FALSE
F29_f_Didymellaceae	F69_o_Pleosporales	0.35	0.0297	TRUE
F191_f_Didymellaceae	F69_o_Pleosporales	0.3054	0.0297	TRUE
F2_Nigrospora	F8_unidentified	-0.3837	0.0099	FALSE
F4_o_Pleosporales	F233_Periconia	0.3385	0.0297	TRUE
F47_f_Phaeosphaeriaceae	F4_o_Pleosporales	0.464	0.0099	TRUE
F5_Alternaria	F147_o_Pleosporales	-0.3014	0.0495	FALSE
F20_Edenia	F361_Phaeosphaeria	0.3542	0.0099	TRUE
F5_Alternaria	F177_unidentified	-0.4231	0.0099	FALSE
F27_Curvularia	F158_Diaporthe	0.3549	0.0297	TRUE
F5_Alternaria	F98_f_Didymellaceae	0.3331	0.0297	TRUE
