Source	Target	Cor	pseudo_p	positive
B19_Xanthomonas	B780_Spirosoma	0.606	0.0197	TRUE
F3_Moesziomyces	B780_Spirosoma	0.6314	0.0297	TRUE
F98_f_Didymellaceae	B780_Spirosoma	0.5208	0.0297	TRUE
F28_f_Hypocreales_fam_Incertae_sedis	B780_Spirosoma	0.5505	0.0396	TRUE
F54_Pyrenochaetopsis	B282_Acinetobacter	-0.4094	0.0495	FALSE
F54_Pyrenochaetopsis	B22_uncultured.Roseobacter.sp.	0.5734	0.0495	TRUE
F47_f_Phaeosphaeriaceae	B22_uncultured.Roseobacter.sp.	-0.4949	0.0396	FALSE
F45_f_Didymellaceae	B22_uncultured.Roseobacter.sp.	0.7688	0.0198	TRUE
F89_Aureobasidium	B22_uncultured.Roseobacter.sp.	-0.6551	0.0396	FALSE
B138_Nakamurella	B1620_Melittangium	0.5224	0.0494	TRUE
B2152_Spirosoma	B1620_Melittangium	0.4546	0.0296	TRUE
F360_Papiliotrema	B1620_Melittangium	0.4934	0.0297	TRUE
B1358_Delftia	B5894_uncultured	0.5183	0.0235	TRUE
F1086_Sporobolomyces	B5894_uncultured	0.385	0.0334	TRUE
F174_unidentified	B5894_uncultured	0.5358	0.0099	TRUE
B5_Pseudomonas	B71_Methylobacterium	0.8605	0.0099	TRUE
B3_Sphingomonas	B71_Methylobacterium	0.6435	0.0495	TRUE
F69_o_Pleosporales	B71_Methylobacterium	0.5491	0.0297	TRUE
F8_unidentified	B71_Methylobacterium	0.6746	0.0297	TRUE
F3_Moesziomyces	B71_Methylobacterium	0.674	0.0297	TRUE
F120_Sporobolomyces	B71_Methylobacterium	-0.7682	0.0099	FALSE
F71_Papiliotrema	B71_Methylobacterium	-0.8082	0.0297	FALSE
F1043_Lecanicillium	B71_Methylobacterium	-0.6231	0.0297	FALSE
F231_Bullera	B71_Methylobacterium	-0.5647	0.0297	FALSE
F181_f_Didymellaceae	B71_Methylobacterium	-0.7897	0.0099	FALSE
F55_f_Nectriaceae	B71_Methylobacterium	0.5453	0.0495	TRUE
F643_Symmetrospora	B71_Methylobacterium	-0.489	0.0198	FALSE
F5_Alternaria	B71_Methylobacterium	-0.8012	0.0297	FALSE
B5_Pseudomonas	B6_Sphingomonas	-0.6881	0.0297	FALSE
B89_Burkholderia-Caballeronia-Paraburkholderia	B6_Sphingomonas	-0.6374	0.0198	FALSE
B1_Pantoea	B6_Sphingomonas	0.781	0.0099	TRUE
B12_Novosphingobium	B6_Sphingomonas	-0.7702	0.0198	FALSE
B4_Pantoea	B6_Sphingomonas	0.7671	0.0198	TRUE
F219_unidentified	B6_Sphingomonas	-0.6985	0.0297	FALSE
F152_unidentified	B6_Sphingomonas	-0.757	0.0099	FALSE
F8_unidentified	B6_Sphingomonas	-0.6892	0.0396	FALSE
F76_o_Sordariales	B6_Sphingomonas	-0.661	0.0396	FALSE
F418_Hannaella	B6_Sphingomonas	-0.4796	0.0396	FALSE
F12_o_Pleosporales	B6_Sphingomonas	-0.714	0.0396	FALSE
F112_Paraphaeosphaeria	B6_Sphingomonas	-0.7744	0.0099	FALSE
F120_Sporobolomyces	B6_Sphingomonas	0.7543	0.0198	TRUE
F33_unidentified	B6_Sphingomonas	0.6023	0.0297	TRUE
F36_Moesziomyces	B6_Sphingomonas	-0.7231	0.0396	FALSE
F5_Alternaria	B6_Sphingomonas	0.7414	0.0495	TRUE
F29_f_Didymellaceae	B464_Pseudomonas	-0.5731	0.0495	FALSE
B461_Acinetobacter	B5_Pseudomonas	-0.6489	0.0495	FALSE
B29_Methylobacterium	B5_Pseudomonas	-0.4477	0.0495	FALSE
B3_Sphingomonas	B5_Pseudomonas	0.6745	0.0495	TRUE
F219_unidentified	B5_Pseudomonas	0.5942	0.0495	TRUE
F69_o_Pleosporales	B5_Pseudomonas	0.5152	0.0495	TRUE
F920_o_NA	B5_Pseudomonas	-0.6135	0.0099	FALSE
F137_Malassezia	B5_Pseudomonas	-0.5754	0.0495	FALSE
F12_o_Pleosporales	B5_Pseudomonas	0.7035	0.0396	TRUE
F112_Paraphaeosphaeria	B5_Pseudomonas	0.7182	0.0198	TRUE
F120_Sporobolomyces	B5_Pseudomonas	-0.8687	0.0198	FALSE
F71_Papiliotrema	B5_Pseudomonas	-0.9064	0.0099	FALSE
F1043_Lecanicillium	B5_Pseudomonas	-0.6524	0.0198	FALSE
F181_f_Didymellaceae	B5_Pseudomonas	-0.7361	0.0396	FALSE
F55_f_Nectriaceae	B5_Pseudomonas	0.6783	0.0198	TRUE
F643_Symmetrospora	B5_Pseudomonas	-0.5068	0.0396	FALSE
F5_Alternaria	B5_Pseudomonas	-0.8733	0.0099	FALSE
B1911_Sphingomonas	B5420_f_Blastocatellaceae	0.3376	0.0433	TRUE
F53_Pyrenochaetopsis	B116_Geodermatophilus	0.408	0.0495	TRUE
B138_Nakamurella	B11_Xanthomonas	0.5607	0.0289	TRUE
B24_Bradyrhizobium	B11_Xanthomonas	0.563	0.005	TRUE
B553_Devosia	B11_Xanthomonas	0.5864	0.019	TRUE
B33_Kineococcus	B11_Xanthomonas	0.5106	0.005	TRUE
B227_Allorhizobium-Neorhizobium-Pararhizobium-Rhizobium	B11_Xanthomonas	0.6562	0.005	TRUE
B317_Brevundimonas	B11_Xanthomonas	0.5093	0.0334	TRUE
B1256_Sphingomonas	B11_Xanthomonas	0.5817	0.005	TRUE
F628_Myrothecium	B11_Xanthomonas	0.4395	0.0494	TRUE
F48_unidentified	B11_Xanthomonas	-0.6207	0.0198	FALSE
F202_Pseudozyma	B11_Xanthomonas	0.5193	0.0297	TRUE
F18_f_Phaeosphaeriaceae	B11_Xanthomonas	-0.6499	0.0099	FALSE
F6_Cladosporium	B11_Xanthomonas	-0.5803	0.0198	FALSE
B11820_Pedobacter	B919_f_Burkholderiaceae	0.4281	0.0235	TRUE
B16_Sphingomonas	B919_f_Burkholderiaceae	0.5609	0.0334	TRUE
F45_f_Didymellaceae	B919_f_Burkholderiaceae	-0.5718	0.0099	FALSE
B89_Burkholderia-Caballeronia-Paraburkholderia	B2_Methylobacterium	-0.5982	0.0396	FALSE
B1_Pantoea	B2_Methylobacterium	0.6872	0.0297	TRUE
B12_Novosphingobium	B2_Methylobacterium	-0.5215	0.0396	FALSE
B4_Pantoea	B2_Methylobacterium	0.6833	0.0396	TRUE
F219_unidentified	B2_Methylobacterium	-0.5309	0.0495	FALSE
F8_unidentified	B2_Methylobacterium	-0.83	0.0099	FALSE
F12_o_Pleosporales	B2_Methylobacterium	-0.65	0.0495	FALSE
F120_Sporobolomyces	B2_Methylobacterium	0.7204	0.0198	TRUE
B3586_uncultured	B430_Pseudonocardia	0.4599	0.0334	TRUE
B3_Sphingomonas	B430_Pseudonocardia	-0.6616	0.0396	FALSE
F81_Cladosporium	B717_Acinetobacter	-0.5318	0.0198	FALSE
B29_Methylobacterium	B9_Methylobacterium	-0.5515	0.0396	FALSE
B3_Sphingomonas	B9_Methylobacterium	0.9399	0.0099	TRUE
F137_Malassezia	B9_Methylobacterium	-0.5413	0.0495	FALSE
F12_o_Pleosporales	B9_Methylobacterium	0.7056	0.0495	TRUE
F181_f_Didymellaceae	B9_Methylobacterium	-0.7683	0.0297	FALSE
F920_o_NA	B461_Acinetobacter	0.5686	0.0197	TRUE
F1043_Lecanicillium	B461_Acinetobacter	0.5068	0.0198	TRUE
F181_f_Didymellaceae	B461_Acinetobacter	0.5494	0.0495	TRUE
B332_Actinomycetospora	B265_Deinococcus	0.528	0.0297	TRUE
B2152_Spirosoma	B265_Deinococcus	0.5256	0.0297	TRUE
B227_Allorhizobium-Neorhizobium-Pararhizobium-Rhizobium	B265_Deinococcus	0.45	0.0495	TRUE
B7_Curtobacterium	B265_Deinococcus	-0.7935	0.0099	FALSE
F360_Papiliotrema	B265_Deinococcus	0.6754	0.0198	TRUE
F510_unidentified	B265_Deinococcus	0.5249	0.0297	TRUE
F628_Myrothecium	B265_Deinococcus	0.6793	0.0099	TRUE
F202_Pseudozyma	B265_Deinococcus	0.7464	0.0099	TRUE
F3_Moesziomyces	B265_Deinococcus	0.6448	0.0198	TRUE
F27_Curvularia	B265_Deinococcus	-0.6456	0.0495	FALSE
F257_Papiliotrema	B265_Deinococcus	0.7642	0.0099	TRUE
F98_f_Didymellaceae	B265_Deinococcus	0.7076	0.0099	TRUE
F22_Setophoma	B265_Deinococcus	-0.7195	0.0198	FALSE
B138_Nakamurella	B332_Actinomycetospora	0.6406	0.0198	TRUE
B2152_Spirosoma	B332_Actinomycetospora	0.4939	0.0297	TRUE
B14_Burkholderia-Caballeronia-Paraburkholderia	B332_Actinomycetospora	0.5349	0.0396	TRUE
F115_unidentified	B332_Actinomycetospora	0.6676	0.0198	TRUE
F71_Papiliotrema	B332_Actinomycetospora	-0.6067	0.0495	FALSE
F55_f_Nectriaceae	B332_Actinomycetospora	0.5833	0.0495	TRUE
F316_Dioszegia	B332_Actinomycetospora	0.4723	0.0495	TRUE
B17_Methylobacterium	B54_uncultured	0.575	0.0297	TRUE
B28_Burkholderia-Caballeronia-Paraburkholderia	B54_uncultured	-0.5854	0.0495	FALSE
F81_Cladosporium	B54_uncultured	0.6556	0.0198	TRUE
B2152_Spirosoma	B138_Nakamurella	0.608	0.0098	TRUE
B7_Curtobacterium	B138_Nakamurella	-0.624	0.0198	FALSE
F115_unidentified	B138_Nakamurella	0.6014	0.0099	TRUE
F360_Papiliotrema	B138_Nakamurella	0.638	0.0198	TRUE
F202_Pseudozyma	B138_Nakamurella	0.5614	0.0495	TRUE
F18_f_Phaeosphaeriaceae	B138_Nakamurella	-0.5924	0.0297	FALSE
F47_f_Phaeosphaeriaceae	B138_Nakamurella	0.4665	0.0495	TRUE
F257_Papiliotrema	B138_Nakamurella	0.6352	0.0297	TRUE
F6_Cladosporium	B138_Nakamurella	-0.5468	0.0495	FALSE
B29_Methylobacterium	B972_Singulisphaera	0.4641	0.005	TRUE
B1242_Novosphingobium	B972_Singulisphaera	0.4051	0.0235	TRUE
B3_Sphingomonas	B972_Singulisphaera	-0.5804	0.0198	FALSE
F12_o_Pleosporales	B972_Singulisphaera	-0.4364	0.0297	FALSE
B3_Sphingomonas	B3586_uncultured	-0.4871	0.0297	FALSE
F45_f_Didymellaceae	B827_Stenotrophomonas	-0.4182	0.0495	FALSE
B227_Allorhizobium-Neorhizobium-Pararhizobium-Rhizobium	B24_Bradyrhizobium	0.5876	0.0137	TRUE
F48_unidentified	B24_Bradyrhizobium	-0.5313	0.0396	FALSE
B3_Sphingomonas	B29_Methylobacterium	-0.6347	0.0297	FALSE
F172_unidentified	B29_Methylobacterium	0.4095	0.0487	TRUE
F276_Cercospora	B11818_Chroococcidiopsis.SAG.2023	0.3746	0.0495	TRUE
F8_unidentified	B11820_Pedobacter	-0.4137	0.0495	FALSE
F45_f_Didymellaceae	B11820_Pedobacter	-0.5009	0.0198	FALSE
B227_Allorhizobium-Neorhizobium-Pararhizobium-Rhizobium	B2152_Spirosoma	0.5062	0.0289	TRUE
F115_unidentified	B2152_Spirosoma	0.4733	0.0495	TRUE
F202_Pseudozyma	B2152_Spirosoma	0.4792	0.0495	TRUE
F18_f_Phaeosphaeriaceae	B2152_Spirosoma	-0.5335	0.0297	FALSE
F257_Papiliotrema	B2152_Spirosoma	0.5265	0.0495	TRUE
B33_Kineococcus	B553_Devosia	0.4895	0.0388	TRUE
B227_Allorhizobium-Neorhizobium-Pararhizobium-Rhizobium	B553_Devosia	0.5553	0.019	TRUE
B1256_Sphingomonas	B553_Devosia	0.4966	0.0487	TRUE
F48_unidentified	B553_Devosia	-0.553	0.0198	FALSE
F297_Coniothyrium	B553_Devosia	0.5507	0.0091	TRUE
B227_Allorhizobium-Neorhizobium-Pararhizobium-Rhizobium	B33_Kineococcus	0.45	0.0137	TRUE
B317_Brevundimonas	B33_Kineococcus	0.4355	0.0235	TRUE
B13_Aureimonas	B2665_f_Rhizobiaceae	-0.4636	0.0495	FALSE
F47_f_Phaeosphaeriaceae	B2665_f_Rhizobiaceae	0.4426	0.0495	TRUE
B227_Allorhizobium-Neorhizobium-Pararhizobium-Rhizobium	B17_Methylobacterium	-0.5098	0.0198	FALSE
F360_Papiliotrema	B17_Methylobacterium	-0.5453	0.0495	FALSE
F71_Papiliotrema	B17_Methylobacterium	0.6064	0.0495	TRUE
F257_Papiliotrema	B17_Methylobacterium	-0.5702	0.0495	FALSE
F6_Cladosporium	B17_Methylobacterium	0.653	0.0297	TRUE
B12_Novosphingobium	B89_Burkholderia.Caballeronia.Paraburkholderia	0.5613	0.0198	TRUE
F219_unidentified	B89_Burkholderia.Caballeronia.Paraburkholderia	0.5189	0.0495	TRUE
F152_unidentified	B89_Burkholderia.Caballeronia.Paraburkholderia	0.589	0.0495	TRUE
F112_Paraphaeosphaeria	B89_Burkholderia.Caballeronia.Paraburkholderia	0.568	0.0396	TRUE
F36_Moesziomyces	B89_Burkholderia.Caballeronia.Paraburkholderia	0.6046	0.0099	TRUE
F30_unidentified	B89_Burkholderia.Caballeronia.Paraburkholderia	0.421	0.0495	TRUE
B3862_Xanthomonas	B338_uncultured.bacterium	0.4111	0.0487	TRUE
F61_o_Pleosporales	B338_uncultured.bacterium	0.5386	0.0495	TRUE
F3_Moesziomyces	B32_Bradyrhizobium	-0.5702	0.0495	FALSE
B3_Sphingomonas	B1242_Novosphingobium	-0.5547	0.0495	FALSE
F2_Nigrospora	B19_Xanthomonas	0.6168	0.0396	TRUE
F3_Moesziomyces	B19_Xanthomonas	0.6886	0.0198	TRUE
F174_unidentified	B19_Xanthomonas	0.5273	0.0495	TRUE
F98_f_Didymellaceae	B19_Xanthomonas	0.5769	0.0297	TRUE
F65_Sarocladium	B19_Xanthomonas	0.5111	0.0396	TRUE
F250_Pseudopithomyces	B19_Xanthomonas	0.5891	0.0495	TRUE
B14_Burkholderia-Caballeronia-Paraburkholderia	B13_Aureimonas	-0.5479	0.0495	FALSE
F21_Acremonium	B13_Aureimonas	-0.6491	0.0198	FALSE
F276_Cercospora	B13_Aureimonas	-0.6151	0.0297	FALSE
B12_Novosphingobium	B1_Pantoea	-0.7683	0.0099	FALSE
B4_Pantoea	B1_Pantoea	0.9613	0.0099	TRUE
F219_unidentified	B1_Pantoea	-0.8605	0.0099	FALSE
F152_unidentified	B1_Pantoea	-0.8463	0.0099	FALSE
F8_unidentified	B1_Pantoea	-0.7254	0.0099	FALSE
F76_o_Sordariales	B1_Pantoea	-0.7748	0.0297	FALSE
F637_o_NA	B1_Pantoea	-0.7387	0.0198	FALSE
F78_unidentified	B1_Pantoea	0.7239	0.0198	TRUE
F4_o_Pleosporales	B1_Pantoea	-0.7576	0.0396	FALSE
F12_o_Pleosporales	B1_Pantoea	-0.7958	0.0198	FALSE
F112_Paraphaeosphaeria	B1_Pantoea	-0.8287	0.0099	FALSE
F120_Sporobolomyces	B1_Pantoea	0.8126	0.0495	TRUE
F29_f_Didymellaceae	B1_Pantoea	0.751	0.0099	TRUE
F354_Coniothyrium	B1_Pantoea	-0.4527	0.0495	FALSE
F33_unidentified	B1_Pantoea	0.6299	0.0198	TRUE
F36_Moesziomyces	B1_Pantoea	-0.9053	0.0099	FALSE
F5_Alternaria	B1_Pantoea	0.8106	0.0495	TRUE
F30_unidentified	B1_Pantoea	-0.5193	0.0297	FALSE
F45_f_Didymellaceae	B6779_Allorhizobium.Neorhizobium.Pararhizobium.Rhizobium	-0.4773	0.0495	FALSE
B1256_Sphingomonas	B227_Allorhizobium.Neorhizobium.Pararhizobium.Rhizobium	0.582	0.0235	TRUE
F360_Papiliotrema	B227_Allorhizobium.Neorhizobium.Pararhizobium.Rhizobium	0.5539	0.0297	TRUE
F628_Myrothecium	B227_Allorhizobium.Neorhizobium.Pararhizobium.Rhizobium	0.4853	0.0494	TRUE
F48_unidentified	B227_Allorhizobium.Neorhizobium.Pararhizobium.Rhizobium	-0.6342	0.0198	FALSE
F202_Pseudozyma	B227_Allorhizobium.Neorhizobium.Pararhizobium.Rhizobium	0.5815	0.0099	TRUE
F18_f_Phaeosphaeriaceae	B227_Allorhizobium.Neorhizobium.Pararhizobium.Rhizobium	-0.6674	0.0099	FALSE
F297_Coniothyrium	B227_Allorhizobium.Neorhizobium.Pararhizobium.Rhizobium	0.4336	0.0433	TRUE
F6_Cladosporium	B227_Allorhizobium.Neorhizobium.Pararhizobium.Rhizobium	-0.5737	0.0495	FALSE
F605_o_Pleosporales	B1358_Delftia	0.4482	0.0334	TRUE
F81_Cladosporium	B1358_Delftia	-0.5442	0.0396	FALSE
F289_Aspergillus	B1358_Delftia	0.4265	0.0388	TRUE
F4_o_Pleosporales	B28_Burkholderia.Caballeronia.Paraburkholderia	0.6563	0.0198	TRUE
F1432_Dactylella	B7_Curtobacterium	-0.4311	0.0495	FALSE
F360_Papiliotrema	B7_Curtobacterium	-0.7481	0.0099	FALSE
F628_Myrothecium	B7_Curtobacterium	-0.7914	0.0198	FALSE
F16_Pyricularia	B7_Curtobacterium	-0.5621	0.0495	FALSE
F202_Pseudozyma	B7_Curtobacterium	-0.8755	0.0099	FALSE
F3_Moesziomyces	B7_Curtobacterium	-0.7408	0.0297	FALSE
F18_f_Phaeosphaeriaceae	B7_Curtobacterium	0.6833	0.0495	TRUE
F27_Curvularia	B7_Curtobacterium	0.8602	0.0099	TRUE
F257_Papiliotrema	B7_Curtobacterium	-0.8428	0.0099	FALSE
F98_f_Didymellaceae	B7_Curtobacterium	-0.8113	0.0099	FALSE
F29_f_Didymellaceae	B7_Curtobacterium	-0.7037	0.0297	FALSE
F28_f_Hypocreales_fam_Incertae_sedis	B7_Curtobacterium	-0.6512	0.0297	FALSE
F194_Hannaella	B7_Curtobacterium	-0.4547	0.0396	FALSE
F207_o_Tremellales	B7_Curtobacterium	-0.4458	0.0198	FALSE
F22_Setophoma	B7_Curtobacterium	0.9445	0.0099	TRUE
F920_o_NA	B3_Sphingomonas	-0.5052	0.0396	FALSE
F172_unidentified	B3_Sphingomonas	-0.4781	0.0396	FALSE
F137_Malassezia	B3_Sphingomonas	-0.6056	0.0198	FALSE
F12_o_Pleosporales	B3_Sphingomonas	0.745	0.0198	TRUE
F120_Sporobolomyces	B3_Sphingomonas	-0.6152	0.0297	FALSE
F181_f_Didymellaceae	B3_Sphingomonas	-0.7708	0.0396	FALSE
F1271_Rachicladosporium	B1911_Sphingomonas	0.4613	0.0235	TRUE
F18_f_Phaeosphaeriaceae	B317_Brevundimonas	-0.5174	0.0495	FALSE
F297_Coniothyrium	B317_Brevundimonas	0.43	0.0433	TRUE
B4_Pantoea	B12_Novosphingobium	-0.7599	0.0297	FALSE
F219_unidentified	B12_Novosphingobium	0.785	0.0099	TRUE
F152_unidentified	B12_Novosphingobium	0.7604	0.0099	TRUE
F76_o_Sordariales	B12_Novosphingobium	0.7711	0.0099	TRUE
F637_o_NA	B12_Novosphingobium	0.6428	0.0099	TRUE
F78_unidentified	B12_Novosphingobium	-0.5423	0.0396	FALSE
F2_Nigrospora	B12_Novosphingobium	-0.5867	0.0297	FALSE
F4_o_Pleosporales	B12_Novosphingobium	0.6628	0.0396	TRUE
F12_o_Pleosporales	B12_Novosphingobium	0.7691	0.0099	TRUE
F112_Paraphaeosphaeria	B12_Novosphingobium	0.7671	0.0198	TRUE
F120_Sporobolomyces	B12_Novosphingobium	-0.6869	0.0396	FALSE
F354_Coniothyrium	B12_Novosphingobium	0.498	0.0495	TRUE
F36_Moesziomyces	B12_Novosphingobium	0.818	0.0099	TRUE
F360_Papiliotrema	B1256_Sphingomonas	0.5187	0.0198	TRUE
F48_unidentified	B1256_Sphingomonas	-0.5681	0.0198	FALSE
F297_Coniothyrium	B1256_Sphingomonas	0.5223	0.0433	TRUE
F219_unidentified	B4_Pantoea	-0.8273	0.0198	FALSE
F152_unidentified	B4_Pantoea	-0.81	0.0198	FALSE
F76_o_Sordariales	B4_Pantoea	-0.7599	0.0198	FALSE
F637_o_NA	B4_Pantoea	-0.7333	0.0099	FALSE
F78_unidentified	B4_Pantoea	0.6892	0.0198	TRUE
F2_Nigrospora	B4_Pantoea	0.7003	0.0297	TRUE
F4_o_Pleosporales	B4_Pantoea	-0.7693	0.0198	FALSE
F12_o_Pleosporales	B4_Pantoea	-0.8193	0.0099	FALSE
F112_Paraphaeosphaeria	B4_Pantoea	-0.8045	0.0099	FALSE
F120_Sporobolomyces	B4_Pantoea	0.8241	0.0099	TRUE
F29_f_Didymellaceae	B4_Pantoea	0.7396	0.0198	TRUE
F33_unidentified	B4_Pantoea	0.6073	0.0396	TRUE
F36_Moesziomyces	B4_Pantoea	-0.8795	0.0099	FALSE
F5_Alternaria	B4_Pantoea	0.8013	0.0099	TRUE
F30_unidentified	B4_Pantoea	-0.5824	0.0495	FALSE
F152_unidentified	F219_unidentified	0.8089	0.0099	TRUE
F76_o_Sordariales	F219_unidentified	0.822	0.0099	TRUE
F637_o_NA	F219_unidentified	0.7239	0.0099	TRUE
F78_unidentified	F219_unidentified	-0.6441	0.0198	FALSE
F418_Hannaella	F219_unidentified	0.5122	0.0396	TRUE
F4_o_Pleosporales	F219_unidentified	0.7162	0.0297	TRUE
F12_o_Pleosporales	F219_unidentified	0.8402	0.0099	TRUE
F112_Paraphaeosphaeria	F219_unidentified	0.8143	0.0099	TRUE
F120_Sporobolomyces	F219_unidentified	-0.744	0.0099	FALSE
F51_Papiliotrema	F219_unidentified	0.6261	0.0198	TRUE
F354_Coniothyrium	F219_unidentified	0.4761	0.0495	TRUE
F36_Moesziomyces	F219_unidentified	0.8559	0.0099	TRUE
F5_Alternaria	F219_unidentified	-0.7414	0.0198	FALSE
F30_unidentified	F219_unidentified	0.4942	0.0495	TRUE
F53_Pyrenochaetopsis	F61_o_Pleosporales	0.5521	0.0099	TRUE
F360_Papiliotrema	F106_unidentified	0.4438	0.0495	TRUE
F117_Saitozyma	F131_unidentified	-0.4701	0.0495	FALSE
F3_Moesziomyces	F69_o_Pleosporales	0.5863	0.0495	TRUE
F54_Pyrenochaetopsis	F21_Acremonium	-0.5596	0.0297	FALSE
F20_Edenia	F21_Acremonium	-0.6198	0.0198	FALSE
F71_Papiliotrema	F115_unidentified	-0.6372	0.0396	FALSE
F76_o_Sordariales	F152_unidentified	0.8233	0.0099	TRUE
F637_o_NA	F152_unidentified	0.7025	0.0099	TRUE
F78_unidentified	F152_unidentified	-0.5587	0.0297	FALSE
F418_Hannaella	F152_unidentified	0.4921	0.0198	TRUE
F18_f_Phaeosphaeriaceae	F152_unidentified	0.5946	0.0495	TRUE
F12_o_Pleosporales	F152_unidentified	0.6914	0.0198	TRUE
F1479_Paraphaeosphaeria	F152_unidentified	0.3662	0.0495	TRUE
F112_Paraphaeosphaeria	F152_unidentified	0.8498	0.0099	TRUE
F51_Papiliotrema	F152_unidentified	0.6116	0.0396	TRUE
F29_f_Didymellaceae	F152_unidentified	-0.7104	0.0198	FALSE
F36_Moesziomyces	F152_unidentified	0.8403	0.0099	TRUE
F5_Alternaria	F152_unidentified	-0.6906	0.0099	FALSE
F628_Myrothecium	F360_Papiliotrema	0.6728	0.0198	TRUE
F202_Pseudozyma	F360_Papiliotrema	0.7353	0.0297	TRUE
F18_f_Phaeosphaeriaceae	F360_Papiliotrema	-0.6557	0.0495	FALSE
F27_Curvularia	F360_Papiliotrema	-0.7076	0.0198	FALSE
F257_Papiliotrema	F360_Papiliotrema	0.7804	0.0099	TRUE
F98_f_Didymellaceae	F360_Papiliotrema	0.6767	0.0297	TRUE
F29_f_Didymellaceae	F360_Papiliotrema	0.5691	0.0495	TRUE
F28_f_Hypocreales_fam_Incertae_sedis	F360_Papiliotrema	0.6037	0.0396	TRUE
F194_Hannaella	F360_Papiliotrema	0.4945	0.0297	TRUE
F628_Myrothecium	F510_unidentified	0.5054	0.0495	TRUE
F202_Pseudozyma	F510_unidentified	0.6385	0.0396	TRUE
F27_Curvularia	F510_unidentified	-0.602	0.0297	FALSE
F257_Papiliotrema	F510_unidentified	0.5294	0.0297	TRUE
F22_Setophoma	F510_unidentified	-0.5682	0.0297	FALSE
F202_Pseudozyma	F628_Myrothecium	0.734	0.0099	TRUE
F18_f_Phaeosphaeriaceae	F628_Myrothecium	-0.567	0.0297	FALSE
F27_Curvularia	F628_Myrothecium	-0.713	0.0198	FALSE
F257_Papiliotrema	F628_Myrothecium	0.7448	0.0099	TRUE
F98_f_Didymellaceae	F628_Myrothecium	0.6783	0.0297	TRUE
F29_f_Didymellaceae	F628_Myrothecium	0.5713	0.0099	TRUE
F28_f_Hypocreales_fam_Incertae_sedis	F628_Myrothecium	0.6042	0.0396	TRUE
F6_Cladosporium	F628_Myrothecium	-0.56	0.0396	FALSE
F22_Setophoma	F628_Myrothecium	-0.6562	0.0396	FALSE
F12_o_Pleosporales	F920_o_NA	-0.5348	0.0495	FALSE
F181_f_Didymellaceae	F920_o_NA	0.6293	0.0198	TRUE
F55_f_Nectriaceae	F920_o_NA	-0.3888	0.0396	FALSE
F47_f_Phaeosphaeriaceae	F54_Pyrenochaetopsis	-0.5147	0.0396	FALSE
F45_f_Didymellaceae	F54_Pyrenochaetopsis	0.6604	0.0198	TRUE
F89_Aureobasidium	F54_Pyrenochaetopsis	-0.6385	0.0198	FALSE
F120_Sporobolomyces	F8_unidentified	-0.7353	0.0297	FALSE
F71_Papiliotrema	F8_unidentified	-0.6707	0.0297	FALSE
F36_Moesziomyces	F8_unidentified	0.6643	0.0396	TRUE
F1043_Lecanicillium	F8_unidentified	-0.5432	0.0198	FALSE
F5_Alternaria	F8_unidentified	-0.725	0.0198	FALSE
F18_f_Phaeosphaeriaceae	F48_unidentified	0.6591	0.0297	TRUE
F637_o_NA	F76_o_Sordariales	0.6964	0.0198	TRUE
F78_unidentified	F76_o_Sordariales	-0.5682	0.0297	FALSE
F4_o_Pleosporales	F76_o_Sordariales	0.7429	0.0297	TRUE
F18_f_Phaeosphaeriaceae	F76_o_Sordariales	0.7017	0.0099	TRUE
F12_o_Pleosporales	F76_o_Sordariales	0.8014	0.0198	TRUE
F112_Paraphaeosphaeria	F76_o_Sordariales	0.8222	0.0198	TRUE
F120_Sporobolomyces	F76_o_Sordariales	-0.6311	0.0396	FALSE
F51_Papiliotrema	F76_o_Sordariales	0.6358	0.0297	TRUE
F36_Moesziomyces	F76_o_Sordariales	0.8686	0.0099	TRUE
F5_Alternaria	F76_o_Sordariales	-0.6904	0.0495	FALSE
F78_unidentified	F637_o_NA	-0.5555	0.0198	FALSE
F12_o_Pleosporales	F637_o_NA	0.703	0.0297	TRUE
F112_Paraphaeosphaeria	F637_o_NA	0.7598	0.0099	TRUE
F120_Sporobolomyces	F637_o_NA	-0.6841	0.0396	FALSE
F51_Papiliotrema	F637_o_NA	0.624	0.0198	TRUE
F36_Moesziomyces	F637_o_NA	0.7533	0.0099	TRUE
F207_o_Tremellales	F637_o_NA	-0.4173	0.0495	FALSE
F5_Alternaria	F637_o_NA	-0.6333	0.0198	FALSE
F4_o_Pleosporales	F78_unidentified	-0.5833	0.0297	FALSE
F12_o_Pleosporales	F78_unidentified	-0.593	0.0198	FALSE
F36_Moesziomyces	F78_unidentified	-0.6309	0.0396	FALSE
F5_Alternaria	F78_unidentified	0.5344	0.0495	TRUE
F47_f_Phaeosphaeriaceae	F77_o_NA	0.4554	0.0396	TRUE
F257_Papiliotrema	F16_Pyricularia	0.6487	0.0495	TRUE
F98_f_Didymellaceae	F16_Pyricularia	0.693	0.0198	TRUE
F28_f_Hypocreales_fam_Incertae_sedis	F16_Pyricularia	0.6253	0.0297	TRUE
F5_Alternaria	F137_Malassezia	0.508	0.0495	TRUE
F117_Saitozyma	F2_Nigrospora	-0.5095	0.0396	FALSE
F174_unidentified	F2_Nigrospora	0.5152	0.0198	TRUE
F98_f_Didymellaceae	F2_Nigrospora	0.6297	0.0396	TRUE
F29_f_Didymellaceae	F2_Nigrospora	0.8291	0.0099	TRUE
F28_f_Hypocreales_fam_Incertae_sedis	F2_Nigrospora	0.785	0.0198	TRUE
F250_Pseudopithomyces	F2_Nigrospora	0.5908	0.0495	TRUE
F12_o_Pleosporales	F418_Hannaella	0.4794	0.0495	TRUE
F112_Paraphaeosphaeria	F418_Hannaella	0.5351	0.0297	TRUE
F120_Sporobolomyces	F418_Hannaella	-0.5116	0.0396	FALSE
F127_Papiliotrema	F418_Hannaella	-0.4559	0.0495	FALSE
F36_Moesziomyces	F418_Hannaella	0.4411	0.0396	TRUE
F3_Moesziomyces	F226_Saitozyma	0.4461	0.0495	TRUE
F98_f_Didymellaceae	F226_Saitozyma	0.4522	0.0396	TRUE
F18_f_Phaeosphaeriaceae	F202_Pseudozyma	-0.6473	0.0396	FALSE
F27_Curvularia	F202_Pseudozyma	-0.7776	0.0099	FALSE
F257_Papiliotrema	F202_Pseudozyma	0.8266	0.0198	TRUE
F98_f_Didymellaceae	F202_Pseudozyma	0.7662	0.0099	TRUE
F29_f_Didymellaceae	F202_Pseudozyma	0.6494	0.0396	TRUE
F28_f_Hypocreales_fam_Incertae_sedis	F202_Pseudozyma	0.6532	0.0297	TRUE
F6_Cladosporium	F202_Pseudozyma	-0.5713	0.0396	FALSE
F22_Setophoma	F202_Pseudozyma	-0.7838	0.0099	FALSE
F98_f_Didymellaceae	F3_Moesziomyces	0.7371	0.0099	TRUE
F65_Sarocladium	F3_Moesziomyces	0.6219	0.0099	TRUE
F22_Setophoma	F3_Moesziomyces	-0.8155	0.0297	FALSE
F12_o_Pleosporales	F4_o_Pleosporales	0.8266	0.0198	TRUE
F120_Sporobolomyces	F4_o_Pleosporales	-0.7336	0.0099	FALSE
F36_Moesziomyces	F4_o_Pleosporales	0.7862	0.0099	TRUE
F81_Cladosporium	F4_o_Pleosporales	-0.7925	0.0099	FALSE
F181_f_Didymellaceae	F4_o_Pleosporales	-0.5865	0.0495	FALSE
F5_Alternaria	F4_o_Pleosporales	-0.7996	0.0198	FALSE
F29_f_Didymellaceae	F18_f_Phaeosphaeriaceae	-0.656	0.0396	FALSE
F36_Moesziomyces	F18_f_Phaeosphaeriaceae	0.6908	0.0198	TRUE
F297_Coniothyrium	F18_f_Phaeosphaeriaceae	-0.5469	0.0396	FALSE
F194_Hannaella	F18_f_Phaeosphaeriaceae	-0.4265	0.0495	FALSE
F112_Paraphaeosphaeria	F12_o_Pleosporales	0.8137	0.0198	TRUE
F116_Curvularia	F12_o_Pleosporales	0.3929	0.0495	TRUE
F120_Sporobolomyces	F12_o_Pleosporales	-0.8041	0.0099	FALSE
F51_Papiliotrema	F12_o_Pleosporales	0.6284	0.0396	TRUE
F33_unidentified	F12_o_Pleosporales	-0.5796	0.0495	FALSE
F36_Moesziomyces	F12_o_Pleosporales	0.8616	0.0099	TRUE
F181_f_Didymellaceae	F12_o_Pleosporales	-0.7043	0.0396	FALSE
F5_Alternaria	F12_o_Pleosporales	-0.7786	0.0198	FALSE
F89_Aureobasidium	F47_f_Phaeosphaeriaceae	0.5832	0.0297	TRUE
F29_f_Didymellaceae	F1479_Paraphaeosphaeria	-0.4543	0.0495	FALSE
F231_Bullera	F356_Paraconiothyrium	0.3582	0.0395	TRUE
F120_Sporobolomyces	F112_Paraphaeosphaeria	-0.8196	0.0198	FALSE
F127_Papiliotrema	F112_Paraphaeosphaeria	-0.6243	0.0297	FALSE
F51_Papiliotrema	F112_Paraphaeosphaeria	0.7032	0.0198	TRUE
F354_Coniothyrium	F112_Paraphaeosphaeria	0.4629	0.0396	TRUE
F33_unidentified	F112_Paraphaeosphaeria	-0.5284	0.0198	FALSE
F36_Moesziomyces	F112_Paraphaeosphaeria	0.8478	0.0198	TRUE
F5_Alternaria	F112_Paraphaeosphaeria	-0.8017	0.0198	FALSE
F257_Papiliotrema	F27_Curvularia	-0.7757	0.0099	FALSE
F98_f_Didymellaceae	F27_Curvularia	-0.7036	0.0297	FALSE
F29_f_Didymellaceae	F27_Curvularia	-0.6326	0.0396	FALSE
F28_f_Hypocreales_fam_Incertae_sedis	F27_Curvularia	-0.5737	0.0495	FALSE
F194_Hannaella	F27_Curvularia	-0.4882	0.0396	FALSE
F22_Setophoma	F27_Curvularia	0.7963	0.0198	TRUE
F71_Papiliotrema	F120_Sporobolomyces	0.8307	0.0099	TRUE
F127_Papiliotrema	F120_Sporobolomyces	0.6816	0.0099	TRUE
F36_Moesziomyces	F120_Sporobolomyces	-0.7647	0.0198	FALSE
F231_Bullera	F120_Sporobolomyces	0.5174	0.0396	TRUE
F181_f_Didymellaceae	F120_Sporobolomyces	0.6895	0.0297	TRUE
F55_f_Nectriaceae	F120_Sporobolomyces	-0.5901	0.0396	FALSE
F5_Alternaria	F120_Sporobolomyces	0.9651	0.0099	TRUE
F6_Cladosporium	F53_Pyrenochaetopsis	0.4208	0.0495	TRUE
F174_unidentified	F605_o_Pleosporales	0.4665	0.0396	TRUE
F1043_Lecanicillium	F71_Papiliotrema	0.6728	0.0198	TRUE
F231_Bullera	F71_Papiliotrema	0.5598	0.0198	TRUE
F55_f_Nectriaceae	F71_Papiliotrema	-0.6996	0.0099	FALSE
F643_Symmetrospora	F71_Papiliotrema	0.5598	0.0297	TRUE
F5_Alternaria	F71_Papiliotrema	0.8759	0.0099	TRUE
F643_Symmetrospora	F127_Papiliotrema	0.4275	0.0396	TRUE
F5_Alternaria	F127_Papiliotrema	0.6978	0.0297	TRUE
F98_f_Didymellaceae	F257_Papiliotrema	0.7963	0.0099	TRUE
F29_f_Didymellaceae	F257_Papiliotrema	0.6485	0.0198	TRUE
F28_f_Hypocreales_fam_Incertae_sedis	F257_Papiliotrema	0.6587	0.0099	TRUE
F6_Cladosporium	F257_Papiliotrema	-0.6157	0.0396	FALSE
F194_Hannaella	F257_Papiliotrema	0.4402	0.0396	TRUE
F22_Setophoma	F257_Papiliotrema	-0.7255	0.0198	FALSE
F65_Sarocladium	F98_f_Didymellaceae	0.4958	0.0495	TRUE
F28_f_Hypocreales_fam_Incertae_sedis	F98_f_Didymellaceae	0.6921	0.0495	TRUE
F22_Setophoma	F98_f_Didymellaceae	-0.7631	0.0198	FALSE
F33_unidentified	F29_f_Didymellaceae	0.5693	0.0495	TRUE
F36_Moesziomyces	F29_f_Didymellaceae	-0.6837	0.0495	FALSE
F28_f_Hypocreales_fam_Incertae_sedis	F29_f_Didymellaceae	0.6705	0.0396	TRUE
F89_Aureobasidium	F45_f_Didymellaceae	-0.6881	0.0297	FALSE
F36_Moesziomyces	F354_Coniothyrium	0.452	0.0198	TRUE
F36_Moesziomyces	F33_unidentified	-0.6128	0.0396	FALSE
F5_Alternaria	F36_Moesziomyces	-0.7593	0.0297	FALSE
F30_unidentified	F36_Moesziomyces	0.5795	0.0396	TRUE
F22_Setophoma	F65_Sarocladium	-0.5584	0.0396	FALSE
F5_Alternaria	F1043_Lecanicillium	0.5896	0.0198	TRUE
F181_f_Didymellaceae	F231_Bullera	0.4494	0.0396	TRUE
F5_Alternaria	F231_Bullera	0.6056	0.0198	TRUE
F5_Alternaria	F181_f_Didymellaceae	0.708	0.0297	TRUE
F5_Alternaria	F55_f_Nectriaceae	-0.6221	0.0198	FALSE
F5_Alternaria	F643_Symmetrospora	0.5221	0.0495	TRUE
F30_unidentified	F89_Aureobasidium	-0.5096	0.0396	FALSE
