Source	Target	Cor	pseudo_p	positive
B1224_Blastococcus	B12281_o_NA	0.4299	0.0235	TRUE
F362_Porostereum	B12358_Allorhizobium.Neorhizobium.Pararhizobium.Rhizobium	0.4459	0.0433	TRUE
F2745_Penicillium	B5603_Spirosoma	0.3725	0.0433	TRUE
F3_Moesziomyces	B5603_Spirosoma	-0.4934	0.0198	FALSE
F362_Porostereum	B5603_Spirosoma	0.4673	0.005	TRUE
B1193_Blastocatella	B5650_Dietzia	0.4812	0.0137	TRUE
B1224_Blastococcus	B122_Anaeromyxobacter	0.4937	0.0235	TRUE
F700_Trechispora	B122_Anaeromyxobacter	0.4421	0.0334	TRUE
B11_Xanthomonas	B22_uncultured.Roseobacter.sp.	0.6578	0.0495	TRUE
F133_Cyphellophora	B22_uncultured.Roseobacter.sp.	0.5377	0.0495	TRUE
F947_unidentified	B22_uncultured.Roseobacter.sp.	0.5382	0.0198	TRUE
F77_o_NA	B22_uncultured.Roseobacter.sp.	0.5467	0.0297	TRUE
F16_Pyricularia	B22_uncultured.Roseobacter.sp.	0.6924	0.0396	TRUE
F6_Cladosporium	B22_uncultured.Roseobacter.sp.	-0.683	0.0297	FALSE
F33_unidentified	B252_Spirosoma	0.3757	0.0487	TRUE
B989_Staphylococcus	B2352_Dyadobacter	0.4781	0.0334	TRUE
F1474_unidentified	B2352_Dyadobacter	0.4135	0.0433	TRUE
F36_Moesziomyces	B1260_Ellin6067	0.4502	0.0433	TRUE
B826_Enhydrobacter	B26_Bradyrhizobium	0.5276	0.0235	TRUE
F131_unidentified	B26_Bradyrhizobium	0.5509	0.0494	TRUE
F152_unidentified	B26_Bradyrhizobium	0.5658	0.0137	TRUE
F1153_Naganishia	B26_Bradyrhizobium	0.6871	0.005	TRUE
F621_Nigrospora	B26_Bradyrhizobium	0.5547	0.0334	TRUE
F1719_Junghuhnia	B26_Bradyrhizobium	0.4969	0.0433	TRUE
F183_Curvularia	B26_Bradyrhizobium	0.5795	0.0235	TRUE
F681_Malassezia	B26_Bradyrhizobium	0.5584	0.0235	TRUE
F600_Penicillium	B26_Bradyrhizobium	0.4972	0.0235	TRUE
B265_Deinococcus	B5_Pseudomonas	0.7863	0.0099	TRUE
B918_Bacillus	B5_Pseudomonas	0.6563	0.0198	TRUE
F297_Coniothyrium	B5_Pseudomonas	0.6387	0.0396	TRUE
F81_Cladosporium	B5_Pseudomonas	0.7619	0.0297	TRUE
F5_Alternaria	B5_Pseudomonas	0.6193	0.0495	TRUE
B11_Xanthomonas	B10_Allorhizobium.Neorhizobium.Pararhizobium.Rhizobium	0.5143	0.0388	TRUE
F48_unidentified	B10_Allorhizobium.Neorhizobium.Pararhizobium.Rhizobium	0.6	0.0297	TRUE
F55_f_Nectriaceae	B10_Allorhizobium.Neorhizobium.Pararhizobium.Rhizobium	-0.7112	0.0099	FALSE
B9_Methylobacterium	B11_Xanthomonas	0.4989	0.019	TRUE
B553_Devosia	B11_Xanthomonas	0.588	0.0137	TRUE
F117_Saitozyma	B11_Xanthomonas	0.4914	0.0091	TRUE
F127_Papiliotrema	B11_Xanthomonas	0.4497	0.0334	TRUE
F358_unidentified	B2_Methylobacterium	0.6191	0.0396	TRUE
F48_unidentified	B2_Methylobacterium	0.7786	0.0198	TRUE
F18_f_Phaeosphaeriaceae	B2_Methylobacterium	-0.632	0.0495	FALSE
F29_f_Didymellaceae	B2_Methylobacterium	0.7354	0.0198	TRUE
F45_f_Didymellaceae	B2_Methylobacterium	0.7359	0.0198	TRUE
F55_f_Nectriaceae	B2_Methylobacterium	-0.7412	0.0297	FALSE
F89_Aureobasidium	B2_Methylobacterium	0.7086	0.0297	TRUE
F5_Alternaria	B2_Methylobacterium	-0.7197	0.0198	FALSE
F3_Moesziomyces	B430_Pseudonocardia	-0.5541	0.0396	FALSE
F22_Setophoma	B430_Pseudonocardia	-0.578	0.0495	FALSE
B553_Devosia	B9_Methylobacterium	0.5218	0.0289	TRUE
F20_Edenia	B9_Methylobacterium	0.5457	0.0197	TRUE
F127_Papiliotrema	B9_Methylobacterium	0.4246	0.0388	TRUE
F85_Fusarium	B9_Methylobacterium	0.6547	0.0099	TRUE
B1937_Singulisphaera	B989_Staphylococcus	0.4604	0.0137	TRUE
B3858_Corynebacterium 1	B989_Staphylococcus	0.609	0.0235	TRUE
B956_Corynebacterium 1	B989_Staphylococcus	0.6594	0.0235	TRUE
B1711_Corynebacterium 1	B989_Staphylococcus	0.5996	0.005	TRUE
B4858_Corynebacterium 1	B989_Staphylococcus	0.5755	0.005	TRUE
F1136_unidentified	B989_Staphylococcus	0.4335	0.0235	TRUE
F120_Sporobolomyces	B989_Staphylococcus	0.6044	0.0137	TRUE
F1474_unidentified	B989_Staphylococcus	0.456	0.0433	TRUE
B553_Devosia	B4537_IMCC26207	0.4145	0.0334	TRUE
F947_unidentified	B4537_IMCC26207	0.3625	0.0433	TRUE
B32_Bradyrhizobium	B265_Deinococcus	0.5474	0.0495	TRUE
B3_Sphingomonas	B265_Deinococcus	-0.6343	0.0396	FALSE
B918_Bacillus	B265_Deinococcus	0.6342	0.0396	TRUE
F2048_unidentified	B265_Deinococcus	0.4918	0.0396	TRUE
F16_Pyricularia	B265_Deinococcus	-0.6446	0.0198	FALSE
F12_o_Pleosporales	B265_Deinococcus	0.5535	0.0495	TRUE
F27_Curvularia	B265_Deinococcus	0.766	0.0198	TRUE
F297_Coniothyrium	B265_Deinococcus	0.7143	0.0099	TRUE
F81_Cladosporium	B265_Deinococcus	0.8323	0.0099	TRUE
B35_Methylobacterium	B222_Kineococcus	0.5794	0.0235	TRUE
F268_Sarocladium	B222_Kineococcus	0.3972	0.0433	TRUE
F33_unidentified	B334_f_Burkholderiaceae	0.4498	0.0487	TRUE
F115_unidentified	B826_Enhydrobacter	0.4902	0.0235	TRUE
F1153_Naganishia	B826_Enhydrobacter	0.6	0.0235	TRUE
F183_Curvularia	B826_Enhydrobacter	0.5222	0.0334	TRUE
F600_Penicillium	B826_Enhydrobacter	0.4626	0.0235	TRUE
B1224_Blastococcus	B21_Methylobacterium	0.5985	0.0235	TRUE
B19_Xanthomonas	B21_Methylobacterium	0.566	0.0433	TRUE
F222_o_NA	B21_Methylobacterium	0.4425	0.0433	TRUE
F700_Trechispora	B21_Methylobacterium	0.5491	0.0137	TRUE
F5126_unidentified	B21_Methylobacterium	0.4628	0.0433	TRUE
F729_Stemphylium	B21_Methylobacterium	0.5182	0.0334	TRUE
F1322_unidentified	B21_Methylobacterium	0.4793	0.0433	TRUE
F13_Zopfiella	B21_Methylobacterium	0.4607	0.0433	TRUE
F80_Uncobasidium	B21_Methylobacterium	0.4677	0.0334	TRUE
B6071_Cellulosimicrobium	B922_Spirosoma	0.4585	0.0334	TRUE
F109_o_Pleosporales	B24_Bradyrhizobium	0.3754	0.0487	TRUE
F358_unidentified	B24_Bradyrhizobium	0.6083	0.0297	TRUE
F48_unidentified	B24_Bradyrhizobium	0.6161	0.0396	TRUE
F2_Nigrospora	B24_Bradyrhizobium	-0.6477	0.0495	FALSE
F53_Pyrenochaetopsis	B24_Bradyrhizobium	0.67	0.0198	TRUE
F29_f_Didymellaceae	B24_Bradyrhizobium	0.5822	0.0495	TRUE
F45_f_Didymellaceae	B24_Bradyrhizobium	0.6566	0.0099	TRUE
F33_unidentified	B24_Bradyrhizobium	0.6782	0.0098	TRUE
F89_Aureobasidium	B24_Bradyrhizobium	0.7201	0.0099	TRUE
F5_Alternaria	B24_Bradyrhizobium	-0.7183	0.0396	FALSE
B1711_Corynebacterium 1	B1937_Singulisphaera	0.4174	0.0235	TRUE
B95_Allorhizobium-Neorhizobium-Pararhizobium-Rhizobium	B12205_Roseimicrobium	0.4578	0.0137	TRUE
F116_Curvularia	B847_f_Fimbriimonadaceae	0.4313	0.0289	TRUE
F133_Cyphellophora	B553_Devosia	0.4388	0.0235	TRUE
F947_unidentified	B553_Devosia	0.5095	0.0235	TRUE
F117_Saitozyma	B553_Devosia	0.4725	0.0289	TRUE
F45_f_Didymellaceae	B553_Devosia	0.4898	0.0494	TRUE
F55_f_Nectriaceae	B553_Devosia	-0.5132	0.0495	FALSE
B6071_Cellulosimicrobium	B33_Kineococcus	0.5564	0.0137	TRUE
B607_Dietzia	B33_Kineococcus	0.6236	0.005	TRUE
B956_Corynebacterium 1	B3858_Corynebacterium.1	0.5724	0.005	TRUE
B1711_Corynebacterium 1	B3858_Corynebacterium.1	0.6395	0.0137	TRUE
B4858_Corynebacterium 1	B3858_Corynebacterium.1	0.5946	0.0235	TRUE
B3_Sphingomonas	B3858_Corynebacterium.1	-0.5235	0.0495	FALSE
F120_Sporobolomyces	B3858_Corynebacterium.1	0.6084	0.0235	TRUE
B6071_Cellulosimicrobium	B5349_uncultured	0.4015	0.0235	TRUE
B607_Dietzia	B6071_Cellulosimicrobium	0.5371	0.0235	TRUE
B19_Xanthomonas	B1224_Blastococcus	0.5531	0.0137	TRUE
F222_o_NA	B1224_Blastococcus	0.5178	0.0235	TRUE
F700_Trechispora	B1224_Blastococcus	0.6134	0.0137	TRUE
F5126_unidentified	B1224_Blastococcus	0.4517	0.0334	TRUE
F1884_Yuchengia	B1224_Blastococcus	0.5495	0.0235	TRUE
F137_Malassezia	B1224_Blastococcus	0.3963	0.0388	TRUE
F729_Stemphylium	B1224_Blastococcus	0.4658	0.0235	TRUE
F1322_unidentified	B1224_Blastococcus	0.5071	0.0137	TRUE
F13_Zopfiella	B1224_Blastococcus	0.4844	0.0433	TRUE
F80_Uncobasidium	B1224_Blastococcus	0.5403	0.005	TRUE
F781_o_Pleosporales	B1224_Blastococcus	0.5717	0.0091	TRUE
F238_Coniochaeta	B1224_Blastococcus	0.547	0.0137	TRUE
B1711_Corynebacterium 1	B956_Corynebacterium.1	0.6218	0.0137	TRUE
B4858_Corynebacterium 1	B956_Corynebacterium.1	0.664	0.0137	TRUE
F1136_unidentified	B956_Corynebacterium.1	0.4858	0.0235	TRUE
F120_Sporobolomyces	B956_Corynebacterium.1	0.6729	0.005	TRUE
F1474_unidentified	B956_Corynebacterium.1	0.4709	0.0137	TRUE
F358_unidentified	B32_Bradyrhizobium	-0.6074	0.0396	FALSE
F8_unidentified	B32_Bradyrhizobium	0.8638	0.0099	TRUE
F53_Pyrenochaetopsis	B32_Bradyrhizobium	-0.8148	0.0099	FALSE
F45_f_Didymellaceae	B32_Bradyrhizobium	-0.6847	0.0495	FALSE
F55_f_Nectriaceae	B32_Bradyrhizobium	0.6528	0.0396	TRUE
F89_Aureobasidium	B32_Bradyrhizobium	-0.6617	0.0198	FALSE
F5_Alternaria	B32_Bradyrhizobium	0.6229	0.0297	TRUE
B3_Sphingomonas	B607_Dietzia	-0.4721	0.0396	FALSE
B918_Bacillus	B607_Dietzia	0.5296	0.0388	TRUE
B4858_Corynebacterium 1	B1711_Corynebacterium.1	0.5656	0.0137	TRUE
F120_Sporobolomyces	B1711_Corynebacterium.1	0.6625	0.0235	TRUE
F1136_unidentified	B4858_Corynebacterium.1	0.4983	0.0334	TRUE
F120_Sporobolomyces	B4858_Corynebacterium.1	0.6214	0.0137	TRUE
F222_o_NA	B19_Xanthomonas	0.4434	0.0235	TRUE
F700_Trechispora	B19_Xanthomonas	0.5342	0.0235	TRUE
F1884_Yuchengia	B19_Xanthomonas	0.4478	0.0334	TRUE
F13_Zopfiella	B19_Xanthomonas	0.4749	0.0137	TRUE
F238_Coniochaeta	B19_Xanthomonas	0.4909	0.0235	TRUE
B4_Pantoea	B1_Pantoea	0.9621	0.0099	TRUE
F98_f_Didymellaceae	B191_Pseudoxanthomonas	0.463	0.0334	TRUE
F268_Sarocladium	B35_Methylobacterium	0.4166	0.0334	TRUE
F222_o_NA	B6936_Corynebacterium.1	0.3944	0.0334	TRUE
F700_Trechispora	B6936_Corynebacterium.1	0.4172	0.0334	TRUE
F1322_unidentified	B6936_Corynebacterium.1	0.4064	0.0433	TRUE
F292_Engyodontium	B7_Curtobacterium	0.5531	0.0495	TRUE
F22_Setophoma	B7_Curtobacterium	-0.7279	0.0198	FALSE
F297_Coniothyrium	B3_Sphingomonas	-0.668	0.0297	FALSE
F81_Cladosporium	B3_Sphingomonas	-0.6965	0.0198	FALSE
F26_unidentified	B95_Allorhizobium.Neorhizobium.Pararhizobium.Rhizobium	0.4907	0.0433	TRUE
F98_f_Didymellaceae	B95_Allorhizobium.Neorhizobium.Pararhizobium.Rhizobium	0.5904	0.005	TRUE
F5_Alternaria	B95_Allorhizobium.Neorhizobium.Pararhizobium.Rhizobium	-0.5969	0.0495	FALSE
F21_Acremonium	B918_Bacillus	0.5031	0.0396	TRUE
F27_Curvularia	B918_Bacillus	0.5907	0.0396	TRUE
F81_Cladosporium	B918_Bacillus	0.5788	0.0099	TRUE
F2745_Penicillium	F2271_f_Phaeosphaeriaceae	0.4357	0.0433	TRUE
F12_o_Pleosporales	F2271_f_Phaeosphaeriaceae	-0.495	0.0396	FALSE
F1138_Malassezia	F2271_f_Phaeosphaeriaceae	0.4729	0.0235	TRUE
F362_Porostereum	F2271_f_Phaeosphaeriaceae	0.5996	0.005	TRUE
F2363_Rhodocollybia	F2271_f_Phaeosphaeriaceae	0.4371	0.0334	TRUE
F22_Setophoma	F2271_f_Phaeosphaeriaceae	-0.5561	0.0396	FALSE
F4_o_Pleosporales	F106_unidentified	-0.6128	0.0198	FALSE
F116_Curvularia	F106_unidentified	0.5163	0.0396	TRUE
F429_Bjerkandera	F106_unidentified	0.4306	0.0297	TRUE
F54_Pyrenochaetopsis	F131_unidentified	-0.5008	0.0495	FALSE
F1153_Naganishia	F131_unidentified	0.5506	0.0197	TRUE
F183_Curvularia	F131_unidentified	0.571	0.0494	TRUE
F98_f_Didymellaceae	F109_o_Pleosporales	0.4503	0.0433	TRUE
F1153_Naganishia	F115_unidentified	0.5429	0.0334	TRUE
F1905_Suillus	F115_unidentified	0.5486	0.005	TRUE
F621_Nigrospora	F115_unidentified	0.5616	0.0235	TRUE
F1196_Trichaptum	F115_unidentified	0.454	0.0334	TRUE
F567_Ceriporia	F115_unidentified	0.4483	0.0296	TRUE
F183_Curvularia	F115_unidentified	0.4717	0.0433	TRUE
F681_Malassezia	F115_unidentified	0.4701	0.0433	TRUE
F935_unidentified	F115_unidentified	0.4198	0.0334	TRUE
F729_Stemphylium	F700_Trechispora	0.5432	0.0137	TRUE
F1322_unidentified	F700_Trechispora	0.4817	0.0433	TRUE
F80_Uncobasidium	F700_Trechispora	0.4643	0.0334	TRUE
F781_o_Pleosporales	F700_Trechispora	0.4955	0.019	TRUE
F199_Aureobasidium	F700_Trechispora	0.4672	0.0296	TRUE
F1153_Naganishia	F152_unidentified	0.6144	0.0334	TRUE
F1905_Suillus	F152_unidentified	0.5121	0.0235	TRUE
F621_Nigrospora	F152_unidentified	0.4391	0.0334	TRUE
F1719_Junghuhnia	F152_unidentified	0.5378	0.0137	TRUE
F183_Curvularia	F152_unidentified	0.5362	0.0235	TRUE
F681_Malassezia	F152_unidentified	0.5641	0.005	TRUE
F292_Engyodontium	F152_unidentified	0.5442	0.0296	TRUE
F935_unidentified	F152_unidentified	0.4166	0.0433	TRUE
F81_Cladosporium	F2048_unidentified	0.5155	0.0495	TRUE
F1322_unidentified	F5126_unidentified	0.4256	0.0235	TRUE
F54_Pyrenochaetopsis	F358_unidentified	0.6897	0.0099	TRUE
F48_unidentified	F358_unidentified	0.7364	0.0198	TRUE
F2_Nigrospora	F358_unidentified	-0.6428	0.0297	FALSE
F147_o_Pleosporales	F358_unidentified	0.4578	0.0396	TRUE
F53_Pyrenochaetopsis	F358_unidentified	0.7685	0.0198	TRUE
F29_f_Didymellaceae	F358_unidentified	0.7302	0.0099	TRUE
F45_f_Didymellaceae	F358_unidentified	0.8079	0.0099	TRUE
F33_unidentified	F358_unidentified	0.6203	0.0198	TRUE
F28_f_Hypocreales_fam_Incertae_sedis	F358_unidentified	-0.599	0.0198	FALSE
F55_f_Nectriaceae	F358_unidentified	-0.7339	0.0198	FALSE
F89_Aureobasidium	F358_unidentified	0.7905	0.0198	TRUE
F5_Alternaria	F358_unidentified	-0.6968	0.0198	FALSE
F48_unidentified	F54_Pyrenochaetopsis	0.7275	0.0198	TRUE
F53_Pyrenochaetopsis	F54_Pyrenochaetopsis	0.6071	0.0495	TRUE
F29_f_Didymellaceae	F54_Pyrenochaetopsis	0.7068	0.0297	TRUE
F45_f_Didymellaceae	F54_Pyrenochaetopsis	0.7777	0.0198	TRUE
F55_f_Nectriaceae	F54_Pyrenochaetopsis	-0.7229	0.0297	FALSE
F89_Aureobasidium	F54_Pyrenochaetopsis	0.7308	0.0297	TRUE
F5_Alternaria	F54_Pyrenochaetopsis	-0.6376	0.0495	FALSE
F22_Setophoma	F54_Pyrenochaetopsis	0.6969	0.0396	TRUE
F1153_Naganishia	F8_unidentified	-0.5715	0.0297	FALSE
F105_Clonostachys	F8_unidentified	-0.6574	0.0198	FALSE
F53_Pyrenochaetopsis	F8_unidentified	-0.6671	0.0396	FALSE
F81_Cladosporium	F8_unidentified	0.5878	0.0495	TRUE
F2_Nigrospora	F48_unidentified	-0.7215	0.0297	FALSE
F53_Pyrenochaetopsis	F48_unidentified	0.7525	0.0099	TRUE
F29_f_Didymellaceae	F48_unidentified	0.8646	0.0099	TRUE
F45_f_Didymellaceae	F48_unidentified	0.8677	0.0099	TRUE
F55_f_Nectriaceae	F48_unidentified	-0.9107	0.0099	FALSE
F89_Aureobasidium	F48_unidentified	0.8283	0.0099	TRUE
F5_Alternaria	F48_unidentified	-0.7364	0.0396	FALSE
F22_Setophoma	F48_unidentified	0.6044	0.0495	TRUE
F2745_Penicillium	F78_unidentified	0.5293	0.0137	TRUE
F3_Moesziomyces	F78_unidentified	-0.6019	0.0297	FALSE
F12_o_Pleosporales	F78_unidentified	-0.5701	0.0297	FALSE
F362_Porostereum	F78_unidentified	0.6376	0.0235	TRUE
F2363_Rhodocollybia	F78_unidentified	0.5312	0.0235	TRUE
F22_Setophoma	F78_unidentified	-0.5693	0.0198	FALSE
F77_o_NA	F947_unidentified	0.458	0.0433	TRUE
F117_Saitozyma	F947_unidentified	0.4519	0.0487	TRUE
F729_Stemphylium	F1884_Yuchengia	0.5288	0.005	TRUE
F80_Uncobasidium	F1884_Yuchengia	0.4456	0.0334	TRUE
F199_Aureobasidium	F1884_Yuchengia	0.4156	0.0296	TRUE
F1905_Suillus	F1153_Naganishia	0.5409	0.005	TRUE
F322_Penicillium	F1153_Naganishia	0.5263	0.0334	TRUE
F105_Clonostachys	F1153_Naganishia	0.5099	0.0495	TRUE
F1719_Junghuhnia	F1153_Naganishia	0.483	0.0235	TRUE
F190_Irpex	F1153_Naganishia	0.4556	0.0487	TRUE
F567_Ceriporia	F1153_Naganishia	0.4793	0.0494	TRUE
F183_Curvularia	F1153_Naganishia	0.6697	0.0334	TRUE
F681_Malassezia	F1153_Naganishia	0.5936	0.0235	TRUE
F292_Engyodontium	F1153_Naganishia	0.5256	0.0395	TRUE
F694_Biscogniauxia	F1153_Naganishia	0.5405	0.0137	TRUE
F600_Penicillium	F1153_Naganishia	0.4959	0.0137	TRUE
F448_Perenniporia	F1153_Naganishia	0.5016	0.0091	TRUE
F2745_Penicillium	F16_Pyricularia	0.4489	0.0495	TRUE
F12_o_Pleosporales	F16_Pyricularia	-0.7855	0.0297	FALSE
F27_Curvularia	F16_Pyricularia	-0.8901	0.0099	FALSE
F297_Coniothyrium	F16_Pyricularia	-0.5761	0.0198	FALSE
F81_Cladosporium	F16_Pyricularia	-0.6425	0.0198	FALSE
F337_Myrmecridium	F16_Pyricularia	0.6889	0.0396	TRUE
F322_Penicillium	F1905_Suillus	0.3475	0.0334	TRUE
F292_Engyodontium	F1905_Suillus	0.4418	0.0296	TRUE
F600_Penicillium	F1905_Suillus	0.4595	0.0235	TRUE
F935_unidentified	F1905_Suillus	0.4682	0.0235	TRUE
F29_f_Didymellaceae	F2_Nigrospora	-0.6432	0.0198	FALSE
F45_f_Didymellaceae	F2_Nigrospora	-0.6541	0.0198	FALSE
F33_unidentified	F2_Nigrospora	-0.6366	0.0198	FALSE
F5_Alternaria	F2_Nigrospora	0.7079	0.0396	TRUE
F199_Aureobasidium	F2_Nigrospora	0.6301	0.0198	TRUE
F190_Irpex	F621_Nigrospora	0.4566	0.0388	TRUE
F183_Curvularia	F621_Nigrospora	0.5547	0.0137	TRUE
F681_Malassezia	F621_Nigrospora	0.5205	0.0334	TRUE
F183_Curvularia	F1196_Trichaptum	0.3887	0.0433	TRUE
F681_Malassezia	F1196_Trichaptum	0.4439	0.0235	TRUE
F292_Engyodontium	F1196_Trichaptum	0.4259	0.0395	TRUE
F605_o_Pleosporales	F117_Saitozyma	0.409	0.0487	TRUE
F127_Papiliotrema	F117_Saitozyma	0.4344	0.0487	TRUE
F3_Moesziomyces	F2745_Penicillium	-0.6335	0.0495	FALSE
F12_o_Pleosporales	F2745_Penicillium	-0.5259	0.0495	FALSE
F362_Porostereum	F2745_Penicillium	0.5846	0.005	TRUE
F2363_Rhodocollybia	F2745_Penicillium	0.4682	0.005	TRUE
F1138_Malassezia	F3_Moesziomyces	-0.5961	0.0396	FALSE
F362_Porostereum	F3_Moesziomyces	-0.7409	0.0099	FALSE
F2363_Rhodocollybia	F3_Moesziomyces	-0.5916	0.0495	FALSE
F22_Setophoma	F3_Moesziomyces	0.7858	0.0198	TRUE
F116_Curvularia	F4_o_Pleosporales	-0.6187	0.0198	FALSE
F429_Bjerkandera	F4_o_Pleosporales	-0.5734	0.0297	FALSE
F28_f_Hypocreales_fam_Incertae_sedis	F4_o_Pleosporales	0.6447	0.0495	TRUE
F89_Aureobasidium	F147_o_Pleosporales	0.4794	0.0495	TRUE
F5_Alternaria	F147_o_Pleosporales	-0.4702	0.0495	FALSE
F27_Curvularia	F12_o_Pleosporales	0.8386	0.0099	TRUE
F1138_Malassezia	F12_o_Pleosporales	-0.5787	0.0198	FALSE
F292_Engyodontium	F12_o_Pleosporales	-0.6488	0.0099	FALSE
F429_Bjerkandera	F12_o_Pleosporales	-0.5009	0.0297	FALSE
F362_Porostereum	F12_o_Pleosporales	-0.6877	0.0099	FALSE
F22_Setophoma	F12_o_Pleosporales	0.717	0.0495	TRUE
F183_Curvularia	F1719_Junghuhnia	0.444	0.0334	TRUE
F681_Malassezia	F1719_Junghuhnia	0.4652	0.0235	TRUE
F292_Engyodontium	F1719_Junghuhnia	0.408	0.0494	TRUE
F935_unidentified	F1719_Junghuhnia	0.4707	0.0137	TRUE
F292_Engyodontium	F27_Curvularia	-0.5432	0.0495	FALSE
F297_Coniothyrium	F27_Curvularia	0.7127	0.0099	TRUE
F81_Cladosporium	F27_Curvularia	0.8012	0.0297	TRUE
F429_Bjerkandera	F116_Curvularia	0.4825	0.0296	TRUE
F681_Malassezia	F183_Curvularia	0.5174	0.0334	TRUE
F292_Engyodontium	F183_Curvularia	0.4381	0.0395	TRUE
F6_Cladosporium	F183_Curvularia	-0.4731	0.0396	FALSE
F935_unidentified	F183_Curvularia	0.4252	0.005	TRUE
F292_Engyodontium	F681_Malassezia	0.4664	0.0296	TRUE
F362_Porostereum	F1138_Malassezia	0.5993	0.0235	TRUE
F2363_Rhodocollybia	F1138_Malassezia	0.4993	0.0137	TRUE
F22_Setophoma	F1138_Malassezia	-0.5729	0.0495	FALSE
F935_unidentified	F292_Engyodontium	0.4403	0.0395	TRUE
F80_Uncobasidium	F4513_Sporobolomyces	0.4222	0.0334	TRUE
F5_Alternaria	F156_Serendipita	-0.4301	0.0495	FALSE
F29_f_Didymellaceae	F53_Pyrenochaetopsis	0.7865	0.0099	TRUE
F45_f_Didymellaceae	F53_Pyrenochaetopsis	0.8478	0.0099	TRUE
F33_unidentified	F53_Pyrenochaetopsis	0.5584	0.0099	TRUE
F55_f_Nectriaceae	F53_Pyrenochaetopsis	-0.7791	0.0396	FALSE
F89_Aureobasidium	F53_Pyrenochaetopsis	0.8474	0.0099	TRUE
F5_Alternaria	F53_Pyrenochaetopsis	-0.7705	0.0099	FALSE
F1322_unidentified	F729_Stemphylium	0.4054	0.005	TRUE
F80_Uncobasidium	F729_Stemphylium	0.4977	0.0235	TRUE
F781_o_Pleosporales	F729_Stemphylium	0.4622	0.0289	TRUE
F2363_Rhodocollybia	F362_Porostereum	0.6072	0.0137	TRUE
F22_Setophoma	F362_Porostereum	-0.7212	0.0495	FALSE
F10_Guehomyces	F98_f_Didymellaceae	0.4585	0.0137	TRUE
F5_Alternaria	F98_f_Didymellaceae	-0.6012	0.0495	FALSE
F45_f_Didymellaceae	F29_f_Didymellaceae	0.859	0.0099	TRUE
F55_f_Nectriaceae	F29_f_Didymellaceae	-0.8698	0.0099	FALSE
F89_Aureobasidium	F29_f_Didymellaceae	0.8211	0.0099	TRUE
F5_Alternaria	F29_f_Didymellaceae	-0.7388	0.0495	FALSE
F22_Setophoma	F29_f_Didymellaceae	0.5911	0.0495	TRUE
F33_unidentified	F45_f_Didymellaceae	0.5699	0.0396	TRUE
F28_f_Hypocreales_fam_Incertae_sedis	F45_f_Didymellaceae	-0.6529	0.0396	FALSE
F55_f_Nectriaceae	F45_f_Didymellaceae	-0.8862	0.0099	FALSE
F89_Aureobasidium	F45_f_Didymellaceae	0.8886	0.0099	TRUE
F5_Alternaria	F45_f_Didymellaceae	-0.8027	0.0198	FALSE
F22_Setophoma	F45_f_Didymellaceae	0.6343	0.0198	TRUE
F89_Aureobasidium	F33_unidentified	0.6233	0.0297	TRUE
F5_Alternaria	F33_unidentified	-0.594	0.0099	FALSE
F22_Setophoma	F2363_Rhodocollybia	-0.5632	0.0396	FALSE
F55_f_Nectriaceae	F28_f_Hypocreales_fam_Incertae_sedis	0.6059	0.0297	TRUE
F89_Aureobasidium	F28_f_Hypocreales_fam_Incertae_sedis	-0.6726	0.0396	FALSE
F5_Alternaria	F28_f_Hypocreales_fam_Incertae_sedis	0.7624	0.0297	TRUE
F81_Cladosporium	F297_Coniothyrium	0.718	0.0198	TRUE
F337_Myrmecridium	F6_Cladosporium	-0.5836	0.0495	FALSE
F5_Alternaria	F10_Guehomyces	-0.4706	0.0396	FALSE
F89_Aureobasidium	F55_f_Nectriaceae	-0.842	0.0099	FALSE
F5_Alternaria	F55_f_Nectriaceae	0.7575	0.0198	TRUE
F22_Setophoma	F55_f_Nectriaceae	-0.6684	0.0495	FALSE
F5_Alternaria	F89_Aureobasidium	-0.8478	0.0099	FALSE
