Source	Target	Cor	pseudo_p	positive
B653_o_NA	B278_o_NA	0.4966	0.0297	TRUE
B4122_o_NA	B278_o_NA	-0.5626	0.0297	FALSE
B1768_o_NA	B278_o_NA	-0.4788	0.0396	FALSE
B71_Methylobacterium	B278_o_NA	-0.6416	0.0396	FALSE
B6_Sphingomonas	B278_o_NA	-0.6419	0.0396	FALSE
B464_Pseudomonas	B278_o_NA	-0.5704	0.0297	FALSE
B36_Stenotrophomonas	B278_o_NA	-0.7471	0.0099	FALSE
B116_Geodermatophilus	B278_o_NA	0.6893	0.0297	TRUE
B1995_Massilia	B278_o_NA	-0.5206	0.0396	FALSE
B11_Xanthomonas	B278_o_NA	-0.6592	0.0198	FALSE
B9_Methylobacterium	B278_o_NA	-0.7781	0.0099	FALSE
B8_f_Rhizobiaceae	B278_o_NA	-0.7292	0.0297	FALSE
B343_Microbacterium	B278_o_NA	-0.6727	0.0198	FALSE
B29_Methylobacterium	B278_o_NA	0.7676	0.0099	TRUE
B31_Quadrisphaera	B278_o_NA	0.8378	0.0297	TRUE
B17_Methylobacterium	B278_o_NA	0.8026	0.0099	TRUE
B726_Chryseobacterium	B278_o_NA	-0.7136	0.0099	FALSE
B1_Pantoea	B278_o_NA	0.8438	0.0099	TRUE
B624_Ornithinimicrobium	B278_o_NA	0.541	0.0495	TRUE
F850_unidentified	B278_o_NA	-0.478	0.0495	FALSE
F1658_unidentified	B278_o_NA	-0.517	0.0396	FALSE
F177_unidentified	B278_o_NA	-0.5146	0.0198	FALSE
F1068_Plenodomus	B278_o_NA	-0.4781	0.0396	FALSE
F684_Endoxyla	B278_o_NA	-0.539	0.0297	FALSE
F1128_Sydowia	B278_o_NA	-0.6282	0.0495	FALSE
B26_Bradyrhizobium	B1831_o_NA	0.5104	0.0395	TRUE
B1995_Massilia	B1831_o_NA	0.4471	0.0495	TRUE
B2_Methylobacterium	B1831_o_NA	0.5903	0.0198	TRUE
B6065_Nakamurella	B1831_o_NA	0.4386	0.0289	TRUE
B31_Quadrisphaera	B1831_o_NA	-0.5502	0.0297	FALSE
B17_Methylobacterium	B1831_o_NA	-0.5963	0.0396	FALSE
B726_Chryseobacterium	B1831_o_NA	0.5374	0.0396	TRUE
B98_Sphingomonas	B1831_o_NA	0.536	0.0495	TRUE
B15_Sphingomonas	B1831_o_NA	0.542	0.0495	TRUE
B13_Aureimonas	B1831_o_NA	0.5357	0.0396	TRUE
B7_Curtobacterium	B1831_o_NA	0.552	0.0396	TRUE
F1060_Phlebia	B1831_o_NA	0.4387	0.0289	TRUE
B640_f_Intrasporangiaceae	B2026_o_NA	0.7005	0.0099	TRUE
B87_Mucilaginibacter	B2026_o_NA	-0.7153	0.0198	FALSE
B500_Pseudomonas	B2026_o_NA	0.6382	0.0099	TRUE
B41_uncultured	B2026_o_NA	0.7652	0.0099	TRUE
B6_Sphingomonas	B2026_o_NA	-0.578	0.0495	FALSE
B23_f_Burkholderiaceae	B2026_o_NA	-0.7673	0.0099	FALSE
B1611_Bdellovibrio	B2026_o_NA	0.6743	0.0099	TRUE
B260_Pseudomonas	B2026_o_NA	0.6688	0.0099	TRUE
B10_Allorhizobium-Neorhizobium-Pararhizobium-Rhizobium	B2026_o_NA	-0.7341	0.0099	FALSE
B187_Clostridium sensu stricto 8	B2026_o_NA	0.6908	0.0099	TRUE
B494_Brevundimonas	B2026_o_NA	0.5549	0.0495	TRUE
B266_Allorhizobium-Neorhizobium-Pararhizobium-Rhizobium	B2026_o_NA	0.7359	0.0099	TRUE
B269_Pseudomonas	B2026_o_NA	0.6717	0.0198	TRUE
B93_Pedobacter	B2026_o_NA	0.7812	0.0099	TRUE
B21_Methylobacterium	B2026_o_NA	0.8289	0.0099	TRUE
B135_Sphingomonas	B2026_o_NA	0.716	0.0099	TRUE
B30_Sphingomonas	B2026_o_NA	0.7938	0.0099	TRUE
B329_Paenibacillus	B2026_o_NA	0.732	0.0099	TRUE
B33_Kineococcus	B2026_o_NA	-0.5954	0.0396	FALSE
B77_Allorhizobium-Neorhizobium-Pararhizobium-Rhizobium	B2026_o_NA	0.807	0.0099	TRUE
B1043_f_Burkholderiaceae	B2026_o_NA	0.7436	0.0099	TRUE
B98_Sphingomonas	B2026_o_NA	-0.5907	0.0198	FALSE
B1477_Candidatus Paracaedibacter	B2026_o_NA	-0.4402	0.0495	FALSE
B16_Sphingomonas	B2026_o_NA	0.6596	0.0396	TRUE
B776_Lactococcus	B2026_o_NA	0.6511	0.0297	TRUE
B15_Sphingomonas	B2026_o_NA	-0.6739	0.0297	FALSE
B2309_Polaromonas	B2026_o_NA	0.629	0.0396	TRUE
B35_Methylobacterium	B2026_o_NA	-0.6672	0.0099	FALSE
B78_Sphingomonas	B2026_o_NA	-0.6539	0.0297	FALSE
B467_Lactococcus	B2026_o_NA	0.4841	0.0396	TRUE
B3_Sphingomonas	B2026_o_NA	-0.5869	0.0396	FALSE
B326_Bacillus	B2026_o_NA	0.6251	0.0198	TRUE
B646_Leuconostoc	B2026_o_NA	0.6248	0.0198	TRUE
B725_Lactococcus	B2026_o_NA	0.584	0.0297	TRUE
B27_Mucilaginibacter	B2026_o_NA	-0.5667	0.0396	FALSE
F226_Saitozyma	B2026_o_NA	0.5606	0.0297	TRUE
F3_Moesziomyces	B2026_o_NA	-0.737	0.0198	FALSE
F6_Cladosporium	B2026_o_NA	-0.5965	0.0495	FALSE
F5_Alternaria	B2026_o_NA	-0.6679	0.0297	FALSE
B87_Mucilaginibacter	B653_o_NA	-0.492	0.0495	FALSE
B41_uncultured	B653_o_NA	0.5963	0.0198	TRUE
B6_Sphingomonas	B653_o_NA	-0.6144	0.0297	FALSE
B116_Geodermatophilus	B653_o_NA	0.6079	0.0396	TRUE
B1995_Massilia	B653_o_NA	-0.4334	0.0198	FALSE
B2_Methylobacterium	B653_o_NA	-0.6243	0.0396	FALSE
B343_Microbacterium	B653_o_NA	-0.4795	0.0495	FALSE
B29_Methylobacterium	B653_o_NA	0.5648	0.0297	TRUE
B31_Quadrisphaera	B653_o_NA	0.6154	0.0297	TRUE
B17_Methylobacterium	B653_o_NA	0.5971	0.0297	TRUE
B726_Chryseobacterium	B653_o_NA	-0.4654	0.0396	FALSE
B98_Sphingomonas	B653_o_NA	-0.5155	0.0396	FALSE
B16_Sphingomonas	B653_o_NA	0.5541	0.0495	TRUE
B1_Pantoea	B653_o_NA	0.474	0.0495	TRUE
B35_Methylobacterium	B653_o_NA	-0.6117	0.0297	FALSE
B78_Sphingomonas	B653_o_NA	-0.5606	0.0198	FALSE
F1128_Sydowia	B653_o_NA	-0.4849	0.0495	FALSE
B2329_Dietzia	B364_o_NA	0.4451	0.0334	TRUE
B87_Mucilaginibacter	B640_f_Intrasporangiaceae	-0.6698	0.0198	FALSE
B500_Pseudomonas	B640_f_Intrasporangiaceae	0.6393	0.0198	TRUE
B41_uncultured	B640_f_Intrasporangiaceae	0.6968	0.0099	TRUE
B6_Sphingomonas	B640_f_Intrasporangiaceae	-0.5462	0.0297	FALSE
B23_f_Burkholderiaceae	B640_f_Intrasporangiaceae	-0.6941	0.0099	FALSE
B1611_Bdellovibrio	B640_f_Intrasporangiaceae	0.6369	0.0099	TRUE
B3905_Janthinobacterium	B640_f_Intrasporangiaceae	0.4318	0.0396	TRUE
B260_Pseudomonas	B640_f_Intrasporangiaceae	0.593	0.0099	TRUE
B10_Allorhizobium-Neorhizobium-Pararhizobium-Rhizobium	B640_f_Intrasporangiaceae	-0.6559	0.0297	FALSE
B187_Clostridium sensu stricto 8	B640_f_Intrasporangiaceae	0.6301	0.0198	TRUE
B494_Brevundimonas	B640_f_Intrasporangiaceae	0.5911	0.0198	TRUE
B266_Allorhizobium-Neorhizobium-Pararhizobium-Rhizobium	B640_f_Intrasporangiaceae	0.6667	0.0198	TRUE
B269_Pseudomonas	B640_f_Intrasporangiaceae	0.6445	0.0099	TRUE
B93_Pedobacter	B640_f_Intrasporangiaceae	0.701	0.0099	TRUE
B21_Methylobacterium	B640_f_Intrasporangiaceae	0.7602	0.0099	TRUE
B135_Sphingomonas	B640_f_Intrasporangiaceae	0.6745	0.0099	TRUE
B30_Sphingomonas	B640_f_Intrasporangiaceae	0.7521	0.0099	TRUE
B329_Paenibacillus	B640_f_Intrasporangiaceae	0.6977	0.0198	TRUE
B33_Kineococcus	B640_f_Intrasporangiaceae	-0.5974	0.0297	FALSE
B77_Allorhizobium-Neorhizobium-Pararhizobium-Rhizobium	B640_f_Intrasporangiaceae	0.7521	0.0099	TRUE
B1043_f_Burkholderiaceae	B640_f_Intrasporangiaceae	0.6995	0.0099	TRUE
B16_Sphingomonas	B640_f_Intrasporangiaceae	0.6581	0.0297	TRUE
B776_Lactococcus	B640_f_Intrasporangiaceae	0.6237	0.0099	TRUE
B15_Sphingomonas	B640_f_Intrasporangiaceae	-0.6438	0.0099	FALSE
B2309_Polaromonas	B640_f_Intrasporangiaceae	0.6143	0.0099	TRUE
B35_Methylobacterium	B640_f_Intrasporangiaceae	-0.6126	0.0396	FALSE
B78_Sphingomonas	B640_f_Intrasporangiaceae	-0.6136	0.0396	FALSE
B467_Lactococcus	B640_f_Intrasporangiaceae	0.477	0.0396	TRUE
B326_Bacillus	B640_f_Intrasporangiaceae	0.6868	0.0099	TRUE
B646_Leuconostoc	B640_f_Intrasporangiaceae	0.6212	0.0099	TRUE
B725_Lactococcus	B640_f_Intrasporangiaceae	0.5885	0.0297	TRUE
B928_Anaerobacillus	B640_f_Intrasporangiaceae	0.4553	0.0495	TRUE
F2_Nigrospora	B640_f_Intrasporangiaceae	0.5355	0.0297	TRUE
F3_Moesziomyces	B640_f_Intrasporangiaceae	-0.5977	0.0099	FALSE
F6_Cladosporium	B640_f_Intrasporangiaceae	-0.607	0.0396	FALSE
F81_Cladosporium	B640_f_Intrasporangiaceae	-0.486	0.0495	FALSE
F84_Tilletia	B640_f_Intrasporangiaceae	-0.4886	0.0495	FALSE
F5_Alternaria	B640_f_Intrasporangiaceae	-0.6485	0.0198	FALSE
B87_Mucilaginibacter	B22_uncultured.Roseobacter.sp.	0.5694	0.0297	TRUE
B2_Methylobacterium	B22_uncultured.Roseobacter.sp.	0.5565	0.0495	TRUE
B21_Methylobacterium	B22_uncultured.Roseobacter.sp.	-0.5227	0.0297	FALSE
B98_Sphingomonas	B22_uncultured.Roseobacter.sp.	0.551	0.0297	TRUE
B16_Sphingomonas	B22_uncultured.Roseobacter.sp.	-0.4685	0.0495	FALSE
B15_Sphingomonas	B22_uncultured.Roseobacter.sp.	0.6064	0.0396	TRUE
B35_Methylobacterium	B22_uncultured.Roseobacter.sp.	0.6026	0.0198	TRUE
B500_Pseudomonas	B87_Mucilaginibacter	-0.5931	0.0495	FALSE
B41_uncultured	B87_Mucilaginibacter	-0.8576	0.0099	FALSE
B6_Sphingomonas	B87_Mucilaginibacter	0.7435	0.0198	TRUE
B23_f_Burkholderiaceae	B87_Mucilaginibacter	0.7199	0.0396	TRUE
B1611_Bdellovibrio	B87_Mucilaginibacter	-0.6121	0.0297	FALSE
B260_Pseudomonas	B87_Mucilaginibacter	-0.678	0.0198	FALSE
B116_Geodermatophilus	B87_Mucilaginibacter	-0.6677	0.0297	FALSE
B10_Allorhizobium-Neorhizobium-Pararhizobium-Rhizobium	B87_Mucilaginibacter	0.8159	0.0099	TRUE
B2_Methylobacterium	B87_Mucilaginibacter	0.8518	0.0099	TRUE
B187_Clostridium sensu stricto 8	B87_Mucilaginibacter	-0.7388	0.0396	FALSE
B494_Brevundimonas	B87_Mucilaginibacter	-0.5876	0.0198	FALSE
B266_Allorhizobium-Neorhizobium-Pararhizobium-Rhizobium	B87_Mucilaginibacter	-0.7727	0.0198	FALSE
B269_Pseudomonas	B87_Mucilaginibacter	-0.7032	0.0198	FALSE
B93_Pedobacter	B87_Mucilaginibacter	-0.7837	0.0099	FALSE
B21_Methylobacterium	B87_Mucilaginibacter	-0.8605	0.0198	FALSE
B135_Sphingomonas	B87_Mucilaginibacter	-0.7592	0.0099	FALSE
B30_Sphingomonas	B87_Mucilaginibacter	-0.7922	0.0099	FALSE
B329_Paenibacillus	B87_Mucilaginibacter	-0.6781	0.0297	FALSE
B31_Quadrisphaera	B87_Mucilaginibacter	-0.6654	0.0198	FALSE
B77_Allorhizobium-Neorhizobium-Pararhizobium-Rhizobium	B87_Mucilaginibacter	-0.8346	0.0198	FALSE
B1043_f_Burkholderiaceae	B87_Mucilaginibacter	-0.7354	0.0198	FALSE
B98_Sphingomonas	B87_Mucilaginibacter	0.8137	0.0099	TRUE
B16_Sphingomonas	B87_Mucilaginibacter	-0.8013	0.0198	FALSE
B1281_Polaromonas	B87_Mucilaginibacter	-0.5879	0.0297	FALSE
B776_Lactococcus	B87_Mucilaginibacter	-0.6447	0.0396	FALSE
B15_Sphingomonas	B87_Mucilaginibacter	0.9063	0.0099	TRUE
B13_Aureimonas	B87_Mucilaginibacter	0.6234	0.0396	TRUE
B2309_Polaromonas	B87_Mucilaginibacter	-0.6143	0.0297	FALSE
B35_Methylobacterium	B87_Mucilaginibacter	0.9108	0.0099	TRUE
B78_Sphingomonas	B87_Mucilaginibacter	0.8975	0.0099	TRUE
B7_Curtobacterium	B87_Mucilaginibacter	0.6631	0.0198	TRUE
B3_Sphingomonas	B87_Mucilaginibacter	0.8761	0.0099	TRUE
B326_Bacillus	B87_Mucilaginibacter	-0.6557	0.0099	FALSE
B646_Leuconostoc	B87_Mucilaginibacter	-0.6781	0.0099	FALSE
B725_Lactococcus	B87_Mucilaginibacter	-0.5907	0.0099	FALSE
B928_Anaerobacillus	B87_Mucilaginibacter	-0.5773	0.0495	FALSE
F226_Saitozyma	B87_Mucilaginibacter	-0.6699	0.0396	FALSE
F3_Moesziomyces	B87_Mucilaginibacter	0.8024	0.0198	TRUE
F6_Cladosporium	B87_Mucilaginibacter	0.6648	0.0198	TRUE
B521_Peredibacter	B252_Spirosoma	0.5719	0.0297	TRUE
B893_o_NA	B252_Spirosoma	-0.588	0.0198	FALSE
B23_f_Burkholderiaceae	B252_Spirosoma	0.5989	0.0297	TRUE
B11_Xanthomonas	B252_Spirosoma	-0.6214	0.0099	FALSE
B9_Methylobacterium	B252_Spirosoma	-0.7526	0.0099	FALSE
B1505_uncultured Roseobacter sp.	B252_Spirosoma	-0.6446	0.0198	FALSE
B8_f_Rhizobiaceae	B252_Spirosoma	-0.6711	0.0297	FALSE
B222_Kineococcus	B252_Spirosoma	0.6404	0.0198	TRUE
B33_Kineococcus	B252_Spirosoma	0.7145	0.0099	TRUE
B327_1174-901-12	B252_Spirosoma	0.5781	0.0099	TRUE
B19_Xanthomonas	B252_Spirosoma	-0.6515	0.0396	FALSE
B354_Paraburkholderia tropica	B252_Spirosoma	0.6174	0.0198	TRUE
B888_Chryseobacterium	B252_Spirosoma	0.612	0.0297	TRUE
B624_Ornithinimicrobium	B252_Spirosoma	0.6801	0.0099	TRUE
B413_f_Micrococcaceae	B252_Spirosoma	0.4464	0.0495	TRUE
B432_Kineococcus	B252_Spirosoma	0.5583	0.0297	TRUE
B398_Rhodococcus	B252_Spirosoma	0.5745	0.0198	TRUE
B27_Mucilaginibacter	B252_Spirosoma	0.5826	0.0396	TRUE
F1706_unidentified	B252_Spirosoma	0.6777	0.0099	TRUE
F2_Nigrospora	B252_Spirosoma	-0.7164	0.0198	FALSE
F27_Curvularia	B252_Spirosoma	0.6478	0.0495	TRUE
F32_Tilletia	B252_Spirosoma	0.6774	0.0099	TRUE
F72_unidentified	B252_Spirosoma	0.7151	0.0099	TRUE
F29_f_Didymellaceae	B252_Spirosoma	0.6316	0.0297	TRUE
F194_Hannaella	B252_Spirosoma	0.6571	0.0198	TRUE
F84_Tilletia	B252_Spirosoma	0.6222	0.0396	TRUE
F260_Schizopora	B252_Spirosoma	0.6961	0.0099	TRUE
F276_Cercospora	B252_Spirosoma	0.619	0.0396	TRUE
F5_Alternaria	B252_Spirosoma	0.57	0.0495	TRUE
B41_uncultured	B500_Pseudomonas	0.5818	0.0198	TRUE
B23_f_Burkholderiaceae	B500_Pseudomonas	-0.6661	0.0198	FALSE
B1611_Bdellovibrio	B500_Pseudomonas	0.6433	0.0099	TRUE
B260_Pseudomonas	B500_Pseudomonas	0.5598	0.0198	TRUE
B10_Allorhizobium-Neorhizobium-Pararhizobium-Rhizobium	B500_Pseudomonas	-0.665	0.0198	FALSE
B187_Clostridium sensu stricto 8	B500_Pseudomonas	0.6203	0.0099	TRUE
B494_Brevundimonas	B500_Pseudomonas	0.5439	0.0099	TRUE
B266_Allorhizobium-Neorhizobium-Pararhizobium-Rhizobium	B500_Pseudomonas	0.7189	0.0099	TRUE
B269_Pseudomonas	B500_Pseudomonas	0.6426	0.0099	TRUE
B93_Pedobacter	B500_Pseudomonas	0.7005	0.0198	TRUE
B21_Methylobacterium	B500_Pseudomonas	0.7783	0.0198	TRUE
B135_Sphingomonas	B500_Pseudomonas	0.6591	0.0297	TRUE
B30_Sphingomonas	B500_Pseudomonas	0.6936	0.0099	TRUE
B329_Paenibacillus	B500_Pseudomonas	0.6356	0.0099	TRUE
B33_Kineococcus	B500_Pseudomonas	-0.6251	0.0198	FALSE
B77_Allorhizobium-Neorhizobium-Pararhizobium-Rhizobium	B500_Pseudomonas	0.7543	0.0099	TRUE
B1043_f_Burkholderiaceae	B500_Pseudomonas	0.7039	0.0198	TRUE
B16_Sphingomonas	B500_Pseudomonas	0.591	0.0198	TRUE
B776_Lactococcus	B500_Pseudomonas	0.5794	0.0297	TRUE
B15_Sphingomonas	B500_Pseudomonas	-0.6161	0.0198	FALSE
B2309_Polaromonas	B500_Pseudomonas	0.589	0.0198	TRUE
B326_Bacillus	B500_Pseudomonas	0.6338	0.0198	TRUE
B646_Leuconostoc	B500_Pseudomonas	0.6114	0.0099	TRUE
B725_Lactococcus	B500_Pseudomonas	0.6371	0.0099	TRUE
F32_Tilletia	B500_Pseudomonas	-0.4902	0.0396	FALSE
F6_Cladosporium	B500_Pseudomonas	-0.6691	0.0198	FALSE
F5_Alternaria	B500_Pseudomonas	-0.639	0.0198	FALSE
B6_Sphingomonas	B41_uncultured	-0.819	0.0099	FALSE
B1611_Bdellovibrio	B41_uncultured	0.5961	0.0495	TRUE
B260_Pseudomonas	B41_uncultured	0.6262	0.0198	TRUE
B116_Geodermatophilus	B41_uncultured	0.7718	0.0099	TRUE
B10_Allorhizobium-Neorhizobium-Pararhizobium-Rhizobium	B41_uncultured	-0.7242	0.0198	FALSE
B2_Methylobacterium	B41_uncultured	-0.8234	0.0099	FALSE
B187_Clostridium sensu stricto 8	B41_uncultured	0.6959	0.0099	TRUE
B494_Brevundimonas	B41_uncultured	0.5993	0.0099	TRUE
B266_Allorhizobium-Neorhizobium-Pararhizobium-Rhizobium	B41_uncultured	0.7415	0.0099	TRUE
B269_Pseudomonas	B41_uncultured	0.6814	0.0099	TRUE
B93_Pedobacter	B41_uncultured	0.7622	0.0099	TRUE
B21_Methylobacterium	B41_uncultured	0.8396	0.0099	TRUE
B135_Sphingomonas	B41_uncultured	0.7613	0.0099	TRUE
B30_Sphingomonas	B41_uncultured	0.7991	0.0099	TRUE
B329_Paenibacillus	B41_uncultured	0.6427	0.0198	TRUE
B31_Quadrisphaera	B41_uncultured	0.7655	0.0198	TRUE
B17_Methylobacterium	B41_uncultured	0.7163	0.0297	TRUE
B77_Allorhizobium-Neorhizobium-Pararhizobium-Rhizobium	B41_uncultured	0.8119	0.0099	TRUE
B1043_f_Burkholderiaceae	B41_uncultured	0.7455	0.0099	TRUE
B98_Sphingomonas	B41_uncultured	-0.7627	0.0198	FALSE
B16_Sphingomonas	B41_uncultured	0.8333	0.0099	TRUE
B776_Lactococcus	B41_uncultured	0.626	0.0495	TRUE
B15_Sphingomonas	B41_uncultured	-0.8262	0.0198	FALSE
B13_Aureimonas	B41_uncultured	-0.6103	0.0495	FALSE
B2309_Polaromonas	B41_uncultured	0.5872	0.0495	TRUE
B35_Methylobacterium	B41_uncultured	-0.8866	0.0099	FALSE
B78_Sphingomonas	B41_uncultured	-0.8568	0.0099	FALSE
B3_Sphingomonas	B41_uncultured	-0.7727	0.0297	FALSE
B326_Bacillus	B41_uncultured	0.639	0.0198	TRUE
B646_Leuconostoc	B41_uncultured	0.6262	0.0297	TRUE
B725_Lactococcus	B41_uncultured	0.534	0.0297	TRUE
F3_Moesziomyces	B41_uncultured	-0.7687	0.0198	FALSE
F512_Exophiala	B41_uncultured	-0.5319	0.0495	FALSE
F6_Cladosporium	B41_uncultured	-0.644	0.0495	FALSE
B232_f_Sphingomonadaceae	B521_Peredibacter	0.5547	0.0396	TRUE
B11_Xanthomonas	B521_Peredibacter	-0.6808	0.0099	FALSE
B9_Methylobacterium	B521_Peredibacter	-0.7385	0.0198	FALSE
B1505_uncultured Roseobacter sp.	B521_Peredibacter	-0.6716	0.0198	FALSE
B8_f_Rhizobiaceae	B521_Peredibacter	-0.6407	0.0495	FALSE
B222_Kineococcus	B521_Peredibacter	0.6312	0.0297	TRUE
B33_Kineococcus	B521_Peredibacter	0.7191	0.0099	TRUE
B1477_Candidatus Paracaedibacter	B521_Peredibacter	0.4804	0.0495	TRUE
B327_1174-901-12	B521_Peredibacter	0.4479	0.0495	TRUE
B19_Xanthomonas	B521_Peredibacter	-0.6655	0.0198	FALSE
B888_Chryseobacterium	B521_Peredibacter	0.5783	0.0198	TRUE
B624_Ornithinimicrobium	B521_Peredibacter	0.6456	0.0297	TRUE
B398_Rhodococcus	B521_Peredibacter	0.5359	0.0396	TRUE
B4_Pantoea	B521_Peredibacter	0.5518	0.0495	TRUE
B27_Mucilaginibacter	B521_Peredibacter	0.5651	0.0495	TRUE
F1706_unidentified	B521_Peredibacter	0.6943	0.0099	TRUE
F2_Nigrospora	B521_Peredibacter	-0.7093	0.0297	FALSE
F27_Curvularia	B521_Peredibacter	0.7066	0.0099	TRUE
F32_Tilletia	B521_Peredibacter	0.7102	0.0297	TRUE
F72_unidentified	B521_Peredibacter	0.7771	0.0198	TRUE
F29_f_Didymellaceae	B521_Peredibacter	0.673	0.0099	TRUE
F194_Hannaella	B521_Peredibacter	0.6951	0.0099	TRUE
F84_Tilletia	B521_Peredibacter	0.6778	0.0297	TRUE
F260_Schizopora	B521_Peredibacter	0.7296	0.0099	TRUE
F276_Cercospora	B521_Peredibacter	0.6079	0.0198	TRUE
B381_Rhodopseudomonas	B893_o_NA	-0.4554	0.0198	FALSE
B71_Methylobacterium	B893_o_NA	0.6406	0.0198	TRUE
B36_Stenotrophomonas	B893_o_NA	0.5203	0.0198	TRUE
B11_Xanthomonas	B893_o_NA	0.6714	0.0198	TRUE
B9_Methylobacterium	B893_o_NA	0.7606	0.0198	TRUE
B1505_uncultured Roseobacter sp.	B893_o_NA	0.6776	0.0099	TRUE
B8_f_Rhizobiaceae	B893_o_NA	0.7251	0.0099	TRUE
B222_Kineococcus	B893_o_NA	-0.6265	0.0297	FALSE
B33_Kineococcus	B893_o_NA	-0.6935	0.0099	FALSE
B19_Xanthomonas	B893_o_NA	0.6907	0.0198	TRUE
B354_Paraburkholderia tropica	B893_o_NA	-0.5541	0.0297	FALSE
B888_Chryseobacterium	B893_o_NA	-0.5445	0.0198	FALSE
B624_Ornithinimicrobium	B893_o_NA	-0.5604	0.0297	FALSE
B398_Rhodococcus	B893_o_NA	-0.5812	0.0297	FALSE
B4_Pantoea	B893_o_NA	-0.5919	0.0297	FALSE
B27_Mucilaginibacter	B893_o_NA	-0.4968	0.0495	FALSE
F1706_unidentified	B893_o_NA	-0.6322	0.0099	FALSE
F2_Nigrospora	B893_o_NA	0.6973	0.0198	TRUE
F27_Curvularia	B893_o_NA	-0.5687	0.0297	FALSE
F32_Tilletia	B893_o_NA	-0.6689	0.0198	FALSE
F72_unidentified	B893_o_NA	-0.6894	0.0297	FALSE
F29_f_Didymellaceae	B893_o_NA	-0.5507	0.0495	FALSE
F194_Hannaella	B893_o_NA	-0.6688	0.0099	FALSE
F84_Tilletia	B893_o_NA	-0.6387	0.0198	FALSE
F260_Schizopora	B893_o_NA	-0.6107	0.0297	FALSE
F89_Aureobasidium	B893_o_NA	-0.5097	0.0495	FALSE
F276_Cercospora	B893_o_NA	-0.6099	0.0396	FALSE
F5_Alternaria	B893_o_NA	-0.5764	0.0396	FALSE
B71_Methylobacterium	B4122_o_NA	0.527	0.0198	TRUE
B36_Stenotrophomonas	B4122_o_NA	0.5948	0.0099	TRUE
B116_Geodermatophilus	B4122_o_NA	-0.4799	0.0297	FALSE
B11_Xanthomonas	B4122_o_NA	0.5334	0.0198	TRUE
B2_Methylobacterium	B4122_o_NA	0.5317	0.0495	TRUE
B9_Methylobacterium	B4122_o_NA	0.5839	0.0198	TRUE
B8_f_Rhizobiaceae	B4122_o_NA	0.6162	0.0396	TRUE
B29_Methylobacterium	B4122_o_NA	-0.5615	0.0099	FALSE
B31_Quadrisphaera	B4122_o_NA	-0.5977	0.0297	FALSE
B17_Methylobacterium	B4122_o_NA	-0.5717	0.0297	FALSE
B726_Chryseobacterium	B4122_o_NA	0.5282	0.0495	TRUE
B19_Xanthomonas	B4122_o_NA	0.5915	0.0297	TRUE
B13_Aureimonas	B4122_o_NA	0.5459	0.0198	TRUE
B1_Pantoea	B4122_o_NA	-0.562	0.0297	FALSE
B78_Sphingomonas	B4122_o_NA	0.4737	0.0396	TRUE
B7_Curtobacterium	B4122_o_NA	0.5358	0.0495	TRUE
B232_f_Sphingomonadaceae	B381_Rhodopseudomonas	0.4358	0.0495	TRUE
B1505_uncultured Roseobacter sp.	B381_Rhodopseudomonas	-0.4837	0.0495	FALSE
B222_Kineococcus	B381_Rhodopseudomonas	0.5335	0.0396	TRUE
B398_Rhodococcus	B381_Rhodopseudomonas	0.4901	0.0495	TRUE
F1706_unidentified	B381_Rhodopseudomonas	0.5717	0.0099	TRUE
F2_Nigrospora	B381_Rhodopseudomonas	-0.5851	0.0495	FALSE
F32_Tilletia	B381_Rhodopseudomonas	0.565	0.0198	TRUE
F72_unidentified	B381_Rhodopseudomonas	0.6475	0.0198	TRUE
F194_Hannaella	B381_Rhodopseudomonas	0.5724	0.0495	TRUE
F260_Schizopora	B381_Rhodopseudomonas	0.5366	0.0495	TRUE
F276_Cercospora	B381_Rhodopseudomonas	0.4938	0.0495	TRUE
B626_Pseudomonas	B2092_o_Betaproteobacteriales	0.3996	0.0334	TRUE
B1151_Pseudomonas	B2092_o_Betaproteobacteriales	0.4316	0.0334	TRUE
B6431_f_Burkholderiaceae	B2092_o_Betaproteobacteriales	0.4395	0.0334	TRUE
B448_Lactococcus	B2092_o_Betaproteobacteriales	0.4277	0.0388	TRUE
B1628_f_Enterobacteriaceae	B2092_o_Betaproteobacteriales	0.4704	0.0334	TRUE
B5968_Lactobacillus	B2092_o_Betaproteobacteriales	0.4377	0.0334	TRUE
F28_f_Hypocreales_fam_Incertae_sedis	B2092_o_Betaproteobacteriales	0.4435	0.0388	TRUE
F28_f_Hypocreales_fam_Incertae_sedis	B379_f_Micrococcaceae	0.4689	0.0494	TRUE
B1151_Pseudomonas	B626_Pseudomonas	0.4237	0.0433	TRUE
B437_Escherichia-Shigella	B626_Pseudomonas	0.4076	0.0433	TRUE
B36_Stenotrophomonas	B232_f_Sphingomonadaceae	-0.404	0.0396	FALSE
B9_Methylobacterium	B232_f_Sphingomonadaceae	-0.5891	0.0396	FALSE
B222_Kineococcus	B232_f_Sphingomonadaceae	0.5215	0.0297	TRUE
B354_Paraburkholderia tropica	B232_f_Sphingomonadaceae	0.5671	0.0396	TRUE
B624_Ornithinimicrobium	B232_f_Sphingomonadaceae	0.5104	0.0495	TRUE
B398_Rhodococcus	B232_f_Sphingomonadaceae	0.512	0.0099	TRUE
F1706_unidentified	B232_f_Sphingomonadaceae	0.5568	0.0297	TRUE
F32_Tilletia	B232_f_Sphingomonadaceae	0.5711	0.0297	TRUE
F72_unidentified	B232_f_Sphingomonadaceae	0.6322	0.0099	TRUE
F29_f_Didymellaceae	B232_f_Sphingomonadaceae	0.5292	0.0495	TRUE
F84_Tilletia	B232_f_Sphingomonadaceae	0.5538	0.0495	TRUE
F260_Schizopora	B232_f_Sphingomonadaceae	0.577	0.0198	TRUE
B71_Methylobacterium	B1768_o_NA	0.5368	0.0297	TRUE
B464_Pseudomonas	B1768_o_NA	0.4532	0.0495	TRUE
B1995_Massilia	B1768_o_NA	0.5246	0.0198	TRUE
B11_Xanthomonas	B1768_o_NA	0.5124	0.0297	TRUE
B2_Methylobacterium	B1768_o_NA	0.5509	0.0099	TRUE
B9_Methylobacterium	B1768_o_NA	0.537	0.0198	TRUE
B8_f_Rhizobiaceae	B1768_o_NA	0.5802	0.0396	TRUE
B343_Microbacterium	B1768_o_NA	0.4136	0.0495	TRUE
B29_Methylobacterium	B1768_o_NA	-0.5603	0.0396	FALSE
B31_Quadrisphaera	B1768_o_NA	-0.5865	0.0198	FALSE
B17_Methylobacterium	B1768_o_NA	-0.5848	0.0099	FALSE
B726_Chryseobacterium	B1768_o_NA	0.5461	0.0297	TRUE
B19_Xanthomonas	B1768_o_NA	0.5073	0.0198	TRUE
B13_Aureimonas	B1768_o_NA	0.5027	0.0495	TRUE
B1_Pantoea	B1768_o_NA	-0.5872	0.0099	FALSE
B3_Sphingomonas	B1768_o_NA	0.4576	0.0198	TRUE
B4_Pantoea	B1768_o_NA	-0.5627	0.0495	FALSE
B26_Bradyrhizobium	B71_Methylobacterium	0.4745	0.0396	TRUE
B464_Pseudomonas	B71_Methylobacterium	0.4917	0.0495	TRUE
B36_Stenotrophomonas	B71_Methylobacterium	0.6725	0.0198	TRUE
B1995_Massilia	B71_Methylobacterium	0.5155	0.0495	TRUE
B11_Xanthomonas	B71_Methylobacterium	0.8017	0.0099	TRUE
B9_Methylobacterium	B71_Methylobacterium	0.808	0.0099	TRUE
B1505_uncultured Roseobacter sp.	B71_Methylobacterium	0.6863	0.0099	TRUE
B8_f_Rhizobiaceae	B71_Methylobacterium	0.877	0.0099	TRUE
B222_Kineococcus	B71_Methylobacterium	-0.6087	0.0396	FALSE
B343_Microbacterium	B71_Methylobacterium	0.5884	0.0396	TRUE
B29_Methylobacterium	B71_Methylobacterium	-0.6676	0.0198	FALSE
B31_Quadrisphaera	B71_Methylobacterium	-0.6173	0.0396	FALSE
B17_Methylobacterium	B71_Methylobacterium	-0.6089	0.0396	FALSE
B726_Chryseobacterium	B71_Methylobacterium	0.6414	0.0198	TRUE
B327_1174-901-12	B71_Methylobacterium	-0.5362	0.0198	FALSE
B19_Xanthomonas	B71_Methylobacterium	0.791	0.0099	TRUE
B13_Aureimonas	B71_Methylobacterium	0.7265	0.0099	TRUE
B354_Paraburkholderia tropica	B71_Methylobacterium	-0.5979	0.0495	FALSE
B1_Pantoea	B71_Methylobacterium	-0.7795	0.0099	FALSE
B7_Curtobacterium	B71_Methylobacterium	0.6345	0.0495	TRUE
B624_Ornithinimicrobium	B71_Methylobacterium	-0.5673	0.0495	FALSE
B4_Pantoea	B71_Methylobacterium	-0.5795	0.0396	FALSE
F2_Nigrospora	B71_Methylobacterium	0.6487	0.0297	TRUE
F233_Periconia	B71_Methylobacterium	-0.5612	0.0396	FALSE
F27_Curvularia	B71_Methylobacterium	-0.5139	0.0396	FALSE
F32_Tilletia	B71_Methylobacterium	-0.6661	0.0099	FALSE
F72_unidentified	B71_Methylobacterium	-0.6768	0.0297	FALSE
F429_Bjerkandera	B71_Methylobacterium	-0.5093	0.0297	FALSE
F194_Hannaella	B71_Methylobacterium	-0.6137	0.0198	FALSE
B36_Stenotrophomonas	B6_Sphingomonas	0.6573	0.0297	TRUE
B116_Geodermatophilus	B6_Sphingomonas	-0.7633	0.0198	FALSE
B2_Methylobacterium	B6_Sphingomonas	0.8353	0.0099	TRUE
B187_Clostridium sensu stricto 8	B6_Sphingomonas	-0.5201	0.0396	FALSE
B494_Brevundimonas	B6_Sphingomonas	-0.5133	0.0396	FALSE
B21_Methylobacterium	B6_Sphingomonas	-0.6223	0.0396	FALSE
B29_Methylobacterium	B6_Sphingomonas	-0.6688	0.0198	FALSE
B31_Quadrisphaera	B6_Sphingomonas	-0.7719	0.0198	FALSE
B17_Methylobacterium	B6_Sphingomonas	-0.7802	0.0099	FALSE
B77_Allorhizobium-Neorhizobium-Pararhizobium-Rhizobium	B6_Sphingomonas	-0.6251	0.0396	FALSE
B726_Chryseobacterium	B6_Sphingomonas	0.6465	0.0297	TRUE
B1043_f_Burkholderiaceae	B6_Sphingomonas	-0.6241	0.0198	FALSE
B98_Sphingomonas	B6_Sphingomonas	0.6672	0.0396	TRUE
B16_Sphingomonas	B6_Sphingomonas	-0.7662	0.0099	FALSE
B15_Sphingomonas	B6_Sphingomonas	0.7717	0.0099	TRUE
B13_Aureimonas	B6_Sphingomonas	0.6864	0.0495	TRUE
B35_Methylobacterium	B6_Sphingomonas	0.8124	0.0198	TRUE
B78_Sphingomonas	B6_Sphingomonas	0.8004	0.0198	TRUE
B7_Curtobacterium	B6_Sphingomonas	0.6259	0.0396	TRUE
B3_Sphingomonas	B6_Sphingomonas	0.7576	0.0297	TRUE
F3_Moesziomyces	B6_Sphingomonas	0.717	0.0396	TRUE
F512_Exophiala	B6_Sphingomonas	0.5152	0.0198	TRUE
F6_Cladosporium	B6_Sphingomonas	0.5721	0.0495	TRUE
F207_o_Tremellales	B6_Sphingomonas	0.4947	0.0495	TRUE
F85_Fusarium	B6_Sphingomonas	0.4946	0.0495	TRUE
B343_Microbacterium	B37_Allorhizobium.Neorhizobium.Pararhizobium.Rhizobium	0.5579	0.0297	TRUE
B29_Methylobacterium	B37_Allorhizobium.Neorhizobium.Pararhizobium.Rhizobium	-0.584	0.0396	FALSE
B1_Pantoea	B37_Allorhizobium.Neorhizobium.Pararhizobium.Rhizobium	-0.56	0.0495	FALSE
B1611_Bdellovibrio	B23_f_Burkholderiaceae	-0.6914	0.0099	FALSE
B260_Pseudomonas	B23_f_Burkholderiaceae	-0.7145	0.0198	FALSE
B10_Allorhizobium-Neorhizobium-Pararhizobium-Rhizobium	B23_f_Burkholderiaceae	0.7825	0.0099	TRUE
B187_Clostridium sensu stricto 8	B23_f_Burkholderiaceae	-0.757	0.0198	FALSE
B494_Brevundimonas	B23_f_Burkholderiaceae	-0.5677	0.0297	FALSE
B1505_uncultured Roseobacter sp.	B23_f_Burkholderiaceae	-0.5642	0.0396	FALSE
B222_Kineococcus	B23_f_Burkholderiaceae	0.6129	0.0297	TRUE
B266_Allorhizobium-Neorhizobium-Pararhizobium-Rhizobium	B23_f_Burkholderiaceae	-0.8124	0.0099	FALSE
B269_Pseudomonas	B23_f_Burkholderiaceae	-0.7089	0.0099	FALSE
B93_Pedobacter	B23_f_Burkholderiaceae	-0.7967	0.0099	FALSE
B21_Methylobacterium	B23_f_Burkholderiaceae	-0.8586	0.0099	FALSE
B135_Sphingomonas	B23_f_Burkholderiaceae	-0.7167	0.0198	FALSE
B30_Sphingomonas	B23_f_Burkholderiaceae	-0.7981	0.0099	FALSE
B329_Paenibacillus	B23_f_Burkholderiaceae	-0.7861	0.0099	FALSE
B33_Kineococcus	B23_f_Burkholderiaceae	0.7504	0.0297	TRUE
B77_Allorhizobium-Neorhizobium-Pararhizobium-Rhizobium	B23_f_Burkholderiaceae	-0.8451	0.0198	FALSE
B1043_f_Burkholderiaceae	B23_f_Burkholderiaceae	-0.7578	0.0099	FALSE
B1477_Candidatus Paracaedibacter	B23_f_Burkholderiaceae	0.5484	0.0297	TRUE
B776_Lactococcus	B23_f_Burkholderiaceae	-0.7121	0.0099	FALSE
B15_Sphingomonas	B23_f_Burkholderiaceae	0.6622	0.0297	TRUE
B448_Lactococcus	B23_f_Burkholderiaceae	-0.4974	0.0396	FALSE
B2309_Polaromonas	B23_f_Burkholderiaceae	-0.7155	0.0099	FALSE
B35_Methylobacterium	B23_f_Burkholderiaceae	0.6144	0.0495	TRUE
B78_Sphingomonas	B23_f_Burkholderiaceae	0.6248	0.0297	TRUE
B888_Chryseobacterium	B23_f_Burkholderiaceae	0.6319	0.0099	TRUE
B326_Bacillus	B23_f_Burkholderiaceae	-0.7143	0.0099	FALSE
B646_Leuconostoc	B23_f_Burkholderiaceae	-0.7011	0.0099	FALSE
B725_Lactococcus	B23_f_Burkholderiaceae	-0.6197	0.0099	FALSE
B27_Mucilaginibacter	B23_f_Burkholderiaceae	0.692	0.0297	TRUE
F2_Nigrospora	B23_f_Burkholderiaceae	-0.7372	0.0396	FALSE
F226_Saitozyma	B23_f_Burkholderiaceae	-0.6095	0.0198	FALSE
F3_Moesziomyces	B23_f_Burkholderiaceae	0.7329	0.0495	TRUE
F27_Curvularia	B23_f_Burkholderiaceae	0.6454	0.0297	TRUE
F32_Tilletia	B23_f_Burkholderiaceae	0.6457	0.0099	TRUE
F72_unidentified	B23_f_Burkholderiaceae	0.6809	0.0297	TRUE
F29_f_Didymellaceae	B23_f_Burkholderiaceae	0.6705	0.0198	TRUE
F194_Hannaella	B23_f_Burkholderiaceae	0.6263	0.0297	TRUE
F84_Tilletia	B23_f_Burkholderiaceae	0.7139	0.0099	TRUE
F260_Schizopora	B23_f_Burkholderiaceae	0.6689	0.0198	TRUE
F178_Schizopora	B23_f_Burkholderiaceae	0.5373	0.0297	TRUE
F276_Cercospora	B23_f_Burkholderiaceae	0.6222	0.0495	TRUE
F5_Alternaria	B23_f_Burkholderiaceae	0.7858	0.0099	TRUE
B36_Stenotrophomonas	B26_Bradyrhizobium	0.5099	0.0396	TRUE
B1995_Massilia	B26_Bradyrhizobium	0.5035	0.0099	TRUE
B11_Xanthomonas	B26_Bradyrhizobium	0.4649	0.0198	TRUE
B2_Methylobacterium	B26_Bradyrhizobium	0.5389	0.0198	TRUE
B8_f_Rhizobiaceae	B26_Bradyrhizobium	0.5052	0.0198	TRUE
B29_Methylobacterium	B26_Bradyrhizobium	-0.5717	0.0198	FALSE
B17_Methylobacterium	B26_Bradyrhizobium	-0.5643	0.0297	FALSE
B13_Aureimonas	B26_Bradyrhizobium	0.5316	0.0198	TRUE
B7_Curtobacterium	B26_Bradyrhizobium	0.5124	0.0198	TRUE
B3_Sphingomonas	B26_Bradyrhizobium	0.5157	0.0396	TRUE
B2_Methylobacterium	B464_Pseudomonas	0.5268	0.0495	TRUE
B343_Microbacterium	B464_Pseudomonas	0.5749	0.0098	TRUE
B29_Methylobacterium	B464_Pseudomonas	-0.6161	0.0396	FALSE
B31_Quadrisphaera	B464_Pseudomonas	-0.5256	0.0396	FALSE
B17_Methylobacterium	B464_Pseudomonas	-0.579	0.0495	FALSE
B1_Pantoea	B464_Pseudomonas	-0.5937	0.0198	FALSE
F5917_Erysiphe	B1220_Bacillus	0.4103	0.0433	TRUE
F36_Moesziomyces	B5_Pseudomonas	-0.6832	0.0396	FALSE
B116_Geodermatophilus	B36_Stenotrophomonas	-0.6933	0.0297	FALSE
B11_Xanthomonas	B36_Stenotrophomonas	0.7084	0.0099	TRUE
B2_Methylobacterium	B36_Stenotrophomonas	0.7892	0.0198	TRUE
B9_Methylobacterium	B36_Stenotrophomonas	0.695	0.0099	TRUE
B8_f_Rhizobiaceae	B36_Stenotrophomonas	0.7572	0.0099	TRUE
B343_Microbacterium	B36_Stenotrophomonas	0.5714	0.0396	TRUE
B29_Methylobacterium	B36_Stenotrophomonas	-0.7217	0.0198	FALSE
B31_Quadrisphaera	B36_Stenotrophomonas	-0.798	0.0099	FALSE
B17_Methylobacterium	B36_Stenotrophomonas	-0.755	0.0099	FALSE
B726_Chryseobacterium	B36_Stenotrophomonas	0.7434	0.0099	TRUE
B98_Sphingomonas	B36_Stenotrophomonas	0.5898	0.0297	TRUE
B15_Sphingomonas	B36_Stenotrophomonas	0.6658	0.0297	TRUE
B19_Xanthomonas	B36_Stenotrophomonas	0.623	0.0099	TRUE
B13_Aureimonas	B36_Stenotrophomonas	0.7647	0.0099	TRUE
B1_Pantoea	B36_Stenotrophomonas	-0.7657	0.0099	FALSE
B35_Methylobacterium	B36_Stenotrophomonas	0.6628	0.0297	TRUE
B78_Sphingomonas	B36_Stenotrophomonas	0.6867	0.0099	TRUE
B7_Curtobacterium	B36_Stenotrophomonas	0.714	0.0198	TRUE
B3_Sphingomonas	B36_Stenotrophomonas	0.6748	0.0297	TRUE
B4_Pantoea	B36_Stenotrophomonas	-0.5849	0.0297	FALSE
F562_Leptospora	B36_Stenotrophomonas	0.633	0.0099	TRUE
F349_Biappendiculispora	B36_Stenotrophomonas	0.5795	0.0396	TRUE
F85_Fusarium	B36_Stenotrophomonas	0.5081	0.0495	TRUE
B6853_Acinetobacter	B4535_f_Enterobacteriaceae	0.392	0.0235	TRUE
F6_Cladosporium	B4535_f_Enterobacteriaceae	-0.5777	0.0495	FALSE
F160_Cladosporium	B4535_f_Enterobacteriaceae	0.4956	0.0289	TRUE
B260_Pseudomonas	B743_Escherichia.Shigella	0.4335	0.0395	TRUE
B3905_Janthinobacterium	B1611_Bdellovibrio	0.4171	0.0396	TRUE
B260_Pseudomonas	B1611_Bdellovibrio	0.6304	0.0198	TRUE
B10_Allorhizobium-Neorhizobium-Pararhizobium-Rhizobium	B1611_Bdellovibrio	-0.6456	0.0099	FALSE
B187_Clostridium sensu stricto 8	B1611_Bdellovibrio	0.7242	0.0099	TRUE
B494_Brevundimonas	B1611_Bdellovibrio	0.6342	0.0198	TRUE
B266_Allorhizobium-Neorhizobium-Pararhizobium-Rhizobium	B1611_Bdellovibrio	0.7357	0.0198	TRUE
B269_Pseudomonas	B1611_Bdellovibrio	0.6478	0.0099	TRUE
B93_Pedobacter	B1611_Bdellovibrio	0.7561	0.0198	TRUE
B21_Methylobacterium	B1611_Bdellovibrio	0.7935	0.0099	TRUE
B135_Sphingomonas	B1611_Bdellovibrio	0.6804	0.0297	TRUE
B30_Sphingomonas	B1611_Bdellovibrio	0.7159	0.0099	TRUE
B329_Paenibacillus	B1611_Bdellovibrio	0.6635	0.0198	TRUE
B77_Allorhizobium-Neorhizobium-Pararhizobium-Rhizobium	B1611_Bdellovibrio	0.747	0.0099	TRUE
B1043_f_Burkholderiaceae	B1611_Bdellovibrio	0.7438	0.0099	TRUE
B98_Sphingomonas	B1611_Bdellovibrio	-0.5348	0.0297	FALSE
B16_Sphingomonas	B1611_Bdellovibrio	0.6142	0.0297	TRUE
B776_Lactococcus	B1611_Bdellovibrio	0.6646	0.0198	TRUE
B15_Sphingomonas	B1611_Bdellovibrio	-0.5594	0.0495	FALSE
B2309_Polaromonas	B1611_Bdellovibrio	0.5821	0.0297	TRUE
B78_Sphingomonas	B1611_Bdellovibrio	-0.5931	0.0396	FALSE
B326_Bacillus	B1611_Bdellovibrio	0.6732	0.0099	TRUE
B646_Leuconostoc	B1611_Bdellovibrio	0.6255	0.0099	TRUE
B725_Lactococcus	B1611_Bdellovibrio	0.5908	0.0198	TRUE
B27_Mucilaginibacter	B1611_Bdellovibrio	-0.5051	0.0495	FALSE
F2_Nigrospora	B1611_Bdellovibrio	0.6099	0.0198	TRUE
F3_Moesziomyces	B1611_Bdellovibrio	-0.6575	0.0198	FALSE
F6_Cladosporium	B1611_Bdellovibrio	-0.5875	0.0297	FALSE
F194_Hannaella	B1611_Bdellovibrio	-0.4559	0.0396	FALSE
F84_Tilletia	B1611_Bdellovibrio	-0.5447	0.0396	FALSE
F5_Alternaria	B1611_Bdellovibrio	-0.6499	0.0297	FALSE
B260_Pseudomonas	B3905_Janthinobacterium	0.4506	0.0396	TRUE
B187_Clostridium sensu stricto 8	B3905_Janthinobacterium	0.4623	0.0297	TRUE
B928_Anaerobacillus	B3905_Janthinobacterium	0.4037	0.0395	TRUE
B10_Allorhizobium-Neorhizobium-Pararhizobium-Rhizobium	B260_Pseudomonas	-0.6705	0.0198	FALSE
B187_Clostridium sensu stricto 8	B260_Pseudomonas	0.7052	0.0099	TRUE
B494_Brevundimonas	B260_Pseudomonas	0.5632	0.0198	TRUE
B266_Allorhizobium-Neorhizobium-Pararhizobium-Rhizobium	B260_Pseudomonas	0.7221	0.0297	TRUE
B269_Pseudomonas	B260_Pseudomonas	0.6416	0.0099	TRUE
B93_Pedobacter	B260_Pseudomonas	0.6865	0.0099	TRUE
B21_Methylobacterium	B260_Pseudomonas	0.7625	0.0099	TRUE
B135_Sphingomonas	B260_Pseudomonas	0.6382	0.0099	TRUE
B30_Sphingomonas	B260_Pseudomonas	0.7414	0.0099	TRUE
B329_Paenibacillus	B260_Pseudomonas	0.6641	0.0099	TRUE
B33_Kineococcus	B260_Pseudomonas	-0.5112	0.0495	FALSE
B77_Allorhizobium-Neorhizobium-Pararhizobium-Rhizobium	B260_Pseudomonas	0.758	0.0099	TRUE
B1043_f_Burkholderiaceae	B260_Pseudomonas	0.6743	0.0099	TRUE
B776_Lactococcus	B260_Pseudomonas	0.6537	0.0099	TRUE
B15_Sphingomonas	B260_Pseudomonas	-0.613	0.0396	FALSE
B448_Lactococcus	B260_Pseudomonas	0.5126	0.0495	TRUE
B2309_Polaromonas	B260_Pseudomonas	0.543	0.0396	TRUE
B78_Sphingomonas	B260_Pseudomonas	-0.5835	0.0198	FALSE
B467_Lactococcus	B260_Pseudomonas	0.5261	0.0495	TRUE
B326_Bacillus	B260_Pseudomonas	0.6326	0.0396	TRUE
B646_Leuconostoc	B260_Pseudomonas	0.6016	0.0198	TRUE
B725_Lactococcus	B260_Pseudomonas	0.4655	0.0495	TRUE
B928_Anaerobacillus	B260_Pseudomonas	0.5643	0.0297	TRUE
F226_Saitozyma	B260_Pseudomonas	0.6863	0.0099	TRUE
F3_Moesziomyces	B260_Pseudomonas	-0.7488	0.0099	FALSE
F5_Alternaria	B260_Pseudomonas	-0.6394	0.0198	FALSE
B2_Methylobacterium	B116_Geodermatophilus	-0.7789	0.0198	FALSE
B343_Microbacterium	B116_Geodermatophilus	-0.5395	0.0297	FALSE
B29_Methylobacterium	B116_Geodermatophilus	0.7042	0.0396	TRUE
B31_Quadrisphaera	B116_Geodermatophilus	0.8443	0.0099	TRUE
B17_Methylobacterium	B116_Geodermatophilus	0.7817	0.0099	TRUE
B726_Chryseobacterium	B116_Geodermatophilus	-0.7102	0.0099	FALSE
B98_Sphingomonas	B116_Geodermatophilus	-0.6576	0.0297	FALSE
B16_Sphingomonas	B116_Geodermatophilus	0.7347	0.0099	TRUE
B15_Sphingomonas	B116_Geodermatophilus	-0.7213	0.0396	FALSE
B13_Aureimonas	B116_Geodermatophilus	-0.647	0.0198	FALSE
B1_Pantoea	B116_Geodermatophilus	0.5555	0.0297	TRUE
B35_Methylobacterium	B116_Geodermatophilus	-0.7628	0.0099	FALSE
B78_Sphingomonas	B116_Geodermatophilus	-0.7305	0.0099	FALSE
B7_Curtobacterium	B116_Geodermatophilus	-0.5912	0.0495	FALSE
B3_Sphingomonas	B116_Geodermatophilus	-0.6305	0.0396	FALSE
F850_unidentified	B116_Geodermatophilus	-0.4546	0.0297	FALSE
F349_Biappendiculispora	B116_Geodermatophilus	-0.5509	0.0495	FALSE
F47_f_Phaeosphaeriaceae	B116_Geodermatophilus	-0.5724	0.0495	FALSE
F277_Peniophora	B116_Geodermatophilus	-0.5647	0.0495	FALSE
F512_Exophiala	B116_Geodermatophilus	-0.5815	0.0495	FALSE
F6_Cladosporium	B116_Geodermatophilus	-0.572	0.0198	FALSE
F1128_Sydowia	B116_Geodermatophilus	-0.6399	0.0099	FALSE
B11_Xanthomonas	B1995_Massilia	0.5627	0.0495	TRUE
B2_Methylobacterium	B1995_Massilia	0.5867	0.0198	TRUE
B9_Methylobacterium	B1995_Massilia	0.5593	0.0396	TRUE
B8_f_Rhizobiaceae	B1995_Massilia	0.6007	0.0297	TRUE
B29_Methylobacterium	B1995_Massilia	-0.5794	0.0099	FALSE
B31_Quadrisphaera	B1995_Massilia	-0.5557	0.0099	FALSE
B17_Methylobacterium	B1995_Massilia	-0.5789	0.0198	FALSE
B726_Chryseobacterium	B1995_Massilia	0.5802	0.0099	TRUE
B19_Xanthomonas	B1995_Massilia	0.558	0.0396	TRUE
B1_Pantoea	B1995_Massilia	-0.6127	0.0198	FALSE
B7_Curtobacterium	B1995_Massilia	0.5508	0.0396	TRUE
B4_Pantoea	B1995_Massilia	-0.4808	0.0396	FALSE
F32_Tilletia	B1995_Massilia	-0.4554	0.0396	FALSE
B187_Clostridium sensu stricto 8	B10_Allorhizobium.Neorhizobium.Pararhizobium.Rhizobium	-0.6943	0.0297	FALSE
B494_Brevundimonas	B10_Allorhizobium.Neorhizobium.Pararhizobium.Rhizobium	-0.5566	0.0396	FALSE
B266_Allorhizobium-Neorhizobium-Pararhizobium-Rhizobium	B10_Allorhizobium.Neorhizobium.Pararhizobium.Rhizobium	-0.7588	0.0198	FALSE
B269_Pseudomonas	B10_Allorhizobium.Neorhizobium.Pararhizobium.Rhizobium	-0.6983	0.0297	FALSE
B93_Pedobacter	B10_Allorhizobium.Neorhizobium.Pararhizobium.Rhizobium	-0.7844	0.0099	FALSE
B21_Methylobacterium	B10_Allorhizobium.Neorhizobium.Pararhizobium.Rhizobium	-0.8698	0.0099	FALSE
B135_Sphingomonas	B10_Allorhizobium.Neorhizobium.Pararhizobium.Rhizobium	-0.7328	0.0099	FALSE
B30_Sphingomonas	B10_Allorhizobium.Neorhizobium.Pararhizobium.Rhizobium	-0.7769	0.0198	FALSE
B329_Paenibacillus	B10_Allorhizobium.Neorhizobium.Pararhizobium.Rhizobium	-0.7372	0.0099	FALSE
B77_Allorhizobium-Neorhizobium-Pararhizobium-Rhizobium	B10_Allorhizobium.Neorhizobium.Pararhizobium.Rhizobium	-0.8007	0.0099	FALSE
B1043_f_Burkholderiaceae	B10_Allorhizobium.Neorhizobium.Pararhizobium.Rhizobium	-0.7159	0.0198	FALSE
B98_Sphingomonas	B10_Allorhizobium.Neorhizobium.Pararhizobium.Rhizobium	0.6294	0.0297	TRUE
B16_Sphingomonas	B10_Allorhizobium.Neorhizobium.Pararhizobium.Rhizobium	-0.654	0.0495	FALSE
B1281_Polaromonas	B10_Allorhizobium.Neorhizobium.Pararhizobium.Rhizobium	-0.564	0.0297	FALSE
B776_Lactococcus	B10_Allorhizobium.Neorhizobium.Pararhizobium.Rhizobium	-0.6544	0.0396	FALSE
B15_Sphingomonas	B10_Allorhizobium.Neorhizobium.Pararhizobium.Rhizobium	0.7601	0.0297	TRUE
B448_Lactococcus	B10_Allorhizobium.Neorhizobium.Pararhizobium.Rhizobium	-0.5203	0.0396	FALSE
B2309_Polaromonas	B10_Allorhizobium.Neorhizobium.Pararhizobium.Rhizobium	-0.6525	0.0297	FALSE
B35_Methylobacterium	B10_Allorhizobium.Neorhizobium.Pararhizobium.Rhizobium	0.7339	0.0099	TRUE
B78_Sphingomonas	B10_Allorhizobium.Neorhizobium.Pararhizobium.Rhizobium	0.7111	0.0198	TRUE
B467_Lactococcus	B10_Allorhizobium.Neorhizobium.Pararhizobium.Rhizobium	-0.478	0.0495	FALSE
B3_Sphingomonas	B10_Allorhizobium.Neorhizobium.Pararhizobium.Rhizobium	0.6779	0.0396	TRUE
B326_Bacillus	B10_Allorhizobium.Neorhizobium.Pararhizobium.Rhizobium	-0.6775	0.0099	FALSE
B646_Leuconostoc	B10_Allorhizobium.Neorhizobium.Pararhizobium.Rhizobium	-0.6689	0.0099	FALSE
B725_Lactococcus	B10_Allorhizobium.Neorhizobium.Pararhizobium.Rhizobium	-0.5653	0.0396	FALSE
B928_Anaerobacillus	B10_Allorhizobium.Neorhizobium.Pararhizobium.Rhizobium	-0.6107	0.0396	FALSE
F226_Saitozyma	B10_Allorhizobium.Neorhizobium.Pararhizobium.Rhizobium	-0.6334	0.0396	FALSE
F3_Moesziomyces	B10_Allorhizobium.Neorhizobium.Pararhizobium.Rhizobium	0.7778	0.0099	TRUE
B9_Methylobacterium	B11_Xanthomonas	0.8721	0.0099	TRUE
B1505_uncultured Roseobacter sp.	B11_Xanthomonas	0.7409	0.0099	TRUE
B8_f_Rhizobiaceae	B11_Xanthomonas	0.8878	0.0099	TRUE
B222_Kineococcus	B11_Xanthomonas	-0.633	0.0297	FALSE
B29_Methylobacterium	B11_Xanthomonas	-0.6093	0.0396	FALSE
B31_Quadrisphaera	B11_Xanthomonas	-0.6592	0.0198	FALSE
B33_Kineococcus	B11_Xanthomonas	-0.6512	0.0396	FALSE
B17_Methylobacterium	B11_Xanthomonas	-0.6398	0.0297	FALSE
B726_Chryseobacterium	B11_Xanthomonas	0.6196	0.0297	TRUE
B327_1174-901-12	B11_Xanthomonas	-0.5229	0.0297	FALSE
B19_Xanthomonas	B11_Xanthomonas	0.8278	0.0099	TRUE
B13_Aureimonas	B11_Xanthomonas	0.6085	0.0198	TRUE
B354_Paraburkholderia tropica	B11_Xanthomonas	-0.605	0.0297	FALSE
B1_Pantoea	B11_Xanthomonas	-0.8147	0.0099	FALSE
B888_Chryseobacterium	B11_Xanthomonas	-0.6465	0.0495	FALSE
B624_Ornithinimicrobium	B11_Xanthomonas	-0.6401	0.0495	FALSE
B432_Kineococcus	B11_Xanthomonas	-0.5567	0.0495	FALSE
B398_Rhodococcus	B11_Xanthomonas	-0.5522	0.0297	FALSE
B4_Pantoea	B11_Xanthomonas	-0.64	0.0099	FALSE
F27_Curvularia	B11_Xanthomonas	-0.5951	0.0396	FALSE
F32_Tilletia	B11_Xanthomonas	-0.7092	0.0198	FALSE
F72_unidentified	B11_Xanthomonas	-0.7566	0.0099	FALSE
F429_Bjerkandera	B11_Xanthomonas	-0.5638	0.0495	FALSE
F194_Hannaella	B11_Xanthomonas	-0.6766	0.0297	FALSE
F84_Tilletia	B11_Xanthomonas	-0.6312	0.0396	FALSE
F1128_Sydowia	B11_Xanthomonas	0.5382	0.0198	TRUE
F260_Schizopora	B11_Xanthomonas	-0.6653	0.0198	FALSE
F89_Aureobasidium	B11_Xanthomonas	-0.6012	0.0396	FALSE
F276_Cercospora	B11_Xanthomonas	-0.5527	0.0396	FALSE
B8_f_Rhizobiaceae	B2_Methylobacterium	0.6237	0.0495	TRUE
B21_Methylobacterium	B2_Methylobacterium	-0.6731	0.0396	FALSE
B343_Microbacterium	B2_Methylobacterium	0.6264	0.0495	TRUE
B30_Sphingomonas	B2_Methylobacterium	-0.6298	0.0396	FALSE
B29_Methylobacterium	B2_Methylobacterium	-0.7528	0.0297	FALSE
B31_Quadrisphaera	B2_Methylobacterium	-0.8641	0.0099	FALSE
B17_Methylobacterium	B2_Methylobacterium	-0.8577	0.0099	FALSE
B726_Chryseobacterium	B2_Methylobacterium	0.771	0.0099	TRUE
B1043_f_Burkholderiaceae	B2_Methylobacterium	-0.5826	0.0495	FALSE
B98_Sphingomonas	B2_Methylobacterium	0.8535	0.0099	TRUE
B16_Sphingomonas	B2_Methylobacterium	-0.7491	0.0297	FALSE
B15_Sphingomonas	B2_Methylobacterium	0.9427	0.0099	TRUE
B13_Aureimonas	B2_Methylobacterium	0.8488	0.0198	TRUE
B35_Methylobacterium	B2_Methylobacterium	0.9471	0.0099	TRUE
B78_Sphingomonas	B2_Methylobacterium	0.9447	0.0099	TRUE
B7_Curtobacterium	B2_Methylobacterium	0.8644	0.0099	TRUE
B3_Sphingomonas	B2_Methylobacterium	0.9324	0.0099	TRUE
B646_Leuconostoc	B2_Methylobacterium	-0.5515	0.0495	FALSE
F562_Leptospora	B2_Methylobacterium	0.5617	0.0495	TRUE
F349_Biappendiculispora	B2_Methylobacterium	0.5628	0.0495	TRUE
F4_o_Pleosporales	B2_Methylobacterium	0.7204	0.0198	TRUE
F512_Exophiala	B2_Methylobacterium	0.5874	0.0297	TRUE
B16_Sphingomonas	B430_Pseudonocardia	-0.5431	0.0297	FALSE
B1505_uncultured Roseobacter sp.	B9_Methylobacterium	0.8105	0.0099	TRUE
B8_f_Rhizobiaceae	B9_Methylobacterium	0.9145	0.0099	TRUE
B222_Kineococcus	B9_Methylobacterium	-0.7826	0.0099	FALSE
B29_Methylobacterium	B9_Methylobacterium	-0.6971	0.0396	FALSE
B31_Quadrisphaera	B9_Methylobacterium	-0.663	0.0396	FALSE
B33_Kineococcus	B9_Methylobacterium	-0.8025	0.0198	FALSE
B327_1174-901-12	B9_Methylobacterium	-0.5546	0.0495	FALSE
B19_Xanthomonas	B9_Methylobacterium	0.884	0.0099	TRUE
B354_Paraburkholderia tropica	B9_Methylobacterium	-0.7414	0.0099	FALSE
B1_Pantoea	B9_Methylobacterium	-0.8844	0.0099	FALSE
B888_Chryseobacterium	B9_Methylobacterium	-0.7302	0.0099	FALSE
B624_Ornithinimicrobium	B9_Methylobacterium	-0.7246	0.0396	FALSE
B432_Kineococcus	B9_Methylobacterium	-0.6309	0.0198	FALSE
B12_Novosphingobium	B9_Methylobacterium	-0.6535	0.0396	FALSE
B398_Rhodococcus	B9_Methylobacterium	-0.6576	0.0198	FALSE
B4_Pantoea	B9_Methylobacterium	-0.6677	0.0396	FALSE
F1706_unidentified	B9_Methylobacterium	-0.741	0.0099	FALSE
F2_Nigrospora	B9_Methylobacterium	0.8121	0.0396	TRUE
F233_Periconia	B9_Methylobacterium	-0.5413	0.0198	FALSE
F27_Curvularia	B9_Methylobacterium	-0.7514	0.0099	FALSE
F32_Tilletia	B9_Methylobacterium	-0.8326	0.0099	FALSE
F72_unidentified	B9_Methylobacterium	-0.868	0.0198	FALSE
F429_Bjerkandera	B9_Methylobacterium	-0.5163	0.0495	FALSE
F29_f_Didymellaceae	B9_Methylobacterium	-0.7406	0.0198	FALSE
F194_Hannaella	B9_Methylobacterium	-0.7754	0.0099	FALSE
F84_Tilletia	B9_Methylobacterium	-0.6891	0.0297	FALSE
F260_Schizopora	B9_Methylobacterium	-0.792	0.0198	FALSE
F89_Aureobasidium	B9_Methylobacterium	-0.5456	0.0495	FALSE
F276_Cercospora	B9_Methylobacterium	-0.7242	0.0495	FALSE
F5_Alternaria	B9_Methylobacterium	-0.6388	0.0297	FALSE
B494_Brevundimonas	B187_Clostridium.sensu.stricto.8	0.5513	0.0495	TRUE
B266_Allorhizobium-Neorhizobium-Pararhizobium-Rhizobium	B187_Clostridium.sensu.stricto.8	0.7877	0.0198	TRUE
B269_Pseudomonas	B187_Clostridium.sensu.stricto.8	0.6465	0.0198	TRUE
B93_Pedobacter	B187_Clostridium.sensu.stricto.8	0.7967	0.0198	TRUE
B21_Methylobacterium	B187_Clostridium.sensu.stricto.8	0.8219	0.0099	TRUE
B135_Sphingomonas	B187_Clostridium.sensu.stricto.8	0.7108	0.0099	TRUE
B30_Sphingomonas	B187_Clostridium.sensu.stricto.8	0.7456	0.0099	TRUE
B329_Paenibacillus	B187_Clostridium.sensu.stricto.8	0.707	0.0099	TRUE
B33_Kineococcus	B187_Clostridium.sensu.stricto.8	-0.6054	0.0495	FALSE
B77_Allorhizobium-Neorhizobium-Pararhizobium-Rhizobium	B187_Clostridium.sensu.stricto.8	0.7916	0.0099	TRUE
B1043_f_Burkholderiaceae	B187_Clostridium.sensu.stricto.8	0.7535	0.0099	TRUE
B98_Sphingomonas	B187_Clostridium.sensu.stricto.8	-0.6	0.0198	FALSE
B16_Sphingomonas	B187_Clostridium.sensu.stricto.8	0.6454	0.0396	TRUE
B1281_Polaromonas	B187_Clostridium.sensu.stricto.8	0.5284	0.0198	TRUE
B776_Lactococcus	B187_Clostridium.sensu.stricto.8	0.7346	0.0099	TRUE
B15_Sphingomonas	B187_Clostridium.sensu.stricto.8	-0.6516	0.0297	FALSE
B2309_Polaromonas	B187_Clostridium.sensu.stricto.8	0.6871	0.0198	TRUE
B35_Methylobacterium	B187_Clostridium.sensu.stricto.8	-0.6704	0.0297	FALSE
B78_Sphingomonas	B187_Clostridium.sensu.stricto.8	-0.6602	0.0396	FALSE
B467_Lactococcus	B187_Clostridium.sensu.stricto.8	0.4926	0.0297	TRUE
B3_Sphingomonas	B187_Clostridium.sensu.stricto.8	-0.6005	0.0396	FALSE
B326_Bacillus	B187_Clostridium.sensu.stricto.8	0.6432	0.0198	TRUE
B646_Leuconostoc	B187_Clostridium.sensu.stricto.8	0.6755	0.0099	TRUE
B725_Lactococcus	B187_Clostridium.sensu.stricto.8	0.6867	0.0099	TRUE
B27_Mucilaginibacter	B187_Clostridium.sensu.stricto.8	-0.525	0.0495	FALSE
F226_Saitozyma	B187_Clostridium.sensu.stricto.8	0.6074	0.0495	TRUE
F3_Moesziomyces	B187_Clostridium.sensu.stricto.8	-0.7145	0.0099	FALSE
F6_Cladosporium	B187_Clostridium.sensu.stricto.8	-0.5862	0.0396	FALSE
F84_Tilletia	B187_Clostridium.sensu.stricto.8	-0.6103	0.0495	FALSE
F5_Alternaria	B187_Clostridium.sensu.stricto.8	-0.6912	0.0198	FALSE
B266_Allorhizobium-Neorhizobium-Pararhizobium-Rhizobium	B494_Brevundimonas	0.6151	0.0099	TRUE
B269_Pseudomonas	B494_Brevundimonas	0.5531	0.0297	TRUE
B93_Pedobacter	B494_Brevundimonas	0.5847	0.0396	TRUE
B21_Methylobacterium	B494_Brevundimonas	0.6241	0.0198	TRUE
B135_Sphingomonas	B494_Brevundimonas	0.5116	0.0297	TRUE
B30_Sphingomonas	B494_Brevundimonas	0.6476	0.0099	TRUE
B329_Paenibacillus	B494_Brevundimonas	0.5787	0.0198	TRUE
B77_Allorhizobium-Neorhizobium-Pararhizobium-Rhizobium	B494_Brevundimonas	0.622	0.0495	TRUE
B1043_f_Burkholderiaceae	B494_Brevundimonas	0.6261	0.0099	TRUE
B16_Sphingomonas	B494_Brevundimonas	0.5628	0.0495	TRUE
B1281_Polaromonas	B494_Brevundimonas	0.4828	0.0099	TRUE
B15_Sphingomonas	B494_Brevundimonas	-0.5118	0.0495	FALSE
B35_Methylobacterium	B494_Brevundimonas	-0.5591	0.0396	FALSE
B78_Sphingomonas	B494_Brevundimonas	-0.5378	0.0495	FALSE
B326_Bacillus	B494_Brevundimonas	0.5798	0.0396	TRUE
B646_Leuconostoc	B494_Brevundimonas	0.4732	0.0297	TRUE
F3_Moesziomyces	B494_Brevundimonas	-0.5663	0.0198	FALSE
F5_Alternaria	B494_Brevundimonas	-0.531	0.0396	FALSE
B1628_f_Enterobacteriaceae	B1151_Pseudomonas	0.4133	0.0433	TRUE
B81_Stenotrophomonas	B1151_Pseudomonas	0.4306	0.0334	TRUE
B8_f_Rhizobiaceae	B1505_uncultured.Roseobacter.sp.	0.7555	0.0198	TRUE
B222_Kineococcus	B1505_uncultured.Roseobacter.sp.	-0.6956	0.0099	FALSE
B1491_Microbacterium	B1505_uncultured.Roseobacter.sp.	-0.5211	0.0198	FALSE
B33_Kineococcus	B1505_uncultured.Roseobacter.sp.	-0.7566	0.0099	FALSE
B19_Xanthomonas	B1505_uncultured.Roseobacter.sp.	0.7665	0.0099	TRUE
B354_Paraburkholderia tropica	B1505_uncultured.Roseobacter.sp.	-0.5834	0.0198	FALSE
B888_Chryseobacterium	B1505_uncultured.Roseobacter.sp.	-0.6641	0.0099	FALSE
B624_Ornithinimicrobium	B1505_uncultured.Roseobacter.sp.	-0.6592	0.0099	FALSE
B432_Kineococcus	B1505_uncultured.Roseobacter.sp.	-0.5869	0.0099	FALSE
B12_Novosphingobium	B1505_uncultured.Roseobacter.sp.	-0.5404	0.0495	FALSE
B398_Rhodococcus	B1505_uncultured.Roseobacter.sp.	-0.5882	0.0099	FALSE
B4_Pantoea	B1505_uncultured.Roseobacter.sp.	-0.5887	0.0297	FALSE
F1706_unidentified	B1505_uncultured.Roseobacter.sp.	-0.6759	0.0297	FALSE
F2_Nigrospora	B1505_uncultured.Roseobacter.sp.	0.7811	0.0198	TRUE
F27_Curvularia	B1505_uncultured.Roseobacter.sp.	-0.6828	0.0099	FALSE
F32_Tilletia	B1505_uncultured.Roseobacter.sp.	-0.7469	0.0198	FALSE
F72_unidentified	B1505_uncultured.Roseobacter.sp.	-0.7784	0.0099	FALSE
F429_Bjerkandera	B1505_uncultured.Roseobacter.sp.	-0.4579	0.0495	FALSE
F29_f_Didymellaceae	B1505_uncultured.Roseobacter.sp.	-0.6674	0.0297	FALSE
F194_Hannaella	B1505_uncultured.Roseobacter.sp.	-0.7669	0.0099	FALSE
F84_Tilletia	B1505_uncultured.Roseobacter.sp.	-0.7051	0.0099	FALSE
F260_Schizopora	B1505_uncultured.Roseobacter.sp.	-0.6793	0.0198	FALSE
F89_Aureobasidium	B1505_uncultured.Roseobacter.sp.	-0.5629	0.0396	FALSE
F276_Cercospora	B1505_uncultured.Roseobacter.sp.	-0.6497	0.0099	FALSE
F5_Alternaria	B1505_uncultured.Roseobacter.sp.	-0.6434	0.0396	FALSE
B222_Kineococcus	B8_f_Rhizobiaceae	-0.6439	0.0495	FALSE
B343_Microbacterium	B8_f_Rhizobiaceae	0.5756	0.0297	TRUE
B29_Methylobacterium	B8_f_Rhizobiaceae	-0.778	0.0297	FALSE
B31_Quadrisphaera	B8_f_Rhizobiaceae	-0.7191	0.0198	FALSE
B17_Methylobacterium	B8_f_Rhizobiaceae	-0.7145	0.0198	FALSE
B726_Chryseobacterium	B8_f_Rhizobiaceae	0.7194	0.0198	TRUE
B19_Xanthomonas	B8_f_Rhizobiaceae	0.8847	0.0099	TRUE
B13_Aureimonas	B8_f_Rhizobiaceae	0.6773	0.0297	TRUE
B354_Paraburkholderia tropica	B8_f_Rhizobiaceae	-0.631	0.0297	FALSE
B1_Pantoea	B8_f_Rhizobiaceae	-0.9047	0.0099	FALSE
B888_Chryseobacterium	B8_f_Rhizobiaceae	-0.665	0.0495	FALSE
B624_Ornithinimicrobium	B8_f_Rhizobiaceae	-0.6606	0.0198	FALSE
B398_Rhodococcus	B8_f_Rhizobiaceae	-0.6217	0.0396	FALSE
B4_Pantoea	B8_f_Rhizobiaceae	-0.6472	0.0297	FALSE
F1706_unidentified	B8_f_Rhizobiaceae	-0.5946	0.0495	FALSE
F27_Curvularia	B8_f_Rhizobiaceae	-0.6432	0.0099	FALSE
F32_Tilletia	B8_f_Rhizobiaceae	-0.7234	0.0396	FALSE
F72_unidentified	B8_f_Rhizobiaceae	-0.7628	0.0396	FALSE
F29_f_Didymellaceae	B8_f_Rhizobiaceae	-0.5643	0.0198	FALSE
F194_Hannaella	B8_f_Rhizobiaceae	-0.7137	0.0099	FALSE
F84_Tilletia	B8_f_Rhizobiaceae	-0.6554	0.0495	FALSE
F260_Schizopora	B8_f_Rhizobiaceae	-0.6461	0.0495	FALSE
F89_Aureobasidium	B8_f_Rhizobiaceae	-0.607	0.0495	FALSE
F12_o_Pleosporales	B332_Actinomycetospora	-0.6796	0.0099	FALSE
B33_Kineococcus	B222_Kineococcus	0.741	0.0099	TRUE
B327_1174-901-12	B222_Kineococcus	0.5805	0.0099	TRUE
B19_Xanthomonas	B222_Kineococcus	-0.6846	0.0198	FALSE
B2309_Polaromonas	B222_Kineococcus	-0.4488	0.0495	FALSE
B354_Paraburkholderia tropica	B222_Kineococcus	0.697	0.0099	TRUE
B888_Chryseobacterium	B222_Kineococcus	0.6629	0.0099	TRUE
B624_Ornithinimicrobium	B222_Kineococcus	0.6566	0.0198	TRUE
B432_Kineococcus	B222_Kineococcus	0.5135	0.0396	TRUE
B12_Novosphingobium	B222_Kineococcus	0.5917	0.0396	TRUE
B398_Rhodococcus	B222_Kineococcus	0.6868	0.0099	TRUE
B27_Mucilaginibacter	B222_Kineococcus	0.5827	0.0495	TRUE
F1706_unidentified	B222_Kineococcus	0.7273	0.0099	TRUE
F2_Nigrospora	B222_Kineococcus	-0.771	0.0198	FALSE
F27_Curvularia	B222_Kineococcus	0.6699	0.0297	TRUE
F32_Tilletia	B222_Kineococcus	0.7193	0.0198	TRUE
F72_unidentified	B222_Kineococcus	0.7477	0.0198	TRUE
F29_f_Didymellaceae	B222_Kineococcus	0.7131	0.0099	TRUE
F194_Hannaella	B222_Kineococcus	0.7402	0.0099	TRUE
F84_Tilletia	B222_Kineococcus	0.7168	0.0099	TRUE
F260_Schizopora	B222_Kineococcus	0.7257	0.0099	TRUE
F276_Cercospora	B222_Kineococcus	0.66	0.0099	TRUE
F5_Alternaria	B222_Kineococcus	0.6378	0.0396	TRUE
B467_Lactococcus	B437_Escherichia.Shigella	0.4197	0.0487	TRUE
F4_o_Pleosporales	B437_Escherichia.Shigella	-0.3853	0.0495	FALSE
F28_f_Hypocreales_fam_Incertae_sedis	B437_Escherichia.Shigella	0.4214	0.0487	TRUE
B138_Nakamurella	B266_Allorhizobium.Neorhizobium.Pararhizobium.Rhizobium	0.4792	0.0396	TRUE
B269_Pseudomonas	B266_Allorhizobium.Neorhizobium.Pararhizobium.Rhizobium	0.7342	0.0198	TRUE
B93_Pedobacter	B266_Allorhizobium.Neorhizobium.Pararhizobium.Rhizobium	0.8171	0.0099	TRUE
B21_Methylobacterium	B266_Allorhizobium.Neorhizobium.Pararhizobium.Rhizobium	0.9018	0.0099	TRUE
B135_Sphingomonas	B266_Allorhizobium.Neorhizobium.Pararhizobium.Rhizobium	0.7729	0.0099	TRUE
B30_Sphingomonas	B266_Allorhizobium.Neorhizobium.Pararhizobium.Rhizobium	0.8294	0.0099	TRUE
B329_Paenibacillus	B266_Allorhizobium.Neorhizobium.Pararhizobium.Rhizobium	0.7563	0.0198	TRUE
B77_Allorhizobium-Neorhizobium-Pararhizobium-Rhizobium	B266_Allorhizobium.Neorhizobium.Pararhizobium.Rhizobium	0.8526	0.0099	TRUE
B1043_f_Burkholderiaceae	B266_Allorhizobium.Neorhizobium.Pararhizobium.Rhizobium	0.796	0.0099	TRUE
B98_Sphingomonas	B266_Allorhizobium.Neorhizobium.Pararhizobium.Rhizobium	-0.6192	0.0297	FALSE
B16_Sphingomonas	B266_Allorhizobium.Neorhizobium.Pararhizobium.Rhizobium	0.6852	0.0099	TRUE
B776_Lactococcus	B266_Allorhizobium.Neorhizobium.Pararhizobium.Rhizobium	0.7212	0.0099	TRUE
B15_Sphingomonas	B266_Allorhizobium.Neorhizobium.Pararhizobium.Rhizobium	-0.6944	0.0099	FALSE
B448_Lactococcus	B266_Allorhizobium.Neorhizobium.Pararhizobium.Rhizobium	0.538	0.0099	TRUE
B2309_Polaromonas	B266_Allorhizobium.Neorhizobium.Pararhizobium.Rhizobium	0.7043	0.0099	TRUE
B35_Methylobacterium	B266_Allorhizobium.Neorhizobium.Pararhizobium.Rhizobium	-0.7171	0.0396	FALSE
B78_Sphingomonas	B266_Allorhizobium.Neorhizobium.Pararhizobium.Rhizobium	-0.6889	0.0198	FALSE
B467_Lactococcus	B266_Allorhizobium.Neorhizobium.Pararhizobium.Rhizobium	0.5612	0.0297	TRUE
B3_Sphingomonas	B266_Allorhizobium.Neorhizobium.Pararhizobium.Rhizobium	-0.6419	0.0297	FALSE
B326_Bacillus	B266_Allorhizobium.Neorhizobium.Pararhizobium.Rhizobium	0.7751	0.0099	TRUE
B646_Leuconostoc	B266_Allorhizobium.Neorhizobium.Pararhizobium.Rhizobium	0.7162	0.0099	TRUE
B725_Lactococcus	B266_Allorhizobium.Neorhizobium.Pararhizobium.Rhizobium	0.6527	0.0198	TRUE
B27_Mucilaginibacter	B266_Allorhizobium.Neorhizobium.Pararhizobium.Rhizobium	-0.5796	0.0396	FALSE
F2_Nigrospora	B266_Allorhizobium.Neorhizobium.Pararhizobium.Rhizobium	0.6519	0.0495	TRUE
F226_Saitozyma	B266_Allorhizobium.Neorhizobium.Pararhizobium.Rhizobium	0.6233	0.0198	TRUE
F3_Moesziomyces	B266_Allorhizobium.Neorhizobium.Pararhizobium.Rhizobium	-0.7454	0.0396	FALSE
F6_Cladosporium	B266_Allorhizobium.Neorhizobium.Pararhizobium.Rhizobium	-0.6415	0.0297	FALSE
F81_Cladosporium	B266_Allorhizobium.Neorhizobium.Pararhizobium.Rhizobium	-0.5398	0.0495	FALSE
F5_Alternaria	B266_Allorhizobium.Neorhizobium.Pararhizobium.Rhizobium	-0.745	0.0297	FALSE
B607_Dietzia	B1491_Microbacterium	0.5601	0.0395	TRUE
F233_Periconia	B1491_Microbacterium	0.54	0.0296	TRUE
F72_unidentified	B1491_Microbacterium	0.5436	0.0495	TRUE
F194_Hannaella	B1491_Microbacterium	0.5429	0.0495	TRUE
F178_Schizopora	B1491_Microbacterium	0.5995	0.0396	TRUE
F89_Aureobasidium	B1491_Microbacterium	0.6022	0.0197	TRUE
F605_o_Pleosporales	B138_Nakamurella	0.5213	0.0396	TRUE
B93_Pedobacter	B269_Pseudomonas	0.7123	0.0099	TRUE
B21_Methylobacterium	B269_Pseudomonas	0.769	0.0099	TRUE
B135_Sphingomonas	B269_Pseudomonas	0.731	0.0099	TRUE
B30_Sphingomonas	B269_Pseudomonas	0.7289	0.0099	TRUE
B329_Paenibacillus	B269_Pseudomonas	0.6561	0.0396	TRUE
B33_Kineococcus	B269_Pseudomonas	-0.5861	0.0495	FALSE
B77_Allorhizobium-Neorhizobium-Pararhizobium-Rhizobium	B269_Pseudomonas	0.7479	0.0099	TRUE
B1043_f_Burkholderiaceae	B269_Pseudomonas	0.6684	0.0099	TRUE
B98_Sphingomonas	B269_Pseudomonas	-0.5186	0.0495	FALSE
B16_Sphingomonas	B269_Pseudomonas	0.6539	0.0297	TRUE
B776_Lactococcus	B269_Pseudomonas	0.6857	0.0198	TRUE
B15_Sphingomonas	B269_Pseudomonas	-0.6633	0.0396	FALSE
B2309_Polaromonas	B269_Pseudomonas	0.5825	0.0297	TRUE
B35_Methylobacterium	B269_Pseudomonas	-0.6675	0.0198	FALSE
B78_Sphingomonas	B269_Pseudomonas	-0.6155	0.0396	FALSE
B326_Bacillus	B269_Pseudomonas	0.6804	0.0099	TRUE
B646_Leuconostoc	B269_Pseudomonas	0.6009	0.0198	TRUE
B725_Lactococcus	B269_Pseudomonas	0.5925	0.0099	TRUE
F3_Moesziomyces	B269_Pseudomonas	-0.6966	0.0396	FALSE
F5_Alternaria	B269_Pseudomonas	-0.596	0.0297	FALSE
B21_Methylobacterium	B93_Pedobacter	0.8654	0.0099	TRUE
B135_Sphingomonas	B93_Pedobacter	0.7655	0.0099	TRUE
B30_Sphingomonas	B93_Pedobacter	0.8221	0.0099	TRUE
B329_Paenibacillus	B93_Pedobacter	0.7191	0.0099	TRUE
B33_Kineococcus	B93_Pedobacter	-0.6309	0.0495	FALSE
B77_Allorhizobium-Neorhizobium-Pararhizobium-Rhizobium	B93_Pedobacter	0.8779	0.0099	TRUE
B1043_f_Burkholderiaceae	B93_Pedobacter	0.7739	0.0099	TRUE
B98_Sphingomonas	B93_Pedobacter	-0.6347	0.0198	FALSE
B16_Sphingomonas	B93_Pedobacter	0.7188	0.0099	TRUE
B776_Lactococcus	B93_Pedobacter	0.71	0.0099	TRUE
B15_Sphingomonas	B93_Pedobacter	-0.7134	0.0396	FALSE
B448_Lactococcus	B93_Pedobacter	0.4716	0.0495	TRUE
B2309_Polaromonas	B93_Pedobacter	0.6759	0.0198	TRUE
B35_Methylobacterium	B93_Pedobacter	-0.7328	0.0198	FALSE
B78_Sphingomonas	B93_Pedobacter	-0.718	0.0297	FALSE
B3_Sphingomonas	B93_Pedobacter	-0.6417	0.0495	FALSE
B326_Bacillus	B93_Pedobacter	0.737	0.0099	TRUE
B646_Leuconostoc	B93_Pedobacter	0.7421	0.0099	TRUE
B725_Lactococcus	B93_Pedobacter	0.6495	0.0198	TRUE
F3_Moesziomyces	B93_Pedobacter	-0.7365	0.0198	FALSE
F6_Cladosporium	B93_Pedobacter	-0.6368	0.0297	FALSE
F5_Alternaria	B93_Pedobacter	-0.6957	0.0099	FALSE
B2348_Pseudonocardia	B974_f_Burkholderiaceae	0.4244	0.005	TRUE
B135_Sphingomonas	B21_Methylobacterium	0.8502	0.0198	TRUE
B30_Sphingomonas	B21_Methylobacterium	0.8973	0.0099	TRUE
B329_Paenibacillus	B21_Methylobacterium	0.8046	0.0099	TRUE
B33_Kineococcus	B21_Methylobacterium	-0.6286	0.0396	FALSE
B77_Allorhizobium-Neorhizobium-Pararhizobium-Rhizobium	B21_Methylobacterium	0.9385	0.0198	TRUE
B1043_f_Burkholderiaceae	B21_Methylobacterium	0.8487	0.0099	TRUE
B98_Sphingomonas	B21_Methylobacterium	-0.7053	0.0099	FALSE
B16_Sphingomonas	B21_Methylobacterium	0.7617	0.0099	TRUE
B1281_Polaromonas	B21_Methylobacterium	0.61	0.0396	TRUE
B776_Lactococcus	B21_Methylobacterium	0.783	0.0099	TRUE
B15_Sphingomonas	B21_Methylobacterium	-0.8046	0.0099	FALSE
B448_Lactococcus	B21_Methylobacterium	0.5351	0.0396	TRUE
B2309_Polaromonas	B21_Methylobacterium	0.7297	0.0297	TRUE
B35_Methylobacterium	B21_Methylobacterium	-0.8063	0.0297	FALSE
B78_Sphingomonas	B21_Methylobacterium	-0.8031	0.0099	FALSE
B467_Lactococcus	B21_Methylobacterium	0.5385	0.0396	TRUE
B3_Sphingomonas	B21_Methylobacterium	-0.7148	0.0495	FALSE
B326_Bacillus	B21_Methylobacterium	0.7887	0.0099	TRUE
B646_Leuconostoc	B21_Methylobacterium	0.7517	0.0099	TRUE
B725_Lactococcus	B21_Methylobacterium	0.7048	0.0198	TRUE
B928_Anaerobacillus	B21_Methylobacterium	0.5603	0.0396	TRUE
B27_Mucilaginibacter	B21_Methylobacterium	-0.609	0.0495	FALSE
F226_Saitozyma	B21_Methylobacterium	0.6675	0.0495	TRUE
F3_Moesziomyces	B21_Methylobacterium	-0.8422	0.0099	FALSE
F6_Cladosporium	B21_Methylobacterium	-0.7062	0.0297	FALSE
F5_Alternaria	B21_Methylobacterium	-0.7408	0.0198	FALSE
B503_Escherichia-Shigella	B343_Microbacterium	0.4933	0.0297	TRUE
B29_Methylobacterium	B343_Microbacterium	-0.7088	0.0198	FALSE
B31_Quadrisphaera	B343_Microbacterium	-0.6537	0.0198	FALSE
B17_Methylobacterium	B343_Microbacterium	-0.6707	0.0099	FALSE
B726_Chryseobacterium	B343_Microbacterium	0.5978	0.0099	TRUE
B98_Sphingomonas	B343_Microbacterium	0.5163	0.0495	TRUE
B15_Sphingomonas	B343_Microbacterium	0.5361	0.0396	TRUE
B19_Xanthomonas	B343_Microbacterium	0.522	0.0495	TRUE
B13_Aureimonas	B343_Microbacterium	0.6295	0.0198	TRUE
B1_Pantoea	B343_Microbacterium	-0.6735	0.0198	FALSE
F22_Setophoma	B343_Microbacterium	0.5747	0.0297	TRUE
B30_Sphingomonas	B135_Sphingomonas	0.7815	0.0099	TRUE
B329_Paenibacillus	B135_Sphingomonas	0.7535	0.0099	TRUE
B77_Allorhizobium-Neorhizobium-Pararhizobium-Rhizobium	B135_Sphingomonas	0.7717	0.0099	TRUE
B1043_f_Burkholderiaceae	B135_Sphingomonas	0.769	0.0099	TRUE
B98_Sphingomonas	B135_Sphingomonas	-0.5843	0.0297	FALSE
B1477_Candidatus Paracaedibacter	B135_Sphingomonas	-0.4586	0.0396	FALSE
B16_Sphingomonas	B135_Sphingomonas	0.6571	0.0297	TRUE
B776_Lactococcus	B135_Sphingomonas	0.729	0.0099	TRUE
B15_Sphingomonas	B135_Sphingomonas	-0.6625	0.0297	FALSE
B2309_Polaromonas	B135_Sphingomonas	0.6965	0.0198	TRUE
B35_Methylobacterium	B135_Sphingomonas	-0.6837	0.0099	FALSE
B78_Sphingomonas	B135_Sphingomonas	-0.6568	0.0099	FALSE
B467_Lactococcus	B135_Sphingomonas	0.485	0.0495	TRUE
B3_Sphingomonas	B135_Sphingomonas	-0.5958	0.0495	FALSE
B326_Bacillus	B135_Sphingomonas	0.7089	0.0099	TRUE
B646_Leuconostoc	B135_Sphingomonas	0.6434	0.0099	TRUE
B725_Lactococcus	B135_Sphingomonas	0.6349	0.0198	TRUE
B928_Anaerobacillus	B135_Sphingomonas	0.5217	0.0297	TRUE
F226_Saitozyma	B135_Sphingomonas	0.6011	0.0198	TRUE
F3_Moesziomyces	B135_Sphingomonas	-0.766	0.0099	FALSE
F6_Cladosporium	B135_Sphingomonas	-0.6049	0.0198	FALSE
F178_Schizopora	B135_Sphingomonas	-0.5514	0.0198	FALSE
F5_Alternaria	B135_Sphingomonas	-0.6804	0.0297	FALSE
B329_Paenibacillus	B30_Sphingomonas	0.7484	0.0099	TRUE
B77_Allorhizobium-Neorhizobium-Pararhizobium-Rhizobium	B30_Sphingomonas	0.8687	0.0099	TRUE
B1043_f_Burkholderiaceae	B30_Sphingomonas	0.8084	0.0099	TRUE
B98_Sphingomonas	B30_Sphingomonas	-0.6377	0.0198	FALSE
B16_Sphingomonas	B30_Sphingomonas	0.7369	0.0099	TRUE
B1281_Polaromonas	B30_Sphingomonas	0.6189	0.0297	TRUE
B776_Lactococcus	B30_Sphingomonas	0.7212	0.0099	TRUE
B15_Sphingomonas	B30_Sphingomonas	-0.7504	0.0099	FALSE
B448_Lactococcus	B30_Sphingomonas	0.4789	0.0198	TRUE
B2309_Polaromonas	B30_Sphingomonas	0.693	0.0198	TRUE
B35_Methylobacterium	B30_Sphingomonas	-0.759	0.0297	FALSE
B78_Sphingomonas	B30_Sphingomonas	-0.7354	0.0198	FALSE
B467_Lactococcus	B30_Sphingomonas	0.4953	0.0297	TRUE
B3_Sphingomonas	B30_Sphingomonas	-0.6738	0.0396	FALSE
B326_Bacillus	B30_Sphingomonas	0.7421	0.0099	TRUE
B646_Leuconostoc	B30_Sphingomonas	0.6875	0.0198	TRUE
B725_Lactococcus	B30_Sphingomonas	0.6582	0.0297	TRUE
B27_Mucilaginibacter	B30_Sphingomonas	-0.576	0.0396	FALSE
F226_Saitozyma	B30_Sphingomonas	0.6377	0.0198	TRUE
F3_Moesziomyces	B30_Sphingomonas	-0.7709	0.0099	FALSE
F6_Cladosporium	B30_Sphingomonas	-0.6455	0.0396	FALSE
F178_Schizopora	B30_Sphingomonas	-0.5154	0.0396	FALSE
F5_Alternaria	B30_Sphingomonas	-0.7219	0.0198	FALSE
B33_Kineococcus	B329_Paenibacillus	-0.6109	0.0396	FALSE
B77_Allorhizobium-Neorhizobium-Pararhizobium-Rhizobium	B329_Paenibacillus	0.7682	0.0099	TRUE
B1043_f_Burkholderiaceae	B329_Paenibacillus	0.7222	0.0198	TRUE
B16_Sphingomonas	B329_Paenibacillus	0.5997	0.0297	TRUE
B1281_Polaromonas	B329_Paenibacillus	0.5725	0.0198	TRUE
B776_Lactococcus	B329_Paenibacillus	0.6866	0.0198	TRUE
B15_Sphingomonas	B329_Paenibacillus	-0.6429	0.0396	FALSE
B2309_Polaromonas	B329_Paenibacillus	0.6554	0.0099	TRUE
B35_Methylobacterium	B329_Paenibacillus	-0.6164	0.0495	FALSE
B78_Sphingomonas	B329_Paenibacillus	-0.6054	0.0198	FALSE
B467_Lactococcus	B329_Paenibacillus	0.5211	0.0495	TRUE
B3_Sphingomonas	B329_Paenibacillus	-0.5747	0.0396	FALSE
B326_Bacillus	B329_Paenibacillus	0.6817	0.0099	TRUE
B646_Leuconostoc	B329_Paenibacillus	0.6334	0.0198	TRUE
B725_Lactococcus	B329_Paenibacillus	0.5938	0.0099	TRUE
B928_Anaerobacillus	B329_Paenibacillus	0.4997	0.0495	TRUE
B27_Mucilaginibacter	B329_Paenibacillus	-0.6369	0.0396	FALSE
F2_Nigrospora	B329_Paenibacillus	0.6935	0.0297	TRUE
F226_Saitozyma	B329_Paenibacillus	0.5833	0.0396	TRUE
F3_Moesziomyces	B329_Paenibacillus	-0.6907	0.0297	FALSE
F29_f_Didymellaceae	B329_Paenibacillus	-0.5351	0.0495	FALSE
F84_Tilletia	B329_Paenibacillus	-0.5625	0.0297	FALSE
F5_Alternaria	B329_Paenibacillus	-0.6727	0.0099	FALSE
F1973_o_Trechisporales	B6065_Nakamurella	0.4141	0.0433	TRUE
F12_o_Pleosporales	B503_Escherichia.Shigella	-0.5998	0.0297	FALSE
B31_Quadrisphaera	B29_Methylobacterium	0.8305	0.0099	TRUE
B17_Methylobacterium	B29_Methylobacterium	0.8903	0.0099	TRUE
B726_Chryseobacterium	B29_Methylobacterium	-0.7331	0.0099	FALSE
B98_Sphingomonas	B29_Methylobacterium	-0.6043	0.0297	FALSE
B15_Sphingomonas	B29_Methylobacterium	-0.6198	0.0495	FALSE
B19_Xanthomonas	B29_Methylobacterium	-0.6405	0.0495	FALSE
B13_Aureimonas	B29_Methylobacterium	-0.7118	0.0099	FALSE
B1_Pantoea	B29_Methylobacterium	0.9113	0.0099	TRUE
B35_Methylobacterium	B29_Methylobacterium	-0.6309	0.0297	FALSE
B7_Curtobacterium	B29_Methylobacterium	-0.6548	0.0495	FALSE
B3_Sphingomonas	B29_Methylobacterium	-0.6179	0.0396	FALSE
B4_Pantoea	B29_Methylobacterium	0.5383	0.0495	TRUE
F114_unidentified	B29_Methylobacterium	0.7129	0.0396	TRUE
F22_Setophoma	B29_Methylobacterium	-0.7116	0.0099	FALSE
B17_Methylobacterium	B31_Quadrisphaera	0.9124	0.0198	TRUE
B726_Chryseobacterium	B31_Quadrisphaera	-0.7752	0.0198	FALSE
B98_Sphingomonas	B31_Quadrisphaera	-0.687	0.0198	FALSE
B16_Sphingomonas	B31_Quadrisphaera	0.703	0.0495	TRUE
B15_Sphingomonas	B31_Quadrisphaera	-0.7429	0.0198	FALSE
B13_Aureimonas	B31_Quadrisphaera	-0.7621	0.0099	FALSE
B1_Pantoea	B31_Quadrisphaera	0.7877	0.0099	TRUE
B35_Methylobacterium	B31_Quadrisphaera	-0.7846	0.0099	FALSE
B78_Sphingomonas	B31_Quadrisphaera	-0.7589	0.0099	FALSE
B7_Curtobacterium	B31_Quadrisphaera	-0.7093	0.0198	FALSE
B3_Sphingomonas	B31_Quadrisphaera	-0.7414	0.0198	FALSE
B4_Pantoea	B31_Quadrisphaera	0.6108	0.0396	TRUE
F562_Leptospora	B31_Quadrisphaera	-0.6133	0.0297	FALSE
F349_Biappendiculispora	B31_Quadrisphaera	-0.6367	0.0396	FALSE
F47_f_Phaeosphaeriaceae	B31_Quadrisphaera	-0.616	0.0396	FALSE
F277_Peniophora	B31_Quadrisphaera	-0.5893	0.0198	FALSE
F512_Exophiala	B31_Quadrisphaera	-0.5842	0.0396	FALSE
F1128_Sydowia	B31_Quadrisphaera	-0.6672	0.0099	FALSE
F85_Fusarium	B31_Quadrisphaera	-0.5784	0.0495	FALSE
B776_Lactococcus	B33_Kineococcus	-0.5744	0.0396	FALSE
B327_1174-901-12	B33_Kineococcus	0.5344	0.0396	TRUE
B19_Xanthomonas	B33_Kineococcus	-0.7121	0.0297	FALSE
B888_Chryseobacterium	B33_Kineococcus	0.7408	0.0099	TRUE
B326_Bacillus	B33_Kineococcus	-0.5977	0.0198	FALSE
B624_Ornithinimicrobium	B33_Kineococcus	0.7214	0.0198	TRUE
B725_Lactococcus	B33_Kineococcus	-0.5467	0.0297	FALSE
B432_Kineococcus	B33_Kineococcus	0.6099	0.0495	TRUE
B398_Rhodococcus	B33_Kineococcus	0.6346	0.0099	TRUE
B27_Mucilaginibacter	B33_Kineococcus	0.6986	0.0297	TRUE
F1706_unidentified	B33_Kineococcus	0.7513	0.0297	TRUE
F2_Nigrospora	B33_Kineococcus	-0.8981	0.0099	FALSE
F27_Curvularia	B33_Kineococcus	0.7912	0.0198	TRUE
F32_Tilletia	B33_Kineococcus	0.8069	0.0099	TRUE
F72_unidentified	B33_Kineococcus	0.8496	0.0099	TRUE
F29_f_Didymellaceae	B33_Kineococcus	0.7535	0.0099	TRUE
F194_Hannaella	B33_Kineococcus	0.7861	0.0099	TRUE
F84_Tilletia	B33_Kineococcus	0.7568	0.0099	TRUE
F260_Schizopora	B33_Kineococcus	0.7786	0.0099	TRUE
F276_Cercospora	B33_Kineococcus	0.7336	0.0297	TRUE
F5_Alternaria	B33_Kineococcus	0.7736	0.0297	TRUE
B726_Chryseobacterium	B17_Methylobacterium	-0.7603	0.0198	FALSE
B98_Sphingomonas	B17_Methylobacterium	-0.7293	0.0297	FALSE
B16_Sphingomonas	B17_Methylobacterium	0.7041	0.0297	TRUE
B15_Sphingomonas	B17_Methylobacterium	-0.7617	0.0099	FALSE
B13_Aureimonas	B17_Methylobacterium	-0.7813	0.0099	FALSE
B1_Pantoea	B17_Methylobacterium	0.8109	0.0198	TRUE
B35_Methylobacterium	B17_Methylobacterium	-0.7772	0.0198	FALSE
B78_Sphingomonas	B17_Methylobacterium	-0.7574	0.0396	FALSE
B7_Curtobacterium	B17_Methylobacterium	-0.7265	0.0099	FALSE
B3_Sphingomonas	B17_Methylobacterium	-0.7681	0.0099	FALSE
F4_o_Pleosporales	B17_Methylobacterium	-0.6308	0.0396	FALSE
F22_Setophoma	B17_Methylobacterium	-0.6176	0.0495	FALSE
B1043_f_Burkholderiaceae	B77_Allorhizobium.Neorhizobium.Pararhizobium.Rhizobium	0.8374	0.0099	TRUE
B98_Sphingomonas	B77_Allorhizobium.Neorhizobium.Pararhizobium.Rhizobium	-0.6662	0.0396	FALSE
B16_Sphingomonas	B77_Allorhizobium.Neorhizobium.Pararhizobium.Rhizobium	0.7653	0.0099	TRUE
B1281_Polaromonas	B77_Allorhizobium.Neorhizobium.Pararhizobium.Rhizobium	0.5798	0.0396	TRUE
B776_Lactococcus	B77_Allorhizobium.Neorhizobium.Pararhizobium.Rhizobium	0.7324	0.0099	TRUE
B15_Sphingomonas	B77_Allorhizobium.Neorhizobium.Pararhizobium.Rhizobium	-0.7752	0.0099	FALSE
B2309_Polaromonas	B77_Allorhizobium.Neorhizobium.Pararhizobium.Rhizobium	0.672	0.0297	TRUE
B35_Methylobacterium	B77_Allorhizobium.Neorhizobium.Pararhizobium.Rhizobium	-0.7812	0.0198	FALSE
B78_Sphingomonas	B77_Allorhizobium.Neorhizobium.Pararhizobium.Rhizobium	-0.7607	0.0297	FALSE
B467_Lactococcus	B77_Allorhizobium.Neorhizobium.Pararhizobium.Rhizobium	0.5819	0.0198	TRUE
B3_Sphingomonas	B77_Allorhizobium.Neorhizobium.Pararhizobium.Rhizobium	-0.6956	0.0297	FALSE
B326_Bacillus	B77_Allorhizobium.Neorhizobium.Pararhizobium.Rhizobium	0.7656	0.0099	TRUE
B646_Leuconostoc	B77_Allorhizobium.Neorhizobium.Pararhizobium.Rhizobium	0.7346	0.0099	TRUE
B725_Lactococcus	B77_Allorhizobium.Neorhizobium.Pararhizobium.Rhizobium	0.6287	0.0198	TRUE
B27_Mucilaginibacter	B77_Allorhizobium.Neorhizobium.Pararhizobium.Rhizobium	-0.5808	0.0297	FALSE
F226_Saitozyma	B77_Allorhizobium.Neorhizobium.Pararhizobium.Rhizobium	0.633	0.0396	TRUE
F3_Moesziomyces	B77_Allorhizobium.Neorhizobium.Pararhizobium.Rhizobium	-0.8028	0.0297	FALSE
F6_Cladosporium	B77_Allorhizobium.Neorhizobium.Pararhizobium.Rhizobium	-0.6733	0.0495	FALSE
F5_Alternaria	B77_Allorhizobium.Neorhizobium.Pararhizobium.Rhizobium	-0.7016	0.0396	FALSE
B98_Sphingomonas	B726_Chryseobacterium	0.598	0.0099	TRUE
B15_Sphingomonas	B726_Chryseobacterium	0.6662	0.0495	TRUE
B19_Xanthomonas	B726_Chryseobacterium	0.5668	0.0297	TRUE
B13_Aureimonas	B726_Chryseobacterium	0.6785	0.0297	TRUE
B1_Pantoea	B726_Chryseobacterium	-0.721	0.0198	FALSE
B35_Methylobacterium	B726_Chryseobacterium	0.7101	0.0396	TRUE
B7_Curtobacterium	B726_Chryseobacterium	0.6991	0.0396	TRUE
B3_Sphingomonas	B726_Chryseobacterium	0.6464	0.0495	TRUE
B4_Pantoea	B726_Chryseobacterium	-0.575	0.0297	FALSE
F562_Leptospora	B726_Chryseobacterium	0.501	0.0297	TRUE
F85_Fusarium	B726_Chryseobacterium	0.534	0.0297	TRUE
F6_Cladosporium	B2116_Pseudomonas	-0.5153	0.0495	FALSE
B98_Sphingomonas	B1043_f_Burkholderiaceae	-0.6231	0.0198	FALSE
B16_Sphingomonas	B1043_f_Burkholderiaceae	0.7339	0.0099	TRUE
B776_Lactococcus	B1043_f_Burkholderiaceae	0.7062	0.0198	TRUE
B15_Sphingomonas	B1043_f_Burkholderiaceae	-0.7132	0.0198	FALSE
B2309_Polaromonas	B1043_f_Burkholderiaceae	0.6729	0.0198	TRUE
B35_Methylobacterium	B1043_f_Burkholderiaceae	-0.7197	0.0099	FALSE
B78_Sphingomonas	B1043_f_Burkholderiaceae	-0.7169	0.0099	FALSE
B326_Bacillus	B1043_f_Burkholderiaceae	0.7077	0.0099	TRUE
B646_Leuconostoc	B1043_f_Burkholderiaceae	0.6434	0.0099	TRUE
B725_Lactococcus	B1043_f_Burkholderiaceae	0.6413	0.0297	TRUE
B398_Rhodococcus	B1043_f_Burkholderiaceae	-0.4126	0.0495	FALSE
F2_Nigrospora	B1043_f_Burkholderiaceae	0.5834	0.0396	TRUE
F3_Moesziomyces	B1043_f_Burkholderiaceae	-0.6859	0.0198	FALSE
F6_Cladosporium	B1043_f_Burkholderiaceae	-0.6508	0.0297	FALSE
F84_Tilletia	B1043_f_Burkholderiaceae	-0.5623	0.0396	FALSE
F5_Alternaria	B1043_f_Burkholderiaceae	-0.6739	0.0198	FALSE
B16_Sphingomonas	B98_Sphingomonas	-0.7202	0.0099	FALSE
B15_Sphingomonas	B98_Sphingomonas	0.8875	0.0099	TRUE
B13_Aureimonas	B98_Sphingomonas	0.69	0.0099	TRUE
B35_Methylobacterium	B98_Sphingomonas	0.8426	0.0099	TRUE
B78_Sphingomonas	B98_Sphingomonas	0.8474	0.0099	TRUE
B7_Curtobacterium	B98_Sphingomonas	0.7407	0.0099	TRUE
B3_Sphingomonas	B98_Sphingomonas	0.8392	0.0099	TRUE
B725_Lactococcus	B98_Sphingomonas	-0.566	0.0198	FALSE
F3_Moesziomyces	B98_Sphingomonas	0.6637	0.0099	TRUE
F6_Cladosporium	B98_Sphingomonas	0.679	0.0099	TRUE
F85_Fusarium	B98_Sphingomonas	0.4047	0.0495	TRUE
F84_Tilletia	B1477_Candidatus.Paracaedibacter	0.6184	0.0297	TRUE
F5_Alternaria	B1477_Candidatus.Paracaedibacter	0.5484	0.0396	TRUE
B776_Lactococcus	B16_Sphingomonas	0.6007	0.0396	TRUE
B15_Sphingomonas	B16_Sphingomonas	-0.7909	0.0099	FALSE
B2309_Polaromonas	B16_Sphingomonas	0.596	0.0297	TRUE
B35_Methylobacterium	B16_Sphingomonas	-0.7926	0.0297	FALSE
B78_Sphingomonas	B16_Sphingomonas	-0.7643	0.0198	FALSE
B3_Sphingomonas	B16_Sphingomonas	-0.7264	0.0099	FALSE
B326_Bacillus	B16_Sphingomonas	0.6194	0.0297	TRUE
B646_Leuconostoc	B16_Sphingomonas	0.6369	0.0297	TRUE
B725_Lactococcus	B16_Sphingomonas	0.6001	0.0198	TRUE
F3_Moesziomyces	B16_Sphingomonas	-0.6453	0.0396	FALSE
F6_Cladosporium	B16_Sphingomonas	-0.7836	0.0099	FALSE
B1726_Jatrophihabitans	B1281_Polaromonas	0.3959	0.0494	TRUE
B448_Lactococcus	B1281_Polaromonas	0.4914	0.0197	TRUE
B2309_Polaromonas	B1281_Polaromonas	0.4608	0.0495	TRUE
B467_Lactococcus	B1281_Polaromonas	0.5188	0.0098	TRUE
B928_Anaerobacillus	B1281_Polaromonas	0.5239	0.0395	TRUE
F226_Saitozyma	B1281_Polaromonas	0.6538	0.0395	TRUE
F3_Moesziomyces	B1281_Polaromonas	-0.5867	0.0396	FALSE
F233_Periconia	B607_Dietzia	0.5045	0.0494	TRUE
F72_unidentified	B607_Dietzia	0.5121	0.0396	TRUE
F178_Schizopora	B607_Dietzia	0.5855	0.0396	TRUE
F166_Aspergillus	B607_Dietzia	0.5265	0.0296	TRUE
F89_Aureobasidium	B607_Dietzia	0.5765	0.0197	TRUE
B2309_Polaromonas	B776_Lactococcus	0.6472	0.0396	TRUE
B326_Bacillus	B776_Lactococcus	0.6622	0.0099	TRUE
B646_Leuconostoc	B776_Lactococcus	0.5544	0.0297	TRUE
B725_Lactococcus	B776_Lactococcus	0.5856	0.0198	TRUE
F2_Nigrospora	B776_Lactococcus	0.6106	0.0198	TRUE
F3_Moesziomyces	B776_Lactococcus	-0.6443	0.0297	FALSE
F84_Tilletia	B776_Lactococcus	-0.5837	0.0495	FALSE
F5_Alternaria	B776_Lactococcus	-0.6431	0.0099	FALSE
B725_Lactococcus	B2681_Lactobacillus	0.4014	0.0494	TRUE
F6_Cladosporium	B2681_Lactobacillus	-0.5307	0.0198	FALSE
B13_Aureimonas	B15_Sphingomonas	0.7651	0.0099	TRUE
B35_Methylobacterium	B15_Sphingomonas	0.9513	0.0099	TRUE
B78_Sphingomonas	B15_Sphingomonas	0.9571	0.0099	TRUE
B7_Curtobacterium	B15_Sphingomonas	0.7985	0.0198	TRUE
B3_Sphingomonas	B15_Sphingomonas	0.9271	0.0099	TRUE
B326_Bacillus	B15_Sphingomonas	-0.5551	0.0297	FALSE
B646_Leuconostoc	B15_Sphingomonas	-0.6217	0.0396	FALSE
B725_Lactococcus	B15_Sphingomonas	-0.5376	0.0495	FALSE
F226_Saitozyma	B15_Sphingomonas	-0.5813	0.0495	FALSE
F3_Moesziomyces	B15_Sphingomonas	0.7753	0.0297	TRUE
F6_Cladosporium	B15_Sphingomonas	0.6842	0.0495	TRUE
B19_Xanthomonas	B327_1174.901.12	-0.5258	0.0495	FALSE
B354_Paraburkholderia tropica	B327_1174.901.12	0.4771	0.0198	TRUE
B1_Pantoea	B327_1174.901.12	0.5186	0.0198	TRUE
B888_Chryseobacterium	B327_1174.901.12	0.4844	0.0495	TRUE
B624_Ornithinimicrobium	B327_1174.901.12	0.4493	0.0396	TRUE
B398_Rhodococcus	B327_1174.901.12	0.4414	0.0297	TRUE
F2_Nigrospora	B327_1174.901.12	-0.5934	0.0297	FALSE
F18_f_Phaeosphaeriaceae	B327_1174.901.12	0.4748	0.0297	TRUE
F32_Tilletia	B327_1174.901.12	0.5423	0.0495	TRUE
F72_unidentified	B327_1174.901.12	0.5828	0.0198	TRUE
F29_f_Didymellaceae	B327_1174.901.12	0.5214	0.0099	TRUE
F194_Hannaella	B327_1174.901.12	0.5111	0.0495	TRUE
F84_Tilletia	B327_1174.901.12	0.5386	0.0198	TRUE
F260_Schizopora	B327_1174.901.12	0.5403	0.0099	TRUE
F276_Cercospora	B327_1174.901.12	0.4747	0.0297	TRUE
B646_Leuconostoc	B448_Lactococcus	0.5015	0.0495	TRUE
B928_Anaerobacillus	B448_Lactococcus	0.4751	0.0098	TRUE
F226_Saitozyma	B448_Lactococcus	0.5948	0.0296	TRUE
F3_Moesziomyces	B448_Lactococcus	-0.5886	0.0099	FALSE
F5_Alternaria	B448_Lactococcus	-0.4724	0.0495	FALSE
F20_Edenia	B645_Pseudomonas	0.4562	0.019	TRUE
F280_o_Polyporales	B645_Pseudomonas	0.4146	0.0388	TRUE
F310_unidentified	B645_Pseudomonas	0.4403	0.0433	TRUE
B354_Paraburkholderia tropica	B19_Xanthomonas	-0.6051	0.0297	FALSE
B1_Pantoea	B19_Xanthomonas	-0.8179	0.0099	FALSE
B888_Chryseobacterium	B19_Xanthomonas	-0.6889	0.0099	FALSE
B624_Ornithinimicrobium	B19_Xanthomonas	-0.6848	0.0099	FALSE
B432_Kineococcus	B19_Xanthomonas	-0.5614	0.0297	FALSE
B398_Rhodococcus	B19_Xanthomonas	-0.5517	0.0396	FALSE
B4_Pantoea	B19_Xanthomonas	-0.6846	0.0297	FALSE
F1706_unidentified	B19_Xanthomonas	-0.6472	0.0099	FALSE
F2_Nigrospora	B19_Xanthomonas	0.7404	0.0297	TRUE
F18_f_Phaeosphaeriaceae	B19_Xanthomonas	-0.5851	0.0198	FALSE
F27_Curvularia	B19_Xanthomonas	-0.6415	0.0099	FALSE
F32_Tilletia	B19_Xanthomonas	-0.7282	0.0099	FALSE
F72_unidentified	B19_Xanthomonas	-0.7411	0.0099	FALSE
F29_f_Didymellaceae	B19_Xanthomonas	-0.7161	0.0099	FALSE
F194_Hannaella	B19_Xanthomonas	-0.701	0.0198	FALSE
F84_Tilletia	B19_Xanthomonas	-0.6908	0.0396	FALSE
F260_Schizopora	B19_Xanthomonas	-0.6605	0.0495	FALSE
F276_Cercospora	B19_Xanthomonas	-0.5852	0.0495	FALSE
F5_Alternaria	B19_Xanthomonas	-0.5797	0.0198	FALSE
B1_Pantoea	B13_Aureimonas	-0.6959	0.0495	FALSE
B35_Methylobacterium	B13_Aureimonas	0.7398	0.0099	TRUE
B78_Sphingomonas	B13_Aureimonas	0.7888	0.0099	TRUE
B7_Curtobacterium	B13_Aureimonas	0.7338	0.0297	TRUE
B3_Sphingomonas	B13_Aureimonas	0.7806	0.0099	TRUE
F512_Exophiala	B13_Aureimonas	0.4898	0.0495	TRUE
B35_Methylobacterium	B2309_Polaromonas	-0.5502	0.0297	FALSE
B326_Bacillus	B2309_Polaromonas	0.6454	0.0198	TRUE
B725_Lactococcus	B2309_Polaromonas	0.5403	0.0495	TRUE
B27_Mucilaginibacter	B2309_Polaromonas	-0.5189	0.0495	FALSE
F2_Nigrospora	B2309_Polaromonas	0.5727	0.0396	TRUE
F3_Moesziomyces	B2309_Polaromonas	-0.5789	0.0297	FALSE
F29_f_Didymellaceae	B2309_Polaromonas	-0.5351	0.0396	FALSE
F6_Cladosporium	B2309_Polaromonas	-0.6196	0.0396	FALSE
F5_Alternaria	B2309_Polaromonas	-0.6498	0.0297	FALSE
F1179_unidentified	B1649_f_Enterobacteriaceae	0.4638	0.0334	TRUE
B1_Pantoea	B354_Paraburkholderia.tropica	0.6877	0.0099	TRUE
B888_Chryseobacterium	B354_Paraburkholderia.tropica	0.6366	0.0297	TRUE
B624_Ornithinimicrobium	B354_Paraburkholderia.tropica	0.6165	0.0297	TRUE
B413_f_Micrococcaceae	B354_Paraburkholderia.tropica	0.461	0.0495	TRUE
B432_Kineococcus	B354_Paraburkholderia.tropica	0.4873	0.0396	TRUE
F1706_unidentified	B354_Paraburkholderia.tropica	0.6618	0.0297	TRUE
F27_Curvularia	B354_Paraburkholderia.tropica	0.6236	0.0099	TRUE
F32_Tilletia	B354_Paraburkholderia.tropica	0.6367	0.0297	TRUE
F72_unidentified	B354_Paraburkholderia.tropica	0.7069	0.0099	TRUE
F29_f_Didymellaceae	B354_Paraburkholderia.tropica	0.5674	0.0396	TRUE
F194_Hannaella	B354_Paraburkholderia.tropica	0.6792	0.0198	TRUE
F84_Tilletia	B354_Paraburkholderia.tropica	0.5671	0.0495	TRUE
F260_Schizopora	B354_Paraburkholderia.tropica	0.5835	0.0297	TRUE
F276_Cercospora	B354_Paraburkholderia.tropica	0.5508	0.0297	TRUE
F5_Alternaria	B354_Paraburkholderia.tropica	0.5346	0.0396	TRUE
B624_Ornithinimicrobium	B1_Pantoea	0.6387	0.0198	TRUE
B4_Pantoea	B1_Pantoea	0.6306	0.0297	TRUE
F27_Curvularia	B1_Pantoea	0.633	0.0099	TRUE
F32_Tilletia	B1_Pantoea	0.6581	0.0396	TRUE
F72_unidentified	B1_Pantoea	0.7407	0.0396	TRUE
F194_Hannaella	B1_Pantoea	0.639	0.0396	TRUE
F260_Schizopora	B1_Pantoea	0.6582	0.0099	TRUE
F22_Setophoma	B1_Pantoea	-0.5369	0.0495	FALSE
B78_Sphingomonas	B35_Methylobacterium	0.9466	0.0099	TRUE
B7_Curtobacterium	B35_Methylobacterium	0.7945	0.0099	TRUE
B3_Sphingomonas	B35_Methylobacterium	0.9072	0.0099	TRUE
B326_Bacillus	B35_Methylobacterium	-0.5977	0.0297	FALSE
B646_Leuconostoc	B35_Methylobacterium	-0.6264	0.0099	FALSE
F226_Saitozyma	B35_Methylobacterium	-0.6082	0.0495	FALSE
F3_Moesziomyces	B35_Methylobacterium	0.8093	0.0297	TRUE
F4_o_Pleosporales	B35_Methylobacterium	0.6357	0.0495	TRUE
F512_Exophiala	B35_Methylobacterium	0.5769	0.0396	TRUE
F6_Cladosporium	B1793_Janthinobacterium	-0.4266	0.0396	FALSE
F160_Cladosporium	B1793_Janthinobacterium	0.4144	0.0289	TRUE
B467_Lactococcus	B78_Sphingomonas	-0.4335	0.0396	FALSE
B7_Curtobacterium	B78_Sphingomonas	0.7981	0.0099	TRUE
B3_Sphingomonas	B78_Sphingomonas	0.9367	0.0099	TRUE
B326_Bacillus	B78_Sphingomonas	-0.5848	0.0297	FALSE
B646_Leuconostoc	B78_Sphingomonas	-0.615	0.0297	FALSE
B725_Lactococcus	B78_Sphingomonas	-0.5067	0.0495	FALSE
F3_Moesziomyces	B78_Sphingomonas	0.799	0.0198	TRUE
F85_Fusarium	B78_Sphingomonas	0.5395	0.0396	TRUE
B928_Anaerobacillus	B467_Lactococcus	0.4627	0.0494	TRUE
F226_Saitozyma	B467_Lactococcus	0.4965	0.0395	TRUE
F3_Moesziomyces	B467_Lactococcus	-0.5498	0.0396	FALSE
B624_Ornithinimicrobium	B888_Chryseobacterium	0.6571	0.0198	TRUE
B432_Kineococcus	B888_Chryseobacterium	0.6044	0.0297	TRUE
B398_Rhodococcus	B888_Chryseobacterium	0.5952	0.0297	TRUE
B27_Mucilaginibacter	B888_Chryseobacterium	0.5467	0.0396	TRUE
F1706_unidentified	B888_Chryseobacterium	0.6735	0.0099	TRUE
F2_Nigrospora	B888_Chryseobacterium	-0.7388	0.0099	FALSE
F27_Curvularia	B888_Chryseobacterium	0.641	0.0099	TRUE
F32_Tilletia	B888_Chryseobacterium	0.7089	0.0099	TRUE
F72_unidentified	B888_Chryseobacterium	0.7768	0.0099	TRUE
F29_f_Didymellaceae	B888_Chryseobacterium	0.687	0.0099	TRUE
F194_Hannaella	B888_Chryseobacterium	0.6741	0.0198	TRUE
F84_Tilletia	B888_Chryseobacterium	0.6559	0.0297	TRUE
F260_Schizopora	B888_Chryseobacterium	0.7246	0.0198	TRUE
F276_Cercospora	B888_Chryseobacterium	0.6402	0.0396	TRUE
F5_Alternaria	B888_Chryseobacterium	0.6427	0.0297	TRUE
B3_Sphingomonas	B7_Curtobacterium	0.795	0.0099	TRUE
F4_o_Pleosporales	B7_Curtobacterium	0.6645	0.0396	TRUE
F277_Peniophora	B7_Curtobacterium	0.4357	0.0495	TRUE
B646_Leuconostoc	B3_Sphingomonas	-0.5769	0.0495	FALSE
F3_Moesziomyces	B3_Sphingomonas	0.7349	0.0396	TRUE
F4_o_Pleosporales	B3_Sphingomonas	0.7151	0.0396	TRUE
B646_Leuconostoc	B326_Bacillus	0.6254	0.0297	TRUE
B725_Lactococcus	B326_Bacillus	0.6382	0.0099	TRUE
F3_Moesziomyces	B326_Bacillus	-0.6526	0.0495	FALSE
F5_Alternaria	B326_Bacillus	-0.6832	0.0198	FALSE
B432_Kineococcus	B624_Ornithinimicrobium	0.5721	0.0198	TRUE
B12_Novosphingobium	B624_Ornithinimicrobium	0.5843	0.0396	TRUE
B398_Rhodococcus	B624_Ornithinimicrobium	0.6141	0.0099	TRUE
B27_Mucilaginibacter	B624_Ornithinimicrobium	0.5726	0.0297	TRUE
F1706_unidentified	B624_Ornithinimicrobium	0.6903	0.0198	TRUE
F2_Nigrospora	B624_Ornithinimicrobium	-0.7287	0.0297	FALSE
F27_Curvularia	B624_Ornithinimicrobium	0.6569	0.0297	TRUE
F32_Tilletia	B624_Ornithinimicrobium	0.7105	0.0198	TRUE
F72_unidentified	B624_Ornithinimicrobium	0.7332	0.0198	TRUE
F29_f_Didymellaceae	B624_Ornithinimicrobium	0.6865	0.0198	TRUE
F194_Hannaella	B624_Ornithinimicrobium	0.6375	0.0396	TRUE
F84_Tilletia	B624_Ornithinimicrobium	0.6556	0.0396	TRUE
F260_Schizopora	B624_Ornithinimicrobium	0.6588	0.0198	TRUE
F276_Cercospora	B624_Ornithinimicrobium	0.6525	0.0198	TRUE
F5_Alternaria	B624_Ornithinimicrobium	0.621	0.0297	TRUE
F6_Cladosporium	B1319_Staphylococcus	-0.5129	0.0495	FALSE
B725_Lactococcus	B646_Leuconostoc	0.5571	0.0099	TRUE
B928_Anaerobacillus	B646_Leuconostoc	0.4399	0.0495	TRUE
F226_Saitozyma	B646_Leuconostoc	0.5044	0.0495	TRUE
F3_Moesziomyces	B646_Leuconostoc	-0.6314	0.0495	FALSE
F5_Alternaria	B646_Leuconostoc	-0.6229	0.0396	FALSE
F6_Cladosporium	B725_Lactococcus	-0.6401	0.0297	FALSE
F5_Alternaria	B725_Lactococcus	-0.5664	0.0495	FALSE
F694_Biscogniauxia	B95_Allorhizobium.Neorhizobium.Pararhizobium.Rhizobium	0.5043	0.0334	TRUE
F85_Fusarium	B95_Allorhizobium.Neorhizobium.Pararhizobium.Rhizobium	0.4816	0.0487	TRUE
F18_f_Phaeosphaeriaceae	B413_f_Micrococcaceae	0.5395	0.0494	TRUE
F72_unidentified	B413_f_Micrococcaceae	0.4727	0.0495	TRUE
F29_f_Didymellaceae	B413_f_Micrococcaceae	0.6015	0.0198	TRUE
F28_f_Hypocreales_fam_Incertae_sedis	B5968_Lactobacillus	0.4259	0.0388	TRUE
B398_Rhodococcus	B432_Kineococcus	0.5475	0.0495	TRUE
F1706_unidentified	B432_Kineococcus	0.565	0.0297	TRUE
F2_Nigrospora	B432_Kineococcus	-0.631	0.0099	FALSE
F27_Curvularia	B432_Kineococcus	0.558	0.0198	TRUE
F32_Tilletia	B432_Kineococcus	0.5936	0.0396	TRUE
F72_unidentified	B432_Kineococcus	0.6287	0.0198	TRUE
F29_f_Didymellaceae	B432_Kineococcus	0.529	0.0198	TRUE
F194_Hannaella	B432_Kineococcus	0.5876	0.0198	TRUE
F260_Schizopora	B432_Kineococcus	0.6048	0.0198	TRUE
B27_Mucilaginibacter	B12_Novosphingobium	0.5838	0.0495	TRUE
F1706_unidentified	B12_Novosphingobium	0.6024	0.0396	TRUE
F349_Biappendiculispora	B12_Novosphingobium	-0.5512	0.0495	FALSE
F27_Curvularia	B12_Novosphingobium	0.6181	0.0297	TRUE
F277_Peniophora	B12_Novosphingobium	-0.5242	0.0495	FALSE
F72_unidentified	B12_Novosphingobium	0.6729	0.0396	TRUE
F29_f_Didymellaceae	B12_Novosphingobium	0.6354	0.0099	TRUE
F194_Hannaella	B12_Novosphingobium	0.5764	0.0297	TRUE
F260_Schizopora	B12_Novosphingobium	0.6433	0.0099	TRUE
F276_Cercospora	B12_Novosphingobium	0.577	0.0495	TRUE
B27_Mucilaginibacter	B398_Rhodococcus	0.5094	0.0297	TRUE
F1706_unidentified	B398_Rhodococcus	0.6267	0.0198	TRUE
F2_Nigrospora	B398_Rhodococcus	-0.6723	0.0297	FALSE
F27_Curvularia	B398_Rhodococcus	0.66	0.0297	TRUE
F32_Tilletia	B398_Rhodococcus	0.669	0.0198	TRUE
F72_unidentified	B398_Rhodococcus	0.6778	0.0198	TRUE
F429_Bjerkandera	B398_Rhodococcus	0.3876	0.0495	TRUE
F29_f_Didymellaceae	B398_Rhodococcus	0.5873	0.0198	TRUE
F194_Hannaella	B398_Rhodococcus	0.6403	0.0198	TRUE
F84_Tilletia	B398_Rhodococcus	0.6133	0.0099	TRUE
F260_Schizopora	B398_Rhodococcus	0.646	0.0099	TRUE
F276_Cercospora	B398_Rhodococcus	0.5882	0.0297	TRUE
F5_Alternaria	B398_Rhodococcus	0.6408	0.0198	TRUE
F226_Saitozyma	B928_Anaerobacillus	0.6271	0.0296	TRUE
F3_Moesziomyces	B928_Anaerobacillus	-0.635	0.0396	FALSE
F310_unidentified	B928_Anaerobacillus	0.4996	0.0388	TRUE
F562_Leptospora	B4_Pantoea	-0.5223	0.0297	FALSE
F72_unidentified	B4_Pantoea	0.5632	0.0396	TRUE
F2_Nigrospora	B27_Mucilaginibacter	-0.7617	0.0198	FALSE
F32_Tilletia	B27_Mucilaginibacter	0.6307	0.0297	TRUE
F72_unidentified	B27_Mucilaginibacter	0.639	0.0099	TRUE
F194_Hannaella	B27_Mucilaginibacter	0.6256	0.0297	TRUE
F260_Schizopora	B27_Mucilaginibacter	0.6175	0.0297	TRUE
F276_Cercospora	B27_Mucilaginibacter	0.5989	0.0396	TRUE
F133_Cyphellophora	F61_o_Pleosporales	0.6471	0.0197	TRUE
F47_f_Phaeosphaeriaceae	F61_o_Pleosporales	0.5552	0.0396	TRUE
F349_Biappendiculispora	F2703_f_Gnomoniaceae	0.4364	0.0289	TRUE
F1658_unidentified	F850_unidentified	0.4214	0.0433	TRUE
F1128_Sydowia	F850_unidentified	0.491	0.0487	TRUE
F1658_unidentified	F562_Leptospora	0.4736	0.0289	TRUE
F349_Biappendiculispora	F562_Leptospora	0.6104	0.0296	TRUE
F47_f_Phaeosphaeriaceae	F562_Leptospora	0.6064	0.0198	TRUE
F277_Peniophora	F562_Leptospora	0.595	0.0395	TRUE
F512_Exophiala	F562_Leptospora	0.6416	0.0098	TRUE
F1068_Plenodomus	F562_Leptospora	0.4465	0.0487	TRUE
F694_Biscogniauxia	F562_Leptospora	0.4505	0.0289	TRUE
F1128_Sydowia	F562_Leptospora	0.7574	0.0098	TRUE
F85_Fusarium	F562_Leptospora	0.7341	0.0098	TRUE
F1060_Phlebia	F1973_o_Trechisporales	0.3792	0.0433	TRUE
F867_o_Pleosporales	F1973_o_Trechisporales	0.466	0.0137	TRUE
F20_Edenia	F1179_unidentified	0.6364	0.0091	TRUE
F605_o_Pleosporales	F1179_unidentified	0.5486	0.0289	TRUE
F310_unidentified	F1179_unidentified	0.6604	0.005	TRUE
F1104_Periconia	F1070_o_NA	0.521	0.0235	TRUE
F1280_Bipolaris	F1399_o_NA	0.4728	0.0137	TRUE
F36_Moesziomyces	F8_unidentified	0.6389	0.0396	TRUE
F36_Moesziomyces	F114_unidentified	0.6429	0.0495	TRUE
F22_Setophoma	F114_unidentified	-0.705	0.0198	FALSE
F349_Biappendiculispora	F48_unidentified	0.5234	0.0495	TRUE
F1128_Sydowia	F48_unidentified	0.6	0.0495	TRUE
F2_Nigrospora	F1706_unidentified	-0.7814	0.0099	FALSE
F27_Curvularia	F1706_unidentified	0.7357	0.0099	TRUE
F32_Tilletia	F1706_unidentified	0.7583	0.0099	TRUE
F72_unidentified	F1706_unidentified	0.81	0.0099	TRUE
F29_f_Didymellaceae	F1706_unidentified	0.748	0.0099	TRUE
F194_Hannaella	F1706_unidentified	0.737	0.0099	TRUE
F84_Tilletia	F1706_unidentified	0.7086	0.0099	TRUE
F260_Schizopora	F1706_unidentified	0.7963	0.0099	TRUE
F276_Cercospora	F1706_unidentified	0.6983	0.0198	TRUE
F5_Alternaria	F1706_unidentified	0.6757	0.0396	TRUE
F120_Sporobolomyces	F16_Pyricularia	0.4902	0.0296	TRUE
F27_Curvularia	F2_Nigrospora	-0.7548	0.0099	FALSE
F32_Tilletia	F2_Nigrospora	-0.8151	0.0099	FALSE
F72_unidentified	F2_Nigrospora	-0.8572	0.0099	FALSE
F29_f_Didymellaceae	F2_Nigrospora	-0.7819	0.0198	FALSE
F194_Hannaella	F2_Nigrospora	-0.8154	0.0099	FALSE
F84_Tilletia	F2_Nigrospora	-0.7313	0.0297	FALSE
F260_Schizopora	F2_Nigrospora	-0.7863	0.0099	FALSE
F276_Cercospora	F2_Nigrospora	-0.7415	0.0099	FALSE
F5_Alternaria	F2_Nigrospora	-0.7492	0.0198	FALSE
F47_f_Phaeosphaeriaceae	F349_Biappendiculispora	0.5458	0.0495	TRUE
F277_Peniophora	F349_Biappendiculispora	0.6162	0.0296	TRUE
F512_Exophiala	F349_Biappendiculispora	0.652	0.0098	TRUE
F1128_Sydowia	F349_Biappendiculispora	0.7107	0.0098	TRUE
F85_Fusarium	F349_Biappendiculispora	0.6279	0.0197	TRUE
F429_Bjerkandera	F233_Periconia	0.5728	0.0296	TRUE
F166_Aspergillus	F233_Periconia	0.5573	0.0395	TRUE
F89_Aureobasidium	F233_Periconia	0.6158	0.0197	TRUE
F89_Aureobasidium	F117_Saitozyma	0.4649	0.0494	TRUE
F3_Moesziomyces	F226_Saitozyma	-0.7165	0.0198	FALSE
F4_o_Pleosporales	F226_Saitozyma	-0.6271	0.0297	FALSE
F3207_Curvularia	F105_Clonostachys	0.3876	0.0334	TRUE
F28_f_Hypocreales_fam_Incertae_sedis	F4_o_Pleosporales	-0.6031	0.0495	FALSE
F29_f_Didymellaceae	F18_f_Phaeosphaeriaceae	0.6289	0.0099	TRUE
F36_Moesziomyces	F12_o_Pleosporales	0.6335	0.0495	TRUE
F277_Peniophora	F47_f_Phaeosphaeriaceae	0.5307	0.0396	TRUE
F512_Exophiala	F47_f_Phaeosphaeriaceae	0.6316	0.0198	TRUE
F1128_Sydowia	F47_f_Phaeosphaeriaceae	0.69	0.0099	TRUE
F85_Fusarium	F47_f_Phaeosphaeriaceae	0.603	0.0396	TRUE
F1128_Sydowia	F177_unidentified	0.4413	0.0487	TRUE
F1280_Bipolaris	F3778_Erysiphe	0.4461	0.0334	TRUE
F32_Tilletia	F27_Curvularia	0.7117	0.0198	TRUE
F72_unidentified	F27_Curvularia	0.7478	0.0099	TRUE
F414_Sakaguchia	F27_Curvularia	0.5616	0.0198	TRUE
F29_f_Didymellaceae	F27_Curvularia	0.6751	0.0198	TRUE
F194_Hannaella	F27_Curvularia	0.7232	0.0198	TRUE
F84_Tilletia	F27_Curvularia	0.7022	0.0099	TRUE
F260_Schizopora	F27_Curvularia	0.71	0.0099	TRUE
F276_Cercospora	F27_Curvularia	0.6281	0.0297	TRUE
F5_Alternaria	F27_Curvularia	0.6431	0.0198	TRUE
F605_o_Pleosporales	F20_Edenia	0.4248	0.0494	TRUE
F310_unidentified	F20_Edenia	0.5082	0.0388	TRUE
F55_f_Nectriaceae	F20_Edenia	0.431	0.0396	TRUE
F310_unidentified	F280_o_Polyporales	0.5655	0.019	TRUE
F512_Exophiala	F277_Peniophora	0.5976	0.0197	TRUE
F1128_Sydowia	F277_Peniophora	0.6763	0.0098	TRUE
F85_Fusarium	F277_Peniophora	0.5721	0.0296	TRUE
F72_unidentified	F32_Tilletia	0.8338	0.0099	TRUE
F429_Bjerkandera	F32_Tilletia	0.5198	0.0495	TRUE
F414_Sakaguchia	F32_Tilletia	0.4459	0.0297	TRUE
F29_f_Didymellaceae	F32_Tilletia	0.7213	0.0297	TRUE
F194_Hannaella	F32_Tilletia	0.7993	0.0198	TRUE
F84_Tilletia	F32_Tilletia	0.7213	0.0099	TRUE
F260_Schizopora	F32_Tilletia	0.785	0.0099	TRUE
F89_Aureobasidium	F32_Tilletia	0.5445	0.0396	TRUE
F276_Cercospora	F32_Tilletia	0.7421	0.0099	TRUE
F5_Alternaria	F32_Tilletia	0.6677	0.0297	TRUE
F81_Cladosporium	F120_Sporobolomyces	0.5169	0.0495	TRUE
F29_f_Didymellaceae	F72_unidentified	0.763	0.0396	TRUE
F194_Hannaella	F72_unidentified	0.8365	0.0099	TRUE
F84_Tilletia	F72_unidentified	0.7772	0.0198	TRUE
F260_Schizopora	F72_unidentified	0.8051	0.0099	TRUE
F166_Aspergillus	F72_unidentified	0.5199	0.0396	TRUE
F276_Cercospora	F72_unidentified	0.7782	0.0099	TRUE
F5_Alternaria	F72_unidentified	0.7382	0.0297	TRUE
F684_Endoxyla	F512_Exophiala	0.4584	0.0091	TRUE
F1128_Sydowia	F512_Exophiala	0.6891	0.0098	TRUE
F85_Fusarium	F512_Exophiala	0.6051	0.0395	TRUE
F194_Hannaella	F429_Bjerkandera	0.5432	0.0297	TRUE
F178_Schizopora	F429_Bjerkandera	0.577	0.0396	TRUE
F166_Aspergillus	F429_Bjerkandera	0.5305	0.0197	TRUE
F1050_Aspergillus	F1104_Periconia	0.4734	0.0137	TRUE
F353_Diaporthe	F1104_Periconia	0.5063	0.0334	TRUE
F1280_Bipolaris	F174_unidentified	0.4506	0.0334	TRUE
F5951_Lophiostoma	F867_o_Pleosporales	0.377	0.0433	TRUE
F194_Hannaella	F29_f_Didymellaceae	0.6908	0.0198	TRUE
F84_Tilletia	F29_f_Didymellaceae	0.7002	0.0297	TRUE
F260_Schizopora	F29_f_Didymellaceae	0.7624	0.0198	TRUE
F276_Cercospora	F29_f_Didymellaceae	0.6734	0.0099	TRUE
F5_Alternaria	F29_f_Didymellaceae	0.6379	0.0495	TRUE
F353_Diaporthe	F417_Paraphoma	0.3857	0.0433	TRUE
F5951_Lophiostoma	F694_Biscogniauxia	0.3854	0.0334	TRUE
F85_Fusarium	F694_Biscogniauxia	0.5541	0.0091	TRUE
F160_Cladosporium	F6_Cladosporium	-0.7644	0.0495	FALSE
F178_Schizopora	F81_Cladosporium	0.8317	0.0099	TRUE
F166_Aspergillus	F81_Cladosporium	0.5693	0.0396	TRUE
F199_Aureobasidium	F81_Cladosporium	0.4716	0.0495	TRUE
F84_Tilletia	F194_Hannaella	0.7025	0.0297	TRUE
F260_Schizopora	F194_Hannaella	0.7054	0.0297	TRUE
F89_Aureobasidium	F194_Hannaella	0.5578	0.0495	TRUE
F276_Cercospora	F194_Hannaella	0.6741	0.0099	TRUE
F5_Alternaria	F194_Hannaella	0.6505	0.0297	TRUE
F260_Schizopora	F84_Tilletia	0.7027	0.0198	TRUE
F276_Cercospora	F84_Tilletia	0.7182	0.0297	TRUE
F5_Alternaria	F84_Tilletia	0.7899	0.0099	TRUE
F85_Fusarium	F1128_Sydowia	0.7792	0.0098	TRUE
F276_Cercospora	F260_Schizopora	0.7354	0.0099	TRUE
F5_Alternaria	F260_Schizopora	0.6717	0.0198	TRUE
F166_Aspergillus	F178_Schizopora	0.5815	0.0198	TRUE
F89_Aureobasidium	F178_Schizopora	0.6445	0.0198	TRUE
F5_Alternaria	F178_Schizopora	0.6162	0.0396	TRUE
F89_Aureobasidium	F166_Aspergillus	0.6085	0.0197	TRUE
F5_Alternaria	F276_Cercospora	0.6744	0.0396	TRUE
