Source	Target	Cor	pseudo_p	positive
B12033_uncultured	B4750_uncultured	0.4395	0.0235	TRUE
B8826_uncultured bacterium	B4750_uncultured	0.505	0.0334	TRUE
B269_Pseudomonas	B4750_uncultured	0.4885	0.0433	TRUE
B11155_Pannonibacter	B4750_uncultured	0.5062	0.0334	TRUE
F171_unidentified	B4750_uncultured	0.5087	0.0433	TRUE
F1122_Alutaceodontia	B4750_uncultured	0.4349	0.0334	TRUE
F17_o_Pleosporales	B4750_uncultured	0.4529	0.0433	TRUE
F116_Curvularia	B4750_uncultured	0.5709	0.0235	TRUE
F20_Edenia	B4750_uncultured	0.4366	0.0235	TRUE
F429_Bjerkandera	B4750_uncultured	0.4729	0.0433	TRUE
F5_Alternaria	B4750_uncultured	0.489	0.0433	TRUE
F250_Pseudopithomyces	B4750_uncultured	0.5064	0.0334	TRUE
F720_unidentified	B4750_uncultured	0.421	0.0334	TRUE
B282_Acinetobacter	B12804_o_NA	0.5514	0.005	TRUE
B2555_uncultured	B12804_o_NA	0.6022	0.005	TRUE
B503_Escherichia-Shigella	B12804_o_NA	0.5393	0.019	TRUE
B13237_Chthoniobacter	B12804_o_NA	0.4814	0.0433	TRUE
B1077_Ralstonia	B12804_o_NA	0.482	0.0487	TRUE
B8618_Haemophilus	B12804_o_NA	0.5075	0.0137	TRUE
B737_Pseudomonas	B12804_o_NA	0.6572	0.005	TRUE
F131_unidentified	B12804_o_NA	-0.453	0.0495	FALSE
F1013_unidentified	B12804_o_NA	0.5705	0.0137	TRUE
F356_Paraconiothyrium	B12804_o_NA	0.5772	0.0137	TRUE
F539_Cenococcum	B12804_o_NA	0.6098	0.0334	TRUE
B8580_Aquabacterium	B11012_f_Unknown.Family	0.4224	0.0433	TRUE
B1542_uncultured	B11012_f_Unknown.Family	0.5275	0.0334	TRUE
F272_Penicillium	B11012_f_Unknown.Family	0.5823	0.0137	TRUE
F575_Trametes	B11012_f_Unknown.Family	0.5486	0.0334	TRUE
F199_Aureobasidium	B11012_f_Unknown.Family	0.56	0.0235	TRUE
B4580_Hydrogenophilus	B12472_Nodosilinea.PCC.7104	0.3746	0.0433	TRUE
B8580_Aquabacterium	B12472_Nodosilinea.PCC.7104	0.5056	0.0433	TRUE
B1542_uncultured	B12472_Nodosilinea.PCC.7104	0.4428	0.0235	TRUE
F106_unidentified	B12472_Nodosilinea.PCC.7104	0.4422	0.0334	TRUE
F272_Penicillium	B12472_Nodosilinea.PCC.7104	0.5723	0.0137	TRUE
F837_Candida	B12472_Nodosilinea.PCC.7104	0.4759	0.0433	TRUE
F55_f_Nectriaceae	B12472_Nodosilinea.PCC.7104	0.4364	0.0433	TRUE
F90_Pseudogymnoascus	B12472_Nodosilinea.PCC.7104	0.4966	0.0433	TRUE
F199_Aureobasidium	B12472_Nodosilinea.PCC.7104	0.4948	0.0137	TRUE
B2077_o_NA	B282_Acinetobacter	0.4621	0.0334	TRUE
B2555_uncultured	B282_Acinetobacter	0.498	0.005	TRUE
B503_Escherichia-Shigella	B282_Acinetobacter	0.553	0.019	TRUE
B13237_Chthoniobacter	B282_Acinetobacter	0.5263	0.0137	TRUE
B1077_Ralstonia	B282_Acinetobacter	0.5579	0.0487	TRUE
B8618_Haemophilus	B282_Acinetobacter	0.5226	0.0334	TRUE
B737_Pseudomonas	B282_Acinetobacter	0.6322	0.0137	TRUE
F1013_unidentified	B282_Acinetobacter	0.6299	0.0235	TRUE
F2_Nigrospora	B282_Acinetobacter	0.5364	0.0396	TRUE
F356_Paraconiothyrium	B282_Acinetobacter	0.6265	0.0235	TRUE
F10_Guehomyces	B282_Acinetobacter	0.5604	0.0289	TRUE
F539_Cenococcum	B282_Acinetobacter	0.7181	0.005	TRUE
B269_Pseudomonas	B12033_uncultured	0.5681	0.0137	TRUE
B4367_Acinetobacter	B12033_uncultured	0.5259	0.0137	TRUE
F171_unidentified	B12033_uncultured	0.531	0.0334	TRUE
F17_o_Pleosporales	B12033_uncultured	0.5389	0.0137	TRUE
F1181_unidentified	B12033_uncultured	0.4114	0.0334	TRUE
F116_Curvularia	B12033_uncultured	0.5589	0.0433	TRUE
F778_Phlebiopsis	B12033_uncultured	0.4144	0.0334	TRUE
F2170_Chaetomium	B12033_uncultured	0.5191	0.0334	TRUE
F5_Alternaria	B12033_uncultured	0.5512	0.0334	TRUE
F250_Pseudopithomyces	B12033_uncultured	0.5571	0.0235	TRUE
F720_unidentified	B12033_uncultured	0.4731	0.0334	TRUE
B269_Pseudomonas	B8826_uncultured.bacterium	0.5384	0.0334	TRUE
B11155_Pannonibacter	B8826_uncultured.bacterium	0.4671	0.0334	TRUE
B4367_Acinetobacter	B8826_uncultured.bacterium	0.5131	0.0137	TRUE
F171_unidentified	B8826_uncultured.bacterium	0.4749	0.0433	TRUE
F1122_Alutaceodontia	B8826_uncultured.bacterium	0.456	0.0433	TRUE
F17_o_Pleosporales	B8826_uncultured.bacterium	0.5581	0.0235	TRUE
F116_Curvularia	B8826_uncultured.bacterium	0.552	0.0433	TRUE
F429_Bjerkandera	B8826_uncultured.bacterium	0.4598	0.0334	TRUE
F5_Alternaria	B8826_uncultured.bacterium	0.5091	0.0433	TRUE
B2555_uncultured	B2077_o_NA	0.4189	0.0433	TRUE
B8618_Haemophilus	B2077_o_NA	0.4282	0.0334	TRUE
F1013_unidentified	B2077_o_NA	0.4864	0.0433	TRUE
F539_Cenococcum	B2077_o_NA	0.5249	0.0235	TRUE
B743_Escherichia-Shigella	B12561_o_NA	0.5417	0.0334	TRUE
B8580_Aquabacterium	B12561_o_NA	0.4506	0.0433	TRUE
B235_Cellulomonas	B12561_o_NA	0.5072	0.0235	TRUE
F106_unidentified	B12561_o_NA	0.5306	0.0137	TRUE
F575_Trametes	B12561_o_NA	0.4749	0.0433	TRUE
F837_Candida	B12561_o_NA	0.4427	0.0433	TRUE
F90_Pseudogymnoascus	B12561_o_NA	0.5175	0.0433	TRUE
B13823_Nocardioides	B15674_o_NA	0.4253	0.0334	TRUE
F1089_Talaromyces	B15674_o_NA	0.5215	0.0137	TRUE
B9852_Actinomadura	B6599_HAVOmat113	0.6424	0.005	TRUE
B6382_Acinetobacter	B6599_HAVOmat113	0.5632	0.0235	TRUE
B14703_Altererythrobacter	B6599_HAVOmat113	0.5352	0.005	TRUE
B4388_Amycolatopsis	B6599_HAVOmat113	0.7247	0.005	TRUE
B10881_Pseudanabaena NgrPSln22	B6599_HAVOmat113	0.6001	0.0137	TRUE
B83_Bradyrhizobium	B6599_HAVOmat113	0.7168	0.005	TRUE
F16_Pyricularia	B6599_HAVOmat113	-0.6548	0.0198	FALSE
F922_Phlebia	B6599_HAVOmat113	0.672	0.0137	TRUE
B743_Escherichia-Shigella	B4580_Hydrogenophilus	0.5774	0.0137	TRUE
B2228_Acinetobacter	B4580_Hydrogenophilus	0.5512	0.005	TRUE
B8580_Aquabacterium	B4580_Hydrogenophilus	0.6207	0.0137	TRUE
B1542_uncultured	B4580_Hydrogenophilus	0.5315	0.0433	TRUE
B235_Cellulomonas	B4580_Hydrogenophilus	0.6155	0.005	TRUE
F318_Saccharomyces	B4580_Hydrogenophilus	0.4979	0.0433	TRUE
F272_Penicillium	B4580_Hydrogenophilus	0.5773	0.0334	TRUE
F575_Trametes	B4580_Hydrogenophilus	0.4718	0.0235	TRUE
F55_f_Nectriaceae	B4580_Hydrogenophilus	0.5625	0.0433	TRUE
F90_Pseudogymnoascus	B4580_Hydrogenophilus	0.5382	0.0433	TRUE
F199_Aureobasidium	B4580_Hydrogenophilus	0.5428	0.0433	TRUE
B743_Escherichia-Shigella	B26_Bradyrhizobium	0.468	0.0388	TRUE
B24_Bradyrhizobium	B26_Bradyrhizobium	-0.7384	0.0297	FALSE
B1646_Asinibacterium	B26_Bradyrhizobium	0.4918	0.0091	TRUE
B2081_Brevundimonas	B26_Bradyrhizobium	0.4916	0.019	TRUE
B209_Escherichia-Shigella	B26_Bradyrhizobium	-0.5393	0.0396	FALSE
F723_unidentified	B26_Bradyrhizobium	0.4709	0.0487	TRUE
F2228_unidentified	B26_Bradyrhizobium	0.5031	0.0388	TRUE
F137_Malassezia	B26_Bradyrhizobium	0.5926	0.0495	TRUE
F213_Yarrowia	B26_Bradyrhizobium	-0.5929	0.0297	FALSE
F272_Penicillium	B26_Bradyrhizobium	0.5662	0.0487	TRUE
F1319_Chalara	B26_Bradyrhizobium	0.5123	0.0289	TRUE
B4844_Pseudomonas	B5309_Pirellula	0.547	0.0137	TRUE
B2787_f_Burkholderiaceae	B5309_Pirellula	0.4713	0.0235	TRUE
B1227_Escherichia-Shigella	B5309_Pirellula	0.6349	0.0235	TRUE
B1017_Clostridium sensu stricto 3	B5309_Pirellula	0.4993	0.0289	TRUE
F3595_Curvularia	B5309_Pirellula	0.593	0.0235	TRUE
F89_Aureobasidium	B5309_Pirellula	0.554	0.0235	TRUE
B2228_Acinetobacter	B743_Escherichia.Shigella	0.6398	0.0433	TRUE
B8580_Aquabacterium	B743_Escherichia.Shigella	0.6125	0.0137	TRUE
B1542_uncultured	B743_Escherichia.Shigella	0.6288	0.005	TRUE
B235_Cellulomonas	B743_Escherichia.Shigella	0.6709	0.005	TRUE
F106_unidentified	B743_Escherichia.Shigella	0.6326	0.0235	TRUE
F3503_o_NA	B743_Escherichia.Shigella	0.5523	0.0235	TRUE
F37_unidentified	B743_Escherichia.Shigella	0.6178	0.0137	TRUE
F318_Saccharomyces	B743_Escherichia.Shigella	0.5863	0.0334	TRUE
F272_Penicillium	B743_Escherichia.Shigella	0.7139	0.005	TRUE
F575_Trametes	B743_Escherichia.Shigella	0.6105	0.0334	TRUE
F837_Candida	B743_Escherichia.Shigella	0.5918	0.0235	TRUE
F45_f_Didymellaceae	B743_Escherichia.Shigella	0.5434	0.0289	TRUE
F2437_unidentified	B743_Escherichia.Shigella	0.5666	0.0235	TRUE
F55_f_Nectriaceae	B743_Escherichia.Shigella	0.623	0.005	TRUE
F90_Pseudogymnoascus	B743_Escherichia.Shigella	0.626	0.0137	TRUE
F199_Aureobasidium	B743_Escherichia.Shigella	0.6431	0.0334	TRUE
B12154_metagenome	B7775_Sphingobacterium	0.476	0.0433	TRUE
B4804_Neisseria	B7775_Sphingobacterium	0.5231	0.0433	TRUE
B13254_Streptococcus	B7775_Sphingobacterium	0.4784	0.0137	TRUE
B1402_Methylobacter	B7775_Sphingobacterium	0.5274	0.0235	TRUE
B4002_Pseudomonas	B7775_Sphingobacterium	0.5852	0.0137	TRUE
F288_unidentified	B7775_Sphingobacterium	0.5802	0.0235	TRUE
F321_Curvularia	B7775_Sphingobacterium	0.6524	0.005	TRUE
F693_Aspergillus	B7775_Sphingobacterium	0.4609	0.0235	TRUE
B1077_Ralstonia	B210_Ralstonia	-0.6665	0.0198	FALSE
B8580_Aquabacterium	B2228_Acinetobacter	0.5633	0.0334	TRUE
B54_uncultured	B2228_Acinetobacter	-0.6145	0.0495	FALSE
B1542_uncultured	B2228_Acinetobacter	0.6236	0.005	TRUE
B235_Cellulomonas	B2228_Acinetobacter	0.5271	0.0433	TRUE
F106_unidentified	B2228_Acinetobacter	0.61	0.005	TRUE
F1115_unidentified	B2228_Acinetobacter	0.484	0.0334	TRUE
F318_Saccharomyces	B2228_Acinetobacter	0.5554	0.005	TRUE
F272_Penicillium	B2228_Acinetobacter	0.7069	0.0137	TRUE
F575_Trametes	B2228_Acinetobacter	0.6218	0.005	TRUE
F837_Candida	B2228_Acinetobacter	0.6086	0.0137	TRUE
F45_f_Didymellaceae	B2228_Acinetobacter	0.527	0.0388	TRUE
F2437_unidentified	B2228_Acinetobacter	0.4821	0.0433	TRUE
F1319_Chalara	B2228_Acinetobacter	0.4835	0.0235	TRUE
F55_f_Nectriaceae	B2228_Acinetobacter	0.5916	0.0334	TRUE
F90_Pseudogymnoascus	B2228_Acinetobacter	0.6592	0.0235	TRUE
F199_Aureobasidium	B2228_Acinetobacter	0.6938	0.005	TRUE
B2787_f_Burkholderiaceae	B4844_Pseudomonas	0.5912	0.0137	TRUE
B1227_Escherichia-Shigella	B4844_Pseudomonas	0.7094	0.0137	TRUE
B1017_Clostridium sensu stricto 3	B4844_Pseudomonas	0.6424	0.0091	TRUE
F4704_Geastrum	B4844_Pseudomonas	0.6807	0.005	TRUE
F3595_Curvularia	B4844_Pseudomonas	0.6951	0.0137	TRUE
F89_Aureobasidium	B4844_Pseudomonas	0.7101	0.0235	TRUE
B814_Sediminibacterium	B919_f_Burkholderiaceae	0.6489	0.0137	TRUE
F160_Cladosporium	B919_f_Burkholderiaceae	0.5636	0.0487	TRUE
B814_Sediminibacterium	B9_Methylobacterium	0.6524	0.0235	TRUE
F160_Cladosporium	B9_Methylobacterium	0.5974	0.0388	TRUE
B269_Pseudomonas	B998_Phycicoccus	0.6008	0.0433	TRUE
B11155_Pannonibacter	B998_Phycicoccus	0.5488	0.0235	TRUE
B4367_Acinetobacter	B998_Phycicoccus	0.6083	0.0334	TRUE
F1122_Alutaceodontia	B998_Phycicoccus	0.5037	0.0235	TRUE
F116_Curvularia	B998_Phycicoccus	0.629	0.0137	TRUE
F20_Edenia	B998_Phycicoccus	0.4649	0.0334	TRUE
F429_Bjerkandera	B998_Phycicoccus	0.4872	0.0334	TRUE
F1127_Hormonema	B998_Phycicoccus	0.5583	0.0433	TRUE
F2170_Chaetomium	B998_Phycicoccus	0.4885	0.0235	TRUE
F5_Alternaria	B998_Phycicoccus	0.6292	0.0235	TRUE
F250_Pseudopithomyces	B998_Phycicoccus	0.6533	0.0334	TRUE
F720_unidentified	B998_Phycicoccus	0.5213	0.0235	TRUE
B4804_Neisseria	B12154_metagenome	0.5033	0.005	TRUE
B13254_Streptococcus	B12154_metagenome	0.5663	0.0235	TRUE
B1402_Methylobacter	B12154_metagenome	0.5061	0.0235	TRUE
B4002_Pseudomonas	B12154_metagenome	0.5348	0.0235	TRUE
F1912_o_Polyporales	B12154_metagenome	0.5761	0.0235	TRUE
F288_unidentified	B12154_metagenome	0.6211	0.005	TRUE
F321_Curvularia	B12154_metagenome	0.612	0.0235	TRUE
F693_Aspergillus	B12154_metagenome	0.5244	0.0334	TRUE
B13237_Chthoniobacter	B2555_uncultured	0.5697	0.0235	TRUE
B8618_Haemophilus	B2555_uncultured	0.5205	0.0235	TRUE
B737_Pseudomonas	B2555_uncultured	0.6436	0.005	TRUE
F131_unidentified	B2555_uncultured	-0.5263	0.0198	FALSE
F1013_unidentified	B2555_uncultured	0.6192	0.0235	TRUE
F2_Nigrospora	B2555_uncultured	0.5766	0.0495	TRUE
F356_Paraconiothyrium	B2555_uncultured	0.6517	0.0235	TRUE
F10_Guehomyces	B2555_uncultured	0.5705	0.0289	TRUE
F539_Cenococcum	B2555_uncultured	0.6546	0.005	TRUE
B1542_uncultured	B8580_Aquabacterium	0.6289	0.005	TRUE
B235_Cellulomonas	B8580_Aquabacterium	0.5754	0.0334	TRUE
F106_unidentified	B8580_Aquabacterium	0.5395	0.0235	TRUE
F3503_o_NA	B8580_Aquabacterium	0.5765	0.0334	TRUE
F37_unidentified	B8580_Aquabacterium	0.5908	0.0137	TRUE
F318_Saccharomyces	B8580_Aquabacterium	0.5551	0.0334	TRUE
F272_Penicillium	B8580_Aquabacterium	0.6802	0.0137	TRUE
F575_Trametes	B8580_Aquabacterium	0.5864	0.0334	TRUE
F837_Candida	B8580_Aquabacterium	0.5704	0.0433	TRUE
F45_f_Didymellaceae	B8580_Aquabacterium	0.5825	0.0388	TRUE
F1319_Chalara	B8580_Aquabacterium	0.4881	0.0235	TRUE
F55_f_Nectriaceae	B8580_Aquabacterium	0.6433	0.0334	TRUE
F90_Pseudogymnoascus	B8580_Aquabacterium	0.5995	0.0137	TRUE
F199_Aureobasidium	B8580_Aquabacterium	0.6278	0.0235	TRUE
B13255_o_NA	B8022_Alkanindiges	0.548	0.0334	TRUE
B1646_Asinibacterium	B8022_Alkanindiges	0.5658	0.0334	TRUE
B7397_f_Burkholderiaceae	B8022_Alkanindiges	0.6382	0.0433	TRUE
B902_Escherichia-Shigella	B8022_Alkanindiges	0.5836	0.0235	TRUE
F723_unidentified	B8022_Alkanindiges	0.6341	0.005	TRUE
F2228_unidentified	B8022_Alkanindiges	0.6049	0.0137	TRUE
F2626_Penicillium	B8022_Alkanindiges	0.5	0.0334	TRUE
F461_unidentified	B8022_Alkanindiges	0.6181	0.0235	TRUE
F503_Sordaria	B8022_Alkanindiges	0.6334	0.0235	TRUE
F101_Curvularia	B8022_Alkanindiges	0.5425	0.0137	TRUE
B6382_Acinetobacter	B9852_Actinomadura	0.5413	0.005	TRUE
B14703_Altererythrobacter	B9852_Actinomadura	0.5101	0.0137	TRUE
B4388_Amycolatopsis	B9852_Actinomadura	0.7075	0.0137	TRUE
B10881_Pseudanabaena NgrPSln22	B9852_Actinomadura	0.6075	0.005	TRUE
B83_Bradyrhizobium	B9852_Actinomadura	0.7206	0.005	TRUE
F16_Pyricularia	B9852_Actinomadura	-0.6853	0.0099	FALSE
F922_Phlebia	B9852_Actinomadura	0.729	0.005	TRUE
B1119_Dietzia	B13823_Nocardioides	0.541	0.0334	TRUE
F1089_Talaromyces	B13823_Nocardioides	0.5469	0.0137	TRUE
F1608_Rhizochaete	B13823_Nocardioides	0.4889	0.0433	TRUE
F178_Schizopora	B13823_Nocardioides	0.4635	0.0388	TRUE
B1542_uncultured	B54_uncultured	-0.6592	0.0396	FALSE
F318_Saccharomyces	B54_uncultured	-0.6763	0.0297	FALSE
F272_Penicillium	B54_uncultured	-0.7601	0.0396	FALSE
B11155_Pannonibacter	B269_Pseudomonas	0.5525	0.0433	TRUE
B4367_Acinetobacter	B269_Pseudomonas	0.6314	0.0334	TRUE
F171_unidentified	B269_Pseudomonas	0.5569	0.0235	TRUE
F1122_Alutaceodontia	B269_Pseudomonas	0.5177	0.0137	TRUE
F17_o_Pleosporales	B269_Pseudomonas	0.6458	0.0334	TRUE
F116_Curvularia	B269_Pseudomonas	0.6987	0.0334	TRUE
F20_Edenia	B269_Pseudomonas	0.5428	0.0433	TRUE
F778_Phlebiopsis	B269_Pseudomonas	0.437	0.0433	TRUE
F1127_Hormonema	B269_Pseudomonas	0.5847	0.0137	TRUE
F2170_Chaetomium	B269_Pseudomonas	0.5418	0.0137	TRUE
F5_Alternaria	B269_Pseudomonas	0.5905	0.0235	TRUE
F250_Pseudopithomyces	B269_Pseudomonas	0.7039	0.0137	TRUE
F720_unidentified	B269_Pseudomonas	0.5277	0.0235	TRUE
B1227_Escherichia-Shigella	B2787_f_Burkholderiaceae	0.5956	0.0137	TRUE
F4704_Geastrum	B2787_f_Burkholderiaceae	0.5307	0.0235	TRUE
F3595_Curvularia	B2787_f_Burkholderiaceae	0.6246	0.0137	TRUE
F17_o_Pleosporales	B11120_Candidatus.Solibacter	-0.4049	0.0433	FALSE
B209_Escherichia-Shigella	B24_Bradyrhizobium	0.6535	0.0495	TRUE
F213_Yarrowia	B24_Bradyrhizobium	0.7421	0.0396	TRUE
B6382_Acinetobacter	B503_Escherichia.Shigella	0.4821	0.0388	TRUE
B14703_Altererythrobacter	B503_Escherichia.Shigella	0.5198	0.019	TRUE
B8618_Haemophilus	B503_Escherichia.Shigella	0.5024	0.0487	TRUE
B10881_Pseudanabaena NgrPSln22	B503_Escherichia.Shigella	0.5174	0.0487	TRUE
B83_Bradyrhizobium	B503_Escherichia.Shigella	0.5493	0.0388	TRUE
F1013_unidentified	B503_Escherichia.Shigella	0.5469	0.0388	TRUE
F2_Nigrospora	B503_Escherichia.Shigella	0.7003	0.0495	TRUE
F922_Phlebia	B503_Escherichia.Shigella	0.6017	0.0388	TRUE
F539_Cenococcum	B503_Escherichia.Shigella	0.5814	0.019	TRUE
F106_unidentified	B1542_uncultured	0.5777	0.0334	TRUE
F3503_o_NA	B1542_uncultured	0.5078	0.0334	TRUE
F37_unidentified	B1542_uncultured	0.5328	0.0334	TRUE
F1115_unidentified	B1542_uncultured	0.495	0.0235	TRUE
F318_Saccharomyces	B1542_uncultured	0.5668	0.0433	TRUE
F272_Penicillium	B1542_uncultured	0.7301	0.0433	TRUE
F575_Trametes	B1542_uncultured	0.615	0.0235	TRUE
F837_Candida	B1542_uncultured	0.6366	0.005	TRUE
F45_f_Didymellaceae	B1542_uncultured	0.6291	0.019	TRUE
F55_f_Nectriaceae	B1542_uncultured	0.5923	0.0235	TRUE
F90_Pseudogymnoascus	B1542_uncultured	0.656	0.005	TRUE
F199_Aureobasidium	B1542_uncultured	0.6439	0.0334	TRUE
B8618_Haemophilus	B13237_Chthoniobacter	0.4718	0.0334	TRUE
B737_Pseudomonas	B13237_Chthoniobacter	0.5582	0.005	TRUE
F1013_unidentified	B13237_Chthoniobacter	0.5493	0.0235	TRUE
F2_Nigrospora	B13237_Chthoniobacter	0.4905	0.0495	TRUE
F356_Paraconiothyrium	B13237_Chthoniobacter	0.5965	0.0137	TRUE
F10_Guehomyces	B13237_Chthoniobacter	0.4994	0.0487	TRUE
F539_Cenococcum	B13237_Chthoniobacter	0.5704	0.0235	TRUE
B13254_Streptococcus	B4804_Neisseria	0.4888	0.0433	TRUE
B4002_Pseudomonas	B4804_Neisseria	0.6216	0.0235	TRUE
F1912_o_Polyporales	B4804_Neisseria	0.5432	0.0235	TRUE
F288_unidentified	B4804_Neisseria	0.6401	0.0235	TRUE
F190_Irpex	B4804_Neisseria	0.4795	0.0388	TRUE
F321_Curvularia	B4804_Neisseria	0.6843	0.0334	TRUE
F693_Aspergillus	B4804_Neisseria	0.5343	0.0235	TRUE
B1402_Methylobacter	B13254_Streptococcus	0.4924	0.0433	TRUE
B4002_Pseudomonas	B13254_Streptococcus	0.5551	0.005	TRUE
F1912_o_Polyporales	B13254_Streptococcus	0.5841	0.0235	TRUE
F321_Curvularia	B13254_Streptococcus	0.6058	0.0235	TRUE
B1646_Asinibacterium	B13255_o_NA	0.6252	0.0137	TRUE
B7397_f_Burkholderiaceae	B13255_o_NA	0.6518	0.0235	TRUE
B902_Escherichia-Shigella	B13255_o_NA	0.6312	0.0235	TRUE
F723_unidentified	B13255_o_NA	0.5976	0.0235	TRUE
F2228_unidentified	B13255_o_NA	0.6419	0.005	TRUE
F2213_Clavispora	B13255_o_NA	0.5614	0.0334	TRUE
F2626_Penicillium	B13255_o_NA	0.5202	0.0137	TRUE
F1300_Aspergillus	B13255_o_NA	0.5956	0.0137	TRUE
F461_unidentified	B13255_o_NA	0.6687	0.0235	TRUE
F503_Sordaria	B13255_o_NA	0.609	0.0137	TRUE
F101_Curvularia	B13255_o_NA	0.588	0.005	TRUE
F482_Pichia	B13255_o_NA	0.5308	0.0388	TRUE
B7397_f_Burkholderiaceae	B1646_Asinibacterium	0.718	0.0137	TRUE
B902_Escherichia-Shigella	B1646_Asinibacterium	0.6706	0.0137	TRUE
B2081_Brevundimonas	B1646_Asinibacterium	0.6492	0.005	TRUE
F723_unidentified	B1646_Asinibacterium	0.6372	0.005	TRUE
F2228_unidentified	B1646_Asinibacterium	0.6879	0.005	TRUE
F2213_Clavispora	B1646_Asinibacterium	0.6794	0.005	TRUE
F2626_Penicillium	B1646_Asinibacterium	0.6148	0.0137	TRUE
F1300_Aspergillus	B1646_Asinibacterium	0.663	0.0235	TRUE
F461_unidentified	B1646_Asinibacterium	0.7556	0.0235	TRUE
F503_Sordaria	B1646_Asinibacterium	0.7353	0.005	TRUE
F482_Pichia	B1646_Asinibacterium	0.6005	0.0289	TRUE
B4367_Acinetobacter	B11155_Pannonibacter	0.552	0.0235	TRUE
F171_unidentified	B11155_Pannonibacter	0.4779	0.0334	TRUE
F1122_Alutaceodontia	B11155_Pannonibacter	0.4821	0.0137	TRUE
F116_Curvularia	B11155_Pannonibacter	0.6315	0.0235	TRUE
F1127_Hormonema	B11155_Pannonibacter	0.5531	0.0235	TRUE
F2170_Chaetomium	B11155_Pannonibacter	0.5929	0.0235	TRUE
F5_Alternaria	B11155_Pannonibacter	0.5662	0.0334	TRUE
F250_Pseudopithomyces	B11155_Pannonibacter	0.5859	0.0235	TRUE
F1912_o_Polyporales	B1402_Methylobacter	0.6218	0.005	TRUE
F288_unidentified	B1402_Methylobacter	0.6081	0.0137	TRUE
F190_Irpex	B1402_Methylobacter	0.5323	0.0487	TRUE
F321_Curvularia	B1402_Methylobacter	0.6244	0.0334	TRUE
F693_Aspergillus	B1402_Methylobacter	0.5118	0.0235	TRUE
F171_unidentified	B4367_Acinetobacter	0.5101	0.0235	TRUE
F17_o_Pleosporales	B4367_Acinetobacter	0.6034	0.0137	TRUE
F116_Curvularia	B4367_Acinetobacter	0.6534	0.0433	TRUE
F20_Edenia	B4367_Acinetobacter	0.4886	0.0433	TRUE
F429_Bjerkandera	B4367_Acinetobacter	0.4657	0.0334	TRUE
F1127_Hormonema	B4367_Acinetobacter	0.5297	0.0137	TRUE
F5_Alternaria	B4367_Acinetobacter	0.6465	0.005	TRUE
F250_Pseudopithomyces	B4367_Acinetobacter	0.6929	0.0137	TRUE
F288_unidentified	B15_Sphingomonas	-0.4592	0.0495	FALSE
B8618_Haemophilus	B1077_Ralstonia	0.5022	0.019	TRUE
B737_Pseudomonas	B1077_Ralstonia	0.5974	0.0289	TRUE
F1013_unidentified	B1077_Ralstonia	0.5969	0.0388	TRUE
F1089_Talaromyces	B1077_Ralstonia	0.4803	0.0289	TRUE
F356_Paraconiothyrium	B1077_Ralstonia	0.5738	0.0388	TRUE
F539_Cenococcum	B1077_Ralstonia	0.5442	0.0289	TRUE
B14703_Altererythrobacter	B6382_Acinetobacter	0.4707	0.0433	TRUE
B4388_Amycolatopsis	B6382_Acinetobacter	0.684	0.005	TRUE
B83_Bradyrhizobium	B6382_Acinetobacter	0.6789	0.005	TRUE
F16_Pyricularia	B6382_Acinetobacter	-0.627	0.0297	FALSE
F922_Phlebia	B6382_Acinetobacter	0.6779	0.0137	TRUE
B902_Escherichia-Shigella	B7397_f_Burkholderiaceae	0.7137	0.005	TRUE
B2081_Brevundimonas	B7397_f_Burkholderiaceae	0.6398	0.0137	TRUE
F723_unidentified	B7397_f_Burkholderiaceae	0.6159	0.0137	TRUE
F2228_unidentified	B7397_f_Burkholderiaceae	0.7009	0.0334	TRUE
F2213_Clavispora	B7397_f_Burkholderiaceae	0.6643	0.005	TRUE
F2626_Penicillium	B7397_f_Burkholderiaceae	0.5822	0.005	TRUE
F1300_Aspergillus	B7397_f_Burkholderiaceae	0.6549	0.0235	TRUE
F503_Sordaria	B7397_f_Burkholderiaceae	0.7407	0.005	TRUE
F101_Curvularia	B7397_f_Burkholderiaceae	0.6041	0.005	TRUE
B1017_Clostridium sensu stricto 3	B1227_Escherichia.Shigella	0.6378	0.019	TRUE
F4704_Geastrum	B1227_Escherichia.Shigella	0.7066	0.0137	TRUE
F3595_Curvularia	B1227_Escherichia.Shigella	0.6883	0.005	TRUE
F89_Aureobasidium	B1227_Escherichia.Shigella	0.6436	0.005	TRUE
B2081_Brevundimonas	B902_Escherichia.Shigella	0.5752	0.0433	TRUE
F723_unidentified	B902_Escherichia.Shigella	0.6311	0.0137	TRUE
F2228_unidentified	B902_Escherichia.Shigella	0.688	0.0235	TRUE
F2213_Clavispora	B902_Escherichia.Shigella	0.5845	0.0433	TRUE
F2626_Penicillium	B902_Escherichia.Shigella	0.5423	0.0137	TRUE
F1300_Aspergillus	B902_Escherichia.Shigella	0.6552	0.0235	TRUE
F461_unidentified	B902_Escherichia.Shigella	0.7553	0.0137	TRUE
F503_Sordaria	B902_Escherichia.Shigella	0.7612	0.0137	TRUE
F101_Curvularia	B902_Escherichia.Shigella	0.6312	0.0137	TRUE
F482_Pichia	B902_Escherichia.Shigella	0.6059	0.0289	TRUE
B4388_Amycolatopsis	B14703_Altererythrobacter	0.6295	0.0334	TRUE
B10881_Pseudanabaena NgrPSln22	B14703_Altererythrobacter	0.5593	0.0137	TRUE
B83_Bradyrhizobium	B14703_Altererythrobacter	0.608	0.0137	TRUE
F922_Phlebia	B14703_Altererythrobacter	0.6363	0.0137	TRUE
B10881_Pseudanabaena NgrPSln22	B4388_Amycolatopsis	0.7387	0.0137	TRUE
B83_Bradyrhizobium	B4388_Amycolatopsis	0.8162	0.0235	TRUE
F16_Pyricularia	B4388_Amycolatopsis	-0.7474	0.0099	FALSE
F922_Phlebia	B4388_Amycolatopsis	0.8526	0.0137	TRUE
B737_Pseudomonas	B8618_Haemophilus	0.5481	0.005	TRUE
F1013_unidentified	B8618_Haemophilus	0.5886	0.0433	TRUE
F2_Nigrospora	B8618_Haemophilus	0.5436	0.0495	TRUE
F356_Paraconiothyrium	B8618_Haemophilus	0.6278	0.005	TRUE
F539_Cenococcum	B8618_Haemophilus	0.6102	0.0137	TRUE
F4704_Geastrum	B1017_Clostridium.sensu.stricto.3	0.5821	0.0289	TRUE
F3595_Curvularia	B1017_Clostridium.sensu.stricto.3	0.6725	0.0091	TRUE
F89_Aureobasidium	B1017_Clostridium.sensu.stricto.3	0.6756	0.0091	TRUE
F1013_unidentified	B737_Pseudomonas	0.7397	0.0137	TRUE
F356_Paraconiothyrium	B737_Pseudomonas	0.7159	0.005	TRUE
F10_Guehomyces	B737_Pseudomonas	0.6158	0.0289	TRUE
F539_Cenococcum	B737_Pseudomonas	0.7156	0.005	TRUE
F723_unidentified	B2081_Brevundimonas	0.5443	0.0235	TRUE
F2228_unidentified	B2081_Brevundimonas	0.5998	0.0235	TRUE
F2213_Clavispora	B2081_Brevundimonas	0.5524	0.0235	TRUE
F1300_Aspergillus	B2081_Brevundimonas	0.6507	0.0137	TRUE
F461_unidentified	B2081_Brevundimonas	0.6721	0.005	TRUE
F503_Sordaria	B2081_Brevundimonas	0.6175	0.0137	TRUE
F101_Curvularia	B2081_Brevundimonas	0.5496	0.0137	TRUE
F482_Pichia	B2081_Brevundimonas	0.5574	0.0388	TRUE
B83_Bradyrhizobium	B10881_Pseudanabaena.NgrPSln22	0.7015	0.0235	TRUE
F16_Pyricularia	B10881_Pseudanabaena.NgrPSln22	-0.6694	0.0396	FALSE
F922_Phlebia	B10881_Pseudanabaena.NgrPSln22	0.7227	0.0235	TRUE
F213_Yarrowia	B209_Escherichia.Shigella	0.7473	0.0198	TRUE
F27_Curvularia	B209_Escherichia.Shigella	0.7721	0.0198	TRUE
F16_Pyricularia	B83_Bradyrhizobium	-0.7789	0.0297	FALSE
F922_Phlebia	B83_Bradyrhizobium	0.8359	0.0137	TRUE
F1912_o_Polyporales	B4002_Pseudomonas	0.6264	0.0137	TRUE
F288_unidentified	B4002_Pseudomonas	0.6486	0.0334	TRUE
F321_Curvularia	B4002_Pseudomonas	0.6804	0.005	TRUE
F693_Aspergillus	B4002_Pseudomonas	0.5678	0.005	TRUE
F1089_Talaromyces	B1119_Dietzia	0.6086	0.0334	TRUE
F1608_Rhizochaete	B1119_Dietzia	0.609	0.0235	TRUE
F292_Engyodontium	B1119_Dietzia	0.4901	0.0388	TRUE
F106_unidentified	B235_Cellulomonas	0.4983	0.0235	TRUE
F37_unidentified	B235_Cellulomonas	0.5457	0.0235	TRUE
F318_Saccharomyces	B235_Cellulomonas	0.5827	0.005	TRUE
F272_Penicillium	B235_Cellulomonas	0.6353	0.0334	TRUE
F575_Trametes	B235_Cellulomonas	0.5695	0.0137	TRUE
F837_Candida	B235_Cellulomonas	0.5685	0.005	TRUE
F1319_Chalara	B235_Cellulomonas	0.4777	0.0433	TRUE
F55_f_Nectriaceae	B235_Cellulomonas	0.5374	0.0334	TRUE
F199_Aureobasidium	B235_Cellulomonas	0.5644	0.0137	TRUE
F17_o_Pleosporales	F171_unidentified	0.5605	0.0137	TRUE
F116_Curvularia	F171_unidentified	0.5931	0.0235	TRUE
F429_Bjerkandera	F171_unidentified	0.4468	0.0433	TRUE
F1127_Hormonema	F171_unidentified	0.495	0.005	TRUE
F2170_Chaetomium	F171_unidentified	0.459	0.0137	TRUE
F250_Pseudopithomyces	F171_unidentified	0.6149	0.0137	TRUE
F720_unidentified	F171_unidentified	0.4399	0.0137	TRUE
F17_o_Pleosporales	F1122_Alutaceodontia	0.5196	0.0235	TRUE
F116_Curvularia	F1122_Alutaceodontia	0.6024	0.0235	TRUE
F429_Bjerkandera	F1122_Alutaceodontia	0.421	0.0334	TRUE
F1127_Hormonema	F1122_Alutaceodontia	0.5014	0.0334	TRUE
F5_Alternaria	F1122_Alutaceodontia	0.5493	0.0334	TRUE
F250_Pseudopithomyces	F1122_Alutaceodontia	0.6404	0.0137	TRUE
F720_unidentified	F1122_Alutaceodontia	0.5021	0.0334	TRUE
F199_Aureobasidium	F458_Endoxyla	0.4443	0.005	TRUE
F2228_unidentified	F723_unidentified	0.6257	0.0235	TRUE
F2213_Clavispora	F723_unidentified	0.5938	0.0235	TRUE
F2626_Penicillium	F723_unidentified	0.529	0.0235	TRUE
F1300_Aspergillus	F723_unidentified	0.6335	0.0137	TRUE
F461_unidentified	F723_unidentified	0.6733	0.005	TRUE
F503_Sordaria	F723_unidentified	0.676	0.0137	TRUE
F101_Curvularia	F723_unidentified	0.5413	0.0235	TRUE
F160_Cladosporium	F61_o_Pleosporales	0.6761	0.0099	TRUE
F3503_o_NA	F106_unidentified	0.571	0.0137	TRUE
F272_Penicillium	F106_unidentified	0.6419	0.0334	TRUE
F575_Trametes	F106_unidentified	0.5453	0.0235	TRUE
F837_Candida	F106_unidentified	0.5518	0.0137	TRUE
F45_f_Didymellaceae	F106_unidentified	0.5599	0.0487	TRUE
F55_f_Nectriaceae	F106_unidentified	0.5372	0.0334	TRUE
F90_Pseudogymnoascus	F106_unidentified	0.5987	0.0235	TRUE
F199_Aureobasidium	F106_unidentified	0.619	0.0235	TRUE
F1013_unidentified	F131_unidentified	-0.6075	0.0396	FALSE
F356_Paraconiothyrium	F131_unidentified	-0.6667	0.0396	FALSE
F539_Cenococcum	F131_unidentified	-0.6357	0.0198	FALSE
F2213_Clavispora	F2228_unidentified	0.6508	0.0137	TRUE
F2626_Penicillium	F2228_unidentified	0.5223	0.0235	TRUE
F1300_Aspergillus	F2228_unidentified	0.6532	0.0137	TRUE
F461_unidentified	F2228_unidentified	0.7347	0.0137	TRUE
F503_Sordaria	F2228_unidentified	0.7136	0.005	TRUE
F101_Curvularia	F2228_unidentified	0.6226	0.0137	TRUE
F482_Pichia	F2228_unidentified	0.591	0.019	TRUE
F288_unidentified	F1912_o_Polyporales	0.6615	0.0137	TRUE
F321_Curvularia	F1912_o_Polyporales	0.6495	0.0137	TRUE
F693_Aspergillus	F1912_o_Polyporales	0.5761	0.0137	TRUE
F37_unidentified	F3503_o_NA	0.482	0.0235	TRUE
F272_Penicillium	F3503_o_NA	0.6346	0.005	TRUE
F575_Trametes	F3503_o_NA	0.5638	0.0235	TRUE
F2437_unidentified	F3503_o_NA	0.4202	0.0334	TRUE
F1319_Chalara	F3503_o_NA	0.4107	0.0433	TRUE
F55_f_Nectriaceae	F3503_o_NA	0.5895	0.0334	TRUE
F90_Pseudogymnoascus	F3503_o_NA	0.4999	0.005	TRUE
F199_Aureobasidium	F3503_o_NA	0.5562	0.0433	TRUE
F318_Saccharomyces	F37_unidentified	0.5329	0.0235	TRUE
F272_Penicillium	F37_unidentified	0.6207	0.0334	TRUE
F575_Trametes	F37_unidentified	0.5523	0.0137	TRUE
F837_Candida	F37_unidentified	0.5586	0.0137	TRUE
F2437_unidentified	F37_unidentified	0.4396	0.0433	TRUE
F55_f_Nectriaceae	F37_unidentified	0.5276	0.0334	TRUE
F90_Pseudogymnoascus	F37_unidentified	0.5259	0.0235	TRUE
F3595_Curvularia	F4704_Geastrum	0.6881	0.0137	TRUE
F362_Porostereum	F4704_Geastrum	0.4847	0.0494	TRUE
F89_Aureobasidium	F4704_Geastrum	0.6229	0.0334	TRUE
F116_Curvularia	F17_o_Pleosporales	0.6492	0.0334	TRUE
F429_Bjerkandera	F17_o_Pleosporales	0.4812	0.0235	TRUE
F778_Phlebiopsis	F17_o_Pleosporales	0.4825	0.0235	TRUE
F1127_Hormonema	F17_o_Pleosporales	0.5953	0.005	TRUE
F5_Alternaria	F17_o_Pleosporales	0.6051	0.0235	TRUE
F250_Pseudopithomyces	F17_o_Pleosporales	0.6383	0.0334	TRUE
F720_unidentified	F17_o_Pleosporales	0.4811	0.0235	TRUE
F318_Saccharomyces	F1115_unidentified	0.4802	0.0334	TRUE
F575_Trametes	F1115_unidentified	0.4579	0.0433	TRUE
F837_Candida	F1115_unidentified	0.4974	0.0235	TRUE
F90_Pseudogymnoascus	F1115_unidentified	0.5655	0.0137	TRUE
F2_Nigrospora	F1013_unidentified	0.5394	0.0396	TRUE
F356_Paraconiothyrium	F1013_unidentified	0.7043	0.005	TRUE
F10_Guehomyces	F1013_unidentified	0.6634	0.0289	TRUE
F539_Cenococcum	F1013_unidentified	0.7221	0.0235	TRUE
F1127_Hormonema	F1181_unidentified	0.4615	0.0235	TRUE
F250_Pseudopithomyces	F1181_unidentified	0.4907	0.0235	TRUE
F272_Penicillium	F318_Saccharomyces	0.6097	0.005	TRUE
F575_Trametes	F318_Saccharomyces	0.5831	0.0235	TRUE
F90_Pseudogymnoascus	F318_Saccharomyces	0.4698	0.0334	TRUE
F199_Aureobasidium	F318_Saccharomyces	0.6068	0.0235	TRUE
F1608_Rhizochaete	F1089_Talaromyces	0.6415	0.0137	TRUE
F292_Engyodontium	F1089_Talaromyces	0.5853	0.019	TRUE
F922_Phlebia	F16_Pyricularia	-0.7456	0.0297	FALSE
F488_Penicillium	F137_Malassezia	0.5852	0.0495	TRUE
F356_Paraconiothyrium	F2_Nigrospora	0.5776	0.0198	TRUE
F6_Cladosporium	F2_Nigrospora	-0.7029	0.0198	FALSE
F539_Cenococcum	F2_Nigrospora	0.5541	0.0495	TRUE
F321_Curvularia	F288_unidentified	0.7158	0.005	TRUE
F693_Aspergillus	F288_unidentified	0.6268	0.005	TRUE
F53_Pyrenochaetopsis	F288_unidentified	0.4945	0.0388	TRUE
F1300_Aspergillus	F2213_Clavispora	0.6346	0.005	TRUE
F461_unidentified	F2213_Clavispora	0.6629	0.005	TRUE
F503_Sordaria	F2213_Clavispora	0.639	0.005	TRUE
F101_Curvularia	F2213_Clavispora	0.6338	0.005	TRUE
F482_Pichia	F2213_Clavispora	0.5595	0.0487	TRUE
F1300_Aspergillus	F2626_Penicillium	0.4992	0.0235	TRUE
F503_Sordaria	F2626_Penicillium	0.5542	0.0137	TRUE
F101_Curvularia	F2626_Penicillium	0.5124	0.0334	TRUE
F321_Curvularia	F190_Irpex	0.5732	0.019	TRUE
F693_Aspergillus	F190_Irpex	0.527	0.0487	TRUE
F53_Pyrenochaetopsis	F190_Irpex	0.7537	0.0098	TRUE
F199_Aureobasidium	F190_Irpex	0.4548	0.0388	TRUE
F488_Penicillium	F1608_Rhizochaete	0.5097	0.0289	TRUE
F10_Guehomyces	F356_Paraconiothyrium	0.6574	0.0388	TRUE
F539_Cenococcum	F356_Paraconiothyrium	0.726	0.0235	TRUE
F6_Cladosporium	F27_Curvularia	0.7099	0.0198	TRUE
F693_Aspergillus	F321_Curvularia	0.6175	0.0235	TRUE
F362_Porostereum	F3595_Curvularia	0.549	0.0296	TRUE
F89_Aureobasidium	F3595_Curvularia	0.7035	0.0137	TRUE
F429_Bjerkandera	F116_Curvularia	0.5158	0.0433	TRUE
F778_Phlebiopsis	F116_Curvularia	0.515	0.0137	TRUE
F1127_Hormonema	F116_Curvularia	0.6555	0.0235	TRUE
F5_Alternaria	F116_Curvularia	0.6572	0.005	TRUE
F250_Pseudopithomyces	F116_Curvularia	0.7528	0.0334	TRUE
F720_unidentified	F116_Curvularia	0.5781	0.0137	TRUE
F429_Bjerkandera	F20_Edenia	0.4216	0.0433	TRUE
F1127_Hormonema	F20_Edenia	0.5153	0.0433	TRUE
F2170_Chaetomium	F20_Edenia	0.4652	0.0334	TRUE
F5_Alternaria	F20_Edenia	0.5695	0.0137	TRUE
F250_Pseudopithomyces	F20_Edenia	0.5652	0.0235	TRUE
F575_Trametes	F272_Penicillium	0.7102	0.005	TRUE
F837_Candida	F272_Penicillium	0.6648	0.0235	TRUE
F45_f_Didymellaceae	F272_Penicillium	0.6472	0.0289	TRUE
F2437_unidentified	F272_Penicillium	0.5772	0.0433	TRUE
F1319_Chalara	F272_Penicillium	0.5642	0.0137	TRUE
F55_f_Nectriaceae	F272_Penicillium	0.6897	0.0334	TRUE
F90_Pseudogymnoascus	F272_Penicillium	0.7076	0.0137	TRUE
F199_Aureobasidium	F272_Penicillium	0.737	0.0235	TRUE
F837_Candida	F575_Trametes	0.6126	0.0137	TRUE
F45_f_Didymellaceae	F575_Trametes	0.5271	0.0388	TRUE
F2437_unidentified	F575_Trametes	0.4763	0.0235	TRUE
F1319_Chalara	F575_Trametes	0.5209	0.0334	TRUE
F55_f_Nectriaceae	F575_Trametes	0.5476	0.0334	TRUE
F90_Pseudogymnoascus	F575_Trametes	0.574	0.0137	TRUE
F199_Aureobasidium	F575_Trametes	0.6597	0.005	TRUE
F45_f_Didymellaceae	F837_Candida	0.5239	0.0388	TRUE
F2437_unidentified	F837_Candida	0.5403	0.0137	TRUE
F55_f_Nectriaceae	F837_Candida	0.613	0.0334	TRUE
F90_Pseudogymnoascus	F837_Candida	0.6011	0.005	TRUE
F199_Aureobasidium	F837_Candida	0.6332	0.0137	TRUE
F778_Phlebiopsis	F429_Bjerkandera	0.4669	0.0235	TRUE
F5_Alternaria	F429_Bjerkandera	0.4542	0.0334	TRUE
F250_Pseudopithomyces	F429_Bjerkandera	0.5421	0.005	TRUE
F720_unidentified	F429_Bjerkandera	0.4546	0.0433	TRUE
F461_unidentified	F1300_Aspergillus	0.6598	0.0137	TRUE
F503_Sordaria	F1300_Aspergillus	0.67	0.0334	TRUE
F101_Curvularia	F1300_Aspergillus	0.6208	0.005	TRUE
F482_Pichia	F1300_Aspergillus	0.561	0.0487	TRUE
F5_Alternaria	F778_Phlebiopsis	0.427	0.0433	TRUE
F250_Pseudopithomyces	F778_Phlebiopsis	0.4689	0.0433	TRUE
F5_Alternaria	F1127_Hormonema	0.5272	0.0334	TRUE
F250_Pseudopithomyces	F1127_Hormonema	0.5873	0.0433	TRUE
F55_f_Nectriaceae	F45_f_Didymellaceae	0.6215	0.0289	TRUE
F90_Pseudogymnoascus	F45_f_Didymellaceae	0.5148	0.019	TRUE
F199_Aureobasidium	F45_f_Didymellaceae	0.6647	0.0289	TRUE
F539_Cenococcum	F10_Guehomyces	0.6711	0.019	TRUE
F90_Pseudogymnoascus	F2437_unidentified	0.475	0.0433	TRUE
F199_Aureobasidium	F2437_unidentified	0.5329	0.0334	TRUE
F503_Sordaria	F461_unidentified	0.7146	0.005	TRUE
F101_Curvularia	F461_unidentified	0.6484	0.0235	TRUE
F482_Pichia	F461_unidentified	0.6365	0.0388	TRUE
F55_f_Nectriaceae	F1319_Chalara	0.4767	0.0334	TRUE
F199_Aureobasidium	F1319_Chalara	0.5338	0.0433	TRUE
F90_Pseudogymnoascus	F55_f_Nectriaceae	0.6382	0.0235	TRUE
F199_Aureobasidium	F55_f_Nectriaceae	0.6203	0.0235	TRUE
F199_Aureobasidium	F90_Pseudogymnoascus	0.6982	0.0137	TRUE
F488_Penicillium	F503_Sordaria	0.5229	0.0487	TRUE
F101_Curvularia	F503_Sordaria	0.6424	0.0235	TRUE
F482_Pichia	F503_Sordaria	0.6178	0.0289	TRUE
F482_Pichia	F101_Curvularia	0.5387	0.0487	TRUE
F5_Alternaria	F2170_Chaetomium	0.5391	0.0334	TRUE
F250_Pseudopithomyces	F2170_Chaetomium	0.56	0.0137	TRUE
F250_Pseudopithomyces	F5_Alternaria	0.7038	0.005	TRUE
F720_unidentified	F5_Alternaria	0.5033	0.0137	TRUE
F720_unidentified	F250_Pseudopithomyces	0.5019	0.0235	TRUE
