Source	Target	Cor	pseudo_p	positive
B4941_Pantoea	B41_uncultured	0.3072	0.0092	TRUE
F223_Curvularia	B41_uncultured	0.3147	0.0198	TRUE
F27_Curvularia	B41_uncultured	0.3321	0.0297	TRUE
B271_Microbacterium	B412_Microbacterium	0.4532	0.0099	TRUE
B904_Microbacterium	B412_Microbacterium	0.442	0.0099	TRUE
B420_Microbacterium	B412_Microbacterium	0.3536	0.0099	TRUE
B343_Microbacterium	B412_Microbacterium	0.4837	0.0099	TRUE
B863_Microbacterium	B412_Microbacterium	0.361	0.0198	TRUE
B9_Methylobacterium	B71_Methylobacterium	0.678	0.0099	TRUE
B39_Paenibacillus	B71_Methylobacterium	-0.3483	0.0297	FALSE
B89_Burkholderia-Caballeronia-Paraburkholderia	B71_Methylobacterium	-0.3671	0.0198	FALSE
B1_Pantoea	B71_Methylobacterium	0.4455	0.0099	TRUE
B28_Burkholderia-Caballeronia-Paraburkholderia	B71_Methylobacterium	-0.4506	0.0099	FALSE
B14_Burkholderia-Caballeronia-Paraburkholderia	B71_Methylobacterium	-0.4196	0.0495	FALSE
B103_Burkholderia-Caballeronia-Paraburkholderia	B71_Methylobacterium	-0.4118	0.0099	FALSE
B4_Pantoea	B71_Methylobacterium	0.4517	0.0198	TRUE
F29_f_Didymellaceae	B71_Methylobacterium	-0.472	0.0099	FALSE
F8_unidentified	B23_f_Burkholderiaceae	-0.3606	0.0297	FALSE
F22_Setophoma	B23_f_Burkholderiaceae	-0.4005	0.0297	FALSE
B2_Methylobacterium	B5_Pseudomonas	0.4043	0.0297	TRUE
B8_f_Rhizobiaceae	B5_Pseudomonas	-0.419	0.0297	FALSE
B863_Microbacterium	B5_Pseudomonas	-0.4418	0.0099	FALSE
B15_Sphingomonas	B5_Pseudomonas	-0.3255	0.0495	FALSE
F2_Nigrospora	B5_Pseudomonas	-0.5538	0.0099	FALSE
B19_Xanthomonas	B11_Xanthomonas	0.7857	0.0099	TRUE
F30_unidentified	B11_Xanthomonas	0.4668	0.0099	TRUE
B35_Methylobacterium	B2_Methylobacterium	0.3981	0.0099	TRUE
F109_o_Pleosporales	B2_Methylobacterium	-0.3695	0.0396	FALSE
F4_o_Pleosporales	B2_Methylobacterium	-0.4402	0.0396	FALSE
F339_f_Didymellaceae	B2_Methylobacterium	-0.3553	0.0495	FALSE
F53_Pyrenochaetopsis	B2_Methylobacterium	-0.3158	0.0495	FALSE
F508_Papiliotrema	B2_Methylobacterium	-0.3031	0.0495	FALSE
F251_Alternaria	B2_Methylobacterium	-0.46	0.0198	FALSE
F194_Hannaella	B2_Methylobacterium	-0.3036	0.0495	FALSE
B904_Microbacterium	B271_Microbacterium	0.4723	0.0099	TRUE
B420_Microbacterium	B271_Microbacterium	0.3854	0.0099	TRUE
B343_Microbacterium	B271_Microbacterium	0.4703	0.0099	TRUE
B863_Microbacterium	B271_Microbacterium	0.4036	0.0198	TRUE
F36_Moesziomyces	B271_Microbacterium	0.3282	0.0297	TRUE
B1_Pantoea	B9_Methylobacterium	0.4632	0.0297	TRUE
B14_Burkholderia-Caballeronia-Paraburkholderia	B9_Methylobacterium	-0.4567	0.0198	FALSE
B7_Curtobacterium	B9_Methylobacterium	-0.4004	0.0396	FALSE
B4_Pantoea	B9_Methylobacterium	0.4809	0.0198	TRUE
F251_Alternaria	B9_Methylobacterium	-0.3008	0.0495	FALSE
F5_Alternaria	B8_f_Rhizobiaceae	-0.3367	0.0396	FALSE
B420_Microbacterium	B904_Microbacterium	0.3566	0.0198	TRUE
B343_Microbacterium	B904_Microbacterium	0.4775	0.0099	TRUE
B863_Microbacterium	B904_Microbacterium	0.3941	0.0099	TRUE
B343_Microbacterium	B420_Microbacterium	0.483	0.0099	TRUE
B863_Microbacterium	B420_Microbacterium	0.4565	0.0099	TRUE
F2_Nigrospora	B420_Microbacterium	0.3263	0.0396	TRUE
B17_Methylobacterium	B21_Methylobacterium	0.3112	0.0198	TRUE
F508_Papiliotrema	B21_Methylobacterium	0.3425	0.0099	TRUE
F194_Hannaella	B21_Methylobacterium	0.3653	0.0099	TRUE
B863_Microbacterium	B343_Microbacterium	0.4097	0.0396	TRUE
B14_Burkholderia-Caballeronia-Paraburkholderia	B343_Microbacterium	-0.314	0.0495	FALSE
F36_Moesziomyces	B343_Microbacterium	0.3757	0.0198	TRUE
F61_o_Pleosporales	B39_Paenibacillus	0.3772	0.0396	TRUE
F51_Papiliotrema	B39_Paenibacillus	0.4395	0.0198	TRUE
F241_o_Tremellales	B39_Paenibacillus	0.3244	0.0396	TRUE
B1_Pantoea	B89_Burkholderia-Caballeronia-Paraburkholderia	-0.4914	0.0198	FALSE
B28_Burkholderia-Caballeronia-Paraburkholderia	B89_Burkholderia-Caballeronia-Paraburkholderia	0.6169	0.0099	TRUE
B14_Burkholderia-Caballeronia-Paraburkholderia	B89_Burkholderia-Caballeronia-Paraburkholderia	0.6183	0.0099	TRUE
B103_Burkholderia-Caballeronia-Paraburkholderia	B89_Burkholderia-Caballeronia-Paraburkholderia	0.605	0.0099	TRUE
B4_Pantoea	B89_Burkholderia-Caballeronia-Paraburkholderia	-0.4598	0.0198	FALSE
F18_f_Phaeosphaeriaceae	B15_Sphingomonas	0.308	0.0297	TRUE
F29_f_Didymellaceae	B15_Sphingomonas	0.3635	0.0495	TRUE
F321_Curvularia	B3619_Pseudomonas	0.3373	0.0488	TRUE
F51_Papiliotrema	B3619_Pseudomonas	0.3228	0.0198	TRUE
F241_o_Tremellales	B3619_Pseudomonas	0.3359	0.0099	TRUE
F118_Curvularia	B3619_Pseudomonas	0.3162	0.0297	TRUE
F30_unidentified	B19_Xanthomonas	0.4464	0.0099	TRUE
B28_Burkholderia-Caballeronia-Paraburkholderia	B13_Aureimonas	-0.4305	0.0099	FALSE
F61_o_Pleosporales	B13_Aureimonas	-0.3448	0.0297	FALSE
F3_Moesziomyces	B13_Aureimonas	0.5455	0.0099	TRUE
F381_o_Pleosporales	B840_Burkholderia-Caballeronia-Paraburkholderia	0.3155	0.0191	TRUE
B35_Methylobacterium	B1_Pantoea	0.4187	0.0297	TRUE
B28_Burkholderia-Caballeronia-Paraburkholderia	B1_Pantoea	-0.4971	0.0198	FALSE
B14_Burkholderia-Caballeronia-Paraburkholderia	B1_Pantoea	-0.6359	0.0099	FALSE
B103_Burkholderia-Caballeronia-Paraburkholderia	B1_Pantoea	-0.4937	0.0099	FALSE
B4_Pantoea	B1_Pantoea	0.9716	0.0099	TRUE
F47_f_Phaeosphaeriaceae	B1_Pantoea	0.348	0.0396	TRUE
F30_unidentified	B1_Pantoea	-0.378	0.0396	FALSE
B28_Burkholderia-Caballeronia-Paraburkholderia	B35_Methylobacterium	-0.344	0.0198	FALSE
B4_Pantoea	B35_Methylobacterium	0.3979	0.0297	TRUE
F18_f_Phaeosphaeriaceae	B35_Methylobacterium	0.4042	0.0198	TRUE
B14_Burkholderia-Caballeronia-Paraburkholderia	B28_Burkholderia-Caballeronia-Paraburkholderia	0.5092	0.0198	TRUE
B103_Burkholderia-Caballeronia-Paraburkholderia	B28_Burkholderia-Caballeronia-Paraburkholderia	0.6724	0.0099	TRUE
B4_Pantoea	B28_Burkholderia-Caballeronia-Paraburkholderia	-0.4827	0.0198	FALSE
F3_Moesziomyces	B28_Burkholderia-Caballeronia-Paraburkholderia	-0.4602	0.0198	FALSE
F29_f_Didymellaceae	B28_Burkholderia-Caballeronia-Paraburkholderia	0.4336	0.0099	TRUE
F30_unidentified	B28_Burkholderia-Caballeronia-Paraburkholderia	0.3054	0.0297	TRUE
B103_Burkholderia-Caballeronia-Paraburkholderia	B14_Burkholderia-Caballeronia-Paraburkholderia	0.5229	0.0099	TRUE
B4_Pantoea	B14_Burkholderia-Caballeronia-Paraburkholderia	-0.6288	0.0099	FALSE
F36_Moesziomyces	B14_Burkholderia-Caballeronia-Paraburkholderia	-0.3961	0.0495	FALSE
F552_unidentified	B548_Pseudomonas	0.3763	0.0099	TRUE
B3_Sphingomonas	B7_Curtobacterium	0.3451	0.0297	TRUE
F303_unidentified	B7_Curtobacterium	0.3003	0.0297	TRUE
F241_o_Tremellales	B3_Sphingomonas	-0.3413	0.0198	FALSE
B4_Pantoea	B103_Burkholderia-Caballeronia-Paraburkholderia	-0.4749	0.0099	FALSE
F29_f_Didymellaceae	B103_Burkholderia-Caballeronia-Paraburkholderia	0.3997	0.0198	TRUE
F47_f_Phaeosphaeriaceae	B4_Pantoea	0.3595	0.0198	TRUE
F30_unidentified	B4_Pantoea	-0.3446	0.0099	FALSE
F27_Curvularia	F61_o_Pleosporales	-0.3459	0.0396	FALSE
F118_Curvularia	F61_o_Pleosporales	0.3267	0.0396	TRUE
F8_unidentified	F69_o_Pleosporales	0.4141	0.0099	TRUE
F47_f_Phaeosphaeriaceae	F69_o_Pleosporales	0.5403	0.0099	TRUE
F47_f_Phaeosphaeriaceae	F8_unidentified	0.4113	0.0297	TRUE
F22_Setophoma	F8_unidentified	0.4281	0.0396	TRUE
F27_Curvularia	F223_Curvularia	0.5897	0.0099	TRUE
F5_Alternaria	F2_Nigrospora	-0.6091	0.0099	FALSE
F5_Alternaria	F3_Moesziomyces	-0.4371	0.0198	FALSE
F45_f_Didymellaceae	F4_o_Pleosporales	0.3037	0.0297	TRUE
F62_Mrakia	F18_f_Phaeosphaeriaceae	-0.3145	0.0396	FALSE
F356_Paraconiothyrium	F381_o_Pleosporales	0.3481	0.0092	TRUE
F241_o_Tremellales	F321_Curvularia	0.3666	0.0099	TRUE
F118_Curvularia	F321_Curvularia	0.3091	0.0495	TRUE
F62_Mrakia	F272_Penicillium	0.3198	0.029	TRUE
F62_Mrakia	F315_Trametes	0.351	0.0092	TRUE
F62_Mrakia	F975_Daedaleopsis	0.3057	0.0092	TRUE
F93_Gaeumannomyces	F62_Mrakia	0.4168	0.0092	TRUE
F241_o_Tremellales	F51_Papiliotrema	0.3599	0.0099	TRUE
F118_Curvularia	F51_Papiliotrema	0.3146	0.0297	TRUE
F118_Curvularia	F241_o_Tremellales	0.3807	0.0099	TRUE
F22_Setophoma	F81_Cladosporium	0.3464	0.0297	TRUE
F5_Alternaria	F251_Alternaria	-0.3421	0.0198	FALSE
F85_Fusarium	F679_Stagonospora	0.3286	0.0198	TRUE
F85_Fusarium	F55_f_Nectriaceae	0.3101	0.0495	TRUE
