Source	Target	Cor	pseudo_p	positive
B735_uncultured bacterium	B8941_f_Ruminococcaceae	0.5467	0.0235	TRUE
B743_Escherichia-Shigella	B8941_f_Ruminococcaceae	0.4359	0.0487	TRUE
B601_Sphingobium	B8941_f_Ruminococcaceae	0.5331	0.0235	TRUE
B919_f_Burkholderiaceae	B8941_f_Ruminococcaceae	0.5009	0.0235	TRUE
B1506_Bacillus	B8941_f_Ruminococcaceae	0.4931	0.0433	TRUE
B7789_Hydrogenispora	B8941_f_Ruminococcaceae	0.463	0.0137	TRUE
B1631_Allorhizobium-Neorhizobium-Pararhizobium-Rhizobium	B8941_f_Ruminococcaceae	0.5566	0.0235	TRUE
B183_Mucilaginibacter	B8941_f_Ruminococcaceae	0.4801	0.0494	TRUE
B976_Clostridium sensu stricto 1	B8941_f_Ruminococcaceae	0.4825	0.0235	TRUE
B971_Pseudomonas	B8941_f_Ruminococcaceae	0.6318	0.0137	TRUE
F2060_unidentified	B8941_f_Ruminococcaceae	0.5975	0.0334	TRUE
F274_unidentified	B8941_f_Ruminococcaceae	0.541	0.0334	TRUE
F3793_Phialemonium	B8941_f_Ruminococcaceae	0.5058	0.0137	TRUE
F81_Cladosporium	B8941_f_Ruminococcaceae	0.6004	0.0334	TRUE
F121_Schizothecium	B8941_f_Ruminococcaceae	0.5698	0.0487	TRUE
F37_unidentified	B1312_o_NA	0.4522	0.0137	TRUE
F137_Malassezia	B1312_o_NA	-0.5424	0.0198	FALSE
B1631_Allorhizobium-Neorhizobium-Pararhizobium-Rhizobium	B13472_o_NA	0.4095	0.0433	TRUE
B12540_uncultured bacterium	B282_Acinetobacter	0.5501	0.005	TRUE
B7162_Veillonella	B282_Acinetobacter	0.5985	0.005	TRUE
B2944_Cupriavidus	B282_Acinetobacter	0.5594	0.0487	TRUE
B4740_f_uncultured	B282_Acinetobacter	0.5018	0.0433	TRUE
B4695_Clostridium sensu stricto 12	B282_Acinetobacter	0.6157	0.0235	TRUE
B607_Dietzia	B282_Acinetobacter	0.6577	0.0235	TRUE
B209_Escherichia-Shigella	B282_Acinetobacter	0.4956	0.0395	TRUE
F561_Vishniacozyma	B282_Acinetobacter	0.686	0.0137	TRUE
F105_Clonostachys	B282_Acinetobacter	0.5302	0.0334	TRUE
F2054_Cystobasidium	B282_Acinetobacter	0.4545	0.005	TRUE
F362_Porostereum	B282_Acinetobacter	0.6349	0.0098	TRUE
F3040_Rhodotorula	B282_Acinetobacter	0.4586	0.0334	TRUE
F448_Perenniporia	B282_Acinetobacter	0.5614	0.0235	TRUE
F1301_Ceriporiopsis	B282_Acinetobacter	0.6418	0.005	TRUE
B743_Escherichia-Shigella	B4701_Patulibacter	0.507	0.0487	TRUE
B5952_Acinetobacter	B4701_Patulibacter	0.6007	0.0289	TRUE
B2471_uncultured	B4701_Patulibacter	0.582	0.0137	TRUE
B32_Bradyrhizobium	B4701_Patulibacter	0.6215	0.0137	TRUE
B1008_Spirosoma	B4701_Patulibacter	0.5437	0.005	TRUE
F2970_unidentified	B4701_Patulibacter	0.4578	0.0137	TRUE
F1033_Endoxyla	B4701_Patulibacter	0.5328	0.0137	TRUE
F3408_unidentified	B4701_Patulibacter	0.4456	0.0433	TRUE
F318_Saccharomyces	B4701_Patulibacter	0.4206	0.0433	TRUE
F291_o_Diaporthales	B4701_Patulibacter	0.5472	0.0334	TRUE
F3780_Lentinus	B4701_Patulibacter	0.4772	0.0235	TRUE
F1481_Gibberella	B4701_Patulibacter	0.5699	0.0334	TRUE
F166_Aspergillus	B4701_Patulibacter	0.5108	0.0334	TRUE
B4505_Caulobacter	B34_Bradyrhizobium	0.6163	0.019	TRUE
B98_Sphingomonas	B34_Bradyrhizobium	0.6752	0.0487	TRUE
F274_unidentified	B34_Bradyrhizobium	0.4707	0.0487	TRUE
F1369_unidentified	B34_Bradyrhizobium	0.5547	0.0289	TRUE
F2456_Hymenochaete	B34_Bradyrhizobium	0.6298	0.0091	TRUE
F430_unidentified	B34_Bradyrhizobium	0.6806	0.0091	TRUE
F169_Naganishia	B34_Bradyrhizobium	0.6295	0.0289	TRUE
F407_Phanerochaete	B34_Bradyrhizobium	0.5131	0.0487	TRUE
F436_Rhodosporidiobolus	B34_Bradyrhizobium	0.6743	0.019	TRUE
F178_Schizopora	B34_Bradyrhizobium	0.5749	0.0289	TRUE
B85_Mycobacterium	B22_uncultured.Roseobacter.sp.	-0.6592	0.0099	FALSE
B71_Methylobacterium	B22_uncultured.Roseobacter.sp.	-0.6269	0.0198	FALSE
B37_Allorhizobium-Neorhizobium-Pararhizobium-Rhizobium	B22_uncultured.Roseobacter.sp.	-0.6886	0.0099	FALSE
B23_f_Burkholderiaceae	B22_uncultured.Roseobacter.sp.	-0.7422	0.0198	FALSE
B957_Rhodopseudomonas	B22_uncultured.Roseobacter.sp.	-0.6212	0.0198	FALSE
B11_Xanthomonas	B22_uncultured.Roseobacter.sp.	-0.7087	0.0099	FALSE
B2_Methylobacterium	B22_uncultured.Roseobacter.sp.	-0.7763	0.0099	FALSE
B589_Azorhizobium	B22_uncultured.Roseobacter.sp.	-0.7564	0.0099	FALSE
B54_uncultured	B22_uncultured.Roseobacter.sp.	0.6658	0.0495	TRUE
B17_Methylobacterium	B22_uncultured.Roseobacter.sp.	-0.5528	0.0396	FALSE
B39_Paenibacillus	B22_uncultured.Roseobacter.sp.	-0.7728	0.0297	FALSE
B89_Burkholderia-Caballeronia-Paraburkholderia	B22_uncultured.Roseobacter.sp.	-0.7724	0.0297	FALSE
B159_Chryseobacterium	B22_uncultured.Roseobacter.sp.	-0.6429	0.0198	FALSE
B56_Allorhizobium-Neorhizobium-Pararhizobium-Rhizobium	B22_uncultured.Roseobacter.sp.	-0.7523	0.0198	FALSE
B19_Xanthomonas	B22_uncultured.Roseobacter.sp.	-0.725	0.0198	FALSE
B18_Herbaspirillum	B22_uncultured.Roseobacter.sp.	-0.8348	0.0099	FALSE
B43_Sphingomonas	B22_uncultured.Roseobacter.sp.	-0.776	0.0198	FALSE
B408_Pseudomonas	B22_uncultured.Roseobacter.sp.	-0.785	0.0198	FALSE
B86_Sphingomonas	B22_uncultured.Roseobacter.sp.	-0.7547	0.0099	FALSE
B1_Pantoea	B22_uncultured.Roseobacter.sp.	-0.8057	0.0198	FALSE
B28_Burkholderia-Caballeronia-Paraburkholderia	B22_uncultured.Roseobacter.sp.	-0.8073	0.0198	FALSE
B14_Burkholderia-Caballeronia-Paraburkholderia	B22_uncultured.Roseobacter.sp.	-0.822	0.0099	FALSE
B7_Curtobacterium	B22_uncultured.Roseobacter.sp.	-0.7028	0.0099	FALSE
B3_Sphingomonas	B22_uncultured.Roseobacter.sp.	-0.7385	0.0099	FALSE
B103_Burkholderia-Caballeronia-Paraburkholderia	B22_uncultured.Roseobacter.sp.	-0.7344	0.0198	FALSE
B317_Brevundimonas	B22_uncultured.Roseobacter.sp.	-0.5959	0.0297	FALSE
B27_Mucilaginibacter	B22_uncultured.Roseobacter.sp.	-0.667	0.0099	FALSE
F741_unidentified	B22_uncultured.Roseobacter.sp.	-0.805	0.0099	FALSE
F131_unidentified	B22_uncultured.Roseobacter.sp.	0.8051	0.0297	TRUE
F298_unidentified	B22_uncultured.Roseobacter.sp.	-0.6578	0.0495	FALSE
F8_unidentified	B22_uncultured.Roseobacter.sp.	-0.6698	0.0396	FALSE
F48_unidentified	B22_uncultured.Roseobacter.sp.	-0.6824	0.0396	FALSE
F16_Pyricularia	B22_uncultured.Roseobacter.sp.	0.829	0.0198	TRUE
F137_Malassezia	B22_uncultured.Roseobacter.sp.	0.6946	0.0396	TRUE
F57_Trichoderma	B22_uncultured.Roseobacter.sp.	-0.8619	0.0099	FALSE
F18_f_Phaeosphaeriaceae	B22_uncultured.Roseobacter.sp.	-0.7885	0.0099	FALSE
F29_f_Didymellaceae	B22_uncultured.Roseobacter.sp.	-0.6512	0.0297	FALSE
F36_Moesziomyces	B22_uncultured.Roseobacter.sp.	-0.6523	0.0198	FALSE
F160_Cladosporium	B22_uncultured.Roseobacter.sp.	-0.571	0.0198	FALSE
F228_Purpureocillium	B22_uncultured.Roseobacter.sp.	0.7624	0.0396	TRUE
B12068_Actinomadura	B2833_Methylobacterium	0.5621	0.0235	TRUE
B464_Pseudomonas	B2833_Methylobacterium	0.6394	0.0137	TRUE
B2787_f_Burkholderiaceae	B2833_Methylobacterium	0.6287	0.0334	TRUE
B21_Methylobacterium	B2833_Methylobacterium	0.5864	0.0388	TRUE
B956_Corynebacterium 1	B2833_Methylobacterium	0.6321	0.0137	TRUE
B1191_Terriglobus	B2833_Methylobacterium	0.5858	0.0235	TRUE
F61_o_Pleosporales	B2833_Methylobacterium	0.5164	0.0388	TRUE
F69_o_Pleosporales	B2833_Methylobacterium	0.6128	0.005	TRUE
F4166_unidentified	B2833_Methylobacterium	0.5454	0.0433	TRUE
F76_o_Sordariales	B2833_Methylobacterium	0.6733	0.0235	TRUE
F20_Edenia	B2833_Methylobacterium	0.5213	0.0296	TRUE
F72_unidentified	B2833_Methylobacterium	0.6696	0.005	TRUE
F693_Aspergillus	B2833_Methylobacterium	0.5889	0.0289	TRUE
F488_Penicillium	B2833_Methylobacterium	0.6529	0.0098	TRUE
F1888_Colletotrichum	B2833_Methylobacterium	0.6491	0.019	TRUE
B5416_Niabella	B500_Pseudomonas	0.6512	0.0334	TRUE
B4324_Iamia	B500_Pseudomonas	0.6269	0.0137	TRUE
B7386_Atopostipes	B500_Pseudomonas	0.6261	0.0137	TRUE
B1542_uncultured	B500_Pseudomonas	0.653	0.0235	TRUE
B7291_f_Micrococcaceae	B500_Pseudomonas	0.7261	0.005	TRUE
B205_uncultured prokaryote	B500_Pseudomonas	0.5441	0.0137	TRUE
B4265_Acidovorax	B500_Pseudomonas	0.7285	0.0334	TRUE
B354_Paraburkholderia tropica	B500_Pseudomonas	0.6445	0.0137	TRUE
F758_unidentified	B500_Pseudomonas	0.5566	0.0289	TRUE
F131_unidentified	B500_Pseudomonas	0.6061	0.0396	TRUE
F1247_Aspergillus	B500_Pseudomonas	0.6939	0.0137	TRUE
F6_Cladosporium	B500_Pseudomonas	-0.497	0.0495	FALSE
F600_Penicillium	B500_Pseudomonas	0.561	0.005	TRUE
B23_f_Burkholderiaceae	B85_Mycobacterium	0.7943	0.0099	TRUE
B183_Mucilaginibacter	B85_Mycobacterium	0.6531	0.0297	TRUE
B19_Xanthomonas	B85_Mycobacterium	0.7861	0.0099	TRUE
B86_Sphingomonas	B85_Mycobacterium	0.5183	0.0495	TRUE
B14_Burkholderia-Caballeronia-Paraburkholderia	B85_Mycobacterium	0.7885	0.0099	TRUE
B7_Curtobacterium	B85_Mycobacterium	0.7474	0.0099	TRUE
F1013_unidentified	B85_Mycobacterium	0.766	0.0099	TRUE
F57_Trichoderma	B85_Mycobacterium	0.7035	0.0297	TRUE
B464_Pseudomonas	B12068_Actinomadura	0.5704	0.0235	TRUE
B2787_f_Burkholderiaceae	B12068_Actinomadura	0.524	0.0235	TRUE
F69_o_Pleosporales	B12068_Actinomadura	0.4906	0.0235	TRUE
F76_o_Sordariales	B12068_Actinomadura	0.5093	0.0235	TRUE
F2033_Cutaneotrichosporon	B12068_Actinomadura	0.4947	0.0235	TRUE
F693_Aspergillus	B12068_Actinomadura	0.5047	0.0388	TRUE
F488_Penicillium	B12068_Actinomadura	0.548	0.0296	TRUE
F1888_Colletotrichum	B12068_Actinomadura	0.4809	0.0388	TRUE
F22_Setophoma	B12068_Actinomadura	0.4118	0.0388	TRUE
B7162_Veillonella	B12540_uncultured.bacterium	0.5607	0.0334	TRUE
B2944_Cupriavidus	B12540_uncultured.bacterium	0.5193	0.019	TRUE
B4740_f_uncultured	B12540_uncultured.bacterium	0.5312	0.0334	TRUE
B4695_Clostridium sensu stricto 12	B12540_uncultured.bacterium	0.5353	0.0137	TRUE
B607_Dietzia	B12540_uncultured.bacterium	0.5551	0.0235	TRUE
F759_unidentified	B12540_uncultured.bacterium	0.3929	0.0137	TRUE
F561_Vishniacozyma	B12540_uncultured.bacterium	0.6228	0.005	TRUE
F105_Clonostachys	B12540_uncultured.bacterium	0.5406	0.005	TRUE
F50_Thanatephorus	B12540_uncultured.bacterium	0.5215	0.0494	TRUE
F362_Porostereum	B12540_uncultured.bacterium	0.5292	0.0494	TRUE
F448_Perenniporia	B12540_uncultured.bacterium	0.5277	0.0137	TRUE
F1301_Ceriporiopsis	B12540_uncultured.bacterium	0.5009	0.0137	TRUE
B1403_Clostridium sensu stricto 13	B13074_Sedimentibacter	0.3774	0.0334	TRUE
B971_Pseudomonas	B13074_Sedimentibacter	0.4146	0.0235	TRUE
B37_Allorhizobium-Neorhizobium-Pararhizobium-Rhizobium	B71_Methylobacterium	0.5761	0.0296	TRUE
B957_Rhodopseudomonas	B71_Methylobacterium	0.5065	0.0395	TRUE
B11_Xanthomonas	B71_Methylobacterium	0.6332	0.0098	TRUE
B2_Methylobacterium	B71_Methylobacterium	0.6085	0.0395	TRUE
B589_Azorhizobium	B71_Methylobacterium	0.6379	0.0098	TRUE
B17_Methylobacterium	B71_Methylobacterium	0.4721	0.0296	TRUE
B39_Paenibacillus	B71_Methylobacterium	0.6172	0.0395	TRUE
B89_Burkholderia-Caballeronia-Paraburkholderia	B71_Methylobacterium	0.6434	0.0197	TRUE
B159_Chryseobacterium	B71_Methylobacterium	0.5508	0.0197	TRUE
B56_Allorhizobium-Neorhizobium-Pararhizobium-Rhizobium	B71_Methylobacterium	0.6453	0.0098	TRUE
B18_Herbaspirillum	B71_Methylobacterium	0.6964	0.0098	TRUE
B43_Sphingomonas	B71_Methylobacterium	0.6575	0.0098	TRUE
B408_Pseudomonas	B71_Methylobacterium	0.6166	0.0197	TRUE
B86_Sphingomonas	B71_Methylobacterium	0.601	0.0296	TRUE
B1_Pantoea	B71_Methylobacterium	0.6725	0.0296	TRUE
B28_Burkholderia-Caballeronia-Paraburkholderia	B71_Methylobacterium	0.6401	0.0197	TRUE
B3_Sphingomonas	B71_Methylobacterium	0.6184	0.0197	TRUE
B103_Burkholderia-Caballeronia-Paraburkholderia	B71_Methylobacterium	0.5941	0.0098	TRUE
B317_Brevundimonas	B71_Methylobacterium	0.4866	0.0494	TRUE
B27_Mucilaginibacter	B71_Methylobacterium	0.5702	0.0197	TRUE
F741_unidentified	B71_Methylobacterium	0.6794	0.0098	TRUE
F8_unidentified	B71_Methylobacterium	0.5488	0.0395	TRUE
F137_Malassezia	B71_Methylobacterium	-0.6215	0.0198	FALSE
F57_Trichoderma	B71_Methylobacterium	0.6059	0.0198	TRUE
F18_f_Phaeosphaeriaceae	B71_Methylobacterium	0.6381	0.0395	TRUE
F29_f_Didymellaceae	B71_Methylobacterium	0.5223	0.0494	TRUE
F36_Moesziomyces	B71_Methylobacterium	0.5317	0.0494	TRUE
B957_Rhodopseudomonas	B37_Allorhizobium.Neorhizobium.Pararhizobium.Rhizobium	0.5356	0.0197	TRUE
B11_Xanthomonas	B37_Allorhizobium.Neorhizobium.Pararhizobium.Rhizobium	0.7111	0.0098	TRUE
B2_Methylobacterium	B37_Allorhizobium.Neorhizobium.Pararhizobium.Rhizobium	0.6787	0.0098	TRUE
B589_Azorhizobium	B37_Allorhizobium.Neorhizobium.Pararhizobium.Rhizobium	0.6715	0.0296	TRUE
B54_uncultured	B37_Allorhizobium.Neorhizobium.Pararhizobium.Rhizobium	-0.6381	0.0198	FALSE
B39_Paenibacillus	B37_Allorhizobium.Neorhizobium.Pararhizobium.Rhizobium	0.7208	0.0098	TRUE
B89_Burkholderia-Caballeronia-Paraburkholderia	B37_Allorhizobium.Neorhizobium.Pararhizobium.Rhizobium	0.635	0.0296	TRUE
B159_Chryseobacterium	B37_Allorhizobium.Neorhizobium.Pararhizobium.Rhizobium	0.5132	0.0296	TRUE
B56_Allorhizobium-Neorhizobium-Pararhizobium-Rhizobium	B37_Allorhizobium.Neorhizobium.Pararhizobium.Rhizobium	0.6941	0.0098	TRUE
B18_Herbaspirillum	B37_Allorhizobium.Neorhizobium.Pararhizobium.Rhizobium	0.747	0.0098	TRUE
B43_Sphingomonas	B37_Allorhizobium.Neorhizobium.Pararhizobium.Rhizobium	0.7243	0.0197	TRUE
B408_Pseudomonas	B37_Allorhizobium.Neorhizobium.Pararhizobium.Rhizobium	0.6847	0.0197	TRUE
B86_Sphingomonas	B37_Allorhizobium.Neorhizobium.Pararhizobium.Rhizobium	0.6773	0.0098	TRUE
B1_Pantoea	B37_Allorhizobium.Neorhizobium.Pararhizobium.Rhizobium	0.725	0.0197	TRUE
B28_Burkholderia-Caballeronia-Paraburkholderia	B37_Allorhizobium.Neorhizobium.Pararhizobium.Rhizobium	0.6796	0.0098	TRUE
B14_Burkholderia-Caballeronia-Paraburkholderia	B37_Allorhizobium.Neorhizobium.Pararhizobium.Rhizobium	0.5912	0.0396	TRUE
B3_Sphingomonas	B37_Allorhizobium.Neorhizobium.Pararhizobium.Rhizobium	0.6621	0.0296	TRUE
B103_Burkholderia-Caballeronia-Paraburkholderia	B37_Allorhizobium.Neorhizobium.Pararhizobium.Rhizobium	0.6616	0.0098	TRUE
B27_Mucilaginibacter	B37_Allorhizobium.Neorhizobium.Pararhizobium.Rhizobium	0.5909	0.0296	TRUE
F741_unidentified	B37_Allorhizobium.Neorhizobium.Pararhizobium.Rhizobium	0.7016	0.0098	TRUE
F1169_unidentified	B37_Allorhizobium.Neorhizobium.Pararhizobium.Rhizobium	0.5065	0.0494	TRUE
F298_unidentified	B37_Allorhizobium.Neorhizobium.Pararhizobium.Rhizobium	0.7185	0.0098	TRUE
F8_unidentified	B37_Allorhizobium.Neorhizobium.Pararhizobium.Rhizobium	0.578	0.0098	TRUE
F18_f_Phaeosphaeriaceae	B37_Allorhizobium.Neorhizobium.Pararhizobium.Rhizobium	0.6447	0.0098	TRUE
F29_f_Didymellaceae	B37_Allorhizobium.Neorhizobium.Pararhizobium.Rhizobium	0.5632	0.0098	TRUE
F36_Moesziomyces	B37_Allorhizobium.Neorhizobium.Pararhizobium.Rhizobium	0.6213	0.0296	TRUE
F160_Cladosporium	B37_Allorhizobium.Neorhizobium.Pararhizobium.Rhizobium	0.5783	0.0494	TRUE
B589_Azorhizobium	B23_f_Burkholderiaceae	0.5827	0.0495	TRUE
B183_Mucilaginibacter	B23_f_Burkholderiaceae	0.7241	0.0297	TRUE
B39_Paenibacillus	B23_f_Burkholderiaceae	0.5572	0.0495	TRUE
B89_Burkholderia-Caballeronia-Paraburkholderia	B23_f_Burkholderiaceae	0.5496	0.0396	TRUE
B19_Xanthomonas	B23_f_Burkholderiaceae	0.8362	0.0099	TRUE
B408_Pseudomonas	B23_f_Burkholderiaceae	0.6154	0.0495	TRUE
B14_Burkholderia-Caballeronia-Paraburkholderia	B23_f_Burkholderiaceae	0.8656	0.0198	TRUE
B7_Curtobacterium	B23_f_Burkholderiaceae	0.8264	0.0198	TRUE
F741_unidentified	B23_f_Burkholderiaceae	0.5842	0.0297	TRUE
F298_unidentified	B23_f_Burkholderiaceae	0.5033	0.0396	TRUE
F48_unidentified	B23_f_Burkholderiaceae	0.6815	0.0297	TRUE
F1013_unidentified	B23_f_Burkholderiaceae	0.7896	0.0198	TRUE
F57_Trichoderma	B23_f_Burkholderiaceae	0.8091	0.0297	TRUE
B2944_Cupriavidus	B7162_Veillonella	0.5741	0.0091	TRUE
B4740_f_uncultured	B7162_Veillonella	0.6625	0.005	TRUE
B4695_Clostridium sensu stricto 12	B7162_Veillonella	0.6043	0.005	TRUE
B607_Dietzia	B7162_Veillonella	0.633	0.0137	TRUE
B209_Escherichia-Shigella	B7162_Veillonella	0.4987	0.0395	TRUE
F561_Vishniacozyma	B7162_Veillonella	0.7147	0.005	TRUE
F105_Clonostachys	B7162_Veillonella	0.5252	0.005	TRUE
F598_Rhodosporidiobolus	B7162_Veillonella	0.6063	0.005	TRUE
F4513_Sporobolomyces	B7162_Veillonella	0.4327	0.0433	TRUE
F362_Porostereum	B7162_Veillonella	0.5718	0.0296	TRUE
F3040_Rhodotorula	B7162_Veillonella	0.5182	0.0235	TRUE
F448_Perenniporia	B7162_Veillonella	0.5864	0.0137	TRUE
F1301_Ceriporiopsis	B7162_Veillonella	0.5385	0.0235	TRUE
B601_Sphingobium	B735_uncultured.bacterium	0.5533	0.0137	TRUE
B919_f_Burkholderiaceae	B735_uncultured.bacterium	0.5324	0.0235	TRUE
B1506_Bacillus	B735_uncultured.bacterium	0.5835	0.005	TRUE
B7789_Hydrogenispora	B735_uncultured.bacterium	0.4596	0.0433	TRUE
B1631_Allorhizobium-Neorhizobium-Pararhizobium-Rhizobium	B735_uncultured.bacterium	0.5932	0.0235	TRUE
B976_Clostridium sensu stricto 1	B735_uncultured.bacterium	0.5028	0.0235	TRUE
B971_Pseudomonas	B735_uncultured.bacterium	0.5514	0.0235	TRUE
F566_unidentified	B735_uncultured.bacterium	0.5191	0.0433	TRUE
F2060_unidentified	B735_uncultured.bacterium	0.6043	0.0137	TRUE
F274_unidentified	B735_uncultured.bacterium	0.6052	0.0137	TRUE
F3793_Phialemonium	B735_uncultured.bacterium	0.5679	0.0334	TRUE
F81_Cladosporium	B735_uncultured.bacterium	0.5868	0.0433	TRUE
F121_Schizothecium	B735_uncultured.bacterium	0.585	0.019	TRUE
B717_Acinetobacter	B7081_Rhodococcus	0.5877	0.0137	TRUE
B2830_uncultured	B7081_Rhodococcus	0.5402	0.0235	TRUE
B6612_Pseudomonas	B7081_Rhodococcus	0.5982	0.0334	TRUE
B2811_f_Burkholderiaceae	B7081_Rhodococcus	0.6407	0.0137	TRUE
B338_uncultured bacterium	B7081_Rhodococcus	0.5347	0.005	TRUE
B712_f_Intrasporangiaceae	B7081_Rhodococcus	0.4512	0.0334	TRUE
B541_Achromobacter	B7081_Rhodococcus	0.5317	0.0334	TRUE
B1313_Escherichia-Shigella	B7081_Rhodococcus	0.6579	0.0137	TRUE
B1295_Bacillus	B7081_Rhodococcus	0.5334	0.0137	TRUE
B5263_Nocardioides	B7081_Rhodococcus	0.532	0.0137	TRUE
F861_unidentified	B7081_Rhodococcus	0.4717	0.0487	TRUE
F2116_o_Malasseziales	B7081_Rhodococcus	0.5343	0.0137	TRUE
F349_Biappendiculispora	B7081_Rhodococcus	0.6112	0.0137	TRUE
F47_f_Phaeosphaeriaceae	B7081_Rhodococcus	0.5562	0.0334	TRUE
F177_unidentified	B7081_Rhodococcus	0.6392	0.0137	TRUE
F190_Irpex	B7081_Rhodococcus	0.6863	0.0289	TRUE
F277_Peniophora	B7081_Rhodococcus	0.4631	0.005	TRUE
F227_Diaporthe	B7081_Rhodococcus	0.6092	0.0334	TRUE
F1360_Xylaria	B7081_Rhodococcus	0.3825	0.0433	TRUE
F575_Trametes	B7081_Rhodococcus	0.4803	0.0433	TRUE
F620_Candida	B7081_Rhodococcus	0.5025	0.0334	TRUE
F2219_Paraconiothyrium	B7081_Rhodococcus	0.5466	0.0235	TRUE
F161_Paraphoma	B7081_Rhodococcus	0.5185	0.0137	TRUE
F310_unidentified	B7081_Rhodococcus	0.3995	0.0334	TRUE
F1121_Hansfordia	B7081_Rhodococcus	0.4854	0.0235	TRUE
F124_Stachybotrys	B7081_Rhodococcus	0.5983	0.005	TRUE
F55_f_Nectriaceae	B7081_Rhodococcus	0.6156	0.005	TRUE
F2193_Discosia	B7081_Rhodococcus	0.6217	0.0137	TRUE
B2944_Cupriavidus	B5416_Niabella	0.4559	0.0487	TRUE
B4324_Iamia	B5416_Niabella	0.5208	0.0334	TRUE
B7386_Atopostipes	B5416_Niabella	0.5634	0.0137	TRUE
B1542_uncultured	B5416_Niabella	0.6108	0.0137	TRUE
B7291_f_Micrococcaceae	B5416_Niabella	0.6339	0.005	TRUE
B205_uncultured prokaryote	B5416_Niabella	0.48	0.0334	TRUE
B4265_Acidovorax	B5416_Niabella	0.6005	0.0137	TRUE
B354_Paraburkholderia tropica	B5416_Niabella	0.6157	0.0235	TRUE
F131_unidentified	B5416_Niabella	0.5659	0.0495	TRUE
F441_o_Hypocreales	B5416_Niabella	0.4516	0.0388	TRUE
F1247_Aspergillus	B5416_Niabella	0.6592	0.0137	TRUE
F600_Penicillium	B5416_Niabella	0.4707	0.0433	TRUE
F174_unidentified	B26_Bradyrhizobium	0.4887	0.0433	TRUE
F757_o_Diaporthales	B26_Bradyrhizobium	0.4531	0.0235	TRUE
B2169_Cellvibrio	B464_Pseudomonas	0.5116	0.0433	TRUE
B2787_f_Burkholderiaceae	B464_Pseudomonas	0.6636	0.0334	TRUE
B956_Corynebacterium 1	B464_Pseudomonas	0.6327	0.005	TRUE
B1191_Terriglobus	B464_Pseudomonas	0.6011	0.0137	TRUE
F69_o_Pleosporales	B464_Pseudomonas	0.6685	0.005	TRUE
F4166_unidentified	B464_Pseudomonas	0.5459	0.0433	TRUE
F76_o_Sordariales	B464_Pseudomonas	0.6829	0.0235	TRUE
F2033_Cutaneotrichosporon	B464_Pseudomonas	0.6036	0.005	TRUE
F20_Edenia	B464_Pseudomonas	0.5999	0.0395	TRUE
F72_unidentified	B464_Pseudomonas	0.6475	0.0137	TRUE
F693_Aspergillus	B464_Pseudomonas	0.5555	0.0289	TRUE
F488_Penicillium	B464_Pseudomonas	0.6495	0.0296	TRUE
F1888_Colletotrichum	B464_Pseudomonas	0.5956	0.0388	TRUE
F22_Setophoma	B464_Pseudomonas	0.5096	0.0487	TRUE
B2471_uncultured	B743_Escherichia.Shigella	0.6436	0.019	TRUE
B32_Bradyrhizobium	B743_Escherichia.Shigella	0.6346	0.0091	TRUE
F2970_unidentified	B743_Escherichia.Shigella	0.4443	0.0388	TRUE
F106_unidentified	B743_Escherichia.Shigella	0.5635	0.0297	TRUE
F1033_Endoxyla	B743_Escherichia.Shigella	0.4923	0.0388	TRUE
F1481_Gibberella	B743_Escherichia.Shigella	0.5612	0.0388	TRUE
F81_Cladosporium	B743_Escherichia.Shigella	0.5052	0.0487	TRUE
F166_Aspergillus	B743_Escherichia.Shigella	0.4749	0.0289	TRUE
B11_Xanthomonas	B957_Rhodopseudomonas	0.587	0.0197	TRUE
B2_Methylobacterium	B957_Rhodopseudomonas	0.5535	0.0098	TRUE
B589_Azorhizobium	B957_Rhodopseudomonas	0.6117	0.0197	TRUE
B17_Methylobacterium	B957_Rhodopseudomonas	0.4858	0.0296	TRUE
B39_Paenibacillus	B957_Rhodopseudomonas	0.5817	0.0098	TRUE
B89_Burkholderia-Caballeronia-Paraburkholderia	B957_Rhodopseudomonas	0.5628	0.0296	TRUE
B159_Chryseobacterium	B957_Rhodopseudomonas	0.4798	0.0296	TRUE
B19_Xanthomonas	B957_Rhodopseudomonas	0.547	0.0297	TRUE
B18_Herbaspirillum	B957_Rhodopseudomonas	0.6567	0.0098	TRUE
B43_Sphingomonas	B957_Rhodopseudomonas	0.6435	0.0296	TRUE
B408_Pseudomonas	B957_Rhodopseudomonas	0.651	0.0197	TRUE
B86_Sphingomonas	B957_Rhodopseudomonas	0.623	0.0098	TRUE
B1_Pantoea	B957_Rhodopseudomonas	0.6935	0.0098	TRUE
B28_Burkholderia-Caballeronia-Paraburkholderia	B957_Rhodopseudomonas	0.6302	0.0197	TRUE
B3_Sphingomonas	B957_Rhodopseudomonas	0.5834	0.0296	TRUE
B103_Burkholderia-Caballeronia-Paraburkholderia	B957_Rhodopseudomonas	0.6002	0.0296	TRUE
B27_Mucilaginibacter	B957_Rhodopseudomonas	0.5913	0.0098	TRUE
F741_unidentified	B957_Rhodopseudomonas	0.6493	0.0098	TRUE
F1169_unidentified	B957_Rhodopseudomonas	0.486	0.0494	TRUE
F298_unidentified	B957_Rhodopseudomonas	0.5662	0.0296	TRUE
F8_unidentified	B957_Rhodopseudomonas	0.5336	0.0098	TRUE
F57_Trichoderma	B957_Rhodopseudomonas	0.5883	0.0396	TRUE
F18_f_Phaeosphaeriaceae	B957_Rhodopseudomonas	0.5627	0.0098	TRUE
F29_f_Didymellaceae	B957_Rhodopseudomonas	0.4943	0.0494	TRUE
B919_f_Burkholderiaceae	B601_Sphingobium	0.5762	0.0433	TRUE
B1403_Clostridium sensu stricto 13	B601_Sphingobium	0.5393	0.0235	TRUE
B1506_Bacillus	B601_Sphingobium	0.6863	0.005	TRUE
B7789_Hydrogenispora	B601_Sphingobium	0.4879	0.0433	TRUE
B1631_Allorhizobium-Neorhizobium-Pararhizobium-Rhizobium	B601_Sphingobium	0.6304	0.0137	TRUE
B976_Clostridium sensu stricto 1	B601_Sphingobium	0.5373	0.0137	TRUE
B12258_o_NA	B601_Sphingobium	0.4696	0.0235	TRUE
B971_Pseudomonas	B601_Sphingobium	0.6443	0.005	TRUE
F566_unidentified	B601_Sphingobium	0.5551	0.0433	TRUE
F2060_unidentified	B601_Sphingobium	0.6494	0.0137	TRUE
F274_unidentified	B601_Sphingobium	0.6182	0.005	TRUE
F5236_unidentified	B601_Sphingobium	0.5776	0.005	TRUE
F81_Cladosporium	B601_Sphingobium	0.6936	0.005	TRUE
F121_Schizothecium	B601_Sphingobium	0.6089	0.019	TRUE
F137_Malassezia	B210_Ralstonia	0.6658	0.0099	TRUE
B2_Methylobacterium	B11_Xanthomonas	0.736	0.0197	TRUE
B589_Azorhizobium	B11_Xanthomonas	0.6862	0.0197	TRUE
B17_Methylobacterium	B11_Xanthomonas	0.4877	0.0494	TRUE
B39_Paenibacillus	B11_Xanthomonas	0.6399	0.0098	TRUE
B89_Burkholderia-Caballeronia-Paraburkholderia	B11_Xanthomonas	0.6467	0.0197	TRUE
B159_Chryseobacterium	B11_Xanthomonas	0.5703	0.0494	TRUE
B56_Allorhizobium-Neorhizobium-Pararhizobium-Rhizobium	B11_Xanthomonas	0.6519	0.0395	TRUE
B18_Herbaspirillum	B11_Xanthomonas	0.7191	0.0296	TRUE
B43_Sphingomonas	B11_Xanthomonas	0.7122	0.0197	TRUE
B408_Pseudomonas	B11_Xanthomonas	0.6709	0.0098	TRUE
B86_Sphingomonas	B11_Xanthomonas	0.6791	0.0197	TRUE
B1_Pantoea	B11_Xanthomonas	0.6897	0.0098	TRUE
B28_Burkholderia-Caballeronia-Paraburkholderia	B11_Xanthomonas	0.7048	0.0197	TRUE
B14_Burkholderia-Caballeronia-Paraburkholderia	B11_Xanthomonas	0.5587	0.0099	TRUE
B3_Sphingomonas	B11_Xanthomonas	0.6945	0.0098	TRUE
B103_Burkholderia-Caballeronia-Paraburkholderia	B11_Xanthomonas	0.6351	0.0197	TRUE
B27_Mucilaginibacter	B11_Xanthomonas	0.6512	0.0296	TRUE
F741_unidentified	B11_Xanthomonas	0.7308	0.0098	TRUE
F1169_unidentified	B11_Xanthomonas	0.5325	0.0395	TRUE
F298_unidentified	B11_Xanthomonas	0.6178	0.0395	TRUE
F8_unidentified	B11_Xanthomonas	0.6596	0.0098	TRUE
F57_Trichoderma	B11_Xanthomonas	0.6307	0.0297	TRUE
F18_f_Phaeosphaeriaceae	B11_Xanthomonas	0.7183	0.0296	TRUE
F29_f_Didymellaceae	B11_Xanthomonas	0.5669	0.0197	TRUE
F36_Moesziomyces	B11_Xanthomonas	0.586	0.0395	TRUE
F160_Cladosporium	B11_Xanthomonas	0.5287	0.0494	TRUE
B24_Bradyrhizobium	B2944_Cupriavidus	0.5899	0.0297	TRUE
B4740_f_uncultured	B2944_Cupriavidus	0.5805	0.019	TRUE
B7291_f_Micrococcaceae	B2944_Cupriavidus	0.538	0.0388	TRUE
B4695_Clostridium sensu stricto 12	B2944_Cupriavidus	0.5159	0.0289	TRUE
B607_Dietzia	B2944_Cupriavidus	0.5415	0.0388	TRUE
B4265_Acidovorax	B2944_Cupriavidus	0.4971	0.0388	TRUE
B354_Paraburkholderia tropica	B2944_Cupriavidus	0.5287	0.0487	TRUE
B209_Escherichia-Shigella	B2944_Cupriavidus	0.72	0.0099	TRUE
F131_unidentified	B2944_Cupriavidus	0.7088	0.0198	TRUE
F561_Vishniacozyma	B2944_Cupriavidus	0.5985	0.019	TRUE
F105_Clonostachys	B2944_Cupriavidus	0.5354	0.0388	TRUE
F50_Thanatephorus	B2944_Cupriavidus	0.7315	0.0099	TRUE
F598_Rhodosporidiobolus	B2944_Cupriavidus	0.5076	0.0289	TRUE
F1247_Aspergillus	B2944_Cupriavidus	0.5369	0.0388	TRUE
F5_Alternaria	B2944_Cupriavidus	-0.7029	0.0396	FALSE
F1301_Ceriporiopsis	B2944_Cupriavidus	0.5887	0.019	TRUE
B1506_Bacillus	B919_f_Burkholderiaceae	0.5931	0.0235	TRUE
B7789_Hydrogenispora	B919_f_Burkholderiaceae	0.4999	0.0433	TRUE
B1631_Allorhizobium-Neorhizobium-Pararhizobium-Rhizobium	B919_f_Burkholderiaceae	0.6199	0.0137	TRUE
B976_Clostridium sensu stricto 1	B919_f_Burkholderiaceae	0.4915	0.0235	TRUE
B12258_o_NA	B919_f_Burkholderiaceae	0.4354	0.0433	TRUE
B971_Pseudomonas	B919_f_Burkholderiaceae	0.6316	0.005	TRUE
F566_unidentified	B919_f_Burkholderiaceae	0.5844	0.0433	TRUE
F2060_unidentified	B919_f_Burkholderiaceae	0.6612	0.005	TRUE
F274_unidentified	B919_f_Burkholderiaceae	0.5891	0.0137	TRUE
F5236_unidentified	B919_f_Burkholderiaceae	0.5335	0.0334	TRUE
F3793_Phialemonium	B919_f_Burkholderiaceae	0.5467	0.0433	TRUE
F81_Cladosporium	B919_f_Burkholderiaceae	0.6448	0.0137	TRUE
F121_Schizothecium	B919_f_Burkholderiaceae	0.6084	0.0388	TRUE
B589_Azorhizobium	B2_Methylobacterium	0.739	0.0197	TRUE
B8_f_Rhizobiaceae	B2_Methylobacterium	0.5251	0.0396	TRUE
B54_uncultured	B2_Methylobacterium	-0.6611	0.0099	FALSE
B17_Methylobacterium	B2_Methylobacterium	0.5389	0.0494	TRUE
B39_Paenibacillus	B2_Methylobacterium	0.6995	0.0098	TRUE
B89_Burkholderia-Caballeronia-Paraburkholderia	B2_Methylobacterium	0.6963	0.0197	TRUE
B159_Chryseobacterium	B2_Methylobacterium	0.6338	0.0197	TRUE
B56_Allorhizobium-Neorhizobium-Pararhizobium-Rhizobium	B2_Methylobacterium	0.7005	0.0197	TRUE
B19_Xanthomonas	B2_Methylobacterium	0.5402	0.0297	TRUE
B18_Herbaspirillum	B2_Methylobacterium	0.8016	0.0296	TRUE
B43_Sphingomonas	B2_Methylobacterium	0.7553	0.0098	TRUE
B408_Pseudomonas	B2_Methylobacterium	0.7549	0.0098	TRUE
B86_Sphingomonas	B2_Methylobacterium	0.75	0.0098	TRUE
B1_Pantoea	B2_Methylobacterium	0.771	0.0098	TRUE
B28_Burkholderia-Caballeronia-Paraburkholderia	B2_Methylobacterium	0.7186	0.0197	TRUE
B14_Burkholderia-Caballeronia-Paraburkholderia	B2_Methylobacterium	0.5968	0.0099	TRUE
B3_Sphingomonas	B2_Methylobacterium	0.7091	0.0197	TRUE
B103_Burkholderia-Caballeronia-Paraburkholderia	B2_Methylobacterium	0.6662	0.0197	TRUE
B27_Mucilaginibacter	B2_Methylobacterium	0.681	0.0197	TRUE
F741_unidentified	B2_Methylobacterium	0.7737	0.0098	TRUE
F298_unidentified	B2_Methylobacterium	0.6859	0.0296	TRUE
F8_unidentified	B2_Methylobacterium	0.6298	0.0296	TRUE
F2_Nigrospora	B2_Methylobacterium	-0.5498	0.0495	FALSE
F57_Trichoderma	B2_Methylobacterium	0.6586	0.0198	TRUE
F18_f_Phaeosphaeriaceae	B2_Methylobacterium	0.7553	0.0197	TRUE
F29_f_Didymellaceae	B2_Methylobacterium	0.6531	0.0395	TRUE
F36_Moesziomyces	B2_Methylobacterium	0.6041	0.0098	TRUE
F160_Cladosporium	B2_Methylobacterium	0.5596	0.0296	TRUE
B17_Methylobacterium	B589_Azorhizobium	0.5389	0.0296	TRUE
B39_Paenibacillus	B589_Azorhizobium	0.7382	0.0098	TRUE
B89_Burkholderia-Caballeronia-Paraburkholderia	B589_Azorhizobium	0.7373	0.0098	TRUE
B159_Chryseobacterium	B589_Azorhizobium	0.6446	0.0098	TRUE
B56_Allorhizobium-Neorhizobium-Pararhizobium-Rhizobium	B589_Azorhizobium	0.7295	0.0098	TRUE
B18_Herbaspirillum	B589_Azorhizobium	0.7711	0.0098	TRUE
B43_Sphingomonas	B589_Azorhizobium	0.7503	0.0197	TRUE
B408_Pseudomonas	B589_Azorhizobium	0.7116	0.0197	TRUE
B86_Sphingomonas	B589_Azorhizobium	0.72	0.0197	TRUE
B1_Pantoea	B589_Azorhizobium	0.7697	0.0098	TRUE
B28_Burkholderia-Caballeronia-Paraburkholderia	B589_Azorhizobium	0.7283	0.0098	TRUE
B14_Burkholderia-Caballeronia-Paraburkholderia	B589_Azorhizobium	0.627	0.0297	TRUE
B3_Sphingomonas	B589_Azorhizobium	0.7205	0.0197	TRUE
B103_Burkholderia-Caballeronia-Paraburkholderia	B589_Azorhizobium	0.7339	0.0098	TRUE
B317_Brevundimonas	B589_Azorhizobium	0.5466	0.0296	TRUE
B27_Mucilaginibacter	B589_Azorhizobium	0.6418	0.0296	TRUE
F741_unidentified	B589_Azorhizobium	0.7631	0.0098	TRUE
F109_o_Pleosporales	B589_Azorhizobium	0.4809	0.0487	TRUE
F1169_unidentified	B589_Azorhizobium	0.4984	0.0395	TRUE
F298_unidentified	B589_Azorhizobium	0.6771	0.0098	TRUE
F8_unidentified	B589_Azorhizobium	0.6335	0.0197	TRUE
F16_Pyricularia	B589_Azorhizobium	-0.5866	0.0495	FALSE
F137_Malassezia	B589_Azorhizobium	-0.6725	0.0396	FALSE
F57_Trichoderma	B589_Azorhizobium	0.7133	0.0099	TRUE
F18_f_Phaeosphaeriaceae	B589_Azorhizobium	0.7403	0.0197	TRUE
F29_f_Didymellaceae	B589_Azorhizobium	0.6507	0.0098	TRUE
F36_Moesziomyces	B589_Azorhizobium	0.6322	0.0098	TRUE
F160_Cladosporium	B589_Azorhizobium	0.4943	0.0395	TRUE
F228_Purpureocillium	B589_Azorhizobium	-0.5495	0.0495	FALSE
B2830_uncultured	B717_Acinetobacter	0.4775	0.0235	TRUE
B6612_Pseudomonas	B717_Acinetobacter	0.5791	0.0137	TRUE
B2811_f_Burkholderiaceae	B717_Acinetobacter	0.5965	0.0235	TRUE
B541_Achromobacter	B717_Acinetobacter	0.5605	0.0235	TRUE
B1313_Escherichia-Shigella	B717_Acinetobacter	0.6038	0.0235	TRUE
B1295_Bacillus	B717_Acinetobacter	0.5534	0.0433	TRUE
B5263_Nocardioides	B717_Acinetobacter	0.5466	0.0235	TRUE
F222_o_NA	B717_Acinetobacter	0.4236	0.0334	TRUE
F2116_o_Malasseziales	B717_Acinetobacter	0.4877	0.0433	TRUE
F349_Biappendiculispora	B717_Acinetobacter	0.5424	0.0137	TRUE
F47_f_Phaeosphaeriaceae	B717_Acinetobacter	0.5314	0.0137	TRUE
F177_unidentified	B717_Acinetobacter	0.574	0.005	TRUE
F190_Irpex	B717_Acinetobacter	0.6385	0.019	TRUE
F277_Peniophora	B717_Acinetobacter	0.4777	0.0235	TRUE
F227_Diaporthe	B717_Acinetobacter	0.6084	0.0235	TRUE
F575_Trametes	B717_Acinetobacter	0.4693	0.0235	TRUE
F620_Candida	B717_Acinetobacter	0.4747	0.0433	TRUE
F161_Paraphoma	B717_Acinetobacter	0.5586	0.0235	TRUE
F1121_Hansfordia	B717_Acinetobacter	0.5468	0.0235	TRUE
F55_f_Nectriaceae	B717_Acinetobacter	0.5153	0.0235	TRUE
F2193_Discosia	B717_Acinetobacter	0.5207	0.0137	TRUE
F54_Pyrenochaetopsis	B9_Methylobacterium	0.6511	0.0396	TRUE
F12_o_Pleosporales	B9_Methylobacterium	0.6765	0.0396	TRUE
B32_Bradyrhizobium	B5952_Acinetobacter	0.5877	0.0487	TRUE
B1008_Spirosoma	B5952_Acinetobacter	0.5109	0.0487	TRUE
F2970_unidentified	B5952_Acinetobacter	0.549	0.0289	TRUE
F1033_Endoxyla	B5952_Acinetobacter	0.5024	0.0289	TRUE
F291_o_Diaporthales	B5952_Acinetobacter	0.5404	0.0388	TRUE
F3780_Lentinus	B5952_Acinetobacter	0.4769	0.0289	TRUE
F166_Aspergillus	B5952_Acinetobacter	0.4874	0.0487	TRUE
B1506_Bacillus	B1403_Clostridium.sensu.stricto.13	0.5023	0.0235	TRUE
B1631_Allorhizobium-Neorhizobium-Pararhizobium-Rhizobium	B1403_Clostridium.sensu.stricto.13	0.4641	0.0433	TRUE
B971_Pseudomonas	B1403_Clostridium.sensu.stricto.13	0.4619	0.0433	TRUE
F566_unidentified	B1403_Clostridium.sensu.stricto.13	0.4562	0.0433	TRUE
F274_unidentified	B1403_Clostridium.sensu.stricto.13	0.4334	0.0433	TRUE
F5236_unidentified	B1403_Clostridium.sensu.stricto.13	0.4414	0.0433	TRUE
F1013_unidentified	B1403_Clostridium.sensu.stricto.13	0.4539	0.0494	TRUE
F3793_Phialemonium	B1403_Clostridium.sensu.stricto.13	0.4829	0.0235	TRUE
F81_Cladosporium	B1403_Clostridium.sensu.stricto.13	0.486	0.0334	TRUE
F121_Schizothecium	B1403_Clostridium.sensu.stricto.13	0.4725	0.0388	TRUE
B6612_Pseudomonas	B2830_uncultured	0.5034	0.0137	TRUE
B2811_f_Burkholderiaceae	B2830_uncultured	0.5044	0.0433	TRUE
B712_f_Intrasporangiaceae	B2830_uncultured	0.5181	0.0137	TRUE
B1313_Escherichia-Shigella	B2830_uncultured	0.5015	0.0235	TRUE
B5263_Nocardioides	B2830_uncultured	0.4198	0.0433	TRUE
F227_Diaporthe	B2830_uncultured	0.5313	0.0235	TRUE
F161_Paraphoma	B2830_uncultured	0.4973	0.0137	TRUE
F55_f_Nectriaceae	B2830_uncultured	0.5207	0.0433	TRUE
B7386_Atopostipes	B4324_Iamia	0.5134	0.0137	TRUE
B1542_uncultured	B4324_Iamia	0.4999	0.0433	TRUE
B7291_f_Micrococcaceae	B4324_Iamia	0.5884	0.005	TRUE
B205_uncultured prokaryote	B4324_Iamia	0.5087	0.005	TRUE
B4265_Acidovorax	B4324_Iamia	0.5553	0.0235	TRUE
B354_Paraburkholderia tropica	B4324_Iamia	0.5316	0.005	TRUE
F758_unidentified	B4324_Iamia	0.4697	0.0388	TRUE
F131_unidentified	B4324_Iamia	0.5529	0.0396	TRUE
F1247_Aspergillus	B4324_Iamia	0.6124	0.0137	TRUE
F600_Penicillium	B4324_Iamia	0.493	0.0137	TRUE
B103_Burkholderia-Caballeronia-Paraburkholderia	B8_f_Rhizobiaceae	0.4863	0.0495	TRUE
F2_Nigrospora	B8_f_Rhizobiaceae	-0.7902	0.0297	FALSE
F69_o_Pleosporales	B2169_Cellvibrio	0.4789	0.0433	TRUE
F72_unidentified	B2169_Cellvibrio	0.4697	0.0433	TRUE
F488_Penicillium	B2169_Cellvibrio	0.4521	0.0494	TRUE
B338_uncultured bacterium	B9852_Actinomadura	0.4121	0.0433	TRUE
B1313_Escherichia-Shigella	B9852_Actinomadura	0.4673	0.0235	TRUE
F57_Trichoderma	B9852_Actinomadura	-0.4245	0.0395	FALSE
F349_Biappendiculispora	B9852_Actinomadura	0.4449	0.0137	TRUE
F177_unidentified	B9852_Actinomadura	0.5286	0.0137	TRUE
F161_Paraphoma	B9852_Actinomadura	0.4892	0.0137	TRUE
F55_f_Nectriaceae	B9852_Actinomadura	0.4318	0.0433	TRUE
B7789_Hydrogenispora	B1506_Bacillus	0.4845	0.0235	TRUE
B1631_Allorhizobium-Neorhizobium-Pararhizobium-Rhizobium	B1506_Bacillus	0.5566	0.0137	TRUE
B58_Rhodanobacter	B1506_Bacillus	0.3932	0.0334	TRUE
B971_Pseudomonas	B1506_Bacillus	0.5748	0.0235	TRUE
F566_unidentified	B1506_Bacillus	0.5867	0.005	TRUE
F2060_unidentified	B1506_Bacillus	0.5965	0.0235	TRUE
F274_unidentified	B1506_Bacillus	0.6211	0.0137	TRUE
F5236_unidentified	B1506_Bacillus	0.4998	0.0235	TRUE
F1013_unidentified	B1506_Bacillus	0.5012	0.0494	TRUE
F441_o_Hypocreales	B1506_Bacillus	0.5137	0.0487	TRUE
F3793_Phialemonium	B1506_Bacillus	0.5775	0.005	TRUE
F81_Cladosporium	B1506_Bacillus	0.633	0.0334	TRUE
B1631_Allorhizobium-Neorhizobium-Pararhizobium-Rhizobium	B7789_Hydrogenispora	0.5172	0.0334	TRUE
B971_Pseudomonas	B7789_Hydrogenispora	0.5088	0.0137	TRUE
F2060_unidentified	B7789_Hydrogenispora	0.5104	0.0433	TRUE
F274_unidentified	B7789_Hydrogenispora	0.5194	0.005	TRUE
F5236_unidentified	B7789_Hydrogenispora	0.4661	0.005	TRUE
F441_o_Hypocreales	B7789_Hydrogenispora	0.4579	0.0487	TRUE
F3793_Phialemonium	B7789_Hydrogenispora	0.5509	0.005	TRUE
F81_Cladosporium	B7789_Hydrogenispora	0.4943	0.0137	TRUE
B24_Bradyrhizobium	B54_uncultured	0.6804	0.0396	TRUE
B39_Paenibacillus	B54_uncultured	-0.6144	0.0099	FALSE
B89_Burkholderia-Caballeronia-Paraburkholderia	B54_uncultured	-0.6192	0.0495	FALSE
B159_Chryseobacterium	B54_uncultured	-0.6153	0.0396	FALSE
B43_Sphingomonas	B54_uncultured	-0.6769	0.0099	FALSE
B408_Pseudomonas	B54_uncultured	-0.65	0.0396	FALSE
B86_Sphingomonas	B54_uncultured	-0.6616	0.0396	FALSE
B1_Pantoea	B54_uncultured	-0.6396	0.0396	FALSE
B28_Burkholderia-Caballeronia-Paraburkholderia	B54_uncultured	-0.6339	0.0198	FALSE
B3_Sphingomonas	B54_uncultured	-0.6406	0.0198	FALSE
B27_Mucilaginibacter	B54_uncultured	-0.6047	0.0396	FALSE
F741_unidentified	B54_uncultured	-0.6671	0.0198	FALSE
F298_unidentified	B54_uncultured	-0.6281	0.0297	FALSE
F137_Malassezia	B54_uncultured	0.7308	0.0396	TRUE
F57_Trichoderma	B54_uncultured	-0.6311	0.0495	FALSE
F18_f_Phaeosphaeriaceae	B54_uncultured	-0.5977	0.0495	FALSE
F228_Purpureocillium	B54_uncultured	0.6121	0.0495	TRUE
B2811_f_Burkholderiaceae	B6612_Pseudomonas	0.5474	0.0433	TRUE
B338_uncultured bacterium	B6612_Pseudomonas	0.5422	0.0235	TRUE
B1313_Escherichia-Shigella	B6612_Pseudomonas	0.636	0.0137	TRUE
B1295_Bacillus	B6612_Pseudomonas	0.5774	0.0137	TRUE
B5263_Nocardioides	B6612_Pseudomonas	0.5083	0.0235	TRUE
F2116_o_Malasseziales	B6612_Pseudomonas	0.5357	0.0235	TRUE
F897_unidentified	B6612_Pseudomonas	0.4681	0.0137	TRUE
F349_Biappendiculispora	B6612_Pseudomonas	0.4573	0.0433	TRUE
F177_unidentified	B6612_Pseudomonas	0.5756	0.0334	TRUE
F190_Irpex	B6612_Pseudomonas	0.6204	0.019	TRUE
F227_Diaporthe	B6612_Pseudomonas	0.6109	0.0235	TRUE
F620_Candida	B6612_Pseudomonas	0.5424	0.005	TRUE
F161_Paraphoma	B6612_Pseudomonas	0.5913	0.0334	TRUE
F1121_Hansfordia	B6612_Pseudomonas	0.5153	0.0235	TRUE
F55_f_Nectriaceae	B6612_Pseudomonas	0.5996	0.0137	TRUE
B541_Achromobacter	B2811_f_Burkholderiaceae	0.5311	0.0433	TRUE
B1313_Escherichia-Shigella	B2811_f_Burkholderiaceae	0.6329	0.0235	TRUE
B1295_Bacillus	B2811_f_Burkholderiaceae	0.5868	0.0334	TRUE
B5263_Nocardioides	B2811_f_Burkholderiaceae	0.5175	0.0433	TRUE
F222_o_NA	B2811_f_Burkholderiaceae	0.4372	0.0334	TRUE
F349_Biappendiculispora	B2811_f_Burkholderiaceae	0.5618	0.0334	TRUE
F47_f_Phaeosphaeriaceae	B2811_f_Burkholderiaceae	0.514	0.0433	TRUE
F177_unidentified	B2811_f_Burkholderiaceae	0.6486	0.0137	TRUE
F190_Irpex	B2811_f_Burkholderiaceae	0.6733	0.0289	TRUE
F227_Diaporthe	B2811_f_Burkholderiaceae	0.5692	0.0235	TRUE
F620_Candida	B2811_f_Burkholderiaceae	0.5205	0.0235	TRUE
F2219_Paraconiothyrium	B2811_f_Burkholderiaceae	0.4253	0.0433	TRUE
F161_Paraphoma	B2811_f_Burkholderiaceae	0.5152	0.0433	TRUE
F1121_Hansfordia	B2811_f_Burkholderiaceae	0.5227	0.0433	TRUE
F55_f_Nectriaceae	B2811_f_Burkholderiaceae	0.5556	0.0433	TRUE
F2193_Discosia	B2811_f_Burkholderiaceae	0.6048	0.005	TRUE
F62_Mrakia	B48_Luteibacter	0.4108	0.0235	TRUE
B183_Mucilaginibacter	B1631_Allorhizobium.Neorhizobium.Pararhizobium.Rhizobium	0.5681	0.0296	TRUE
B976_Clostridium sensu stricto 1	B1631_Allorhizobium.Neorhizobium.Pararhizobium.Rhizobium	0.5915	0.0235	TRUE
B12258_o_NA	B1631_Allorhizobium.Neorhizobium.Pararhizobium.Rhizobium	0.4852	0.0334	TRUE
B971_Pseudomonas	B1631_Allorhizobium.Neorhizobium.Pararhizobium.Rhizobium	0.7056	0.005	TRUE
F566_unidentified	B1631_Allorhizobium.Neorhizobium.Pararhizobium.Rhizobium	0.5724	0.0137	TRUE
F2060_unidentified	B1631_Allorhizobium.Neorhizobium.Pararhizobium.Rhizobium	0.6853	0.0137	TRUE
F274_unidentified	B1631_Allorhizobium.Neorhizobium.Pararhizobium.Rhizobium	0.7085	0.0137	TRUE
F2494_Vishniacozyma	B1631_Allorhizobium.Neorhizobium.Pararhizobium.Rhizobium	0.4992	0.0388	TRUE
F5236_unidentified	B1631_Allorhizobium.Neorhizobium.Pararhizobium.Rhizobium	0.5873	0.0137	TRUE
F3793_Phialemonium	B1631_Allorhizobium.Neorhizobium.Pararhizobium.Rhizobium	0.6165	0.0137	TRUE
F81_Cladosporium	B1631_Allorhizobium.Neorhizobium.Pararhizobium.Rhizobium	0.6814	0.005	TRUE
F121_Schizothecium	B1631_Allorhizobium.Neorhizobium.Pararhizobium.Rhizobium	0.6639	0.019	TRUE
B956_Corynebacterium 1	B2787_f_Burkholderiaceae	0.659	0.005	TRUE
B1191_Terriglobus	B2787_f_Burkholderiaceae	0.5293	0.0433	TRUE
F69_o_Pleosporales	B2787_f_Burkholderiaceae	0.592	0.005	TRUE
F4166_unidentified	B2787_f_Burkholderiaceae	0.5434	0.0137	TRUE
F76_o_Sordariales	B2787_f_Burkholderiaceae	0.6732	0.005	TRUE
F2033_Cutaneotrichosporon	B2787_f_Burkholderiaceae	0.5494	0.005	TRUE
F20_Edenia	B2787_f_Burkholderiaceae	0.4676	0.0395	TRUE
F72_unidentified	B2787_f_Burkholderiaceae	0.6359	0.0137	TRUE
F693_Aspergillus	B2787_f_Burkholderiaceae	0.531	0.0487	TRUE
F488_Penicillium	B2787_f_Burkholderiaceae	0.6322	0.0395	TRUE
F1888_Colletotrichum	B2787_f_Burkholderiaceae	0.5943	0.0091	TRUE
B1542_uncultured	B7386_Atopostipes	0.6546	0.005	TRUE
B7291_f_Micrococcaceae	B7386_Atopostipes	0.6236	0.005	TRUE
B205_uncultured prokaryote	B7386_Atopostipes	0.5702	0.005	TRUE
B4265_Acidovorax	B7386_Atopostipes	0.6574	0.005	TRUE
B354_Paraburkholderia tropica	B7386_Atopostipes	0.6038	0.005	TRUE
F758_unidentified	B7386_Atopostipes	0.5419	0.019	TRUE
F131_unidentified	B7386_Atopostipes	0.5584	0.0099	TRUE
F1247_Aspergillus	B7386_Atopostipes	0.6549	0.005	TRUE
F600_Penicillium	B7386_Atopostipes	0.4815	0.0235	TRUE
B1295_Bacillus	B21_Methylobacterium	0.4848	0.0487	TRUE
F61_o_Pleosporales	B21_Methylobacterium	0.7366	0.0098	TRUE
F658_Candida	B21_Methylobacterium	0.7063	0.0198	TRUE
F72_unidentified	B21_Methylobacterium	0.4571	0.0487	TRUE
F124_Stachybotrys	B21_Methylobacterium	0.4778	0.0388	TRUE
F488_Penicillium	B21_Methylobacterium	0.6103	0.0396	TRUE
F1888_Colletotrichum	B21_Methylobacterium	0.6629	0.0197	TRUE
B19_Xanthomonas	B183_Mucilaginibacter	0.6552	0.0396	TRUE
B14_Burkholderia-Caballeronia-Paraburkholderia	B183_Mucilaginibacter	0.6597	0.0198	TRUE
B7_Curtobacterium	B183_Mucilaginibacter	0.6616	0.0495	TRUE
F566_unidentified	B183_Mucilaginibacter	0.4201	0.0395	TRUE
F2060_unidentified	B183_Mucilaginibacter	0.5639	0.0197	TRUE
F2494_Vishniacozyma	B183_Mucilaginibacter	0.5335	0.0495	TRUE
F1013_unidentified	B183_Mucilaginibacter	0.7297	0.0099	TRUE
F3793_Phialemonium	B183_Mucilaginibacter	0.4662	0.0494	TRUE
F81_Cladosporium	B183_Mucilaginibacter	0.5564	0.0296	TRUE
F121_Schizothecium	B183_Mucilaginibacter	0.5892	0.0297	TRUE
B32_Bradyrhizobium	B2471_uncultured	0.7967	0.0137	TRUE
B1008_Spirosoma	B2471_uncultured	0.658	0.005	TRUE
F2970_unidentified	B2471_uncultured	0.6159	0.005	TRUE
F1033_Endoxyla	B2471_uncultured	0.6322	0.0137	TRUE
F318_Saccharomyces	B2471_uncultured	0.5565	0.0137	TRUE
F291_o_Diaporthales	B2471_uncultured	0.7054	0.0433	TRUE
F3780_Lentinus	B2471_uncultured	0.5442	0.0137	TRUE
F435_Cyberlindnera	B2471_uncultured	0.5789	0.0137	TRUE
F98_f_Didymellaceae	B2471_uncultured	0.6195	0.0487	TRUE
F1481_Gibberella	B2471_uncultured	0.7427	0.0235	TRUE
F166_Aspergillus	B2471_uncultured	0.6155	0.005	TRUE
B19_Xanthomonas	B24_Bradyrhizobium	-0.6091	0.0396	FALSE
B209_Escherichia-Shigella	B24_Bradyrhizobium	0.7596	0.0297	TRUE
F693_Aspergillus	B24_Bradyrhizobium	0.4863	0.0495	TRUE
B7291_f_Micrococcaceae	B1542_uncultured	0.6615	0.0137	TRUE
B205_uncultured prokaryote	B1542_uncultured	0.5658	0.0137	TRUE
B4265_Acidovorax	B1542_uncultured	0.6555	0.0137	TRUE
B354_Paraburkholderia tropica	B1542_uncultured	0.6443	0.0235	TRUE
F758_unidentified	B1542_uncultured	0.5258	0.0388	TRUE
F54_Pyrenochaetopsis	B1542_uncultured	0.5102	0.0395	TRUE
F50_Thanatephorus	B1542_uncultured	0.4648	0.0395	TRUE
F1247_Aspergillus	B1542_uncultured	0.6986	0.005	TRUE
F600_Penicillium	B1542_uncultured	0.498	0.0433	TRUE
B4695_Clostridium sensu stricto 12	B4740_f_uncultured	0.574	0.0137	TRUE
B607_Dietzia	B4740_f_uncultured	0.5736	0.0433	TRUE
F561_Vishniacozyma	B4740_f_uncultured	0.6174	0.0137	TRUE
F105_Clonostachys	B4740_f_uncultured	0.491	0.0334	TRUE
F50_Thanatephorus	B4740_f_uncultured	0.5045	0.0395	TRUE
F598_Rhodosporidiobolus	B4740_f_uncultured	0.5485	0.005	TRUE
F2054_Cystobasidium	B4740_f_uncultured	0.3697	0.0334	TRUE
F362_Porostereum	B4740_f_uncultured	0.5402	0.0197	TRUE
F448_Perenniporia	B4740_f_uncultured	0.583	0.0137	TRUE
F1301_Ceriporiopsis	B4740_f_uncultured	0.5257	0.0235	TRUE
B39_Paenibacillus	B17_Methylobacterium	0.5119	0.0296	TRUE
B18_Herbaspirillum	B17_Methylobacterium	0.5971	0.0296	TRUE
B408_Pseudomonas	B17_Methylobacterium	0.5886	0.0296	TRUE
B86_Sphingomonas	B17_Methylobacterium	0.6034	0.0197	TRUE
B1_Pantoea	B17_Methylobacterium	0.6212	0.0296	TRUE
B28_Burkholderia-Caballeronia-Paraburkholderia	B17_Methylobacterium	0.5313	0.0494	TRUE
B3_Sphingomonas	B17_Methylobacterium	0.5138	0.0395	TRUE
B103_Burkholderia-Caballeronia-Paraburkholderia	B17_Methylobacterium	0.4859	0.0395	TRUE
B317_Brevundimonas	B17_Methylobacterium	0.4122	0.0494	TRUE
F741_unidentified	B17_Methylobacterium	0.616	0.0395	TRUE
F1169_unidentified	B17_Methylobacterium	0.4649	0.0494	TRUE
F298_unidentified	B17_Methylobacterium	0.5049	0.0296	TRUE
F137_Malassezia	B17_Methylobacterium	-0.5352	0.0396	FALSE
F57_Trichoderma	B17_Methylobacterium	0.5662	0.0396	TRUE
F18_f_Phaeosphaeriaceae	B17_Methylobacterium	0.5536	0.0296	TRUE
F29_f_Didymellaceae	B17_Methylobacterium	0.4488	0.0494	TRUE
F36_Moesziomyces	B17_Methylobacterium	0.4828	0.0494	TRUE
B89_Burkholderia-Caballeronia-Paraburkholderia	B39_Paenibacillus	0.6889	0.0098	TRUE
B159_Chryseobacterium	B39_Paenibacillus	0.5479	0.0395	TRUE
B56_Allorhizobium-Neorhizobium-Pararhizobium-Rhizobium	B39_Paenibacillus	0.7	0.0197	TRUE
B19_Xanthomonas	B39_Paenibacillus	0.5208	0.0495	TRUE
B18_Herbaspirillum	B39_Paenibacillus	0.8226	0.0098	TRUE
B43_Sphingomonas	B39_Paenibacillus	0.7334	0.0098	TRUE
B408_Pseudomonas	B39_Paenibacillus	0.7301	0.0197	TRUE
B86_Sphingomonas	B39_Paenibacillus	0.7447	0.0197	TRUE
B1_Pantoea	B39_Paenibacillus	0.7251	0.0197	TRUE
B28_Burkholderia-Caballeronia-Paraburkholderia	B39_Paenibacillus	0.672	0.0098	TRUE
B14_Burkholderia-Caballeronia-Paraburkholderia	B39_Paenibacillus	0.6442	0.0198	TRUE
B3_Sphingomonas	B39_Paenibacillus	0.711	0.0098	TRUE
B103_Burkholderia-Caballeronia-Paraburkholderia	B39_Paenibacillus	0.6882	0.0197	TRUE
B317_Brevundimonas	B39_Paenibacillus	0.5409	0.0494	TRUE
B27_Mucilaginibacter	B39_Paenibacillus	0.6828	0.0098	TRUE
F741_unidentified	B39_Paenibacillus	0.7498	0.0098	TRUE
F1169_unidentified	B39_Paenibacillus	0.4995	0.0494	TRUE
F298_unidentified	B39_Paenibacillus	0.6827	0.0197	TRUE
F8_unidentified	B39_Paenibacillus	0.6308	0.0395	TRUE
F137_Malassezia	B39_Paenibacillus	-0.6388	0.0495	FALSE
F57_Trichoderma	B39_Paenibacillus	0.7044	0.0396	TRUE
F18_f_Phaeosphaeriaceae	B39_Paenibacillus	0.7159	0.0098	TRUE
F29_f_Didymellaceae	B39_Paenibacillus	0.5697	0.0296	TRUE
F36_Moesziomyces	B39_Paenibacillus	0.6664	0.0197	TRUE
F160_Cladosporium	B39_Paenibacillus	0.5849	0.0098	TRUE
B159_Chryseobacterium	B89_Burkholderia.Caballeronia.Paraburkholderia	0.622	0.0296	TRUE
B56_Allorhizobium-Neorhizobium-Pararhizobium-Rhizobium	B89_Burkholderia.Caballeronia.Paraburkholderia	0.6832	0.0197	TRUE
B19_Xanthomonas	B89_Burkholderia.Caballeronia.Paraburkholderia	0.5618	0.0198	TRUE
B18_Herbaspirillum	B89_Burkholderia.Caballeronia.Paraburkholderia	0.7788	0.0098	TRUE
B43_Sphingomonas	B89_Burkholderia.Caballeronia.Paraburkholderia	0.7001	0.0098	TRUE
B408_Pseudomonas	B89_Burkholderia.Caballeronia.Paraburkholderia	0.689	0.0296	TRUE
B86_Sphingomonas	B89_Burkholderia.Caballeronia.Paraburkholderia	0.6976	0.0296	TRUE
B1_Pantoea	B89_Burkholderia.Caballeronia.Paraburkholderia	0.7424	0.0395	TRUE
B28_Burkholderia-Caballeronia-Paraburkholderia	B89_Burkholderia.Caballeronia.Paraburkholderia	0.7409	0.0197	TRUE
B14_Burkholderia-Caballeronia-Paraburkholderia	B89_Burkholderia.Caballeronia.Paraburkholderia	0.6594	0.0297	TRUE
B3_Sphingomonas	B89_Burkholderia.Caballeronia.Paraburkholderia	0.708	0.0098	TRUE
B103_Burkholderia-Caballeronia-Paraburkholderia	B89_Burkholderia.Caballeronia.Paraburkholderia	0.6582	0.0197	TRUE
B317_Brevundimonas	B89_Burkholderia.Caballeronia.Paraburkholderia	0.5508	0.0494	TRUE
B27_Mucilaginibacter	B89_Burkholderia.Caballeronia.Paraburkholderia	0.6841	0.0098	TRUE
F741_unidentified	B89_Burkholderia.Caballeronia.Paraburkholderia	0.734	0.0098	TRUE
F298_unidentified	B89_Burkholderia.Caballeronia.Paraburkholderia	0.6433	0.0098	TRUE
F8_unidentified	B89_Burkholderia.Caballeronia.Paraburkholderia	0.6368	0.0296	TRUE
F16_Pyricularia	B89_Burkholderia.Caballeronia.Paraburkholderia	-0.525	0.0396	FALSE
F137_Malassezia	B89_Burkholderia.Caballeronia.Paraburkholderia	-0.6725	0.0198	FALSE
F57_Trichoderma	B89_Burkholderia.Caballeronia.Paraburkholderia	0.7358	0.0297	TRUE
F18_f_Phaeosphaeriaceae	B89_Burkholderia.Caballeronia.Paraburkholderia	0.7373	0.0197	TRUE
F29_f_Didymellaceae	B89_Burkholderia.Caballeronia.Paraburkholderia	0.6923	0.0098	TRUE
F36_Moesziomyces	B89_Burkholderia.Caballeronia.Paraburkholderia	0.6461	0.0197	TRUE
F160_Cladosporium	B89_Burkholderia.Caballeronia.Paraburkholderia	0.5009	0.0494	TRUE
B18_Herbaspirillum	B159_Chryseobacterium	0.6223	0.0098	TRUE
B43_Sphingomonas	B159_Chryseobacterium	0.6042	0.0395	TRUE
B408_Pseudomonas	B159_Chryseobacterium	0.6095	0.0296	TRUE
B86_Sphingomonas	B159_Chryseobacterium	0.6216	0.0197	TRUE
B1_Pantoea	B159_Chryseobacterium	0.6922	0.0098	TRUE
B28_Burkholderia-Caballeronia-Paraburkholderia	B159_Chryseobacterium	0.5698	0.0197	TRUE
B3_Sphingomonas	B159_Chryseobacterium	0.5605	0.0395	TRUE
B103_Burkholderia-Caballeronia-Paraburkholderia	B159_Chryseobacterium	0.5608	0.0494	TRUE
B27_Mucilaginibacter	B159_Chryseobacterium	0.5153	0.0296	TRUE
F741_unidentified	B159_Chryseobacterium	0.619	0.0098	TRUE
F298_unidentified	B159_Chryseobacterium	0.57	0.0395	TRUE
F137_Malassezia	B159_Chryseobacterium	-0.6105	0.0396	FALSE
F18_f_Phaeosphaeriaceae	B159_Chryseobacterium	0.5562	0.0197	TRUE
F29_f_Didymellaceae	B159_Chryseobacterium	0.5498	0.0296	TRUE
F36_Moesziomyces	B159_Chryseobacterium	0.588	0.0296	TRUE
F160_Cladosporium	B159_Chryseobacterium	0.527	0.0395	TRUE
F228_Purpureocillium	B159_Chryseobacterium	-0.5352	0.0396	FALSE
B98_Sphingomonas	B4505_Caulobacter	0.7659	0.0235	TRUE
F1369_unidentified	B4505_Caulobacter	0.6566	0.0137	TRUE
F2456_Hymenochaete	B4505_Caulobacter	0.6709	0.0137	TRUE
F4779_o_NA	B4505_Caulobacter	0.5401	0.0235	TRUE
F430_unidentified	B4505_Caulobacter	0.826	0.005	TRUE
F169_Naganishia	B4505_Caulobacter	0.6914	0.0334	TRUE
F686_Malassezia	B4505_Caulobacter	0.4893	0.005	TRUE
F407_Phanerochaete	B4505_Caulobacter	0.5721	0.0235	TRUE
F436_Rhodosporidiobolus	B4505_Caulobacter	0.7831	0.0137	TRUE
F3797_o_NA	B4505_Caulobacter	0.6228	0.005	TRUE
F178_Schizopora	B4505_Caulobacter	0.6503	0.0235	TRUE
F9_Chaetomium	B4505_Caulobacter	0.5076	0.0091	TRUE
B12258_o_NA	B976_Clostridium.sensu.stricto.1	0.3849	0.0433	TRUE
B971_Pseudomonas	B976_Clostridium.sensu.stricto.1	0.5755	0.0137	TRUE
F566_unidentified	B976_Clostridium.sensu.stricto.1	0.5244	0.0235	TRUE
F2060_unidentified	B976_Clostridium.sensu.stricto.1	0.5782	0.0235	TRUE
F274_unidentified	B976_Clostridium.sensu.stricto.1	0.5325	0.0137	TRUE
F3793_Phialemonium	B976_Clostridium.sensu.stricto.1	0.5158	0.0137	TRUE
F81_Cladosporium	B976_Clostridium.sensu.stricto.1	0.5418	0.0235	TRUE
F121_Schizothecium	B976_Clostridium.sensu.stricto.1	0.569	0.019	TRUE
B18_Herbaspirillum	B56_Allorhizobium.Neorhizobium.Pararhizobium.Rhizobium	0.8042	0.0098	TRUE
B43_Sphingomonas	B56_Allorhizobium.Neorhizobium.Pararhizobium.Rhizobium	0.7288	0.0098	TRUE
B408_Pseudomonas	B56_Allorhizobium.Neorhizobium.Pararhizobium.Rhizobium	0.736	0.0098	TRUE
B86_Sphingomonas	B56_Allorhizobium.Neorhizobium.Pararhizobium.Rhizobium	0.7366	0.0296	TRUE
B1_Pantoea	B56_Allorhizobium.Neorhizobium.Pararhizobium.Rhizobium	0.7187	0.0098	TRUE
B28_Burkholderia-Caballeronia-Paraburkholderia	B56_Allorhizobium.Neorhizobium.Pararhizobium.Rhizobium	0.7018	0.0197	TRUE
B14_Burkholderia-Caballeronia-Paraburkholderia	B56_Allorhizobium.Neorhizobium.Pararhizobium.Rhizobium	0.6334	0.0297	TRUE
B3_Sphingomonas	B56_Allorhizobium.Neorhizobium.Pararhizobium.Rhizobium	0.6973	0.0296	TRUE
B103_Burkholderia-Caballeronia-Paraburkholderia	B56_Allorhizobium.Neorhizobium.Pararhizobium.Rhizobium	0.6814	0.0098	TRUE
B317_Brevundimonas	B56_Allorhizobium.Neorhizobium.Pararhizobium.Rhizobium	0.5883	0.0098	TRUE
B27_Mucilaginibacter	B56_Allorhizobium.Neorhizobium.Pararhizobium.Rhizobium	0.678	0.0197	TRUE
F741_unidentified	B56_Allorhizobium.Neorhizobium.Pararhizobium.Rhizobium	0.7232	0.0098	TRUE
F1169_unidentified	B56_Allorhizobium.Neorhizobium.Pararhizobium.Rhizobium	0.5109	0.0296	TRUE
F298_unidentified	B56_Allorhizobium.Neorhizobium.Pararhizobium.Rhizobium	0.6945	0.0098	TRUE
F8_unidentified	B56_Allorhizobium.Neorhizobium.Pararhizobium.Rhizobium	0.6821	0.0098	TRUE
F48_unidentified	B56_Allorhizobium.Neorhizobium.Pararhizobium.Rhizobium	0.5962	0.0297	TRUE
F57_Trichoderma	B56_Allorhizobium.Neorhizobium.Pararhizobium.Rhizobium	0.6872	0.0099	TRUE
F18_f_Phaeosphaeriaceae	B56_Allorhizobium.Neorhizobium.Pararhizobium.Rhizobium	0.7264	0.0197	TRUE
F29_f_Didymellaceae	B56_Allorhizobium.Neorhizobium.Pararhizobium.Rhizobium	0.6397	0.0197	TRUE
F36_Moesziomyces	B56_Allorhizobium.Neorhizobium.Pararhizobium.Rhizobium	0.5896	0.0494	TRUE
F160_Cladosporium	B56_Allorhizobium.Neorhizobium.Pararhizobium.Rhizobium	0.6052	0.0098	TRUE
B541_Achromobacter	B338_uncultured.bacterium	0.5478	0.0137	TRUE
B1313_Escherichia-Shigella	B338_uncultured.bacterium	0.5767	0.005	TRUE
B162_Asticcacaulis	B338_uncultured.bacterium	0.4237	0.0433	TRUE
B1295_Bacillus	B338_uncultured.bacterium	0.5435	0.0334	TRUE
B5263_Nocardioides	B338_uncultured.bacterium	0.4326	0.0433	TRUE
F349_Biappendiculispora	B338_uncultured.bacterium	0.5407	0.0433	TRUE
F47_f_Phaeosphaeriaceae	B338_uncultured.bacterium	0.5463	0.0235	TRUE
F190_Irpex	B338_uncultured.bacterium	0.6289	0.0289	TRUE
F277_Peniophora	B338_uncultured.bacterium	0.4349	0.0433	TRUE
F227_Diaporthe	B338_uncultured.bacterium	0.5775	0.0433	TRUE
F575_Trametes	B338_uncultured.bacterium	0.5158	0.0334	TRUE
F71_Papiliotrema	B338_uncultured.bacterium	0.4472	0.0388	TRUE
F161_Paraphoma	B338_uncultured.bacterium	0.4969	0.0334	TRUE
F1121_Hansfordia	B338_uncultured.bacterium	0.4544	0.0235	TRUE
F55_f_Nectriaceae	B338_uncultured.bacterium	0.5115	0.0137	TRUE
F2193_Discosia	B338_uncultured.bacterium	0.5007	0.0235	TRUE
B1313_Escherichia-Shigella	B712_f_Intrasporangiaceae	0.4892	0.0433	TRUE
F349_Biappendiculispora	B712_f_Intrasporangiaceae	0.3949	0.0334	TRUE
F47_f_Phaeosphaeriaceae	B712_f_Intrasporangiaceae	0.5111	0.0235	TRUE
F190_Irpex	B712_f_Intrasporangiaceae	0.568	0.019	TRUE
F227_Diaporthe	B712_f_Intrasporangiaceae	0.4985	0.0235	TRUE
F575_Trametes	B712_f_Intrasporangiaceae	0.4432	0.0433	TRUE
F161_Paraphoma	B712_f_Intrasporangiaceae	0.4754	0.0334	TRUE
F124_Stachybotrys	B712_f_Intrasporangiaceae	0.4324	0.0433	TRUE
B1191_Terriglobus	B956_Corynebacterium.1	0.5237	0.0235	TRUE
B209_Escherichia-Shigella	B956_Corynebacterium.1	0.4717	0.0494	TRUE
F69_o_Pleosporales	B956_Corynebacterium.1	0.5959	0.005	TRUE
F4166_unidentified	B956_Corynebacterium.1	0.5099	0.0433	TRUE
F76_o_Sordariales	B956_Corynebacterium.1	0.6456	0.005	TRUE
F2033_Cutaneotrichosporon	B956_Corynebacterium.1	0.6164	0.0137	TRUE
F72_unidentified	B956_Corynebacterium.1	0.5956	0.0137	TRUE
F693_Aspergillus	B956_Corynebacterium.1	0.5317	0.0289	TRUE
F488_Penicillium	B956_Corynebacterium.1	0.5896	0.0296	TRUE
F1888_Colletotrichum	B956_Corynebacterium.1	0.5629	0.019	TRUE
B1313_Escherichia-Shigella	B541_Achromobacter	0.5834	0.0137	TRUE
F2116_o_Malasseziales	B541_Achromobacter	0.4302	0.0235	TRUE
F177_unidentified	B541_Achromobacter	0.5164	0.0433	TRUE
F190_Irpex	B541_Achromobacter	0.5983	0.019	TRUE
F227_Diaporthe	B541_Achromobacter	0.5778	0.0235	TRUE
F575_Trametes	B541_Achromobacter	0.4978	0.0334	TRUE
F2219_Paraconiothyrium	B541_Achromobacter	0.4525	0.0235	TRUE
F1121_Hansfordia	B541_Achromobacter	0.5135	0.0137	TRUE
F55_f_Nectriaceae	B541_Achromobacter	0.5643	0.0334	TRUE
F2193_Discosia	B541_Achromobacter	0.4736	0.0334	TRUE
F1369_unidentified	B98_Sphingomonas	0.6804	0.005	TRUE
F2456_Hymenochaete	B98_Sphingomonas	0.6808	0.005	TRUE
F4779_o_NA	B98_Sphingomonas	0.5539	0.0235	TRUE
F430_unidentified	B98_Sphingomonas	0.7972	0.005	TRUE
F169_Naganishia	B98_Sphingomonas	0.7233	0.0235	TRUE
F407_Phanerochaete	B98_Sphingomonas	0.6209	0.005	TRUE
F436_Rhodosporidiobolus	B98_Sphingomonas	0.7907	0.005	TRUE
F3797_o_NA	B98_Sphingomonas	0.5794	0.0137	TRUE
F178_Schizopora	B98_Sphingomonas	0.6846	0.005	TRUE
F9_Chaetomium	B98_Sphingomonas	0.5033	0.0388	TRUE
B205_uncultured prokaryote	B7291_f_Micrococcaceae	0.5656	0.0137	TRUE
B4265_Acidovorax	B7291_f_Micrococcaceae	0.7267	0.005	TRUE
B354_Paraburkholderia tropica	B7291_f_Micrococcaceae	0.6891	0.0235	TRUE
F758_unidentified	B7291_f_Micrococcaceae	0.6113	0.0091	TRUE
F131_unidentified	B7291_f_Micrococcaceae	0.6041	0.0495	TRUE
F1247_Aspergillus	B7291_f_Micrococcaceae	0.6828	0.0235	TRUE
F600_Penicillium	B7291_f_Micrococcaceae	0.562	0.005	TRUE
B1008_Spirosoma	B32_Bradyrhizobium	0.7012	0.005	TRUE
F2970_unidentified	B32_Bradyrhizobium	0.6625	0.005	TRUE
F1033_Endoxyla	B32_Bradyrhizobium	0.5934	0.005	TRUE
F3408_unidentified	B32_Bradyrhizobium	0.5744	0.0235	TRUE
F861_unidentified	B32_Bradyrhizobium	0.4925	0.0487	TRUE
F291_o_Diaporthales	B32_Bradyrhizobium	0.718	0.0235	TRUE
F3780_Lentinus	B32_Bradyrhizobium	0.5437	0.0235	TRUE
F435_Cyberlindnera	B32_Bradyrhizobium	0.5545	0.0137	TRUE
F98_f_Didymellaceae	B32_Bradyrhizobium	0.6106	0.019	TRUE
F1481_Gibberella	B32_Bradyrhizobium	0.7441	0.0235	TRUE
F166_Aspergillus	B32_Bradyrhizobium	0.666	0.0137	TRUE
B607_Dietzia	B4695_Clostridium.sensu.stricto.12	0.6	0.0334	TRUE
F561_Vishniacozyma	B4695_Clostridium.sensu.stricto.12	0.7035	0.0137	TRUE
F105_Clonostachys	B4695_Clostridium.sensu.stricto.12	0.5966	0.0137	TRUE
F598_Rhodosporidiobolus	B4695_Clostridium.sensu.stricto.12	0.6027	0.0137	TRUE
F362_Porostereum	B4695_Clostridium.sensu.stricto.12	0.5985	0.0296	TRUE
F1301_Ceriporiopsis	B4695_Clostridium.sensu.stricto.12	0.5922	0.0235	TRUE
B4265_Acidovorax	B205_uncultured.prokaryote	0.5451	0.0235	TRUE
B354_Paraburkholderia tropica	B205_uncultured.prokaryote	0.5368	0.0137	TRUE
F131_unidentified	B205_uncultured.prokaryote	0.5657	0.0198	TRUE
F1247_Aspergillus	B205_uncultured.prokaryote	0.5194	0.005	TRUE
F600_Penicillium	B205_uncultured.prokaryote	0.4364	0.0433	TRUE
F561_Vishniacozyma	B607_Dietzia	0.7498	0.0137	TRUE
F105_Clonostachys	B607_Dietzia	0.5805	0.0137	TRUE
F598_Rhodosporidiobolus	B607_Dietzia	0.5568	0.0235	TRUE
F362_Porostereum	B607_Dietzia	0.5777	0.0494	TRUE
F3040_Rhodotorula	B607_Dietzia	0.531	0.0235	TRUE
F448_Perenniporia	B607_Dietzia	0.6079	0.0137	TRUE
F1301_Ceriporiopsis	B607_Dietzia	0.6626	0.005	TRUE
F9_Chaetomium	B607_Dietzia	0.4934	0.0487	TRUE
B1295_Bacillus	B1313_Escherichia.Shigella	0.6183	0.0137	TRUE
F61_o_Pleosporales	B1313_Escherichia.Shigella	0.4691	0.0487	TRUE
F222_o_NA	B1313_Escherichia.Shigella	0.4461	0.0433	TRUE
F2116_o_Malasseziales	B1313_Escherichia.Shigella	0.5242	0.0334	TRUE
F897_unidentified	B1313_Escherichia.Shigella	0.4818	0.0334	TRUE
F349_Biappendiculispora	B1313_Escherichia.Shigella	0.5434	0.0433	TRUE
F47_f_Phaeosphaeriaceae	B1313_Escherichia.Shigella	0.5851	0.0334	TRUE
F177_unidentified	B1313_Escherichia.Shigella	0.6514	0.0137	TRUE
F190_Irpex	B1313_Escherichia.Shigella	0.6953	0.019	TRUE
F227_Diaporthe	B1313_Escherichia.Shigella	0.6012	0.0235	TRUE
F575_Trametes	B1313_Escherichia.Shigella	0.5115	0.0334	TRUE
F71_Papiliotrema	B1313_Escherichia.Shigella	0.4728	0.0388	TRUE
F2219_Paraconiothyrium	B1313_Escherichia.Shigella	0.5656	0.0235	TRUE
F124_Stachybotrys	B1313_Escherichia.Shigella	0.4694	0.0235	TRUE
F55_f_Nectriaceae	B1313_Escherichia.Shigella	0.5761	0.0235	TRUE
F2193_Discosia	B1313_Escherichia.Shigella	0.6184	0.005	TRUE
F2970_unidentified	B1008_Spirosoma	0.4843	0.005	TRUE
F3408_unidentified	B1008_Spirosoma	0.5383	0.0235	TRUE
F291_o_Diaporthales	B1008_Spirosoma	0.5993	0.0235	TRUE
F435_Cyberlindnera	B1008_Spirosoma	0.5218	0.0137	TRUE
F1481_Gibberella	B1008_Spirosoma	0.5868	0.005	TRUE
F166_Aspergillus	B1008_Spirosoma	0.6106	0.0137	TRUE
B18_Herbaspirillum	B19_Xanthomonas	0.5572	0.0297	TRUE
B408_Pseudomonas	B19_Xanthomonas	0.5833	0.0396	TRUE
B86_Sphingomonas	B19_Xanthomonas	0.5679	0.0198	TRUE
B14_Burkholderia-Caballeronia-Paraburkholderia	B19_Xanthomonas	0.7968	0.0099	TRUE
B7_Curtobacterium	B19_Xanthomonas	0.8243	0.0198	TRUE
B103_Burkholderia-Caballeronia-Paraburkholderia	B19_Xanthomonas	0.5171	0.0495	TRUE
F48_unidentified	B19_Xanthomonas	0.669	0.0495	TRUE
F1013_unidentified	B19_Xanthomonas	0.76	0.0396	TRUE
F57_Trichoderma	B19_Xanthomonas	0.8155	0.0198	TRUE
F18_f_Phaeosphaeriaceae	B19_Xanthomonas	0.5665	0.0495	TRUE
F29_f_Didymellaceae	B19_Xanthomonas	0.4583	0.0495	TRUE
F5_Alternaria	B19_Xanthomonas	0.5503	0.0495	TRUE
F121_Schizothecium	B19_Xanthomonas	0.4934	0.0396	TRUE
B43_Sphingomonas	B18_Herbaspirillum	0.7967	0.0197	TRUE
B408_Pseudomonas	B18_Herbaspirillum	0.7957	0.0098	TRUE
B86_Sphingomonas	B18_Herbaspirillum	0.7929	0.0296	TRUE
B1_Pantoea	B18_Herbaspirillum	0.8422	0.0098	TRUE
B28_Burkholderia-Caballeronia-Paraburkholderia	B18_Herbaspirillum	0.8127	0.0197	TRUE
B14_Burkholderia-Caballeronia-Paraburkholderia	B18_Herbaspirillum	0.6968	0.0198	TRUE
B3_Sphingomonas	B18_Herbaspirillum	0.7879	0.0098	TRUE
B103_Burkholderia-Caballeronia-Paraburkholderia	B18_Herbaspirillum	0.7889	0.0098	TRUE
B317_Brevundimonas	B18_Herbaspirillum	0.6084	0.0395	TRUE
B27_Mucilaginibacter	B18_Herbaspirillum	0.7103	0.0197	TRUE
F741_unidentified	B18_Herbaspirillum	0.8097	0.0098	TRUE
F1169_unidentified	B18_Herbaspirillum	0.5901	0.0098	TRUE
F298_unidentified	B18_Herbaspirillum	0.768	0.0098	TRUE
F8_unidentified	B18_Herbaspirillum	0.6522	0.0197	TRUE
F48_unidentified	B18_Herbaspirillum	0.6426	0.0495	TRUE
F16_Pyricularia	B18_Herbaspirillum	-0.6042	0.0297	FALSE
F137_Malassezia	B18_Herbaspirillum	-0.6958	0.0495	FALSE
F57_Trichoderma	B18_Herbaspirillum	0.7925	0.0099	TRUE
F18_f_Phaeosphaeriaceae	B18_Herbaspirillum	0.8029	0.0098	TRUE
F29_f_Didymellaceae	B18_Herbaspirillum	0.6696	0.0098	TRUE
F36_Moesziomyces	B18_Herbaspirillum	0.7088	0.0296	TRUE
B354_Paraburkholderia tropica	B4265_Acidovorax	0.6593	0.005	TRUE
F758_unidentified	B4265_Acidovorax	0.5421	0.019	TRUE
F131_unidentified	B4265_Acidovorax	0.5594	0.0495	TRUE
F1247_Aspergillus	B4265_Acidovorax	0.6774	0.0334	TRUE
F600_Penicillium	B4265_Acidovorax	0.5539	0.005	TRUE
B408_Pseudomonas	B43_Sphingomonas	0.718	0.0296	TRUE
B86_Sphingomonas	B43_Sphingomonas	0.6971	0.0098	TRUE
B1_Pantoea	B43_Sphingomonas	0.7803	0.0098	TRUE
B28_Burkholderia-Caballeronia-Paraburkholderia	B43_Sphingomonas	0.7639	0.0098	TRUE
B14_Burkholderia-Caballeronia-Paraburkholderia	B43_Sphingomonas	0.6843	0.0297	TRUE
B3_Sphingomonas	B43_Sphingomonas	0.7335	0.0197	TRUE
B103_Burkholderia-Caballeronia-Paraburkholderia	B43_Sphingomonas	0.6788	0.0197	TRUE
B27_Mucilaginibacter	B43_Sphingomonas	0.6639	0.0098	TRUE
F741_unidentified	B43_Sphingomonas	0.7719	0.0296	TRUE
F1169_unidentified	B43_Sphingomonas	0.5201	0.0296	TRUE
F298_unidentified	B43_Sphingomonas	0.7021	0.0197	TRUE
F8_unidentified	B43_Sphingomonas	0.6641	0.0197	TRUE
F137_Malassezia	B43_Sphingomonas	-0.6482	0.0297	FALSE
F57_Trichoderma	B43_Sphingomonas	0.7026	0.0297	TRUE
F18_f_Phaeosphaeriaceae	B43_Sphingomonas	0.7402	0.0098	TRUE
F29_f_Didymellaceae	B43_Sphingomonas	0.6246	0.0098	TRUE
F160_Cladosporium	B43_Sphingomonas	0.584	0.0395	TRUE
F228_Purpureocillium	B43_Sphingomonas	-0.558	0.0297	FALSE
B86_Sphingomonas	B408_Pseudomonas	0.7565	0.0197	TRUE
B1_Pantoea	B408_Pseudomonas	0.7931	0.0098	TRUE
B28_Burkholderia-Caballeronia-Paraburkholderia	B408_Pseudomonas	0.7165	0.0098	TRUE
B14_Burkholderia-Caballeronia-Paraburkholderia	B408_Pseudomonas	0.6767	0.0198	TRUE
B7_Curtobacterium	B408_Pseudomonas	0.5608	0.0495	TRUE
B3_Sphingomonas	B408_Pseudomonas	0.7167	0.0098	TRUE
B103_Burkholderia-Caballeronia-Paraburkholderia	B408_Pseudomonas	0.6749	0.0197	TRUE
B317_Brevundimonas	B408_Pseudomonas	0.6261	0.0494	TRUE
B27_Mucilaginibacter	B408_Pseudomonas	0.6886	0.0296	TRUE
F741_unidentified	B408_Pseudomonas	0.7703	0.0098	TRUE
F1169_unidentified	B408_Pseudomonas	0.5379	0.0197	TRUE
F298_unidentified	B408_Pseudomonas	0.7222	0.0098	TRUE
F8_unidentified	B408_Pseudomonas	0.6771	0.0197	TRUE
F48_unidentified	B408_Pseudomonas	0.6404	0.0297	TRUE
F137_Malassezia	B408_Pseudomonas	-0.6447	0.0297	FALSE
F57_Trichoderma	B408_Pseudomonas	0.7536	0.0099	TRUE
F18_f_Phaeosphaeriaceae	B408_Pseudomonas	0.7448	0.0098	TRUE
F29_f_Didymellaceae	B408_Pseudomonas	0.6217	0.0197	TRUE
F36_Moesziomyces	B408_Pseudomonas	0.6754	0.0197	TRUE
F160_Cladosporium	B408_Pseudomonas	0.5724	0.0296	TRUE
B1_Pantoea	B86_Sphingomonas	0.7588	0.0197	TRUE
B28_Burkholderia-Caballeronia-Paraburkholderia	B86_Sphingomonas	0.7237	0.0098	TRUE
B14_Burkholderia-Caballeronia-Paraburkholderia	B86_Sphingomonas	0.7089	0.0297	TRUE
B3_Sphingomonas	B86_Sphingomonas	0.7484	0.0197	TRUE
B103_Burkholderia-Caballeronia-Paraburkholderia	B86_Sphingomonas	0.6934	0.0197	TRUE
B317_Brevundimonas	B86_Sphingomonas	0.5606	0.0098	TRUE
B27_Mucilaginibacter	B86_Sphingomonas	0.696	0.0197	TRUE
F741_unidentified	B86_Sphingomonas	0.7446	0.0098	TRUE
F298_unidentified	B86_Sphingomonas	0.68	0.0296	TRUE
F8_unidentified	B86_Sphingomonas	0.6733	0.0098	TRUE
F48_unidentified	B86_Sphingomonas	0.6002	0.0297	TRUE
F137_Malassezia	B86_Sphingomonas	-0.6527	0.0396	FALSE
F57_Trichoderma	B86_Sphingomonas	0.6971	0.0198	TRUE
F18_f_Phaeosphaeriaceae	B86_Sphingomonas	0.7256	0.0098	TRUE
F36_Moesziomyces	B86_Sphingomonas	0.6178	0.0395	TRUE
F160_Cladosporium	B86_Sphingomonas	0.563	0.0494	TRUE
F69_o_Pleosporales	B1191_Terriglobus	0.5376	0.0137	TRUE
F76_o_Sordariales	B1191_Terriglobus	0.5736	0.0235	TRUE
F2033_Cutaneotrichosporon	B1191_Terriglobus	0.4665	0.0235	TRUE
F72_unidentified	B1191_Terriglobus	0.5091	0.0433	TRUE
F693_Aspergillus	B1191_Terriglobus	0.4743	0.0487	TRUE
F488_Penicillium	B1191_Terriglobus	0.4974	0.0395	TRUE
F758_unidentified	B354_Paraburkholderia.tropica	0.5412	0.0289	TRUE
F54_Pyrenochaetopsis	B354_Paraburkholderia.tropica	0.5139	0.0395	TRUE
F1247_Aspergillus	B354_Paraburkholderia.tropica	0.6613	0.0235	TRUE
F600_Penicillium	B354_Paraburkholderia.tropica	0.5341	0.005	TRUE
F5_Alternaria	B354_Paraburkholderia.tropica	-0.492	0.0297	FALSE
B28_Burkholderia-Caballeronia-Paraburkholderia	B1_Pantoea	0.7779	0.0197	TRUE
B14_Burkholderia-Caballeronia-Paraburkholderia	B1_Pantoea	0.7065	0.0099	TRUE
B7_Curtobacterium	B1_Pantoea	0.537	0.0495	TRUE
B3_Sphingomonas	B1_Pantoea	0.733	0.0197	TRUE
B317_Brevundimonas	B1_Pantoea	0.6035	0.0098	TRUE
B27_Mucilaginibacter	B1_Pantoea	0.6799	0.0197	TRUE
F741_unidentified	B1_Pantoea	0.7845	0.0098	TRUE
F1169_unidentified	B1_Pantoea	0.5654	0.0197	TRUE
F298_unidentified	B1_Pantoea	0.7354	0.0197	TRUE
F8_unidentified	B1_Pantoea	0.6918	0.0197	TRUE
F48_unidentified	B1_Pantoea	0.6606	0.0396	TRUE
F137_Malassezia	B1_Pantoea	-0.6852	0.0198	FALSE
F57_Trichoderma	B1_Pantoea	0.7377	0.0198	TRUE
F18_f_Phaeosphaeriaceae	B1_Pantoea	0.7521	0.0098	TRUE
F29_f_Didymellaceae	B1_Pantoea	0.6589	0.0098	TRUE
F36_Moesziomyces	B1_Pantoea	0.6739	0.0098	TRUE
F160_Cladosporium	B1_Pantoea	0.552	0.0296	TRUE
B971_Pseudomonas	B12258_o_NA	0.4976	0.0433	TRUE
F2060_unidentified	B12258_o_NA	0.4918	0.0433	TRUE
F274_unidentified	B12258_o_NA	0.4966	0.0235	TRUE
F81_Cladosporium	B12258_o_NA	0.4567	0.005	TRUE
F2_Nigrospora	B307_Bacillus	0.7481	0.0099	TRUE
F9_Chaetomium	B307_Bacillus	0.5888	0.0396	TRUE
F1121_Hansfordia	B162_Asticcacaulis	0.3747	0.0433	TRUE
B14_Burkholderia-Caballeronia-Paraburkholderia	B28_Burkholderia.Caballeronia.Paraburkholderia	0.7012	0.0198	TRUE
B3_Sphingomonas	B28_Burkholderia.Caballeronia.Paraburkholderia	0.7359	0.0098	TRUE
B103_Burkholderia-Caballeronia-Paraburkholderia	B28_Burkholderia.Caballeronia.Paraburkholderia	0.6681	0.0098	TRUE
B317_Brevundimonas	B28_Burkholderia.Caballeronia.Paraburkholderia	0.6276	0.0098	TRUE
B27_Mucilaginibacter	B28_Burkholderia.Caballeronia.Paraburkholderia	0.7085	0.0197	TRUE
F741_unidentified	B28_Burkholderia.Caballeronia.Paraburkholderia	0.769	0.0098	TRUE
F1169_unidentified	B28_Burkholderia.Caballeronia.Paraburkholderia	0.5446	0.0197	TRUE
F298_unidentified	B28_Burkholderia.Caballeronia.Paraburkholderia	0.692	0.0197	TRUE
F8_unidentified	B28_Burkholderia.Caballeronia.Paraburkholderia	0.6496	0.0098	TRUE
F48_unidentified	B28_Burkholderia.Caballeronia.Paraburkholderia	0.6335	0.0396	TRUE
F137_Malassezia	B28_Burkholderia.Caballeronia.Paraburkholderia	-0.6664	0.0396	FALSE
F57_Trichoderma	B28_Burkholderia.Caballeronia.Paraburkholderia	0.7476	0.0198	TRUE
F18_f_Phaeosphaeriaceae	B28_Burkholderia.Caballeronia.Paraburkholderia	0.7375	0.0197	TRUE
F29_f_Didymellaceae	B28_Burkholderia.Caballeronia.Paraburkholderia	0.6283	0.0197	TRUE
F36_Moesziomyces	B28_Burkholderia.Caballeronia.Paraburkholderia	0.5816	0.0494	TRUE
F160_Cladosporium	B28_Burkholderia.Caballeronia.Paraburkholderia	0.5666	0.0197	TRUE
F131_unidentified	B209_Escherichia.Shigella	0.6861	0.0396	TRUE
F50_Thanatephorus	B209_Escherichia.Shigella	0.5669	0.0396	TRUE
F693_Aspergillus	B209_Escherichia.Shigella	0.5803	0.0198	TRUE
F228_Purpureocillium	B209_Escherichia.Shigella	0.6271	0.0297	TRUE
B7_Curtobacterium	B14_Burkholderia.Caballeronia.Paraburkholderia	0.8197	0.0099	TRUE
B3_Sphingomonas	B14_Burkholderia.Caballeronia.Paraburkholderia	0.6177	0.0198	TRUE
B103_Burkholderia-Caballeronia-Paraburkholderia	B14_Burkholderia.Caballeronia.Paraburkholderia	0.6081	0.0396	TRUE
B27_Mucilaginibacter	B14_Burkholderia.Caballeronia.Paraburkholderia	0.5944	0.0495	TRUE
F741_unidentified	B14_Burkholderia.Caballeronia.Paraburkholderia	0.6863	0.0099	TRUE
F48_unidentified	B14_Burkholderia.Caballeronia.Paraburkholderia	0.7417	0.0297	TRUE
F1013_unidentified	B14_Burkholderia.Caballeronia.Paraburkholderia	0.7422	0.0396	TRUE
F57_Trichoderma	B14_Burkholderia.Caballeronia.Paraburkholderia	0.851	0.0099	TRUE
F18_f_Phaeosphaeriaceae	B14_Burkholderia.Caballeronia.Paraburkholderia	0.7228	0.0099	TRUE
F29_f_Didymellaceae	B14_Burkholderia.Caballeronia.Paraburkholderia	0.5859	0.0297	TRUE
B27_Mucilaginibacter	B7_Curtobacterium	0.4509	0.0495	TRUE
F48_unidentified	B7_Curtobacterium	0.6977	0.0297	TRUE
F1013_unidentified	B7_Curtobacterium	0.8073	0.0099	TRUE
F57_Trichoderma	B7_Curtobacterium	0.7914	0.0099	TRUE
F18_f_Phaeosphaeriaceae	B7_Curtobacterium	0.5505	0.0495	TRUE
F121_Schizothecium	B7_Curtobacterium	0.5277	0.0495	TRUE
B103_Burkholderia-Caballeronia-Paraburkholderia	B3_Sphingomonas	0.7121	0.0197	TRUE
B317_Brevundimonas	B3_Sphingomonas	0.5635	0.0296	TRUE
B27_Mucilaginibacter	B3_Sphingomonas	0.6655	0.0098	TRUE
F741_unidentified	B3_Sphingomonas	0.7503	0.0098	TRUE
F298_unidentified	B3_Sphingomonas	0.7219	0.0098	TRUE
F8_unidentified	B3_Sphingomonas	0.6369	0.0098	TRUE
F48_unidentified	B3_Sphingomonas	0.5585	0.0396	TRUE
F137_Malassezia	B3_Sphingomonas	-0.6656	0.0297	FALSE
F57_Trichoderma	B3_Sphingomonas	0.7266	0.0099	TRUE
F18_f_Phaeosphaeriaceae	B3_Sphingomonas	0.7239	0.0197	TRUE
F29_f_Didymellaceae	B3_Sphingomonas	0.6559	0.0098	TRUE
F36_Moesziomyces	B3_Sphingomonas	0.5928	0.0395	TRUE
F2060_unidentified	B971_Pseudomonas	0.6903	0.0137	TRUE
F274_unidentified	B971_Pseudomonas	0.6692	0.005	TRUE
F5236_unidentified	B971_Pseudomonas	0.5484	0.0433	TRUE
F1013_unidentified	B971_Pseudomonas	0.5741	0.0197	TRUE
F3793_Phialemonium	B971_Pseudomonas	0.6598	0.0137	TRUE
F81_Cladosporium	B971_Pseudomonas	0.7013	0.005	TRUE
F121_Schizothecium	B971_Pseudomonas	0.6567	0.0289	TRUE
F109_o_Pleosporales	B95_Allorhizobium.Neorhizobium.Pararhizobium.Rhizobium	0.5308	0.0433	TRUE
F37_unidentified	B95_Allorhizobium.Neorhizobium.Pararhizobium.Rhizobium	0.5405	0.0235	TRUE
F137_Malassezia	B95_Allorhizobium.Neorhizobium.Pararhizobium.Rhizobium	-0.6313	0.0396	FALSE
F2_Nigrospora	B95_Allorhizobium.Neorhizobium.Pararhizobium.Rhizobium	-0.524	0.0495	FALSE
F410_Schizophyllum	B95_Allorhizobium.Neorhizobium.Pararhizobium.Rhizobium	0.3961	0.0334	TRUE
B5263_Nocardioides	B1295_Bacillus	0.5131	0.0137	TRUE
F2116_o_Malasseziales	B1295_Bacillus	0.4756	0.0334	TRUE
F349_Biappendiculispora	B1295_Bacillus	0.4877	0.0137	TRUE
F47_f_Phaeosphaeriaceae	B1295_Bacillus	0.4901	0.0433	TRUE
F190_Irpex	B1295_Bacillus	0.5945	0.0388	TRUE
F227_Diaporthe	B1295_Bacillus	0.6114	0.0137	TRUE
F620_Candida	B1295_Bacillus	0.5481	0.005	TRUE
F2219_Paraconiothyrium	B1295_Bacillus	0.4808	0.0433	TRUE
F161_Paraphoma	B1295_Bacillus	0.5187	0.0334	TRUE
F1121_Hansfordia	B1295_Bacillus	0.4671	0.0433	TRUE
F124_Stachybotrys	B1295_Bacillus	0.489	0.0334	TRUE
F55_f_Nectriaceae	B1295_Bacillus	0.5267	0.0433	TRUE
F2193_Discosia	B1295_Bacillus	0.4886	0.0433	TRUE
B317_Brevundimonas	B103_Burkholderia.Caballeronia.Paraburkholderia	0.5855	0.0197	TRUE
B27_Mucilaginibacter	B103_Burkholderia.Caballeronia.Paraburkholderia	0.679	0.0197	TRUE
F741_unidentified	B103_Burkholderia.Caballeronia.Paraburkholderia	0.7052	0.0098	TRUE
F298_unidentified	B103_Burkholderia.Caballeronia.Paraburkholderia	0.6354	0.0197	TRUE
F8_unidentified	B103_Burkholderia.Caballeronia.Paraburkholderia	0.5973	0.0296	TRUE
F137_Malassezia	B103_Burkholderia.Caballeronia.Paraburkholderia	-0.6209	0.0297	FALSE
F57_Trichoderma	B103_Burkholderia.Caballeronia.Paraburkholderia	0.6951	0.0495	TRUE
F18_f_Phaeosphaeriaceae	B103_Burkholderia.Caballeronia.Paraburkholderia	0.7145	0.0098	TRUE
F29_f_Didymellaceae	B103_Burkholderia.Caballeronia.Paraburkholderia	0.5787	0.0296	TRUE
F36_Moesziomyces	B103_Burkholderia.Caballeronia.Paraburkholderia	0.5841	0.0494	TRUE
B27_Mucilaginibacter	B317_Brevundimonas	0.602	0.0197	TRUE
F741_unidentified	B317_Brevundimonas	0.6433	0.0197	TRUE
F1169_unidentified	B317_Brevundimonas	0.5335	0.0098	TRUE
F298_unidentified	B317_Brevundimonas	0.5534	0.0197	TRUE
F8_unidentified	B317_Brevundimonas	0.4941	0.0494	TRUE
F57_Trichoderma	B317_Brevundimonas	0.5503	0.0198	TRUE
F18_f_Phaeosphaeriaceae	B317_Brevundimonas	0.5587	0.0197	TRUE
F29_f_Didymellaceae	B317_Brevundimonas	0.5298	0.0197	TRUE
F160_Cladosporium	B317_Brevundimonas	0.4324	0.0395	TRUE
F458_Endoxyla	B12_Novosphingobium	0.6421	0.0296	TRUE
F861_unidentified	B5263_Nocardioides	0.4729	0.0289	TRUE
F2116_o_Malasseziales	B5263_Nocardioides	0.4385	0.0235	TRUE
F349_Biappendiculispora	B5263_Nocardioides	0.4582	0.0433	TRUE
F47_f_Phaeosphaeriaceae	B5263_Nocardioides	0.4836	0.0235	TRUE
F177_unidentified	B5263_Nocardioides	0.5442	0.0137	TRUE
F190_Irpex	B5263_Nocardioides	0.5642	0.0289	TRUE
F227_Diaporthe	B5263_Nocardioides	0.5408	0.0137	TRUE
F575_Trametes	B5263_Nocardioides	0.4469	0.0433	TRUE
F297_Coniothyrium	B5263_Nocardioides	0.3744	0.0334	TRUE
F161_Paraphoma	B5263_Nocardioides	0.4933	0.0433	TRUE
F1121_Hansfordia	B5263_Nocardioides	0.4878	0.0334	TRUE
F124_Stachybotrys	B5263_Nocardioides	0.423	0.0334	TRUE
F55_f_Nectriaceae	B5263_Nocardioides	0.4906	0.005	TRUE
F2193_Discosia	B5263_Nocardioides	0.4245	0.0433	TRUE
F741_unidentified	B27_Mucilaginibacter	0.6924	0.0098	TRUE
F1169_unidentified	B27_Mucilaginibacter	0.493	0.0395	TRUE
F298_unidentified	B27_Mucilaginibacter	0.5623	0.0197	TRUE
F8_unidentified	B27_Mucilaginibacter	0.6419	0.0296	TRUE
F137_Malassezia	B27_Mucilaginibacter	-0.6383	0.0297	FALSE
F57_Trichoderma	B27_Mucilaginibacter	0.619	0.0297	TRUE
F18_f_Phaeosphaeriaceae	B27_Mucilaginibacter	0.6359	0.0296	TRUE
F29_f_Didymellaceae	B27_Mucilaginibacter	0.536	0.0494	TRUE
F36_Moesziomyces	B27_Mucilaginibacter	0.5825	0.0296	TRUE
F160_Cladosporium	B27_Mucilaginibacter	0.5341	0.0296	TRUE
F1033_Endoxyla	F2970_unidentified	0.5068	0.0235	TRUE
F291_o_Diaporthales	F2970_unidentified	0.5188	0.0235	TRUE
F1481_Gibberella	F2970_unidentified	0.545	0.0235	TRUE
F6_Cladosporium	F758_unidentified	-0.5693	0.0099	FALSE
F600_Penicillium	F758_unidentified	0.4614	0.0388	TRUE
F1169_unidentified	F741_unidentified	0.5292	0.0197	TRUE
F298_unidentified	F741_unidentified	0.7395	0.0197	TRUE
F8_unidentified	F741_unidentified	0.6733	0.0494	TRUE
F48_unidentified	F741_unidentified	0.5804	0.0495	TRUE
F137_Malassezia	F741_unidentified	-0.6717	0.0396	FALSE
F57_Trichoderma	F741_unidentified	0.7238	0.0198	TRUE
F18_f_Phaeosphaeriaceae	F741_unidentified	0.7854	0.0098	TRUE
F29_f_Didymellaceae	F741_unidentified	0.6447	0.0197	TRUE
F36_Moesziomyces	F741_unidentified	0.6748	0.0296	TRUE
F160_Cladosporium	F741_unidentified	0.5211	0.0494	TRUE
F228_Purpureocillium	F741_unidentified	-0.5543	0.0495	FALSE
F985_unidentified	F458_Endoxyla	0.493	0.0487	TRUE
F62_Mrakia	F458_Endoxyla	0.4846	0.0487	TRUE
F174_unidentified	F458_Endoxyla	0.4868	0.0388	TRUE
F2116_o_Malasseziales	F61_o_Pleosporales	0.4728	0.0487	TRUE
F658_Candida	F61_o_Pleosporales	0.6582	0.0396	TRUE
F1121_Hansfordia	F61_o_Pleosporales	0.4139	0.0388	TRUE
F124_Stachybotrys	F61_o_Pleosporales	0.517	0.019	TRUE
F488_Penicillium	F61_o_Pleosporales	0.5508	0.0198	TRUE
F1888_Colletotrichum	F61_o_Pleosporales	0.6136	0.0197	TRUE
F2494_Vishniacozyma	F106_unidentified	0.5212	0.0495	TRUE
F16_Pyricularia	F131_unidentified	0.9151	0.0099	TRUE
F57_Trichoderma	F131_unidentified	-0.6093	0.0495	FALSE
F50_Thanatephorus	F131_unidentified	0.7346	0.0297	TRUE
F228_Purpureocillium	F131_unidentified	0.8618	0.0198	TRUE
F5_Alternaria	F131_unidentified	-0.8195	0.0099	FALSE
F2060_unidentified	F566_unidentified	0.6249	0.0235	TRUE
F274_unidentified	F566_unidentified	0.6352	0.005	TRUE
F5236_unidentified	F566_unidentified	0.5145	0.0137	TRUE
F3793_Phialemonium	F566_unidentified	0.5346	0.0334	TRUE
F81_Cladosporium	F566_unidentified	0.589	0.0137	TRUE
F4166_unidentified	F69_o_Pleosporales	0.5228	0.0137	TRUE
F76_o_Sordariales	F69_o_Pleosporales	0.5984	0.0137	TRUE
F2033_Cutaneotrichosporon	F69_o_Pleosporales	0.549	0.0235	TRUE
F72_unidentified	F69_o_Pleosporales	0.5844	0.005	TRUE
F693_Aspergillus	F69_o_Pleosporales	0.5125	0.019	TRUE
F488_Penicillium	F69_o_Pleosporales	0.5322	0.0296	TRUE
F1888_Colletotrichum	F69_o_Pleosporales	0.5158	0.0388	TRUE
F274_unidentified	F2060_unidentified	0.6875	0.005	TRUE
F2494_Vishniacozyma	F2060_unidentified	0.4969	0.0388	TRUE
F5236_unidentified	F2060_unidentified	0.5423	0.0235	TRUE
F1013_unidentified	F2060_unidentified	0.5771	0.0197	TRUE
F441_o_Hypocreales	F2060_unidentified	0.4983	0.019	TRUE
F3793_Phialemonium	F2060_unidentified	0.6635	0.005	TRUE
F81_Cladosporium	F2060_unidentified	0.7305	0.0137	TRUE
F121_Schizothecium	F2060_unidentified	0.6981	0.0091	TRUE
F37_unidentified	F109_o_Pleosporales	0.5668	0.0433	TRUE
F167_unidentified	F109_o_Pleosporales	0.4092	0.0433	TRUE
F137_Malassezia	F109_o_Pleosporales	-0.6393	0.0099	FALSE
F226_Saitozyma	F109_o_Pleosporales	0.5052	0.0137	TRUE
F36_Moesziomyces	F109_o_Pleosporales	0.4419	0.0487	TRUE
F228_Purpureocillium	F109_o_Pleosporales	-0.5895	0.0495	FALSE
F174_unidentified	F449_unidentified	0.526	0.0334	TRUE
F47_f_Phaeosphaeriaceae	F222_o_NA	0.4097	0.0235	TRUE
F177_unidentified	F222_o_NA	0.5062	0.005	TRUE
F190_Irpex	F222_o_NA	0.5457	0.0487	TRUE
F298_unidentified	F1169_unidentified	0.5349	0.0197	TRUE
F8_unidentified	F1169_unidentified	0.5436	0.0197	TRUE
F3408_unidentified	F1033_Endoxyla	0.4418	0.0235	TRUE
F318_Saccharomyces	F1033_Endoxyla	0.4339	0.0334	TRUE
F291_o_Diaporthales	F1033_Endoxyla	0.5298	0.0137	TRUE
F3780_Lentinus	F1033_Endoxyla	0.4222	0.0334	TRUE
F435_Cyberlindnera	F1033_Endoxyla	0.4211	0.0433	TRUE
F98_f_Didymellaceae	F1033_Endoxyla	0.506	0.0388	TRUE
F1481_Gibberella	F1033_Endoxyla	0.5722	0.0235	TRUE
F166_Aspergillus	F1033_Endoxyla	0.5086	0.0137	TRUE
F5236_unidentified	F274_unidentified	0.5367	0.005	TRUE
F1013_unidentified	F274_unidentified	0.5386	0.0494	TRUE
F3793_Phialemonium	F274_unidentified	0.5981	0.0137	TRUE
F81_Cladosporium	F274_unidentified	0.6507	0.005	TRUE
F121_Schizothecium	F274_unidentified	0.6638	0.0091	TRUE
F2456_Hymenochaete	F1369_unidentified	0.6201	0.0137	TRUE
F4779_o_NA	F1369_unidentified	0.4544	0.0334	TRUE
F430_unidentified	F1369_unidentified	0.6928	0.0137	TRUE
F169_Naganishia	F1369_unidentified	0.5549	0.0137	TRUE
F407_Phanerochaete	F1369_unidentified	0.494	0.0235	TRUE
F436_Rhodosporidiobolus	F1369_unidentified	0.6464	0.0137	TRUE
F3797_o_NA	F1369_unidentified	0.4499	0.0334	TRUE
F178_Schizopora	F1369_unidentified	0.5731	0.0235	TRUE
F9_Chaetomium	F1369_unidentified	0.4523	0.0289	TRUE
F362_Porostereum	F759_unidentified	0.4104	0.0296	TRUE
F1013_unidentified	F2494_Vishniacozyma	0.6227	0.0099	TRUE
F3793_Phialemonium	F2494_Vishniacozyma	0.4522	0.0289	TRUE
F81_Cladosporium	F2494_Vishniacozyma	0.4955	0.0487	TRUE
F8_unidentified	F298_unidentified	0.6534	0.0296	TRUE
F1218_unidentified	F298_unidentified	0.4948	0.0289	TRUE
F57_Trichoderma	F298_unidentified	0.6553	0.0495	TRUE
F18_f_Phaeosphaeriaceae	F298_unidentified	0.6404	0.0296	TRUE
F174_unidentified	F298_unidentified	0.5203	0.0289	TRUE
F29_f_Didymellaceae	F298_unidentified	0.5874	0.0494	TRUE
F36_Moesziomyces	F298_unidentified	0.5757	0.0494	TRUE
F291_o_Diaporthales	F3408_unidentified	0.542	0.005	TRUE
F3780_Lentinus	F3408_unidentified	0.4689	0.0433	TRUE
F1481_Gibberella	F3408_unidentified	0.5776	0.0137	TRUE
F166_Aspergillus	F3408_unidentified	0.4344	0.0433	TRUE
F137_Malassezia	F37_unidentified	-0.6851	0.0198	FALSE
F228_Purpureocillium	F37_unidentified	-0.6048	0.0396	FALSE
F98_f_Didymellaceae	F861_unidentified	0.7853	0.0098	TRUE
F2193_Discosia	F861_unidentified	0.4595	0.0388	TRUE
F430_unidentified	F2456_Hymenochaete	0.6756	0.0433	TRUE
F169_Naganishia	F2456_Hymenochaete	0.6432	0.0137	TRUE
F436_Rhodosporidiobolus	F2456_Hymenochaete	0.6831	0.0235	TRUE
F3797_o_NA	F2456_Hymenochaete	0.6043	0.0137	TRUE
F178_Schizopora	F2456_Hymenochaete	0.5519	0.0235	TRUE
F482_Pichia	F2456_Hymenochaete	0.4249	0.0487	TRUE
F47_f_Phaeosphaeriaceae	F2116_o_Malasseziales	0.4705	0.0334	TRUE
F177_unidentified	F2116_o_Malasseziales	0.5154	0.0433	TRUE
F190_Irpex	F2116_o_Malasseziales	0.5754	0.0388	TRUE
F575_Trametes	F2116_o_Malasseziales	0.5055	0.0235	TRUE
F620_Candida	F2116_o_Malasseziales	0.4551	0.0433	TRUE
F161_Paraphoma	F2116_o_Malasseziales	0.4504	0.0433	TRUE
F124_Stachybotrys	F2116_o_Malasseziales	0.5221	0.0334	TRUE
F76_o_Sordariales	F4166_unidentified	0.5649	0.0334	TRUE
F2033_Cutaneotrichosporon	F4166_unidentified	0.42	0.0334	TRUE
F72_unidentified	F4166_unidentified	0.5489	0.0235	TRUE
F57_Trichoderma	F8_unidentified	0.6071	0.0099	TRUE
F18_f_Phaeosphaeriaceae	F8_unidentified	0.6815	0.0098	TRUE
F29_f_Didymellaceae	F8_unidentified	0.5803	0.0395	TRUE
F36_Moesziomyces	F8_unidentified	0.5082	0.0494	TRUE
F160_Cladosporium	F8_unidentified	0.5364	0.0494	TRUE
F1013_unidentified	F48_unidentified	0.5784	0.0297	TRUE
F658_Candida	F48_unidentified	-0.6887	0.0198	FALSE
F57_Trichoderma	F48_unidentified	0.7339	0.0198	TRUE
F18_f_Phaeosphaeriaceae	F48_unidentified	0.606	0.0099	TRUE
F29_f_Didymellaceae	F48_unidentified	0.539	0.0495	TRUE
F36_Moesziomyces	F48_unidentified	0.5323	0.0396	TRUE
F1121_Hansfordia	F48_unidentified	-0.4477	0.0495	FALSE
F2033_Cutaneotrichosporon	F76_o_Sordariales	0.5818	0.005	TRUE
F72_unidentified	F76_o_Sordariales	0.5906	0.0235	TRUE
F693_Aspergillus	F76_o_Sordariales	0.5001	0.0289	TRUE
F488_Penicillium	F76_o_Sordariales	0.6334	0.0296	TRUE
F1888_Colletotrichum	F76_o_Sordariales	0.5464	0.0487	TRUE
F939_Phlebia	F1218_unidentified	0.4756	0.0433	TRUE
F174_unidentified	F1218_unidentified	0.5056	0.0235	TRUE
F28_f_Hypocreales_fam_Incertae_sedis	F1218_unidentified	0.4925	0.0334	TRUE
F430_unidentified	F4779_o_NA	0.536	0.0433	TRUE
F169_Naganishia	F4779_o_NA	0.525	0.0137	TRUE
F407_Phanerochaete	F4779_o_NA	0.4457	0.0334	TRUE
F169_Naganishia	F430_unidentified	0.7149	0.005	TRUE
F686_Malassezia	F430_unidentified	0.5107	0.0235	TRUE
F407_Phanerochaete	F430_unidentified	0.5744	0.005	TRUE
F436_Rhodosporidiobolus	F430_unidentified	0.787	0.005	TRUE
F3797_o_NA	F430_unidentified	0.5457	0.0137	TRUE
F178_Schizopora	F430_unidentified	0.7001	0.005	TRUE
F9_Chaetomium	F430_unidentified	0.5578	0.019	TRUE
F3793_Phialemonium	F5236_unidentified	0.5107	0.0235	TRUE
F121_Schizothecium	F5236_unidentified	0.505	0.0487	TRUE
F62_Mrakia	F985_unidentified	0.4738	0.0334	TRUE
F174_unidentified	F985_unidentified	0.5174	0.0235	TRUE
F757_o_Diaporthales	F985_unidentified	0.4065	0.0433	TRUE
F227_Diaporthe	F897_unidentified	0.4557	0.0433	TRUE
F57_Trichoderma	F1013_unidentified	0.611	0.0396	TRUE
F81_Cladosporium	F1013_unidentified	0.5887	0.0197	TRUE
F121_Schizothecium	F1013_unidentified	0.6201	0.0297	TRUE
F291_o_Diaporthales	F318_Saccharomyces	0.4734	0.0235	TRUE
F1481_Gibberella	F318_Saccharomyces	0.5079	0.0334	TRUE
F166_Aspergillus	F318_Saccharomyces	0.4204	0.0334	TRUE
F686_Malassezia	F169_Naganishia	0.5543	0.0137	TRUE
F407_Phanerochaete	F169_Naganishia	0.5294	0.005	TRUE
F436_Rhodosporidiobolus	F169_Naganishia	0.6932	0.0334	TRUE
F3797_o_NA	F169_Naganishia	0.5177	0.0235	TRUE
F178_Schizopora	F169_Naganishia	0.5682	0.0334	TRUE
F4_o_Pleosporales	F16_Pyricularia	-0.651	0.0297	FALSE
F12_o_Pleosporales	F16_Pyricularia	-0.6726	0.0297	FALSE
F36_Moesziomyces	F16_Pyricularia	-0.556	0.0495	FALSE
F228_Purpureocillium	F16_Pyricularia	0.8885	0.0099	TRUE
F5_Alternaria	F16_Pyricularia	-0.6806	0.0396	FALSE
F190_Irpex	F658_Candida	0.5684	0.0297	TRUE
F488_Penicillium	F658_Candida	0.6983	0.0099	TRUE
F1888_Colletotrichum	F658_Candida	0.6071	0.0297	TRUE
F18_f_Phaeosphaeriaceae	F137_Malassezia	-0.6522	0.0198	FALSE
F29_f_Didymellaceae	F137_Malassezia	-0.5474	0.0396	FALSE
F36_Moesziomyces	F137_Malassezia	-0.6613	0.0099	FALSE
F228_Purpureocillium	F137_Malassezia	0.7429	0.0099	TRUE
F226_Saitozyma	F2_Nigrospora	-0.5158	0.0396	FALSE
F22_Setophoma	F2_Nigrospora	-0.5533	0.0495	FALSE
F18_f_Phaeosphaeriaceae	F57_Trichoderma	0.6964	0.0198	TRUE
F29_f_Didymellaceae	F57_Trichoderma	0.6304	0.0198	TRUE
F36_Moesziomyces	F57_Trichoderma	0.5668	0.0198	TRUE
F160_Cladosporium	F57_Trichoderma	0.5022	0.0396	TRUE
F47_f_Phaeosphaeriaceae	F349_Biappendiculispora	0.4493	0.0433	TRUE
F177_unidentified	F349_Biappendiculispora	0.5825	0.0137	TRUE
F190_Irpex	F349_Biappendiculispora	0.6142	0.0388	TRUE
F227_Diaporthe	F349_Biappendiculispora	0.4989	0.0334	TRUE
F161_Paraphoma	F349_Biappendiculispora	0.5458	0.005	TRUE
F1121_Hansfordia	F349_Biappendiculispora	0.5049	0.0235	TRUE
F124_Stachybotrys	F349_Biappendiculispora	0.4372	0.0433	TRUE
F55_f_Nectriaceae	F349_Biappendiculispora	0.5056	0.0433	TRUE
F2193_Discosia	F349_Biappendiculispora	0.5408	0.0334	TRUE
F105_Clonostachys	F561_Vishniacozyma	0.5823	0.0235	TRUE
F598_Rhodosporidiobolus	F561_Vishniacozyma	0.6435	0.005	TRUE
F2054_Cystobasidium	F561_Vishniacozyma	0.4873	0.0235	TRUE
F362_Porostereum	F561_Vishniacozyma	0.6296	0.0296	TRUE
F3040_Rhodotorula	F561_Vishniacozyma	0.5159	0.0433	TRUE
F448_Perenniporia	F561_Vishniacozyma	0.6105	0.0137	TRUE
F1301_Ceriporiopsis	F561_Vishniacozyma	0.6578	0.0137	TRUE
F72_unidentified	F2033_Cutaneotrichosporon	0.6007	0.0137	TRUE
F693_Aspergillus	F2033_Cutaneotrichosporon	0.4939	0.0289	TRUE
F488_Penicillium	F2033_Cutaneotrichosporon	0.542	0.0296	TRUE
F1888_Colletotrichum	F2033_Cutaneotrichosporon	0.5415	0.019	TRUE
F50_Thanatephorus	F105_Clonostachys	0.4846	0.0395	TRUE
F598_Rhodosporidiobolus	F105_Clonostachys	0.5099	0.0235	TRUE
F362_Porostereum	F105_Clonostachys	0.5463	0.0494	TRUE
F448_Perenniporia	F105_Clonostachys	0.5533	0.0137	TRUE
F1301_Ceriporiopsis	F105_Clonostachys	0.5576	0.0137	TRUE
F228_Purpureocillium	F3_Moesziomyces	-0.5943	0.0495	FALSE
F81_Cladosporium	F3_Moesziomyces	-0.4988	0.0495	FALSE
F71_Papiliotrema	F4_o_Pleosporales	0.5105	0.0296	TRUE
F29_f_Didymellaceae	F18_f_Phaeosphaeriaceae	0.6333	0.0197	TRUE
F36_Moesziomyces	F18_f_Phaeosphaeriaceae	0.6419	0.0395	TRUE
F160_Cladosporium	F18_f_Phaeosphaeriaceae	0.5431	0.0494	TRUE
F177_unidentified	F47_f_Phaeosphaeriaceae	0.6192	0.0235	TRUE
F190_Irpex	F47_f_Phaeosphaeriaceae	0.5905	0.0091	TRUE
F227_Diaporthe	F47_f_Phaeosphaeriaceae	0.568	0.0235	TRUE
F575_Trametes	F47_f_Phaeosphaeriaceae	0.4827	0.0433	TRUE
F620_Candida	F47_f_Phaeosphaeriaceae	0.4475	0.0433	TRUE
F2219_Paraconiothyrium	F47_f_Phaeosphaeriaceae	0.4488	0.0334	TRUE
F161_Paraphoma	F47_f_Phaeosphaeriaceae	0.4855	0.0433	TRUE
F1121_Hansfordia	F47_f_Phaeosphaeriaceae	0.5116	0.005	TRUE
F124_Stachybotrys	F47_f_Phaeosphaeriaceae	0.5312	0.0235	TRUE
F55_f_Nectriaceae	F47_f_Phaeosphaeriaceae	0.5382	0.0235	TRUE
F190_Irpex	F177_unidentified	0.6985	0.0091	TRUE
F277_Peniophora	F177_unidentified	0.504	0.0334	TRUE
F227_Diaporthe	F177_unidentified	0.5853	0.0334	TRUE
F620_Candida	F177_unidentified	0.5412	0.0334	TRUE
F2219_Paraconiothyrium	F177_unidentified	0.5802	0.0235	TRUE
F161_Paraphoma	F177_unidentified	0.6047	0.005	TRUE
F310_unidentified	F177_unidentified	0.4739	0.0235	TRUE
F1121_Hansfordia	F177_unidentified	0.5237	0.0334	TRUE
F124_Stachybotrys	F177_unidentified	0.5194	0.0334	TRUE
F55_f_Nectriaceae	F177_unidentified	0.5995	0.005	TRUE
F2193_Discosia	F177_unidentified	0.5245	0.0137	TRUE
F598_Rhodosporidiobolus	F50_Thanatephorus	0.511	0.0494	TRUE
F5_Alternaria	F50_Thanatephorus	-0.8754	0.0099	FALSE
F1301_Ceriporiopsis	F50_Thanatephorus	0.524	0.0197	TRUE
F9_Chaetomium	F50_Thanatephorus	0.6821	0.0198	TRUE
F407_Phanerochaete	F686_Malassezia	0.4516	0.0235	TRUE
F3797_o_NA	F686_Malassezia	0.4146	0.0137	TRUE
F178_Schizopora	F686_Malassezia	0.403	0.0433	TRUE
F227_Diaporthe	F190_Irpex	0.6306	0.0289	TRUE
F1360_Xylaria	F190_Irpex	0.4259	0.0388	TRUE
F575_Trametes	F190_Irpex	0.5779	0.0388	TRUE
F2219_Paraconiothyrium	F190_Irpex	0.531	0.0487	TRUE
F161_Paraphoma	F190_Irpex	0.639	0.0091	TRUE
F1121_Hansfordia	F190_Irpex	0.6153	0.019	TRUE
F124_Stachybotrys	F190_Irpex	0.564	0.0091	TRUE
F55_f_Nectriaceae	F190_Irpex	0.58	0.0487	TRUE
F2193_Discosia	F190_Irpex	0.5997	0.019	TRUE
F3780_Lentinus	F291_o_Diaporthales	0.5257	0.005	TRUE
F435_Cyberlindnera	F291_o_Diaporthales	0.5377	0.005	TRUE
F98_f_Didymellaceae	F291_o_Diaporthales	0.569	0.0388	TRUE
F1481_Gibberella	F291_o_Diaporthales	0.6524	0.005	TRUE
F166_Aspergillus	F291_o_Diaporthales	0.5387	0.0137	TRUE
F435_Cyberlindnera	F3780_Lentinus	0.4409	0.0334	TRUE
F1481_Gibberella	F3780_Lentinus	0.6247	0.005	TRUE
F22_Setophoma	F20_Edenia	0.6889	0.0198	TRUE
F227_Diaporthe	F277_Peniophora	0.4692	0.0235	TRUE
F1481_Gibberella	F435_Cyberlindnera	0.5074	0.0137	TRUE
F166_Aspergillus	F435_Cyberlindnera	0.4966	0.005	TRUE
F436_Rhodosporidiobolus	F407_Phanerochaete	0.5865	0.0137	TRUE
F178_Schizopora	F407_Phanerochaete	0.4392	0.0235	TRUE
F620_Candida	F227_Diaporthe	0.5589	0.0137	TRUE
F98_f_Didymellaceae	F227_Diaporthe	0.4741	0.0388	TRUE
F161_Paraphoma	F227_Diaporthe	0.5527	0.005	TRUE
F1121_Hansfordia	F227_Diaporthe	0.5352	0.0235	TRUE
F124_Stachybotrys	F227_Diaporthe	0.557	0.0137	TRUE
F55_f_Nectriaceae	F227_Diaporthe	0.537	0.0137	TRUE
F2193_Discosia	F227_Diaporthe	0.5197	0.0334	TRUE
F6_Cladosporium	F441_o_Hypocreales	-0.6734	0.0198	FALSE
F3797_o_NA	F436_Rhodosporidiobolus	0.5547	0.0137	TRUE
F178_Schizopora	F436_Rhodosporidiobolus	0.6565	0.0137	TRUE
F9_Chaetomium	F436_Rhodosporidiobolus	0.5382	0.0289	TRUE
F3040_Rhodotorula	F598_Rhodosporidiobolus	0.4517	0.0334	TRUE
F448_Perenniporia	F598_Rhodosporidiobolus	0.4908	0.0334	TRUE
F1301_Ceriporiopsis	F598_Rhodosporidiobolus	0.527	0.0235	TRUE
F2193_Discosia	F1360_Xylaria	0.3786	0.0433	TRUE
F693_Aspergillus	F72_unidentified	0.5165	0.0289	TRUE
F488_Penicillium	F72_unidentified	0.6045	0.0197	TRUE
F1888_Colletotrichum	F72_unidentified	0.5659	0.019	TRUE
F161_Paraphoma	F575_Trametes	0.4728	0.0433	TRUE
F1121_Hansfordia	F575_Trametes	0.4577	0.0235	TRUE
F55_f_Nectriaceae	F575_Trametes	0.4736	0.0433	TRUE
F1888_Colletotrichum	F693_Aspergillus	0.4952	0.0296	TRUE
F600_Penicillium	F1247_Aspergillus	0.5651	0.0137	TRUE
F448_Perenniporia	F362_Porostereum	0.5686	0.0395	TRUE
F1301_Ceriporiopsis	F362_Porostereum	0.5482	0.0395	TRUE
F1121_Hansfordia	F620_Candida	0.4631	0.0235	TRUE
F174_unidentified	F62_Mrakia	0.4766	0.0433	TRUE
F28_f_Hypocreales_fam_Incertae_sedis	F62_Mrakia	0.4495	0.0334	TRUE
F1121_Hansfordia	F98_f_Didymellaceae	0.4784	0.0487	TRUE
F1481_Gibberella	F98_f_Didymellaceae	0.5682	0.0289	TRUE
F166_Aspergillus	F98_f_Didymellaceae	0.4997	0.0487	TRUE
F36_Moesziomyces	F29_f_Didymellaceae	0.5639	0.0296	TRUE
F124_Stachybotrys	F2219_Paraconiothyrium	0.5178	0.0235	TRUE
F228_Purpureocillium	F36_Moesziomyces	-0.5609	0.0495	FALSE
F81_Cladosporium	F3793_Phialemonium	0.6584	0.005	TRUE
F121_Schizothecium	F3793_Phialemonium	0.6302	0.019	TRUE
F161_Paraphoma	F297_Coniothyrium	0.4403	0.0334	TRUE
F1121_Hansfordia	F161_Paraphoma	0.5049	0.0235	TRUE
F124_Stachybotrys	F161_Paraphoma	0.5165	0.0433	TRUE
F55_f_Nectriaceae	F161_Paraphoma	0.5715	0.005	TRUE
F121_Schizothecium	F6_Cladosporium	-0.5704	0.0495	FALSE
F2193_Discosia	F1121_Hansfordia	0.4459	0.0433	TRUE
F55_f_Nectriaceae	F124_Stachybotrys	0.4599	0.0433	TRUE
F166_Aspergillus	F1481_Gibberella	0.5575	0.0235	TRUE
F121_Schizothecium	F81_Cladosporium	0.6745	0.0487	TRUE
F93_Gaeumannomyces	F81_Cladosporium	0.5093	0.0494	TRUE
F178_Schizopora	F3797_o_NA	0.4764	0.0433	TRUE
F482_Pichia	F3797_o_NA	0.3753	0.0388	TRUE
F2193_Discosia	F55_f_Nectriaceae	0.5427	0.0334	TRUE
F448_Perenniporia	F260_Schizopora	0.3663	0.0235	TRUE
F1888_Colletotrichum	F488_Penicillium	0.6386	0.0099	TRUE
F757_o_Diaporthales	F601_Penicillium	0.3844	0.0334	TRUE
F1301_Ceriporiopsis	F5_Alternaria	-0.4939	0.0495	FALSE
F9_Chaetomium	F5_Alternaria	-0.6315	0.0198	FALSE
F1301_Ceriporiopsis	F3040_Rhodotorula	0.4661	0.0334	TRUE
F1301_Ceriporiopsis	F448_Perenniporia	0.5576	0.0137	TRUE
F93_Gaeumannomyces	F121_Schizothecium	0.5194	0.0495	TRUE
