Source	Target	Cor	pseudo_p	positive
B4109_Angustibacter	B5234_Pajaroellobacter	0.5866	0.0235	TRUE
B919_f_Burkholderiaceae	B5234_Pajaroellobacter	0.487	0.0487	TRUE
B933_Pseudomonas	B5234_Pajaroellobacter	0.6744	0.0235	TRUE
B1_Pantoea	B5234_Pajaroellobacter	0.7323	0.0137	TRUE
F3275_o_NA	B5234_Pajaroellobacter	0.6018	0.0433	TRUE
F832_f_Stereaceae	B5234_Pajaroellobacter	0.4677	0.0487	TRUE
F190_Irpex	B5234_Pajaroellobacter	0.6092	0.0137	TRUE
F507_Exidia	B5234_Pajaroellobacter	0.5199	0.0487	TRUE
F1694_f_Coniochaetaceae	B5234_Pajaroellobacter	0.6483	0.0334	TRUE
F160_Cladosporium	B5234_Pajaroellobacter	0.6661	0.0137	TRUE
F334_Plectosphaerella	B5234_Pajaroellobacter	0.6316	0.0137	TRUE
F448_Perenniporia	B5234_Pajaroellobacter	0.6173	0.005	TRUE
F16_Pyricularia	B282_Acinetobacter	0.6179	0.0396	TRUE
F231_Bullera	B282_Acinetobacter	0.436	0.0495	TRUE
F178_Schizopora	B282_Acinetobacter	0.6345	0.0396	TRUE
B6424_Lactobacillus	B1390_Candidatus.Cardinium	0.5471	0.0235	TRUE
B5842_Sphingomonas	B1390_Candidatus.Cardinium	0.5077	0.005	TRUE
B7470_Parvimonas	B1390_Candidatus.Cardinium	0.4964	0.0334	TRUE
B838_Pseudomonas	B1390_Candidatus.Cardinium	0.5067	0.0433	TRUE
B7905_Fusobacterium	B1390_Candidatus.Cardinium	0.5164	0.0137	TRUE
B8335_Acinetobacter	B1390_Candidatus.Cardinium	0.5239	0.0334	TRUE
B7810_Ezakiella	B1390_Candidatus.Cardinium	0.4692	0.0334	TRUE
B1597_Staphylococcus	B1390_Candidatus.Cardinium	0.5771	0.0334	TRUE
F2277_unidentified	B1390_Candidatus.Cardinium	0.457	0.0433	TRUE
F361_Phaeosphaeria	B1390_Candidatus.Cardinium	0.5411	0.0334	TRUE
F1352_Phaeosphaeria	B1390_Candidatus.Cardinium	0.5556	0.0235	TRUE
F922_Phlebia	B1390_Candidatus.Cardinium	0.4722	0.0334	TRUE
F673_Erythrobasidium	B1390_Candidatus.Cardinium	0.4963	0.0334	TRUE
F2630_Filobasidium	B1390_Candidatus.Cardinium	0.5083	0.0433	TRUE
F62_Mrakia	B1390_Candidatus.Cardinium	0.4639	0.0334	TRUE
F328_Phaeosphaeria	B1390_Candidatus.Cardinium	0.4812	0.0334	TRUE
F45_f_Didymellaceae	B1390_Candidatus.Cardinium	0.6605	0.0137	TRUE
B6_Sphingomonas	B12477_Oxobacter	0.6348	0.005	TRUE
B7773_Pseudomonas	B12477_Oxobacter	0.5733	0.0235	TRUE
B503_Escherichia-Shigella	B12477_Oxobacter	0.6412	0.0137	TRUE
B14675_Veillonella	B12477_Oxobacter	0.4524	0.0235	TRUE
B1017_Clostridium sensu stricto 3	B12477_Oxobacter	0.4521	0.0487	TRUE
B398_Rhodococcus	B12477_Oxobacter	0.5815	0.0433	TRUE
F537_Pichia	B12477_Oxobacter	0.5744	0.0137	TRUE
F3857_f_Orbiliaceae	B12477_Oxobacter	0.5358	0.005	TRUE
F1998_unidentified	B12477_Oxobacter	0.5391	0.0433	TRUE
F318_Saccharomyces	B12477_Oxobacter	0.5919	0.0235	TRUE
F617_Microdochium	B12477_Oxobacter	0.6612	0.0433	TRUE
F1887_Hyphoderma	B12477_Oxobacter	0.5452	0.0137	TRUE
F582_Mycoleptodiscus	B12477_Oxobacter	0.5725	0.0137	TRUE
F494_Coprinellus	B12477_Oxobacter	0.5643	0.0137	TRUE
F3460_Colletotrichum	B12477_Oxobacter	0.6074	0.0334	TRUE
F361_Phaeosphaeria	B3893_Geobacter	0.4167	0.0235	TRUE
F1352_Phaeosphaeria	B3893_Geobacter	0.4094	0.0433	TRUE
F45_f_Didymellaceae	B3893_Geobacter	0.4938	0.0433	TRUE
B4109_Angustibacter	B136_Hydrogenispora	0.5629	0.0487	TRUE
B1019_f_Micrococcaceae	B136_Hydrogenispora	0.5099	0.0289	TRUE
B4518_uncultured eubacterium WD261	B136_Hydrogenispora	0.4735	0.0487	TRUE
B302_Acinetobacter	B136_Hydrogenispora	0.5238	0.0289	TRUE
B333_metagenome	B136_Hydrogenispora	0.4607	0.0487	TRUE
B3712_Fimbriiglobus	B136_Hydrogenispora	0.5046	0.0388	TRUE
B4156_Corynebacterium 1	B136_Hydrogenispora	0.552	0.0487	TRUE
B1_Pantoea	B136_Hydrogenispora	0.5292	0.0289	TRUE
B3_Sphingomonas	B136_Hydrogenispora	0.547	0.0289	TRUE
F3275_o_NA	B136_Hydrogenispora	0.4608	0.0487	TRUE
F334_Plectosphaerella	B136_Hydrogenispora	0.5603	0.0091	TRUE
B6424_Lactobacillus	B22_uncultured.Roseobacter.sp.	-0.5235	0.0198	FALSE
B743_Escherichia-Shigella	B22_uncultured.Roseobacter.sp.	0.5293	0.0495	TRUE
B717_Acinetobacter	B22_uncultured.Roseobacter.sp.	0.5623	0.0396	TRUE
B7470_Parvimonas	B22_uncultured.Roseobacter.sp.	-0.4827	0.0396	FALSE
B54_uncultured	B22_uncultured.Roseobacter.sp.	0.9035	0.0099	TRUE
B825_Ellin6067	B22_uncultured.Roseobacter.sp.	0.5285	0.0495	TRUE
B15_Sphingomonas	B22_uncultured.Roseobacter.sp.	0.586	0.0495	TRUE
F316_Dioszegia	B22_uncultured.Roseobacter.sp.	-0.6971	0.0297	FALSE
F166_Aspergillus	B22_uncultured.Roseobacter.sp.	0.735	0.0198	TRUE
B6424_Lactobacillus	B13001_Peptococcus	0.4331	0.0334	TRUE
B5842_Sphingomonas	B13001_Peptococcus	0.4899	0.0334	TRUE
B8992_uncultured	B12486_Leptotrichia	0.5573	0.0334	TRUE
B143_Bradyrhizobium	B12486_Leptotrichia	0.6181	0.005	TRUE
B1995_Massilia	B12486_Leptotrichia	0.5329	0.0137	TRUE
B9_Methylobacterium	B12486_Leptotrichia	0.5623	0.0334	TRUE
B1954_Inquilinus	B12486_Leptotrichia	0.4856	0.0334	TRUE
B8297_Variovorax	B12486_Leptotrichia	0.5103	0.0235	TRUE
B6920_1174-901-12	B12486_Leptotrichia	0.6194	0.005	TRUE
B30_Sphingomonas	B12486_Leptotrichia	0.5487	0.0334	TRUE
B3909_Endobacter	B12486_Leptotrichia	0.5679	0.0235	TRUE
B5386_Burkholderia-Caballeronia-Paraburkholderia	B12486_Leptotrichia	0.6098	0.005	TRUE
B7024_Staphylococcus	B12486_Leptotrichia	0.5517	0.0137	TRUE
B1227_Escherichia-Shigella	B12486_Leptotrichia	0.5931	0.005	TRUE
F2565_Lophodermium	B12486_Leptotrichia	0.6563	0.005	TRUE
F658_Candida	B12486_Leptotrichia	0.5757	0.005	TRUE
F288_unidentified	B12486_Leptotrichia	0.5706	0.0137	TRUE
F277_Peniophora	B12486_Leptotrichia	0.607	0.0137	TRUE
B6424_Lactobacillus	B14324_Actinoplanes	0.359	0.0433	TRUE
B5842_Sphingomonas	B14324_Actinoplanes	0.4047	0.0235	TRUE
B7810_Ezakiella	B14324_Actinoplanes	0.3951	0.0334	TRUE
B143_Bradyrhizobium	B8992_uncultured	0.678	0.005	TRUE
B1995_Massilia	B8992_uncultured	0.6621	0.005	TRUE
B9_Methylobacterium	B8992_uncultured	0.6542	0.0433	TRUE
B14571_f_uncultured	B8992_uncultured	0.4969	0.0334	TRUE
B1954_Inquilinus	B8992_uncultured	0.538	0.005	TRUE
B8297_Variovorax	B8992_uncultured	0.6356	0.0433	TRUE
B6920_1174-901-12	B8992_uncultured	0.6461	0.0137	TRUE
B30_Sphingomonas	B8992_uncultured	0.7086	0.005	TRUE
B3909_Endobacter	B8992_uncultured	0.6734	0.005	TRUE
B5386_Burkholderia-Caballeronia-Paraburkholderia	B8992_uncultured	0.6603	0.0235	TRUE
B11866_Mycobacterium	B8992_uncultured	0.5764	0.0235	TRUE
B7024_Staphylococcus	B8992_uncultured	0.6042	0.005	TRUE
B1227_Escherichia-Shigella	B8992_uncultured	0.6655	0.0235	TRUE
F2565_Lophodermium	B8992_uncultured	0.7276	0.005	TRUE
F658_Candida	B8992_uncultured	0.7062	0.0137	TRUE
F288_unidentified	B8992_uncultured	0.5875	0.0235	TRUE
F277_Peniophora	B8992_uncultured	0.6212	0.005	TRUE
F178_Schizopora	B8992_uncultured	0.4215	0.0494	TRUE
F100_Talaromyces	B8992_uncultured	0.5546	0.0289	TRUE
B1019_f_Micrococcaceae	B2489_Pir4.lineage	0.5568	0.0137	TRUE
B4518_uncultured eubacterium WD261	B2489_Pir4.lineage	0.517	0.0235	TRUE
B302_Acinetobacter	B2489_Pir4.lineage	0.6227	0.005	TRUE
B333_metagenome	B2489_Pir4.lineage	0.4851	0.0137	TRUE
B32_Bradyrhizobium	B2489_Pir4.lineage	0.637	0.005	TRUE
B3712_Fimbriiglobus	B2489_Pir4.lineage	0.5538	0.0137	TRUE
B4156_Corynebacterium 1	B2489_Pir4.lineage	0.614	0.0137	TRUE
B354_Paraburkholderia tropica	B2489_Pir4.lineage	0.5261	0.005	TRUE
B3_Sphingomonas	B2489_Pir4.lineage	0.6483	0.0235	TRUE
F5672_unidentified	B2489_Pir4.lineage	0.5791	0.0334	TRUE
F895_Dipodascus	B2489_Pir4.lineage	0.6337	0.0137	TRUE
F441_o_Hypocreales	B2489_Pir4.lineage	0.6178	0.0137	TRUE
F1264_unidentified	B2489_Pir4.lineage	0.566	0.0334	TRUE
F66_Trichoderma	B2489_Pir4.lineage	0.6371	0.0137	TRUE
B9447_Acidovorax	B8551_f_AKAU3564.sediment.group	0.5909	0.005	TRUE
B2784_uncultured Nitrospirae bacterium	B8551_f_AKAU3564.sediment.group	0.5684	0.005	TRUE
B1313_Escherichia-Shigella	B8551_f_AKAU3564.sediment.group	0.6441	0.0334	TRUE
B13897_Paenibacillus	B8551_f_AKAU3564.sediment.group	0.5161	0.0433	TRUE
F2698_unidentified	B8551_f_AKAU3564.sediment.group	0.5564	0.0137	TRUE
F7_unidentified	B8551_f_AKAU3564.sediment.group	0.5941	0.0334	TRUE
F4363_unidentified	B8551_f_AKAU3564.sediment.group	0.6002	0.0235	TRUE
F57_Trichoderma	B8551_f_AKAU3564.sediment.group	0.6497	0.0235	TRUE
F18_f_Phaeosphaeriaceae	B8551_f_AKAU3564.sediment.group	0.6717	0.0137	TRUE
F23_Solicoccozyma	B8551_f_AKAU3564.sediment.group	0.5729	0.0334	TRUE
F144_Typhula	B8551_f_AKAU3564.sediment.group	0.5517	0.0137	TRUE
F120_Sporobolomyces	B8551_f_AKAU3564.sediment.group	0.6177	0.0235	TRUE
F429_Bjerkandera	B8551_f_AKAU3564.sediment.group	0.5634	0.0334	TRUE
F10_Guehomyces	B8551_f_AKAU3564.sediment.group	0.6272	0.0235	TRUE
F81_Cladosporium	B8551_f_AKAU3564.sediment.group	0.5941	0.0235	TRUE
F13_Zopfiella	B8551_f_AKAU3564.sediment.group	0.6212	0.0235	TRUE
F90_Pseudogymnoascus	B8551_f_AKAU3564.sediment.group	0.5311	0.0235	TRUE
F276_Cercospora	B8551_f_AKAU3564.sediment.group	0.6114	0.0334	TRUE
B6424_Lactobacillus	B13051_Anaerococcus	0.4073	0.0433	TRUE
B11084_Allorhizobium-Neorhizobium-Pararhizobium-Rhizobium	B13051_Anaerococcus	0.4101	0.0433	TRUE
B743_Escherichia-Shigella	B2077_o_NA	0.6307	0.0137	TRUE
B717_Acinetobacter	B2077_o_NA	0.5776	0.0235	TRUE
B12149_Bacillus	B2077_o_NA	0.5775	0.005	TRUE
B825_Ellin6067	B2077_o_NA	0.5016	0.0235	TRUE
B15_Sphingomonas	B2077_o_NA	0.5924	0.005	TRUE
F3806_o_NA	B2077_o_NA	0.5997	0.0137	TRUE
F1482_Hyphoderma	B2077_o_NA	0.5877	0.0137	TRUE
F2141_unidentified	B2077_o_NA	0.6318	0.0137	TRUE
F3977_f_Sporormiaceae	B2077_o_NA	0.6127	0.0137	TRUE
F1707_o_Pleosporales	B2077_o_NA	0.4832	0.0487	TRUE
B37_Allorhizobium-Neorhizobium-Pararhizobium-Rhizobium	B10483_Corynebacterium.1	0.6915	0.005	TRUE
B12642_Methylobacterium	B10483_Corynebacterium.1	0.5722	0.0235	TRUE
B8760_Pseudomonas	B10483_Corynebacterium.1	0.7087	0.005	TRUE
B5356_Xanthomonas	B10483_Corynebacterium.1	0.642	0.0235	TRUE
F16_Pyricularia	B10483_Corynebacterium.1	0.7034	0.0198	TRUE
F818_Phaeosphaeria	B10483_Corynebacterium.1	0.599	0.0235	TRUE
F231_Bullera	B10483_Corynebacterium.1	0.5736	0.0137	TRUE
B7773_Pseudomonas	B6_Sphingomonas	0.7549	0.0137	TRUE
B503_Escherichia-Shigella	B6_Sphingomonas	0.7877	0.005	TRUE
B14675_Veillonella	B6_Sphingomonas	0.5081	0.0334	TRUE
B398_Rhodococcus	B6_Sphingomonas	0.724	0.005	TRUE
F537_Pichia	B6_Sphingomonas	0.7128	0.005	TRUE
F3857_f_Orbiliaceae	B6_Sphingomonas	0.6078	0.0137	TRUE
F1998_unidentified	B6_Sphingomonas	0.6082	0.0235	TRUE
F318_Saccharomyces	B6_Sphingomonas	0.6986	0.0235	TRUE
F137_Malassezia	B6_Sphingomonas	0.566	0.0289	TRUE
F617_Microdochium	B6_Sphingomonas	0.8222	0.0334	TRUE
F1887_Hyphoderma	B6_Sphingomonas	0.6691	0.0235	TRUE
F582_Mycoleptodiscus	B6_Sphingomonas	0.7078	0.0137	TRUE
F494_Coprinellus	B6_Sphingomonas	0.6765	0.0334	TRUE
F3460_Colletotrichum	B6_Sphingomonas	0.6649	0.0235	TRUE
B210_Ralstonia	B37_Allorhizobium.Neorhizobium.Pararhizobium.Rhizobium	-0.5132	0.0495	FALSE
B437_Escherichia-Shigella	B37_Allorhizobium.Neorhizobium.Pararhizobium.Rhizobium	0.5595	0.0289	TRUE
B12642_Methylobacterium	B37_Allorhizobium.Neorhizobium.Pararhizobium.Rhizobium	0.5988	0.005	TRUE
B8760_Pseudomonas	B37_Allorhizobium.Neorhizobium.Pararhizobium.Rhizobium	0.6577	0.005	TRUE
B5356_Xanthomonas	B37_Allorhizobium.Neorhizobium.Pararhizobium.Rhizobium	0.6509	0.0235	TRUE
F818_Phaeosphaeria	B37_Allorhizobium.Neorhizobium.Pararhizobium.Rhizobium	0.5832	0.0235	TRUE
F1707_o_Pleosporales	B37_Allorhizobium.Neorhizobium.Pararhizobium.Rhizobium	0.5531	0.0487	TRUE
F231_Bullera	B37_Allorhizobium.Neorhizobium.Pararhizobium.Rhizobium	0.6123	0.0334	TRUE
B5842_Sphingomonas	B6424_Lactobacillus	0.6403	0.0334	TRUE
B54_uncultured	B6424_Lactobacillus	-0.5646	0.0495	FALSE
B838_Pseudomonas	B6424_Lactobacillus	0.6409	0.0235	TRUE
B7905_Fusobacterium	B6424_Lactobacillus	0.4828	0.0433	TRUE
B9451_Peptoniphilus	B6424_Lactobacillus	0.5866	0.0137	TRUE
B8335_Acinetobacter	B6424_Lactobacillus	0.5763	0.0334	TRUE
B5388_Finegoldia	B6424_Lactobacillus	0.574	0.0235	TRUE
B5963_Prevotella	B6424_Lactobacillus	0.5482	0.0433	TRUE
B7810_Ezakiella	B6424_Lactobacillus	0.5344	0.0137	TRUE
B9896_Porphyromonas	B6424_Lactobacillus	0.4697	0.0235	TRUE
B1597_Staphylococcus	B6424_Lactobacillus	0.6511	0.0433	TRUE
F2532_unidentified	B6424_Lactobacillus	0.535	0.0334	TRUE
F2700_unidentified	B6424_Lactobacillus	0.5833	0.0137	TRUE
F698_unidentified	B6424_Lactobacillus	0.408	0.005	TRUE
F2277_unidentified	B6424_Lactobacillus	0.5105	0.0334	TRUE
F133_Cyphellophora	B6424_Lactobacillus	0.661	0.005	TRUE
F213_Yarrowia	B6424_Lactobacillus	-0.6865	0.0396	FALSE
F361_Phaeosphaeria	B6424_Lactobacillus	0.6617	0.0334	TRUE
F1352_Phaeosphaeria	B6424_Lactobacillus	0.5699	0.0334	TRUE
F673_Erythrobasidium	B6424_Lactobacillus	0.6377	0.0334	TRUE
F2630_Filobasidium	B6424_Lactobacillus	0.5395	0.0433	TRUE
F62_Mrakia	B6424_Lactobacillus	0.4832	0.0235	TRUE
F328_Phaeosphaeria	B6424_Lactobacillus	0.5541	0.0334	TRUE
F45_f_Didymellaceae	B6424_Lactobacillus	0.6867	0.0235	TRUE
F97_o_Sordariales	B6424_Lactobacillus	0.542	0.0235	TRUE
B1995_Massilia	B143_Bradyrhizobium	0.755	0.0137	TRUE
B210_Ralstonia	B143_Bradyrhizobium	-0.6144	0.0297	FALSE
B9_Methylobacterium	B143_Bradyrhizobium	0.708	0.0334	TRUE
B14571_f_uncultured	B143_Bradyrhizobium	0.5431	0.0334	TRUE
B1954_Inquilinus	B143_Bradyrhizobium	0.6094	0.005	TRUE
B8297_Variovorax	B143_Bradyrhizobium	0.6912	0.0137	TRUE
B6920_1174-901-12	B143_Bradyrhizobium	0.7425	0.005	TRUE
B30_Sphingomonas	B143_Bradyrhizobium	0.7537	0.005	TRUE
B3909_Endobacter	B143_Bradyrhizobium	0.7162	0.0137	TRUE
B5386_Burkholderia-Caballeronia-Paraburkholderia	B143_Bradyrhizobium	0.7431	0.0137	TRUE
B11866_Mycobacterium	B143_Bradyrhizobium	0.669	0.005	TRUE
B7024_Staphylococcus	B143_Bradyrhizobium	0.6782	0.0334	TRUE
B1227_Escherichia-Shigella	B143_Bradyrhizobium	0.7702	0.0137	TRUE
F2565_Lophodermium	B143_Bradyrhizobium	0.7738	0.005	TRUE
F658_Candida	B143_Bradyrhizobium	0.7373	0.0137	TRUE
F288_unidentified	B143_Bradyrhizobium	0.7266	0.0137	TRUE
F277_Peniophora	B143_Bradyrhizobium	0.7019	0.0137	TRUE
F100_Talaromyces	B143_Bradyrhizobium	0.5106	0.0388	TRUE
B461_Acinetobacter	B26_Bradyrhizobium	0.5233	0.0487	TRUE
B7809_Kribbella	B26_Bradyrhizobium	0.5645	0.0289	TRUE
F206_unidentified	B26_Bradyrhizobium	0.7254	0.0198	TRUE
F888_Phellinus	B26_Bradyrhizobium	0.5256	0.0487	TRUE
F2277_unidentified	B26_Bradyrhizobium	0.4502	0.0487	TRUE
F3089_Buergenerula	B26_Bradyrhizobium	0.5248	0.0487	TRUE
F552_unidentified	B26_Bradyrhizobium	0.5753	0.0487	TRUE
F97_o_Sordariales	B26_Bradyrhizobium	0.4342	0.0388	TRUE
B743_Escherichia-Shigella	B464_Pseudomonas	0.588	0.0487	TRUE
B717_Acinetobacter	B464_Pseudomonas	0.5454	0.0289	TRUE
B12149_Bacillus	B464_Pseudomonas	0.5325	0.0487	TRUE
B302_Acinetobacter	B464_Pseudomonas	0.5558	0.0487	TRUE
B825_Ellin6067	B464_Pseudomonas	0.5487	0.0487	TRUE
B4156_Corynebacterium 1	B464_Pseudomonas	0.4765	0.0487	TRUE
B354_Paraburkholderia tropica	B464_Pseudomonas	0.495	0.0388	TRUE
F2141_unidentified	B464_Pseudomonas	0.6097	0.0388	TRUE
F5672_unidentified	B464_Pseudomonas	0.4931	0.0388	TRUE
F3977_f_Sporormiaceae	B464_Pseudomonas	0.599	0.0388	TRUE
F1264_unidentified	B464_Pseudomonas	0.5397	0.0487	TRUE
F5_Alternaria	B464_Pseudomonas	-0.6075	0.0495	FALSE
B933_Pseudomonas	B4109_Angustibacter	0.677	0.0137	TRUE
B1_Pantoea	B4109_Angustibacter	0.7351	0.005	TRUE
F3275_o_NA	B4109_Angustibacter	0.6576	0.005	TRUE
F832_f_Stereaceae	B4109_Angustibacter	0.5812	0.0289	TRUE
F190_Irpex	B4109_Angustibacter	0.6483	0.0235	TRUE
F1694_f_Coniochaetaceae	B4109_Angustibacter	0.734	0.005	TRUE
F160_Cladosporium	B4109_Angustibacter	0.6875	0.0137	TRUE
F334_Plectosphaerella	B4109_Angustibacter	0.7197	0.0235	TRUE
F448_Perenniporia	B4109_Angustibacter	0.6688	0.005	TRUE
B503_Escherichia-Shigella	B7773_Pseudomonas	0.7536	0.005	TRUE
B1017_Clostridium sensu stricto 3	B7773_Pseudomonas	0.5455	0.019	TRUE
B398_Rhodococcus	B7773_Pseudomonas	0.657	0.005	TRUE
F537_Pichia	B7773_Pseudomonas	0.671	0.0235	TRUE
F3857_f_Orbiliaceae	B7773_Pseudomonas	0.6411	0.0235	TRUE
F1998_unidentified	B7773_Pseudomonas	0.5987	0.0334	TRUE
F318_Saccharomyces	B7773_Pseudomonas	0.6761	0.0137	TRUE
F617_Microdochium	B7773_Pseudomonas	0.7865	0.0137	TRUE
F1887_Hyphoderma	B7773_Pseudomonas	0.7135	0.005	TRUE
F582_Mycoleptodiscus	B7773_Pseudomonas	0.6877	0.005	TRUE
F494_Coprinellus	B7773_Pseudomonas	0.6826	0.0137	TRUE
F3460_Colletotrichum	B7773_Pseudomonas	0.6076	0.0235	TRUE
B717_Acinetobacter	B743_Escherichia.Shigella	0.7538	0.005	TRUE
B12149_Bacillus	B743_Escherichia.Shigella	0.7161	0.0137	TRUE
B825_Ellin6067	B743_Escherichia.Shigella	0.6916	0.0137	TRUE
B15_Sphingomonas	B743_Escherichia.Shigella	0.7431	0.0235	TRUE
F3806_o_NA	B743_Escherichia.Shigella	0.7891	0.0137	TRUE
F1482_Hyphoderma	B743_Escherichia.Shigella	0.7611	0.005	TRUE
F2141_unidentified	B743_Escherichia.Shigella	0.7478	0.0235	TRUE
F3977_f_Sporormiaceae	B743_Escherichia.Shigella	0.7519	0.005	TRUE
F29_f_Didymellaceae	B743_Escherichia.Shigella	0.563	0.0297	TRUE
F1707_o_Pleosporales	B743_Escherichia.Shigella	0.5718	0.0487	TRUE
B5842_Sphingomonas	B11084_Allorhizobium.Neorhizobium.Pararhizobium.Rhizobium	0.533	0.0433	TRUE
B838_Pseudomonas	B11084_Allorhizobium.Neorhizobium.Pararhizobium.Rhizobium	0.5584	0.0137	TRUE
B7810_Ezakiella	B11084_Allorhizobium.Neorhizobium.Pararhizobium.Rhizobium	0.5421	0.0334	TRUE
B1597_Staphylococcus	B11084_Allorhizobium.Neorhizobium.Pararhizobium.Rhizobium	0.5743	0.0334	TRUE
F2532_unidentified	B11084_Allorhizobium.Neorhizobium.Pararhizobium.Rhizobium	0.4109	0.0235	TRUE
F2700_unidentified	B11084_Allorhizobium.Neorhizobium.Pararhizobium.Rhizobium	0.4535	0.0334	TRUE
F361_Phaeosphaeria	B11084_Allorhizobium.Neorhizobium.Pararhizobium.Rhizobium	0.5885	0.005	TRUE
F922_Phlebia	B11084_Allorhizobium.Neorhizobium.Pararhizobium.Rhizobium	0.4688	0.0235	TRUE
F45_f_Didymellaceae	B11084_Allorhizobium.Neorhizobium.Pararhizobium.Rhizobium	0.5413	0.0433	TRUE
F97_o_Sordariales	B11084_Allorhizobium.Neorhizobium.Pararhizobium.Rhizobium	0.429	0.0235	TRUE
B9_Methylobacterium	B1995_Massilia	0.6789	0.005	TRUE
B14571_f_uncultured	B1995_Massilia	0.5131	0.0334	TRUE
B1954_Inquilinus	B1995_Massilia	0.6442	0.0235	TRUE
B8297_Variovorax	B1995_Massilia	0.6573	0.0137	TRUE
B6920_1174-901-12	B1995_Massilia	0.722	0.005	TRUE
B30_Sphingomonas	B1995_Massilia	0.7298	0.0137	TRUE
B3909_Endobacter	B1995_Massilia	0.6392	0.005	TRUE
B5386_Burkholderia-Caballeronia-Paraburkholderia	B1995_Massilia	0.7028	0.0334	TRUE
B7024_Staphylococcus	B1995_Massilia	0.6717	0.0137	TRUE
B1227_Escherichia-Shigella	B1995_Massilia	0.7555	0.0235	TRUE
F2565_Lophodermium	B1995_Massilia	0.7107	0.0137	TRUE
F658_Candida	B1995_Massilia	0.7509	0.0137	TRUE
F288_unidentified	B1995_Massilia	0.6877	0.0137	TRUE
F277_Peniophora	B1995_Massilia	0.668	0.0334	TRUE
F178_Schizopora	B1995_Massilia	0.5142	0.0296	TRUE
B30_Sphingomonas	B210_Ralstonia	-0.5781	0.0396	FALSE
B8760_Pseudomonas	B210_Ralstonia	-0.5147	0.0297	FALSE
B24_Bradyrhizobium	B919_f_Burkholderiaceae	0.5663	0.0297	TRUE
B503_Escherichia-Shigella	B919_f_Burkholderiaceae	0.5468	0.0388	TRUE
B933_Pseudomonas	B919_f_Burkholderiaceae	0.5459	0.0487	TRUE
B398_Rhodococcus	B919_f_Burkholderiaceae	0.4863	0.0487	TRUE
F3857_f_Orbiliaceae	B919_f_Burkholderiaceae	0.4778	0.0487	TRUE
F3275_o_NA	B919_f_Burkholderiaceae	0.4862	0.0487	TRUE
F507_Exidia	B919_f_Burkholderiaceae	0.7649	0.0197	TRUE
F1694_f_Coniochaetaceae	B919_f_Burkholderiaceae	0.5169	0.0388	TRUE
F334_Plectosphaerella	B919_f_Burkholderiaceae	0.5071	0.0487	TRUE
F178_Schizopora	B919_f_Burkholderiaceae	0.6291	0.0297	TRUE
B12149_Bacillus	B717_Acinetobacter	0.6841	0.0137	TRUE
B825_Ellin6067	B717_Acinetobacter	0.6844	0.005	TRUE
B15_Sphingomonas	B717_Acinetobacter	0.7446	0.0235	TRUE
F3806_o_NA	B717_Acinetobacter	0.742	0.0235	TRUE
F1482_Hyphoderma	B717_Acinetobacter	0.7222	0.0137	TRUE
F2141_unidentified	B717_Acinetobacter	0.7352	0.0235	TRUE
F3977_f_Sporormiaceae	B717_Acinetobacter	0.7672	0.005	TRUE
B838_Pseudomonas	B5842_Sphingomonas	0.6886	0.005	TRUE
B7905_Fusobacterium	B5842_Sphingomonas	0.5621	0.0334	TRUE
B9451_Peptoniphilus	B5842_Sphingomonas	0.5826	0.0334	TRUE
B8335_Acinetobacter	B5842_Sphingomonas	0.6026	0.0334	TRUE
B5388_Finegoldia	B5842_Sphingomonas	0.6186	0.0334	TRUE
B5963_Prevotella	B5842_Sphingomonas	0.5784	0.0137	TRUE
B7810_Ezakiella	B5842_Sphingomonas	0.6363	0.0137	TRUE
B1597_Staphylococcus	B5842_Sphingomonas	0.6857	0.0433	TRUE
F2532_unidentified	B5842_Sphingomonas	0.4803	0.0433	TRUE
F2700_unidentified	B5842_Sphingomonas	0.5712	0.0433	TRUE
F61_o_Pleosporales	B5842_Sphingomonas	0.5289	0.0433	TRUE
F698_unidentified	B5842_Sphingomonas	0.4479	0.0235	TRUE
F133_Cyphellophora	B5842_Sphingomonas	0.5948	0.0137	TRUE
F213_Yarrowia	B5842_Sphingomonas	-0.7589	0.0099	FALSE
F361_Phaeosphaeria	B5842_Sphingomonas	0.6337	0.0334	TRUE
F1352_Phaeosphaeria	B5842_Sphingomonas	0.6165	0.005	TRUE
F410_Schizophyllum	B5842_Sphingomonas	0.4605	0.0235	TRUE
F673_Erythrobasidium	B5842_Sphingomonas	0.6284	0.0137	TRUE
F328_Phaeosphaeria	B5842_Sphingomonas	0.5527	0.0137	TRUE
F45_f_Didymellaceae	B5842_Sphingomonas	0.68	0.0137	TRUE
F97_o_Sordariales	B5842_Sphingomonas	0.5168	0.0334	TRUE
F503_Sordaria	B5842_Sphingomonas	0.6138	0.019	TRUE
B14571_f_uncultured	B9_Methylobacterium	0.5361	0.0235	TRUE
B1954_Inquilinus	B9_Methylobacterium	0.5744	0.0235	TRUE
B8297_Variovorax	B9_Methylobacterium	0.6433	0.0137	TRUE
B6920_1174-901-12	B9_Methylobacterium	0.7119	0.0235	TRUE
B30_Sphingomonas	B9_Methylobacterium	0.7163	0.005	TRUE
B3909_Endobacter	B9_Methylobacterium	0.6672	0.0235	TRUE
B5386_Burkholderia-Caballeronia-Paraburkholderia	B9_Methylobacterium	0.6534	0.0235	TRUE
B11866_Mycobacterium	B9_Methylobacterium	0.5757	0.0235	TRUE
B7024_Staphylococcus	B9_Methylobacterium	0.638	0.0137	TRUE
B1227_Escherichia-Shigella	B9_Methylobacterium	0.7398	0.0235	TRUE
F2565_Lophodermium	B9_Methylobacterium	0.7446	0.005	TRUE
F658_Candida	B9_Methylobacterium	0.6528	0.0137	TRUE
F288_unidentified	B9_Methylobacterium	0.6427	0.005	TRUE
F277_Peniophora	B9_Methylobacterium	0.6342	0.0433	TRUE
F316_Dioszegia	B9_Methylobacterium	0.4964	0.0388	TRUE
F100_Talaromyces	B9_Methylobacterium	0.5353	0.0388	TRUE
B825_Ellin6067	B12149_Bacillus	0.5813	0.0235	TRUE
B15_Sphingomonas	B12149_Bacillus	0.7114	0.005	TRUE
F3806_o_NA	B12149_Bacillus	0.7093	0.005	TRUE
F1482_Hyphoderma	B12149_Bacillus	0.6824	0.005	TRUE
F2141_unidentified	B12149_Bacillus	0.7217	0.005	TRUE
F3977_f_Sporormiaceae	B12149_Bacillus	0.7016	0.005	TRUE
B8297_Variovorax	B14571_f_uncultured	0.4924	0.0235	TRUE
B3909_Endobacter	B14571_f_uncultured	0.5015	0.0235	TRUE
B5386_Burkholderia-Caballeronia-Paraburkholderia	B14571_f_uncultured	0.5095	0.0334	TRUE
B11866_Mycobacterium	B14571_f_uncultured	0.433	0.0433	TRUE
B7024_Staphylococcus	B14571_f_uncultured	0.4677	0.0235	TRUE
B1227_Escherichia-Shigella	B14571_f_uncultured	0.563	0.0137	TRUE
F2565_Lophodermium	B14571_f_uncultured	0.5121	0.0334	TRUE
F658_Candida	B14571_f_uncultured	0.5548	0.0137	TRUE
F288_unidentified	B14571_f_uncultured	0.5179	0.0235	TRUE
F277_Peniophora	B14571_f_uncultured	0.53	0.0433	TRUE
F100_Talaromyces	B14571_f_uncultured	0.4378	0.0289	TRUE
B4518_uncultured eubacterium WD261	B1019_f_Micrococcaceae	0.5083	0.0334	TRUE
B302_Acinetobacter	B1019_f_Micrococcaceae	0.6551	0.0235	TRUE
B1542_uncultured	B1019_f_Micrococcaceae	0.4705	0.0433	TRUE
B333_metagenome	B1019_f_Micrococcaceae	0.5074	0.0137	TRUE
B32_Bradyrhizobium	B1019_f_Micrococcaceae	0.6883	0.0137	TRUE
B3712_Fimbriiglobus	B1019_f_Micrococcaceae	0.5432	0.0137	TRUE
B4156_Corynebacterium 1	B1019_f_Micrococcaceae	0.5761	0.0235	TRUE
B354_Paraburkholderia tropica	B1019_f_Micrococcaceae	0.4811	0.0137	TRUE
B209_Escherichia-Shigella	B1019_f_Micrococcaceae	0.4784	0.0388	TRUE
B3_Sphingomonas	B1019_f_Micrococcaceae	0.6274	0.0433	TRUE
F895_Dipodascus	B1019_f_Micrococcaceae	0.6495	0.005	TRUE
F441_o_Hypocreales	B1019_f_Micrococcaceae	0.6415	0.0137	TRUE
F66_Trichoderma	B1019_f_Micrococcaceae	0.6533	0.005	TRUE
F482_Pichia	B1019_f_Micrococcaceae	0.4463	0.0395	TRUE
B6920_1174-901-12	B1954_Inquilinus	0.5487	0.0137	TRUE
B30_Sphingomonas	B1954_Inquilinus	0.6394	0.0334	TRUE
B5386_Burkholderia-Caballeronia-Paraburkholderia	B1954_Inquilinus	0.6644	0.0235	TRUE
B11866_Mycobacterium	B1954_Inquilinus	0.5054	0.0235	TRUE
B7024_Staphylococcus	B1954_Inquilinus	0.5518	0.0433	TRUE
F2565_Lophodermium	B1954_Inquilinus	0.5587	0.0235	TRUE
F658_Candida	B1954_Inquilinus	0.6306	0.005	TRUE
F288_unidentified	B1954_Inquilinus	0.6121	0.0137	TRUE
F277_Peniophora	B1954_Inquilinus	0.5557	0.0235	TRUE
F100_Talaromyces	B1954_Inquilinus	0.4818	0.019	TRUE
B269_Pseudomonas	B461_Acinetobacter	0.7079	0.0235	TRUE
B1738_uncultured Termite group 1 bacterium	B461_Acinetobacter	0.5742	0.0433	TRUE
B10110_Actinocatenispora	B461_Acinetobacter	0.594	0.005	TRUE
B14683_Solitalea	B461_Acinetobacter	0.5266	0.0137	TRUE
B7809_Kribbella	B461_Acinetobacter	0.6801	0.0137	TRUE
B679_Georgenia	B461_Acinetobacter	0.6304	0.0235	TRUE
B209_Escherichia-Shigella	B461_Acinetobacter	0.5718	0.0289	TRUE
F206_unidentified	B461_Acinetobacter	0.6012	0.0494	TRUE
F216_unidentified	B461_Acinetobacter	0.6626	0.0334	TRUE
F888_Phellinus	B461_Acinetobacter	0.6334	0.0334	TRUE
F3089_Buergenerula	B461_Acinetobacter	0.6586	0.0235	TRUE
F552_unidentified	B461_Acinetobacter	0.6726	0.0137	TRUE
F1486_Rosellinia	B461_Acinetobacter	0.6386	0.0235	TRUE
F260_Schizopora	B461_Acinetobacter	0.5975	0.005	TRUE
F570_Colletotrichum	B461_Acinetobacter	0.7113	0.005	TRUE
B6920_1174-901-12	B8297_Variovorax	0.6152	0.0137	TRUE
B30_Sphingomonas	B8297_Variovorax	0.6808	0.0235	TRUE
B3909_Endobacter	B8297_Variovorax	0.6575	0.0137	TRUE
B5386_Burkholderia-Caballeronia-Paraburkholderia	B8297_Variovorax	0.6514	0.0137	TRUE
B11866_Mycobacterium	B8297_Variovorax	0.572	0.0433	TRUE
B7024_Staphylococcus	B8297_Variovorax	0.5952	0.0235	TRUE
B1227_Escherichia-Shigella	B8297_Variovorax	0.6608	0.0137	TRUE
F2565_Lophodermium	B8297_Variovorax	0.6946	0.0137	TRUE
F658_Candida	B8297_Variovorax	0.6863	0.0235	TRUE
F288_unidentified	B8297_Variovorax	0.6054	0.0235	TRUE
F277_Peniophora	B8297_Variovorax	0.6665	0.005	TRUE
F213_Yarrowia	B13207_Dermabacter	-0.4897	0.0396	FALSE
F1352_Phaeosphaeria	B13207_Dermabacter	0.4862	0.0433	TRUE
F45_f_Didymellaceae	B13207_Dermabacter	0.506	0.0137	TRUE
B838_Pseudomonas	B7470_Parvimonas	0.6237	0.0137	TRUE
B7905_Fusobacterium	B7470_Parvimonas	0.565	0.0235	TRUE
B9451_Peptoniphilus	B7470_Parvimonas	0.5025	0.0433	TRUE
B8335_Acinetobacter	B7470_Parvimonas	0.5384	0.0235	TRUE
B5388_Finegoldia	B7470_Parvimonas	0.5408	0.0334	TRUE
B7810_Ezakiella	B7470_Parvimonas	0.5753	0.0235	TRUE
B1597_Staphylococcus	B7470_Parvimonas	0.5798	0.0235	TRUE
F2700_unidentified	B7470_Parvimonas	0.5062	0.0433	TRUE
F61_o_Pleosporales	B7470_Parvimonas	0.5286	0.0334	TRUE
F4069_unidentified	B7470_Parvimonas	0.3845	0.0334	TRUE
F2277_unidentified	B7470_Parvimonas	0.5909	0.005	TRUE
F653_Penicillium	B7470_Parvimonas	0.4054	0.0433	TRUE
F213_Yarrowia	B7470_Parvimonas	-0.6656	0.0495	FALSE
F361_Phaeosphaeria	B7470_Parvimonas	0.637	0.0137	TRUE
F1352_Phaeosphaeria	B7470_Parvimonas	0.5609	0.0235	TRUE
F410_Schizophyllum	B7470_Parvimonas	0.5178	0.0334	TRUE
F922_Phlebia	B7470_Parvimonas	0.5072	0.0235	TRUE
F62_Mrakia	B7470_Parvimonas	0.4388	0.0235	TRUE
F45_f_Didymellaceae	B7470_Parvimonas	0.6485	0.0334	TRUE
F97_o_Sordariales	B7470_Parvimonas	0.568	0.0334	TRUE
B12642_Methylobacterium	B437_Escherichia.Shigella	0.4584	0.0487	TRUE
B14_Burkholderia-Caballeronia-Paraburkholderia	B437_Escherichia.Shigella	0.8432	0.0098	TRUE
B8760_Pseudomonas	B437_Escherichia.Shigella	0.5375	0.0487	TRUE
B5356_Xanthomonas	B437_Escherichia.Shigella	0.5391	0.0289	TRUE
F213_Yarrowia	B437_Escherichia.Shigella	-0.7084	0.0297	FALSE
F231_Bullera	B437_Escherichia.Shigella	0.4711	0.0289	TRUE
F503_Sordaria	B437_Escherichia.Shigella	0.7925	0.0296	TRUE
B302_Acinetobacter	B4518_uncultured.eubacterium.WD261	0.6101	0.0334	TRUE
B32_Bradyrhizobium	B4518_uncultured.eubacterium.WD261	0.6814	0.005	TRUE
B3712_Fimbriiglobus	B4518_uncultured.eubacterium.WD261	0.5154	0.0235	TRUE
B354_Paraburkholderia tropica	B4518_uncultured.eubacterium.WD261	0.4787	0.0235	TRUE
B209_Escherichia-Shigella	B4518_uncultured.eubacterium.WD261	0.4873	0.0388	TRUE
B3_Sphingomonas	B4518_uncultured.eubacterium.WD261	0.6617	0.005	TRUE
F5672_unidentified	B4518_uncultured.eubacterium.WD261	0.5814	0.0137	TRUE
F895_Dipodascus	B4518_uncultured.eubacterium.WD261	0.6376	0.005	TRUE
F441_o_Hypocreales	B4518_uncultured.eubacterium.WD261	0.6789	0.0137	TRUE
F1264_unidentified	B4518_uncultured.eubacterium.WD261	0.6138	0.0137	TRUE
F66_Trichoderma	B4518_uncultured.eubacterium.WD261	0.6017	0.0235	TRUE
B1542_uncultured	B302_Acinetobacter	0.4797	0.0334	TRUE
B333_metagenome	B302_Acinetobacter	0.5746	0.0137	TRUE
B32_Bradyrhizobium	B302_Acinetobacter	0.7482	0.0137	TRUE
B3712_Fimbriiglobus	B302_Acinetobacter	0.6113	0.005	TRUE
B4156_Corynebacterium 1	B302_Acinetobacter	0.696	0.005	TRUE
B354_Paraburkholderia tropica	B302_Acinetobacter	0.511	0.0334	TRUE
B3_Sphingomonas	B302_Acinetobacter	0.7666	0.0137	TRUE
F5672_unidentified	B302_Acinetobacter	0.7179	0.0137	TRUE
F895_Dipodascus	B302_Acinetobacter	0.7407	0.005	TRUE
F441_o_Hypocreales	B302_Acinetobacter	0.7236	0.0137	TRUE
F1264_unidentified	B302_Acinetobacter	0.6908	0.005	TRUE
F66_Trichoderma	B302_Acinetobacter	0.7369	0.005	TRUE
B838_Pseudomonas	B54_uncultured	-0.5738	0.0495	FALSE
F410_Schizophyllum	B54_uncultured	-0.5	0.0396	FALSE
F45_f_Didymellaceae	B54_uncultured	-0.5983	0.0396	FALSE
F316_Dioszegia	B54_uncultured	-0.6587	0.0396	FALSE
B8760_Pseudomonas	B12642_Methylobacterium	0.6228	0.0137	TRUE
B5356_Xanthomonas	B12642_Methylobacterium	0.6356	0.0137	TRUE
F16_Pyricularia	B12642_Methylobacterium	0.6994	0.0099	TRUE
F818_Phaeosphaeria	B12642_Methylobacterium	0.5183	0.0235	TRUE
F1707_o_Pleosporales	B12642_Methylobacterium	0.439	0.0487	TRUE
F231_Bullera	B12642_Methylobacterium	0.5977	0.005	TRUE
B1738_uncultured Termite group 1 bacterium	B269_Pseudomonas	0.6523	0.005	TRUE
B10110_Actinocatenispora	B269_Pseudomonas	0.6587	0.0235	TRUE
B14683_Solitalea	B269_Pseudomonas	0.5931	0.005	TRUE
B7809_Kribbella	B269_Pseudomonas	0.7292	0.0137	TRUE
B679_Georgenia	B269_Pseudomonas	0.7035	0.0433	TRUE
B209_Escherichia-Shigella	B269_Pseudomonas	0.5912	0.0388	TRUE
F206_unidentified	B269_Pseudomonas	0.629	0.0395	TRUE
F216_unidentified	B269_Pseudomonas	0.6928	0.0137	TRUE
F888_Phellinus	B269_Pseudomonas	0.6949	0.0235	TRUE
F3089_Buergenerula	B269_Pseudomonas	0.7361	0.005	TRUE
F552_unidentified	B269_Pseudomonas	0.7747	0.0235	TRUE
F1486_Rosellinia	B269_Pseudomonas	0.7035	0.0235	TRUE
F260_Schizopora	B269_Pseudomonas	0.6657	0.005	TRUE
F100_Talaromyces	B269_Pseudomonas	0.5495	0.0487	TRUE
F570_Colletotrichum	B269_Pseudomonas	0.7238	0.0235	TRUE
B7905_Fusobacterium	B838_Pseudomonas	0.5422	0.0334	TRUE
B9451_Peptoniphilus	B838_Pseudomonas	0.5794	0.005	TRUE
B8335_Acinetobacter	B838_Pseudomonas	0.636	0.0137	TRUE
B5388_Finegoldia	B838_Pseudomonas	0.5352	0.005	TRUE
B5963_Prevotella	B838_Pseudomonas	0.5659	0.0334	TRUE
B7810_Ezakiella	B838_Pseudomonas	0.6404	0.005	TRUE
B9896_Porphyromonas	B838_Pseudomonas	0.5516	0.0235	TRUE
B1597_Staphylococcus	B838_Pseudomonas	0.7198	0.0137	TRUE
F2700_unidentified	B838_Pseudomonas	0.5329	0.0137	TRUE
F61_o_Pleosporales	B838_Pseudomonas	0.5592	0.0137	TRUE
F4069_unidentified	B838_Pseudomonas	0.413	0.0334	TRUE
F2277_unidentified	B838_Pseudomonas	0.5407	0.0433	TRUE
F59_Podospora	B838_Pseudomonas	0.5212	0.0433	TRUE
F133_Cyphellophora	B838_Pseudomonas	0.6074	0.0334	TRUE
F653_Penicillium	B838_Pseudomonas	0.4712	0.0235	TRUE
F213_Yarrowia	B838_Pseudomonas	-0.7241	0.0297	FALSE
F361_Phaeosphaeria	B838_Pseudomonas	0.7158	0.0235	TRUE
F1352_Phaeosphaeria	B838_Pseudomonas	0.609	0.0433	TRUE
F410_Schizophyllum	B838_Pseudomonas	0.4992	0.0334	TRUE
F673_Erythrobasidium	B838_Pseudomonas	0.618	0.0137	TRUE
F2630_Filobasidium	B838_Pseudomonas	0.5453	0.0334	TRUE
F328_Phaeosphaeria	B838_Pseudomonas	0.5739	0.0235	TRUE
F45_f_Didymellaceae	B838_Pseudomonas	0.6971	0.005	TRUE
F97_o_Sordariales	B838_Pseudomonas	0.5541	0.005	TRUE
F503_Sordaria	B838_Pseudomonas	0.5557	0.0388	TRUE
B30_Sphingomonas	B6920_1174.901.12	0.7224	0.0334	TRUE
B3909_Endobacter	B6920_1174.901.12	0.716	0.005	TRUE
B5386_Burkholderia-Caballeronia-Paraburkholderia	B6920_1174.901.12	0.7021	0.0334	TRUE
B11866_Mycobacterium	B6920_1174.901.12	0.5218	0.0433	TRUE
B7024_Staphylococcus	B6920_1174.901.12	0.6605	0.005	TRUE
B1227_Escherichia-Shigella	B6920_1174.901.12	0.7153	0.0137	TRUE
F2565_Lophodermium	B6920_1174.901.12	0.7432	0.005	TRUE
F658_Candida	B6920_1174.901.12	0.7464	0.005	TRUE
F288_unidentified	B6920_1174.901.12	0.6741	0.0137	TRUE
F277_Peniophora	B6920_1174.901.12	0.6371	0.005	TRUE
F100_Talaromyces	B6920_1174.901.12	0.5571	0.0388	TRUE
B3909_Endobacter	B30_Sphingomonas	0.6669	0.0137	TRUE
B5386_Burkholderia-Caballeronia-Paraburkholderia	B30_Sphingomonas	0.7496	0.0137	TRUE
B11866_Mycobacterium	B30_Sphingomonas	0.6438	0.005	TRUE
B7024_Staphylococcus	B30_Sphingomonas	0.6758	0.005	TRUE
B1227_Escherichia-Shigella	B30_Sphingomonas	0.7599	0.005	TRUE
F2565_Lophodermium	B30_Sphingomonas	0.7362	0.0334	TRUE
F658_Candida	B30_Sphingomonas	0.7201	0.005	TRUE
F288_unidentified	B30_Sphingomonas	0.7352	0.005	TRUE
F277_Peniophora	B30_Sphingomonas	0.6795	0.005	TRUE
F100_Talaromyces	B30_Sphingomonas	0.5612	0.0388	TRUE
B15_Sphingomonas	B825_Ellin6067	0.686	0.0334	TRUE
F3806_o_NA	B825_Ellin6067	0.7183	0.0235	TRUE
F1482_Hyphoderma	B825_Ellin6067	0.6449	0.005	TRUE
F2141_unidentified	B825_Ellin6067	0.6628	0.0137	TRUE
F3977_f_Sporormiaceae	B825_Ellin6067	0.6579	0.005	TRUE
F1707_o_Pleosporales	B825_Ellin6067	0.5075	0.0388	TRUE
B5386_Burkholderia-Caballeronia-Paraburkholderia	B3909_Endobacter	0.6309	0.0137	TRUE
B11866_Mycobacterium	B3909_Endobacter	0.6083	0.005	TRUE
B7024_Staphylococcus	B3909_Endobacter	0.6296	0.0433	TRUE
B1227_Escherichia-Shigella	B3909_Endobacter	0.7146	0.005	TRUE
F2565_Lophodermium	B3909_Endobacter	0.6765	0.005	TRUE
F658_Candida	B3909_Endobacter	0.7015	0.0137	TRUE
F288_unidentified	B3909_Endobacter	0.6569	0.005	TRUE
F277_Peniophora	B3909_Endobacter	0.6851	0.0137	TRUE
F178_Schizopora	B3909_Endobacter	0.4999	0.0197	TRUE
F5_Alternaria	B24_Bradyrhizobium	0.6099	0.0495	TRUE
B14675_Veillonella	B503_Escherichia.Shigella	0.6207	0.0137	TRUE
B1017_Clostridium sensu stricto 3	B503_Escherichia.Shigella	0.5863	0.0091	TRUE
B398_Rhodococcus	B503_Escherichia.Shigella	0.6871	0.005	TRUE
F537_Pichia	B503_Escherichia.Shigella	0.7076	0.0137	TRUE
F3857_f_Orbiliaceae	B503_Escherichia.Shigella	0.6606	0.0235	TRUE
F1998_unidentified	B503_Escherichia.Shigella	0.5648	0.0334	TRUE
F318_Saccharomyces	B503_Escherichia.Shigella	0.7246	0.005	TRUE
F775_Hyphoderma	B503_Escherichia.Shigella	0.5044	0.0334	TRUE
F617_Microdochium	B503_Escherichia.Shigella	0.78	0.0137	TRUE
F1887_Hyphoderma	B503_Escherichia.Shigella	0.6114	0.0334	TRUE
F582_Mycoleptodiscus	B503_Escherichia.Shigella	0.6747	0.0235	TRUE
F494_Coprinellus	B503_Escherichia.Shigella	0.6958	0.0137	TRUE
F3460_Colletotrichum	B503_Escherichia.Shigella	0.6588	0.0137	TRUE
B9451_Peptoniphilus	B7905_Fusobacterium	0.4655	0.0433	TRUE
B8335_Acinetobacter	B7905_Fusobacterium	0.5727	0.0334	TRUE
B7810_Ezakiella	B7905_Fusobacterium	0.5498	0.0235	TRUE
B9896_Porphyromonas	B7905_Fusobacterium	0.5288	0.0433	TRUE
B1597_Staphylococcus	B7905_Fusobacterium	0.6285	0.0137	TRUE
F133_Cyphellophora	B7905_Fusobacterium	0.4833	0.0334	TRUE
F361_Phaeosphaeria	B7905_Fusobacterium	0.6154	0.0235	TRUE
F1352_Phaeosphaeria	B7905_Fusobacterium	0.5473	0.0334	TRUE
F45_f_Didymellaceae	B7905_Fusobacterium	0.5303	0.0137	TRUE
F503_Sordaria	B7905_Fusobacterium	0.5311	0.0289	TRUE
F1990_Humicola	B7905_Fusobacterium	0.5265	0.0433	TRUE
B32_Bradyrhizobium	B1542_uncultured	0.4656	0.0235	TRUE
B4156_Corynebacterium 1	B1542_uncultured	0.5396	0.0137	TRUE
B209_Escherichia-Shigella	B1542_uncultured	0.4356	0.0388	TRUE
B3_Sphingomonas	B1542_uncultured	0.476	0.0334	TRUE
F66_Trichoderma	B1542_uncultured	0.5104	0.0334	TRUE
B32_Bradyrhizobium	B333_metagenome	0.6293	0.0235	TRUE
B3712_Fimbriiglobus	B333_metagenome	0.5926	0.005	TRUE
B4156_Corynebacterium 1	B333_metagenome	0.6006	0.005	TRUE
B3_Sphingomonas	B333_metagenome	0.6483	0.0334	TRUE
F5672_unidentified	B333_metagenome	0.5943	0.0433	TRUE
F895_Dipodascus	B333_metagenome	0.6241	0.0137	TRUE
F441_o_Hypocreales	B333_metagenome	0.5926	0.0137	TRUE
F1264_unidentified	B333_metagenome	0.5616	0.0433	TRUE
B2784_uncultured Nitrospirae bacterium	B9447_Acidovorax	0.631	0.0137	TRUE
B1313_Escherichia-Shigella	B9447_Acidovorax	0.7369	0.0137	TRUE
B13897_Paenibacillus	B9447_Acidovorax	0.6415	0.0137	TRUE
F2698_unidentified	B9447_Acidovorax	0.6982	0.0137	TRUE
F7_unidentified	B9447_Acidovorax	0.6371	0.0137	TRUE
F4363_unidentified	B9447_Acidovorax	0.6549	0.005	TRUE
F915_o_Pleosporales	B9447_Acidovorax	0.7116	0.0137	TRUE
F57_Trichoderma	B9447_Acidovorax	0.671	0.0137	TRUE
F18_f_Phaeosphaeriaceae	B9447_Acidovorax	0.7092	0.005	TRUE
F23_Solicoccozyma	B9447_Acidovorax	0.6373	0.0235	TRUE
F144_Typhula	B9447_Acidovorax	0.5915	0.0137	TRUE
F290_f_Coniochaetaceae	B9447_Acidovorax	0.5414	0.0433	TRUE
F120_Sporobolomyces	B9447_Acidovorax	0.6423	0.0137	TRUE
F300_unidentified	B9447_Acidovorax	0.6609	0.005	TRUE
F429_Bjerkandera	B9447_Acidovorax	0.6224	0.0137	TRUE
F10_Guehomyces	B9447_Acidovorax	0.6858	0.0137	TRUE
F81_Cladosporium	B9447_Acidovorax	0.6523	0.0137	TRUE
F13_Zopfiella	B9447_Acidovorax	0.6498	0.005	TRUE
F90_Pseudogymnoascus	B9447_Acidovorax	0.6379	0.0235	TRUE
F276_Cercospora	B9447_Acidovorax	0.7099	0.005	TRUE
B1_Pantoea	B933_Pseudomonas	0.8088	0.005	TRUE
F3275_o_NA	B933_Pseudomonas	0.7138	0.005	TRUE
F832_f_Stereaceae	B933_Pseudomonas	0.5952	0.0091	TRUE
F190_Irpex	B933_Pseudomonas	0.6594	0.0334	TRUE
F507_Exidia	B933_Pseudomonas	0.6115	0.0289	TRUE
F1694_f_Coniochaetaceae	B933_Pseudomonas	0.6945	0.005	TRUE
F160_Cladosporium	B933_Pseudomonas	0.7029	0.0334	TRUE
F334_Plectosphaerella	B933_Pseudomonas	0.7311	0.0137	TRUE
F448_Perenniporia	B933_Pseudomonas	0.6832	0.005	TRUE
B1313_Escherichia-Shigella	B2784_uncultured.Nitrospirae.bacterium	0.6533	0.005	TRUE
B13897_Paenibacillus	B2784_uncultured.Nitrospirae.bacterium	0.5322	0.0433	TRUE
F2698_unidentified	B2784_uncultured.Nitrospirae.bacterium	0.6291	0.0433	TRUE
F7_unidentified	B2784_uncultured.Nitrospirae.bacterium	0.6035	0.0235	TRUE
F4363_unidentified	B2784_uncultured.Nitrospirae.bacterium	0.5726	0.0137	TRUE
F57_Trichoderma	B2784_uncultured.Nitrospirae.bacterium	0.6132	0.005	TRUE
F18_f_Phaeosphaeriaceae	B2784_uncultured.Nitrospirae.bacterium	0.6753	0.005	TRUE
F23_Solicoccozyma	B2784_uncultured.Nitrospirae.bacterium	0.5692	0.0137	TRUE
F144_Typhula	B2784_uncultured.Nitrospirae.bacterium	0.557	0.005	TRUE
F290_f_Coniochaetaceae	B2784_uncultured.Nitrospirae.bacterium	0.4808	0.0433	TRUE
F120_Sporobolomyces	B2784_uncultured.Nitrospirae.bacterium	0.6342	0.005	TRUE
F300_unidentified	B2784_uncultured.Nitrospirae.bacterium	0.5569	0.0235	TRUE
F429_Bjerkandera	B2784_uncultured.Nitrospirae.bacterium	0.6006	0.0137	TRUE
F10_Guehomyces	B2784_uncultured.Nitrospirae.bacterium	0.6235	0.005	TRUE
F81_Cladosporium	B2784_uncultured.Nitrospirae.bacterium	0.5971	0.0137	TRUE
F13_Zopfiella	B2784_uncultured.Nitrospirae.bacterium	0.5924	0.0235	TRUE
F90_Pseudogymnoascus	B2784_uncultured.Nitrospirae.bacterium	0.6413	0.005	TRUE
F276_Cercospora	B2784_uncultured.Nitrospirae.bacterium	0.6329	0.0137	TRUE
B10110_Actinocatenispora	B1738_uncultured.Termite.group.1.bacterium	0.5924	0.0137	TRUE
B14683_Solitalea	B1738_uncultured.Termite.group.1.bacterium	0.5537	0.0137	TRUE
B7809_Kribbella	B1738_uncultured.Termite.group.1.bacterium	0.6275	0.005	TRUE
B679_Georgenia	B1738_uncultured.Termite.group.1.bacterium	0.5409	0.0137	TRUE
B209_Escherichia-Shigella	B1738_uncultured.Termite.group.1.bacterium	0.4814	0.0388	TRUE
F216_unidentified	B1738_uncultured.Termite.group.1.bacterium	0.6057	0.005	TRUE
F888_Phellinus	B1738_uncultured.Termite.group.1.bacterium	0.5758	0.0137	TRUE
F3089_Buergenerula	B1738_uncultured.Termite.group.1.bacterium	0.6306	0.005	TRUE
F552_unidentified	B1738_uncultured.Termite.group.1.bacterium	0.6113	0.005	TRUE
F1486_Rosellinia	B1738_uncultured.Termite.group.1.bacterium	0.6177	0.0137	TRUE
F260_Schizopora	B1738_uncultured.Termite.group.1.bacterium	0.4842	0.0137	TRUE
F570_Colletotrichum	B1738_uncultured.Termite.group.1.bacterium	0.6398	0.005	TRUE
B8335_Acinetobacter	B9451_Peptoniphilus	0.5511	0.0137	TRUE
B5963_Prevotella	B9451_Peptoniphilus	0.4665	0.0433	TRUE
B7810_Ezakiella	B9451_Peptoniphilus	0.5876	0.0137	TRUE
B1597_Staphylococcus	B9451_Peptoniphilus	0.6122	0.0235	TRUE
F2700_unidentified	B9451_Peptoniphilus	0.4701	0.0334	TRUE
F61_o_Pleosporales	B9451_Peptoniphilus	0.4664	0.0433	TRUE
F133_Cyphellophora	B9451_Peptoniphilus	0.4861	0.0334	TRUE
F213_Yarrowia	B9451_Peptoniphilus	-0.6284	0.0396	FALSE
F361_Phaeosphaeria	B9451_Peptoniphilus	0.543	0.0137	TRUE
F1352_Phaeosphaeria	B9451_Peptoniphilus	0.5272	0.0235	TRUE
F410_Schizophyllum	B9451_Peptoniphilus	0.4536	0.0334	TRUE
F673_Erythrobasidium	B9451_Peptoniphilus	0.5254	0.005	TRUE
F328_Phaeosphaeria	B9451_Peptoniphilus	0.5317	0.0433	TRUE
F45_f_Didymellaceae	B9451_Peptoniphilus	0.6065	0.005	TRUE
B7809_Kribbella	B10110_Actinocatenispora	0.7429	0.005	TRUE
B679_Georgenia	B10110_Actinocatenispora	0.6297	0.0137	TRUE
B209_Escherichia-Shigella	B10110_Actinocatenispora	0.5251	0.0487	TRUE
F216_unidentified	B10110_Actinocatenispora	0.6618	0.0137	TRUE
F888_Phellinus	B10110_Actinocatenispora	0.5608	0.005	TRUE
F3089_Buergenerula	B10110_Actinocatenispora	0.6604	0.0235	TRUE
F552_unidentified	B10110_Actinocatenispora	0.7076	0.005	TRUE
F1486_Rosellinia	B10110_Actinocatenispora	0.6553	0.0137	TRUE
F260_Schizopora	B10110_Actinocatenispora	0.6044	0.0235	TRUE
F100_Talaromyces	B10110_Actinocatenispora	0.5401	0.019	TRUE
F570_Colletotrichum	B10110_Actinocatenispora	0.706	0.0235	TRUE
B398_Rhodococcus	B14675_Veillonella	0.5997	0.005	TRUE
F537_Pichia	B14675_Veillonella	0.5386	0.0137	TRUE
F3857_f_Orbiliaceae	B14675_Veillonella	0.4689	0.0433	TRUE
F1998_unidentified	B14675_Veillonella	0.5187	0.0235	TRUE
F318_Saccharomyces	B14675_Veillonella	0.5718	0.0137	TRUE
F775_Hyphoderma	B14675_Veillonella	0.4211	0.0137	TRUE
F617_Microdochium	B14675_Veillonella	0.5715	0.0137	TRUE
F1887_Hyphoderma	B14675_Veillonella	0.5061	0.0137	TRUE
F582_Mycoleptodiscus	B14675_Veillonella	0.4275	0.0433	TRUE
F3460_Colletotrichum	B14675_Veillonella	0.5196	0.0235	TRUE
B3712_Fimbriiglobus	B32_Bradyrhizobium	0.6602	0.0137	TRUE
B4156_Corynebacterium 1	B32_Bradyrhizobium	0.6985	0.005	TRUE
B1017_Clostridium sensu stricto 3	B32_Bradyrhizobium	0.5139	0.019	TRUE
B354_Paraburkholderia tropica	B32_Bradyrhizobium	0.5665	0.005	TRUE
B3_Sphingomonas	B32_Bradyrhizobium	0.7925	0.0137	TRUE
F5672_unidentified	B32_Bradyrhizobium	0.7047	0.0137	TRUE
F895_Dipodascus	B32_Bradyrhizobium	0.7744	0.005	TRUE
F1191_Preussia	B32_Bradyrhizobium	0.5916	0.0289	TRUE
F441_o_Hypocreales	B32_Bradyrhizobium	0.7591	0.0334	TRUE
F1264_unidentified	B32_Bradyrhizobium	0.7324	0.0137	TRUE
F66_Trichoderma	B32_Bradyrhizobium	0.7501	0.005	TRUE
F482_Pichia	B32_Bradyrhizobium	0.5782	0.0197	TRUE
B7809_Kribbella	B14683_Solitalea	0.5691	0.005	TRUE
B679_Georgenia	B14683_Solitalea	0.5569	0.0235	TRUE
B209_Escherichia-Shigella	B14683_Solitalea	0.5286	0.0487	TRUE
F888_Phellinus	B14683_Solitalea	0.5392	0.0235	TRUE
F3089_Buergenerula	B14683_Solitalea	0.5639	0.005	TRUE
F552_unidentified	B14683_Solitalea	0.5746	0.0137	TRUE
F1486_Rosellinia	B14683_Solitalea	0.5037	0.0334	TRUE
F260_Schizopora	B14683_Solitalea	0.4801	0.0433	TRUE
F570_Colletotrichum	B14683_Solitalea	0.565	0.0235	TRUE
B11866_Mycobacterium	B5386_Burkholderia.Caballeronia.Paraburkholderia	0.5901	0.0137	TRUE
B7024_Staphylococcus	B5386_Burkholderia.Caballeronia.Paraburkholderia	0.7003	0.0137	TRUE
B1227_Escherichia-Shigella	B5386_Burkholderia.Caballeronia.Paraburkholderia	0.6956	0.0334	TRUE
F2565_Lophodermium	B5386_Burkholderia.Caballeronia.Paraburkholderia	0.7402	0.005	TRUE
F658_Candida	B5386_Burkholderia.Caballeronia.Paraburkholderia	0.7124	0.0137	TRUE
F288_unidentified	B5386_Burkholderia.Caballeronia.Paraburkholderia	0.6771	0.0235	TRUE
F277_Peniophora	B5386_Burkholderia.Caballeronia.Paraburkholderia	0.7319	0.005	TRUE
B4156_Corynebacterium 1	B3712_Fimbriiglobus	0.6076	0.005	TRUE
B354_Paraburkholderia tropica	B3712_Fimbriiglobus	0.4672	0.0433	TRUE
B3_Sphingomonas	B3712_Fimbriiglobus	0.631	0.0137	TRUE
F5672_unidentified	B3712_Fimbriiglobus	0.5856	0.0137	TRUE
F895_Dipodascus	B3712_Fimbriiglobus	0.6669	0.0137	TRUE
F441_o_Hypocreales	B3712_Fimbriiglobus	0.6091	0.0334	TRUE
F1264_unidentified	B3712_Fimbriiglobus	0.6091	0.0137	TRUE
F66_Trichoderma	B3712_Fimbriiglobus	0.6204	0.005	TRUE
F3806_o_NA	B15_Sphingomonas	0.778	0.0137	TRUE
F1482_Hyphoderma	B15_Sphingomonas	0.7242	0.0137	TRUE
F2141_unidentified	B15_Sphingomonas	0.7481	0.0235	TRUE
F3977_f_Sporormiaceae	B15_Sphingomonas	0.7669	0.0137	TRUE
F1707_o_Pleosporales	B15_Sphingomonas	0.6369	0.0487	TRUE
B679_Georgenia	B7809_Kribbella	0.704	0.0137	TRUE
F216_unidentified	B7809_Kribbella	0.6756	0.0235	TRUE
F888_Phellinus	B7809_Kribbella	0.6619	0.005	TRUE
F3089_Buergenerula	B7809_Kribbella	0.743	0.005	TRUE
F552_unidentified	B7809_Kribbella	0.7485	0.0137	TRUE
F1486_Rosellinia	B7809_Kribbella	0.6885	0.0235	TRUE
F260_Schizopora	B7809_Kribbella	0.6178	0.0137	TRUE
F570_Colletotrichum	B7809_Kribbella	0.7462	0.005	TRUE
B7024_Staphylococcus	B11866_Mycobacterium	0.5387	0.0334	TRUE
B1227_Escherichia-Shigella	B11866_Mycobacterium	0.6308	0.0137	TRUE
F2565_Lophodermium	B11866_Mycobacterium	0.6116	0.0235	TRUE
F288_unidentified	B11866_Mycobacterium	0.5956	0.0433	TRUE
B5388_Finegoldia	B8335_Acinetobacter	0.5525	0.005	TRUE
B5963_Prevotella	B8335_Acinetobacter	0.532	0.005	TRUE
B7810_Ezakiella	B8335_Acinetobacter	0.6026	0.005	TRUE
B9896_Porphyromonas	B8335_Acinetobacter	0.5815	0.0235	TRUE
B1597_Staphylococcus	B8335_Acinetobacter	0.5903	0.0137	TRUE
F2532_unidentified	B8335_Acinetobacter	0.5101	0.005	TRUE
F2700_unidentified	B8335_Acinetobacter	0.5013	0.0235	TRUE
F61_o_Pleosporales	B8335_Acinetobacter	0.4761	0.0137	TRUE
F4069_unidentified	B8335_Acinetobacter	0.4173	0.0433	TRUE
F2277_unidentified	B8335_Acinetobacter	0.5038	0.0235	TRUE
F133_Cyphellophora	B8335_Acinetobacter	0.527	0.0334	TRUE
F213_Yarrowia	B8335_Acinetobacter	-0.7115	0.0396	FALSE
F361_Phaeosphaeria	B8335_Acinetobacter	0.6605	0.0235	TRUE
F1352_Phaeosphaeria	B8335_Acinetobacter	0.6137	0.0235	TRUE
F410_Schizophyllum	B8335_Acinetobacter	0.4651	0.0433	TRUE
F922_Phlebia	B8335_Acinetobacter	0.508	0.0334	TRUE
F673_Erythrobasidium	B8335_Acinetobacter	0.5371	0.0433	TRUE
F2630_Filobasidium	B8335_Acinetobacter	0.5113	0.0334	TRUE
F328_Phaeosphaeria	B8335_Acinetobacter	0.6152	0.005	TRUE
F45_f_Didymellaceae	B8335_Acinetobacter	0.6921	0.005	TRUE
F97_o_Sordariales	B8335_Acinetobacter	0.5435	0.0137	TRUE
F503_Sordaria	B8335_Acinetobacter	0.5511	0.0091	TRUE
B1227_Escherichia-Shigella	B7024_Staphylococcus	0.6909	0.0137	TRUE
F2565_Lophodermium	B7024_Staphylococcus	0.7048	0.0137	TRUE
F658_Candida	B7024_Staphylococcus	0.665	0.005	TRUE
F288_unidentified	B7024_Staphylococcus	0.6815	0.0137	TRUE
F277_Peniophora	B7024_Staphylococcus	0.6086	0.005	TRUE
F100_Talaromyces	B7024_Staphylococcus	0.5466	0.0289	TRUE
B7810_Ezakiella	B5388_Finegoldia	0.6171	0.0137	TRUE
B1597_Staphylococcus	B5388_Finegoldia	0.6072	0.0137	TRUE
F2532_unidentified	B5388_Finegoldia	0.5009	0.0235	TRUE
F2700_unidentified	B5388_Finegoldia	0.5383	0.0235	TRUE
F2277_unidentified	B5388_Finegoldia	0.4674	0.0334	TRUE
F133_Cyphellophora	B5388_Finegoldia	0.4887	0.0235	TRUE
F213_Yarrowia	B5388_Finegoldia	-0.6331	0.0198	FALSE
F361_Phaeosphaeria	B5388_Finegoldia	0.6552	0.0137	TRUE
F1352_Phaeosphaeria	B5388_Finegoldia	0.5376	0.0137	TRUE
F410_Schizophyllum	B5388_Finegoldia	0.4535	0.0433	TRUE
F922_Phlebia	B5388_Finegoldia	0.4297	0.0433	TRUE
F673_Erythrobasidium	B5388_Finegoldia	0.6335	0.0235	TRUE
F2630_Filobasidium	B5388_Finegoldia	0.5387	0.005	TRUE
F328_Phaeosphaeria	B5388_Finegoldia	0.4931	0.0235	TRUE
F45_f_Didymellaceae	B5388_Finegoldia	0.6052	0.0137	TRUE
F97_o_Sordariales	B5388_Finegoldia	0.5012	0.0137	TRUE
F1990_Humicola	B5388_Finegoldia	0.4298	0.0433	TRUE
B354_Paraburkholderia tropica	B4156_Corynebacterium.1	0.5133	0.0433	TRUE
B3_Sphingomonas	B4156_Corynebacterium.1	0.715	0.005	TRUE
F5672_unidentified	B4156_Corynebacterium.1	0.6013	0.005	TRUE
F895_Dipodascus	B4156_Corynebacterium.1	0.6935	0.0235	TRUE
F441_o_Hypocreales	B4156_Corynebacterium.1	0.6584	0.0433	TRUE
F1264_unidentified	B4156_Corynebacterium.1	0.64	0.0235	TRUE
F66_Trichoderma	B4156_Corynebacterium.1	0.6693	0.0137	TRUE
F213_Yarrowia	B5963_Prevotella	-0.5791	0.0297	FALSE
F1352_Phaeosphaeria	B5963_Prevotella	0.5594	0.0137	TRUE
F673_Erythrobasidium	B5963_Prevotella	0.4622	0.0433	TRUE
B9896_Porphyromonas	B7810_Ezakiella	0.5481	0.005	TRUE
B1597_Staphylococcus	B7810_Ezakiella	0.6786	0.0137	TRUE
F2532_unidentified	B7810_Ezakiella	0.5067	0.0334	TRUE
F2700_unidentified	B7810_Ezakiella	0.5381	0.005	TRUE
F61_o_Pleosporales	B7810_Ezakiella	0.4504	0.0334	TRUE
F2277_unidentified	B7810_Ezakiella	0.5522	0.0137	TRUE
F133_Cyphellophora	B7810_Ezakiella	0.5565	0.005	TRUE
F653_Penicillium	B7810_Ezakiella	0.5227	0.0235	TRUE
F213_Yarrowia	B7810_Ezakiella	-0.7078	0.0099	FALSE
F361_Phaeosphaeria	B7810_Ezakiella	0.6655	0.0137	TRUE
F1352_Phaeosphaeria	B7810_Ezakiella	0.5753	0.0235	TRUE
F922_Phlebia	B7810_Ezakiella	0.5104	0.0235	TRUE
F673_Erythrobasidium	B7810_Ezakiella	0.5817	0.0334	TRUE
F2630_Filobasidium	B7810_Ezakiella	0.5048	0.0433	TRUE
F328_Phaeosphaeria	B7810_Ezakiella	0.5276	0.0235	TRUE
F45_f_Didymellaceae	B7810_Ezakiella	0.6744	0.0433	TRUE
F97_o_Sordariales	B7810_Ezakiella	0.5111	0.0137	TRUE
F503_Sordaria	B7810_Ezakiella	0.5808	0.0388	TRUE
F1990_Humicola	B7810_Ezakiella	0.3912	0.0433	TRUE
B1597_Staphylococcus	B9896_Porphyromonas	0.6135	0.0137	TRUE
F133_Cyphellophora	B9896_Porphyromonas	0.447	0.0235	TRUE
F213_Yarrowia	B9896_Porphyromonas	-0.5889	0.0396	FALSE
F361_Phaeosphaeria	B9896_Porphyromonas	0.541	0.0137	TRUE
F673_Erythrobasidium	B9896_Porphyromonas	0.4925	0.0334	TRUE
F328_Phaeosphaeria	B9896_Porphyromonas	0.4599	0.0433	TRUE
F45_f_Didymellaceae	B9896_Porphyromonas	0.5483	0.0334	TRUE
F2565_Lophodermium	B1227_Escherichia.Shigella	0.7677	0.0235	TRUE
F658_Candida	B1227_Escherichia.Shigella	0.7599	0.005	TRUE
F288_unidentified	B1227_Escherichia.Shigella	0.6951	0.005	TRUE
F277_Peniophora	B1227_Escherichia.Shigella	0.7286	0.005	TRUE
F316_Dioszegia	B1227_Escherichia.Shigella	0.5781	0.0388	TRUE
B13897_Paenibacillus	B1313_Escherichia.Shigella	0.6672	0.0137	TRUE
F2698_unidentified	B1313_Escherichia.Shigella	0.7033	0.005	TRUE
F7_unidentified	B1313_Escherichia.Shigella	0.6974	0.0137	TRUE
F4363_unidentified	B1313_Escherichia.Shigella	0.695	0.0137	TRUE
F915_o_Pleosporales	B1313_Escherichia.Shigella	0.6679	0.0334	TRUE
F18_f_Phaeosphaeriaceae	B1313_Escherichia.Shigella	0.7552	0.0137	TRUE
F23_Solicoccozyma	B1313_Escherichia.Shigella	0.6198	0.0433	TRUE
F144_Typhula	B1313_Escherichia.Shigella	0.6236	0.0137	TRUE
F290_f_Coniochaetaceae	B1313_Escherichia.Shigella	0.5476	0.0334	TRUE
F120_Sporobolomyces	B1313_Escherichia.Shigella	0.6946	0.0137	TRUE
F300_unidentified	B1313_Escherichia.Shigella	0.7067	0.005	TRUE
F429_Bjerkandera	B1313_Escherichia.Shigella	0.6167	0.0137	TRUE
F10_Guehomyces	B1313_Escherichia.Shigella	0.6676	0.0433	TRUE
F81_Cladosporium	B1313_Escherichia.Shigella	0.6746	0.0235	TRUE
F13_Zopfiella	B1313_Escherichia.Shigella	0.662	0.005	TRUE
F90_Pseudogymnoascus	B1313_Escherichia.Shigella	0.6177	0.0433	TRUE
F276_Cercospora	B1313_Escherichia.Shigella	0.7031	0.0137	TRUE
B209_Escherichia-Shigella	B679_Georgenia	0.628	0.019	TRUE
F216_unidentified	B679_Georgenia	0.6914	0.005	TRUE
F888_Phellinus	B679_Georgenia	0.6173	0.005	TRUE
F3089_Buergenerula	B679_Georgenia	0.6435	0.0137	TRUE
F552_unidentified	B679_Georgenia	0.7169	0.0137	TRUE
F1486_Rosellinia	B679_Georgenia	0.6366	0.005	TRUE
F260_Schizopora	B679_Georgenia	0.6257	0.0137	TRUE
F100_Talaromyces	B679_Georgenia	0.5105	0.019	TRUE
F570_Colletotrichum	B679_Georgenia	0.7316	0.005	TRUE
B3_Sphingomonas	B1017_Clostridium.sensu.stricto.3	0.4926	0.019	TRUE
B398_Rhodococcus	B1017_Clostridium.sensu.stricto.3	0.4809	0.0487	TRUE
F1998_unidentified	B1017_Clostridium.sensu.stricto.3	0.4503	0.0388	TRUE
F1887_Hyphoderma	B1017_Clostridium.sensu.stricto.3	0.5192	0.0487	TRUE
F66_Trichoderma	B1017_Clostridium.sensu.stricto.3	0.4585	0.0388	TRUE
F2698_unidentified	B13897_Paenibacillus	0.5874	0.0235	TRUE
F7_unidentified	B13897_Paenibacillus	0.6399	0.0137	TRUE
F4363_unidentified	B13897_Paenibacillus	0.6259	0.005	TRUE
F915_o_Pleosporales	B13897_Paenibacillus	0.5855	0.0334	TRUE
F57_Trichoderma	B13897_Paenibacillus	0.5716	0.005	TRUE
F18_f_Phaeosphaeriaceae	B13897_Paenibacillus	0.6031	0.0137	TRUE
F23_Solicoccozyma	B13897_Paenibacillus	0.6007	0.0334	TRUE
F290_f_Coniochaetaceae	B13897_Paenibacillus	0.5128	0.0433	TRUE
F120_Sporobolomyces	B13897_Paenibacillus	0.5627	0.0137	TRUE
F300_unidentified	B13897_Paenibacillus	0.5299	0.0235	TRUE
F429_Bjerkandera	B13897_Paenibacillus	0.5301	0.0334	TRUE
F10_Guehomyces	B13897_Paenibacillus	0.62	0.0334	TRUE
F81_Cladosporium	B13897_Paenibacillus	0.6312	0.0334	TRUE
F13_Zopfiella	B13897_Paenibacillus	0.4976	0.0137	TRUE
F90_Pseudogymnoascus	B13897_Paenibacillus	0.5928	0.0137	TRUE
F276_Cercospora	B13897_Paenibacillus	0.594	0.0137	TRUE
B209_Escherichia-Shigella	B354_Paraburkholderia.tropica	0.5355	0.0289	TRUE
F895_Dipodascus	B354_Paraburkholderia.tropica	0.5726	0.0235	TRUE
F441_o_Hypocreales	B354_Paraburkholderia.tropica	0.5621	0.005	TRUE
F1264_unidentified	B354_Paraburkholderia.tropica	0.5472	0.0334	TRUE
F66_Trichoderma	B354_Paraburkholderia.tropica	0.6043	0.005	TRUE
F3275_o_NA	B1_Pantoea	0.7687	0.005	TRUE
F832_f_Stereaceae	B1_Pantoea	0.6279	0.0487	TRUE
F190_Irpex	B1_Pantoea	0.6814	0.005	TRUE
F507_Exidia	B1_Pantoea	0.6516	0.019	TRUE
F1694_f_Coniochaetaceae	B1_Pantoea	0.7228	0.0137	TRUE
F160_Cladosporium	B1_Pantoea	0.7497	0.0235	TRUE
F334_Plectosphaerella	B1_Pantoea	0.7757	0.0235	TRUE
F448_Perenniporia	B1_Pantoea	0.7633	0.005	TRUE
F2532_unidentified	B1597_Staphylococcus	0.5545	0.0334	TRUE
F2700_unidentified	B1597_Staphylococcus	0.5919	0.0137	TRUE
F61_o_Pleosporales	B1597_Staphylococcus	0.5539	0.0235	TRUE
F4069_unidentified	B1597_Staphylococcus	0.4639	0.0334	TRUE
F2277_unidentified	B1597_Staphylococcus	0.5298	0.0137	TRUE
F133_Cyphellophora	B1597_Staphylococcus	0.5475	0.0433	TRUE
F213_Yarrowia	B1597_Staphylococcus	-0.718	0.0198	FALSE
F361_Phaeosphaeria	B1597_Staphylococcus	0.6919	0.0334	TRUE
F1352_Phaeosphaeria	B1597_Staphylococcus	0.6292	0.0137	TRUE
F410_Schizophyllum	B1597_Staphylococcus	0.6079	0.0433	TRUE
F922_Phlebia	B1597_Staphylococcus	0.5591	0.0137	TRUE
F673_Erythrobasidium	B1597_Staphylococcus	0.6277	0.0334	TRUE
F2630_Filobasidium	B1597_Staphylococcus	0.5686	0.005	TRUE
F62_Mrakia	B1597_Staphylococcus	0.4474	0.0235	TRUE
F328_Phaeosphaeria	B1597_Staphylococcus	0.5486	0.0235	TRUE
F45_f_Didymellaceae	B1597_Staphylococcus	0.7252	0.0235	TRUE
F97_o_Sordariales	B1597_Staphylococcus	0.5266	0.0235	TRUE
F503_Sordaria	B1597_Staphylococcus	0.5854	0.0487	TRUE
F1990_Humicola	B1597_Staphylococcus	0.4476	0.0334	TRUE
F137_Malassezia	B814_Sediminibacterium	0.6466	0.0197	TRUE
F3460_Colletotrichum	B814_Sediminibacterium	0.4743	0.0289	TRUE
F5672_unidentified	B209_Escherichia.Shigella	0.4853	0.0388	TRUE
F3089_Buergenerula	B209_Escherichia.Shigella	0.5974	0.0289	TRUE
F552_unidentified	B209_Escherichia.Shigella	0.5877	0.0388	TRUE
F441_o_Hypocreales	B209_Escherichia.Shigella	0.5208	0.0487	TRUE
F260_Schizopora	B209_Escherichia.Shigella	0.5888	0.0388	TRUE
F66_Trichoderma	B209_Escherichia.Shigella	0.5023	0.0388	TRUE
F213_Yarrowia	B14_Burkholderia.Caballeronia.Paraburkholderia	-0.7198	0.0099	FALSE
F45_f_Didymellaceae	B14_Burkholderia.Caballeronia.Paraburkholderia	0.5098	0.0289	TRUE
F231_Bullera	B14_Burkholderia.Caballeronia.Paraburkholderia	0.4658	0.0487	TRUE
F503_Sordaria	B14_Burkholderia.Caballeronia.Paraburkholderia	0.7754	0.0098	TRUE
F5672_unidentified	B3_Sphingomonas	0.7199	0.0235	TRUE
F895_Dipodascus	B3_Sphingomonas	0.7828	0.0137	TRUE
F1191_Preussia	B3_Sphingomonas	0.5859	0.0289	TRUE
F441_o_Hypocreales	B3_Sphingomonas	0.762	0.0137	TRUE
F1264_unidentified	B3_Sphingomonas	0.6964	0.0235	TRUE
F66_Trichoderma	B3_Sphingomonas	0.7574	0.0334	TRUE
F482_Pichia	B3_Sphingomonas	0.5963	0.0197	TRUE
B5356_Xanthomonas	B8760_Pseudomonas	0.6822	0.0137	TRUE
F16_Pyricularia	B8760_Pseudomonas	0.732	0.0099	TRUE
F818_Phaeosphaeria	B8760_Pseudomonas	0.6425	0.0235	TRUE
F6_Cladosporium	B8760_Pseudomonas	0.5422	0.0296	TRUE
F231_Bullera	B8760_Pseudomonas	0.6082	0.0334	TRUE
F537_Pichia	B398_Rhodococcus	0.615	0.005	TRUE
F3857_f_Orbiliaceae	B398_Rhodococcus	0.5199	0.0433	TRUE
F1998_unidentified	B398_Rhodococcus	0.5221	0.0137	TRUE
F318_Saccharomyces	B398_Rhodococcus	0.577	0.0235	TRUE
F617_Microdochium	B398_Rhodococcus	0.6815	0.0137	TRUE
F1887_Hyphoderma	B398_Rhodococcus	0.6089	0.0235	TRUE
F582_Mycoleptodiscus	B398_Rhodococcus	0.5823	0.0334	TRUE
F494_Coprinellus	B398_Rhodococcus	0.6167	0.005	TRUE
F3460_Colletotrichum	B398_Rhodococcus	0.512	0.0137	TRUE
F16_Pyricularia	B5356_Xanthomonas	0.6986	0.0198	TRUE
F818_Phaeosphaeria	B5356_Xanthomonas	0.614	0.0137	TRUE
F6_Cladosporium	B5356_Xanthomonas	0.5372	0.0395	TRUE
F231_Bullera	B5356_Xanthomonas	0.6292	0.0235	TRUE
F1482_Hyphoderma	F3806_o_NA	0.7432	0.005	TRUE
F2141_unidentified	F3806_o_NA	0.7798	0.0137	TRUE
F3977_f_Sporormiaceae	F3806_o_NA	0.7454	0.0235	TRUE
F29_f_Didymellaceae	F3806_o_NA	0.5567	0.0396	TRUE
F1707_o_Pleosporales	F3806_o_NA	0.6015	0.0289	TRUE
F59_Podospora	F2532_unidentified	0.4781	0.0137	TRUE
F213_Yarrowia	F2532_unidentified	-0.5912	0.0297	FALSE
F361_Phaeosphaeria	F2532_unidentified	0.5584	0.0433	TRUE
F1352_Phaeosphaeria	F2532_unidentified	0.4934	0.0334	TRUE
F673_Erythrobasidium	F2532_unidentified	0.5138	0.0235	TRUE
F328_Phaeosphaeria	F2532_unidentified	0.5002	0.0235	TRUE
F45_f_Didymellaceae	F2532_unidentified	0.6286	0.0334	TRUE
F3857_f_Orbiliaceae	F537_Pichia	0.5836	0.0334	TRUE
F1998_unidentified	F537_Pichia	0.5526	0.0235	TRUE
F318_Saccharomyces	F537_Pichia	0.6354	0.0137	TRUE
F137_Malassezia	F537_Pichia	0.5332	0.019	TRUE
F775_Hyphoderma	F537_Pichia	0.5081	0.0433	TRUE
F617_Microdochium	F537_Pichia	0.7252	0.0137	TRUE
F1887_Hyphoderma	F537_Pichia	0.5884	0.0235	TRUE
F582_Mycoleptodiscus	F537_Pichia	0.6488	0.0137	TRUE
F494_Coprinellus	F537_Pichia	0.621	0.005	TRUE
F3460_Colletotrichum	F537_Pichia	0.578	0.0433	TRUE
F7_unidentified	F2698_unidentified	0.6419	0.0334	TRUE
F4363_unidentified	F2698_unidentified	0.6398	0.0137	TRUE
F915_o_Pleosporales	F2698_unidentified	0.6153	0.0137	TRUE
F57_Trichoderma	F2698_unidentified	0.6857	0.0137	TRUE
F18_f_Phaeosphaeriaceae	F2698_unidentified	0.7195	0.0137	TRUE
F23_Solicoccozyma	F2698_unidentified	0.6432	0.0334	TRUE
F144_Typhula	F2698_unidentified	0.5707	0.005	TRUE
F290_f_Coniochaetaceae	F2698_unidentified	0.6051	0.0235	TRUE
F120_Sporobolomyces	F2698_unidentified	0.6649	0.0137	TRUE
F300_unidentified	F2698_unidentified	0.6412	0.0235	TRUE
F429_Bjerkandera	F2698_unidentified	0.6106	0.0137	TRUE
F10_Guehomyces	F2698_unidentified	0.6069	0.005	TRUE
F81_Cladosporium	F2698_unidentified	0.6853	0.005	TRUE
F13_Zopfiella	F2698_unidentified	0.6314	0.0137	TRUE
F90_Pseudogymnoascus	F2698_unidentified	0.6127	0.0137	TRUE
F276_Cercospora	F2698_unidentified	0.685	0.0235	TRUE
F3089_Buergenerula	F206_unidentified	0.5683	0.0395	TRUE
F552_unidentified	F206_unidentified	0.6132	0.0098	TRUE
F292_Engyodontium	F206_unidentified	0.7325	0.0198	TRUE
F133_Cyphellophora	F2700_unidentified	0.5393	0.0433	TRUE
F361_Phaeosphaeria	F2700_unidentified	0.5929	0.0137	TRUE
F1352_Phaeosphaeria	F2700_unidentified	0.5006	0.0235	TRUE
F922_Phlebia	F2700_unidentified	0.5337	0.0137	TRUE
F673_Erythrobasidium	F2700_unidentified	0.4671	0.0433	TRUE
F2630_Filobasidium	F2700_unidentified	0.5062	0.0334	TRUE
F328_Phaeosphaeria	F2700_unidentified	0.4744	0.0433	TRUE
F45_f_Didymellaceae	F2700_unidentified	0.6103	0.0137	TRUE
F97_o_Sordariales	F2700_unidentified	0.494	0.0235	TRUE
F4363_unidentified	F7_unidentified	0.6208	0.0334	TRUE
F915_o_Pleosporales	F7_unidentified	0.5997	0.0235	TRUE
F57_Trichoderma	F7_unidentified	0.6878	0.005	TRUE
F18_f_Phaeosphaeriaceae	F7_unidentified	0.7146	0.0235	TRUE
F23_Solicoccozyma	F7_unidentified	0.6534	0.0235	TRUE
F144_Typhula	F7_unidentified	0.5678	0.0137	TRUE
F290_f_Coniochaetaceae	F7_unidentified	0.646	0.005	TRUE
F120_Sporobolomyces	F7_unidentified	0.5959	0.0137	TRUE
F300_unidentified	F7_unidentified	0.5939	0.0235	TRUE
F429_Bjerkandera	F7_unidentified	0.5971	0.0137	TRUE
F10_Guehomyces	F7_unidentified	0.6931	0.005	TRUE
F81_Cladosporium	F7_unidentified	0.657	0.0137	TRUE
F13_Zopfiella	F7_unidentified	0.5867	0.0235	TRUE
F90_Pseudogymnoascus	F7_unidentified	0.5712	0.0235	TRUE
F276_Cercospora	F7_unidentified	0.6907	0.0137	TRUE
F59_Podospora	F61_o_Pleosporales	0.4368	0.0334	TRUE
F213_Yarrowia	F61_o_Pleosporales	-0.5567	0.0495	FALSE
F361_Phaeosphaeria	F61_o_Pleosporales	0.518	0.0235	TRUE
F1352_Phaeosphaeria	F61_o_Pleosporales	0.4801	0.0433	TRUE
F410_Schizophyllum	F61_o_Pleosporales	0.4426	0.0433	TRUE
F673_Erythrobasidium	F61_o_Pleosporales	0.4803	0.0334	TRUE
F2630_Filobasidium	F61_o_Pleosporales	0.468	0.0433	TRUE
F1707_o_Pleosporales	F131_unidentified	-0.6148	0.0198	FALSE
F503_Sordaria	F698_unidentified	0.4216	0.0487	TRUE
F888_Phellinus	F216_unidentified	0.6513	0.0235	TRUE
F3089_Buergenerula	F216_unidentified	0.6892	0.0235	TRUE
F552_unidentified	F216_unidentified	0.7105	0.0137	TRUE
F1486_Rosellinia	F216_unidentified	0.7095	0.005	TRUE
F260_Schizopora	F216_unidentified	0.6128	0.005	TRUE
F100_Talaromyces	F216_unidentified	0.5503	0.019	TRUE
F570_Colletotrichum	F216_unidentified	0.6857	0.0235	TRUE
F133_Cyphellophora	F4069_unidentified	0.4143	0.0433	TRUE
F318_Saccharomyces	F3857_f_Orbiliaceae	0.5434	0.0433	TRUE
F617_Microdochium	F3857_f_Orbiliaceae	0.6475	0.0137	TRUE
F1887_Hyphoderma	F3857_f_Orbiliaceae	0.5385	0.0334	TRUE
F582_Mycoleptodiscus	F3857_f_Orbiliaceae	0.5357	0.0137	TRUE
F494_Coprinellus	F3857_f_Orbiliaceae	0.5642	0.0433	TRUE
F3460_Colletotrichum	F3857_f_Orbiliaceae	0.5786	0.0235	TRUE
F2141_unidentified	F1482_Hyphoderma	0.7508	0.0137	TRUE
F3977_f_Sporormiaceae	F1482_Hyphoderma	0.7175	0.0137	TRUE
F1707_o_Pleosporales	F1482_Hyphoderma	0.5738	0.0487	TRUE
F3977_f_Sporormiaceae	F2141_unidentified	0.7728	0.0235	TRUE
F1707_o_Pleosporales	F2141_unidentified	0.6185	0.0388	TRUE
F915_o_Pleosporales	F4363_unidentified	0.6488	0.005	TRUE
F57_Trichoderma	F4363_unidentified	0.6583	0.0137	TRUE
F18_f_Phaeosphaeriaceae	F4363_unidentified	0.6882	0.0235	TRUE
F23_Solicoccozyma	F4363_unidentified	0.6478	0.0137	TRUE
F144_Typhula	F4363_unidentified	0.5472	0.0334	TRUE
F290_f_Coniochaetaceae	F4363_unidentified	0.5626	0.0137	TRUE
F120_Sporobolomyces	F4363_unidentified	0.6699	0.005	TRUE
F300_unidentified	F4363_unidentified	0.5825	0.0235	TRUE
F429_Bjerkandera	F4363_unidentified	0.5782	0.0433	TRUE
F10_Guehomyces	F4363_unidentified	0.6823	0.0137	TRUE
F81_Cladosporium	F4363_unidentified	0.6655	0.0235	TRUE
F13_Zopfiella	F4363_unidentified	0.6128	0.0235	TRUE
F90_Pseudogymnoascus	F4363_unidentified	0.6266	0.005	TRUE
F276_Cercospora	F4363_unidentified	0.6716	0.005	TRUE
F3089_Buergenerula	F888_Phellinus	0.6982	0.005	TRUE
F552_unidentified	F888_Phellinus	0.7016	0.0137	TRUE
F1486_Rosellinia	F888_Phellinus	0.663	0.005	TRUE
F260_Schizopora	F888_Phellinus	0.5638	0.0334	TRUE
F570_Colletotrichum	F888_Phellinus	0.6692	0.005	TRUE
F832_f_Stereaceae	F3275_o_NA	0.5901	0.0289	TRUE
F190_Irpex	F3275_o_NA	0.6211	0.005	TRUE
F507_Exidia	F3275_o_NA	0.5616	0.0388	TRUE
F1694_f_Coniochaetaceae	F3275_o_NA	0.6699	0.0137	TRUE
F160_Cladosporium	F3275_o_NA	0.6795	0.005	TRUE
F334_Plectosphaerella	F3275_o_NA	0.709	0.0137	TRUE
F448_Perenniporia	F3275_o_NA	0.6682	0.005	TRUE
F318_Saccharomyces	F1998_unidentified	0.5711	0.005	TRUE
F775_Hyphoderma	F1998_unidentified	0.46	0.0137	TRUE
F617_Microdochium	F1998_unidentified	0.6358	0.0334	TRUE
F1887_Hyphoderma	F1998_unidentified	0.5325	0.0235	TRUE
F582_Mycoleptodiscus	F1998_unidentified	0.5138	0.0235	TRUE
F494_Coprinellus	F1998_unidentified	0.5323	0.005	TRUE
F190_Irpex	F832_f_Stereaceae	0.5609	0.019	TRUE
F1694_f_Coniochaetaceae	F832_f_Stereaceae	0.5275	0.0487	TRUE
F160_Cladosporium	F832_f_Stereaceae	0.586	0.0388	TRUE
F334_Plectosphaerella	F832_f_Stereaceae	0.6173	0.0289	TRUE
F448_Perenniporia	F832_f_Stereaceae	0.5935	0.0388	TRUE
F361_Phaeosphaeria	F2277_unidentified	0.5413	0.0433	TRUE
F2630_Filobasidium	F2277_unidentified	0.4288	0.0433	TRUE
F328_Phaeosphaeria	F2277_unidentified	0.4615	0.0433	TRUE
F45_f_Didymellaceae	F2277_unidentified	0.5983	0.0235	TRUE
F361_Phaeosphaeria	F59_Podospora	0.4473	0.0433	TRUE
F1352_Phaeosphaeria	F59_Podospora	0.4582	0.0433	TRUE
F895_Dipodascus	F5672_unidentified	0.708	0.0137	TRUE
F441_o_Hypocreales	F5672_unidentified	0.7157	0.0137	TRUE
F1264_unidentified	F5672_unidentified	0.6305	0.0137	TRUE
F66_Trichoderma	F5672_unidentified	0.6772	0.005	TRUE
F552_unidentified	F3089_Buergenerula	0.757	0.0433	TRUE
F1486_Rosellinia	F3089_Buergenerula	0.724	0.0137	TRUE
F260_Schizopora	F3089_Buergenerula	0.6376	0.0137	TRUE
F570_Colletotrichum	F3089_Buergenerula	0.7374	0.0137	TRUE
F361_Phaeosphaeria	F133_Cyphellophora	0.5852	0.0137	TRUE
F410_Schizophyllum	F133_Cyphellophora	0.4763	0.0334	TRUE
F922_Phlebia	F133_Cyphellophora	0.4628	0.0235	TRUE
F673_Erythrobasidium	F133_Cyphellophora	0.5809	0.0433	TRUE
F2630_Filobasidium	F133_Cyphellophora	0.4972	0.0433	TRUE
F45_f_Didymellaceae	F133_Cyphellophora	0.6661	0.0334	TRUE
F57_Trichoderma	F915_o_Pleosporales	0.6705	0.0137	TRUE
F18_f_Phaeosphaeriaceae	F915_o_Pleosporales	0.6375	0.0137	TRUE
F23_Solicoccozyma	F915_o_Pleosporales	0.6255	0.0137	TRUE
F144_Typhula	F915_o_Pleosporales	0.5355	0.0137	TRUE
F120_Sporobolomyces	F915_o_Pleosporales	0.5694	0.0137	TRUE
F429_Bjerkandera	F915_o_Pleosporales	0.559	0.0334	TRUE
F10_Guehomyces	F915_o_Pleosporales	0.6298	0.0334	TRUE
F81_Cladosporium	F915_o_Pleosporales	0.6445	0.005	TRUE
F13_Zopfiella	F915_o_Pleosporales	0.592	0.0137	TRUE
F90_Pseudogymnoascus	F915_o_Pleosporales	0.6178	0.0137	TRUE
F276_Cercospora	F915_o_Pleosporales	0.6429	0.0433	TRUE
F137_Malassezia	F318_Saccharomyces	0.4868	0.0487	TRUE
F775_Hyphoderma	F318_Saccharomyces	0.5093	0.0334	TRUE
F617_Microdochium	F318_Saccharomyces	0.7366	0.005	TRUE
F1887_Hyphoderma	F318_Saccharomyces	0.6232	0.0235	TRUE
F582_Mycoleptodiscus	F318_Saccharomyces	0.638	0.0235	TRUE
F494_Coprinellus	F318_Saccharomyces	0.5926	0.005	TRUE
F3460_Colletotrichum	F318_Saccharomyces	0.6597	0.005	TRUE
F818_Phaeosphaeria	F16_Pyricularia	0.6503	0.0099	TRUE
F231_Bullera	F16_Pyricularia	0.6066	0.0396	TRUE
F658_Candida	F2565_Lophodermium	0.7219	0.005	TRUE
F288_unidentified	F2565_Lophodermium	0.6988	0.005	TRUE
F277_Peniophora	F2565_Lophodermium	0.6651	0.0137	TRUE
F288_unidentified	F658_Candida	0.7041	0.005	TRUE
F277_Peniophora	F658_Candida	0.66	0.0235	TRUE
F100_Talaromyces	F658_Candida	0.5602	0.0289	TRUE
F292_Engyodontium	F137_Malassezia	0.5173	0.0495	TRUE
F617_Microdochium	F137_Malassezia	0.5901	0.0289	TRUE
F18_f_Phaeosphaeriaceae	F57_Trichoderma	0.7255	0.005	TRUE
F23_Solicoccozyma	F57_Trichoderma	0.6799	0.005	TRUE
F144_Typhula	F57_Trichoderma	0.6388	0.005	TRUE
F290_f_Coniochaetaceae	F57_Trichoderma	0.5568	0.0137	TRUE
F120_Sporobolomyces	F57_Trichoderma	0.6152	0.0235	TRUE
F300_unidentified	F57_Trichoderma	0.659	0.0433	TRUE
F429_Bjerkandera	F57_Trichoderma	0.6079	0.0137	TRUE
F10_Guehomyces	F57_Trichoderma	0.657	0.0235	TRUE
F81_Cladosporium	F57_Trichoderma	0.6942	0.005	TRUE
F13_Zopfiella	F57_Trichoderma	0.631	0.0433	TRUE
F90_Pseudogymnoascus	F57_Trichoderma	0.5994	0.0235	TRUE
F276_Cercospora	F57_Trichoderma	0.6889	0.0235	TRUE
F361_Phaeosphaeria	F213_Yarrowia	-0.7432	0.0297	FALSE
F1352_Phaeosphaeria	F213_Yarrowia	-0.6606	0.0297	FALSE
F410_Schizophyllum	F213_Yarrowia	-0.5437	0.0495	FALSE
F922_Phlebia	F213_Yarrowia	-0.6147	0.0495	FALSE
F673_Erythrobasidium	F213_Yarrowia	-0.676	0.0297	FALSE
F2630_Filobasidium	F213_Yarrowia	-0.6096	0.0396	FALSE
F45_f_Didymellaceae	F213_Yarrowia	-0.7702	0.0198	FALSE
F503_Sordaria	F213_Yarrowia	-0.7993	0.0099	FALSE
F441_o_Hypocreales	F895_Dipodascus	0.7362	0.0137	TRUE
F1264_unidentified	F895_Dipodascus	0.7374	0.0137	TRUE
F66_Trichoderma	F895_Dipodascus	0.7661	0.005	TRUE
F482_Pichia	F895_Dipodascus	0.5822	0.0098	TRUE
F277_Peniophora	F288_unidentified	0.6744	0.0235	TRUE
F316_Dioszegia	F288_unidentified	0.4851	0.0487	TRUE
F1352_Phaeosphaeria	F361_Phaeosphaeria	0.6013	0.0235	TRUE
F410_Schizophyllum	F361_Phaeosphaeria	0.5343	0.0137	TRUE
F922_Phlebia	F361_Phaeosphaeria	0.5424	0.0433	TRUE
F673_Erythrobasidium	F361_Phaeosphaeria	0.5945	0.0235	TRUE
F2630_Filobasidium	F361_Phaeosphaeria	0.5317	0.0334	TRUE
F328_Phaeosphaeria	F361_Phaeosphaeria	0.6134	0.0137	TRUE
F45_f_Didymellaceae	F361_Phaeosphaeria	0.7226	0.0235	TRUE
F97_o_Sordariales	F361_Phaeosphaeria	0.5523	0.0137	TRUE
F316_Dioszegia	F361_Phaeosphaeria	0.4365	0.0487	TRUE
F503_Sordaria	F361_Phaeosphaeria	0.5233	0.0388	TRUE
F23_Solicoccozyma	F18_f_Phaeosphaeriaceae	0.6281	0.0334	TRUE
F144_Typhula	F18_f_Phaeosphaeriaceae	0.6101	0.0334	TRUE
F290_f_Coniochaetaceae	F18_f_Phaeosphaeriaceae	0.5864	0.0137	TRUE
F120_Sporobolomyces	F18_f_Phaeosphaeriaceae	0.6876	0.0137	TRUE
F300_unidentified	F18_f_Phaeosphaeriaceae	0.6566	0.0235	TRUE
F429_Bjerkandera	F18_f_Phaeosphaeriaceae	0.6439	0.0137	TRUE
F10_Guehomyces	F18_f_Phaeosphaeriaceae	0.6873	0.0235	TRUE
F81_Cladosporium	F18_f_Phaeosphaeriaceae	0.6841	0.0137	TRUE
F13_Zopfiella	F18_f_Phaeosphaeriaceae	0.662	0.0334	TRUE
F90_Pseudogymnoascus	F18_f_Phaeosphaeriaceae	0.6582	0.0235	TRUE
F276_Cercospora	F18_f_Phaeosphaeriaceae	0.7204	0.0235	TRUE
F231_Bullera	F818_Phaeosphaeria	0.5595	0.0235	TRUE
F316_Dioszegia	F12_o_Pleosporales	0.596	0.0198	TRUE
F410_Schizophyllum	F1352_Phaeosphaeria	0.5341	0.0235	TRUE
F922_Phlebia	F1352_Phaeosphaeria	0.5089	0.0433	TRUE
F673_Erythrobasidium	F1352_Phaeosphaeria	0.5204	0.0334	TRUE
F2630_Filobasidium	F1352_Phaeosphaeria	0.4997	0.0433	TRUE
F328_Phaeosphaeria	F1352_Phaeosphaeria	0.525	0.0433	TRUE
F45_f_Didymellaceae	F1352_Phaeosphaeria	0.6315	0.0137	TRUE
F1990_Humicola	F1352_Phaeosphaeria	0.4125	0.0334	TRUE
F1486_Rosellinia	F552_unidentified	0.6807	0.0235	TRUE
F260_Schizopora	F552_unidentified	0.686	0.005	TRUE
F100_Talaromyces	F552_unidentified	0.5546	0.0487	TRUE
F570_Colletotrichum	F552_unidentified	0.7819	0.0137	TRUE
F1264_unidentified	F1191_Preussia	0.5124	0.0487	TRUE
F482_Pichia	F1191_Preussia	0.6816	0.0297	TRUE
F1707_o_Pleosporales	F3977_f_Sporormiaceae	0.6225	0.0289	TRUE
F1694_f_Coniochaetaceae	F190_Irpex	0.6524	0.0235	TRUE
F160_Cladosporium	F190_Irpex	0.663	0.0235	TRUE
F334_Plectosphaerella	F190_Irpex	0.6917	0.0137	TRUE
F448_Perenniporia	F190_Irpex	0.636	0.0334	TRUE
F144_Typhula	F23_Solicoccozyma	0.5787	0.0137	TRUE
F290_f_Coniochaetaceae	F23_Solicoccozyma	0.5904	0.0137	TRUE
F120_Sporobolomyces	F23_Solicoccozyma	0.5976	0.0433	TRUE
F300_unidentified	F23_Solicoccozyma	0.6127	0.005	TRUE
F429_Bjerkandera	F23_Solicoccozyma	0.604	0.0137	TRUE
F10_Guehomyces	F23_Solicoccozyma	0.601	0.005	TRUE
F81_Cladosporium	F23_Solicoccozyma	0.6651	0.0235	TRUE
F13_Zopfiella	F23_Solicoccozyma	0.6248	0.005	TRUE
F90_Pseudogymnoascus	F23_Solicoccozyma	0.6335	0.005	TRUE
F276_Cercospora	F23_Solicoccozyma	0.6327	0.0433	TRUE
F673_Erythrobasidium	F410_Schizophyllum	0.4672	0.0235	TRUE
F45_f_Didymellaceae	F410_Schizophyllum	0.5289	0.0137	TRUE
F290_f_Coniochaetaceae	F144_Typhula	0.5529	0.0137	TRUE
F120_Sporobolomyces	F144_Typhula	0.5279	0.0137	TRUE
F300_unidentified	F144_Typhula	0.5975	0.0137	TRUE
F429_Bjerkandera	F144_Typhula	0.5763	0.0137	TRUE
F10_Guehomyces	F144_Typhula	0.6055	0.0137	TRUE
F81_Cladosporium	F144_Typhula	0.6048	0.0137	TRUE
F13_Zopfiella	F144_Typhula	0.5381	0.0235	TRUE
F90_Pseudogymnoascus	F144_Typhula	0.5708	0.0235	TRUE
F276_Cercospora	F144_Typhula	0.6084	0.0137	TRUE
F494_Coprinellus	F775_Hyphoderma	0.4441	0.0433	TRUE
F120_Sporobolomyces	F290_f_Coniochaetaceae	0.5541	0.0334	TRUE
F300_unidentified	F290_f_Coniochaetaceae	0.5608	0.0334	TRUE
F429_Bjerkandera	F290_f_Coniochaetaceae	0.5918	0.0235	TRUE
F10_Guehomyces	F290_f_Coniochaetaceae	0.581	0.0334	TRUE
F81_Cladosporium	F290_f_Coniochaetaceae	0.541	0.005	TRUE
F13_Zopfiella	F290_f_Coniochaetaceae	0.5432	0.0334	TRUE
F90_Pseudogymnoascus	F290_f_Coniochaetaceae	0.5218	0.0433	TRUE
F276_Cercospora	F290_f_Coniochaetaceae	0.5559	0.0334	TRUE
F2630_Filobasidium	F922_Phlebia	0.546	0.0137	TRUE
F328_Phaeosphaeria	F922_Phlebia	0.4771	0.0433	TRUE
F45_f_Didymellaceae	F922_Phlebia	0.5654	0.0235	TRUE
F1264_unidentified	F441_o_Hypocreales	0.7114	0.005	TRUE
F66_Trichoderma	F441_o_Hypocreales	0.7503	0.005	TRUE
F482_Pichia	F441_o_Hypocreales	0.5746	0.0494	TRUE
F328_Phaeosphaeria	F673_Erythrobasidium	0.4712	0.0334	TRUE
F45_f_Didymellaceae	F673_Erythrobasidium	0.67	0.0235	TRUE
F503_Sordaria	F673_Erythrobasidium	0.5308	0.0289	TRUE
F300_unidentified	F120_Sporobolomyces	0.5981	0.0235	TRUE
F429_Bjerkandera	F120_Sporobolomyces	0.5901	0.0137	TRUE
F10_Guehomyces	F120_Sporobolomyces	0.6358	0.0137	TRUE
F81_Cladosporium	F120_Sporobolomyces	0.6226	0.0235	TRUE
F13_Zopfiella	F120_Sporobolomyces	0.6316	0.0235	TRUE
F90_Pseudogymnoascus	F120_Sporobolomyces	0.6136	0.005	TRUE
F276_Cercospora	F120_Sporobolomyces	0.656	0.0137	TRUE
F429_Bjerkandera	F300_unidentified	0.5617	0.0235	TRUE
F10_Guehomyces	F300_unidentified	0.5946	0.0137	TRUE
F81_Cladosporium	F300_unidentified	0.6647	0.005	TRUE
F13_Zopfiella	F300_unidentified	0.6338	0.0137	TRUE
F90_Pseudogymnoascus	F300_unidentified	0.5544	0.005	TRUE
F276_Cercospora	F300_unidentified	0.6454	0.0137	TRUE
F45_f_Didymellaceae	F2630_Filobasidium	0.554	0.0235	TRUE
F10_Guehomyces	F429_Bjerkandera	0.6037	0.0137	TRUE
F81_Cladosporium	F429_Bjerkandera	0.6444	0.0235	TRUE
F13_Zopfiella	F429_Bjerkandera	0.5678	0.0235	TRUE
F90_Pseudogymnoascus	F429_Bjerkandera	0.5577	0.0235	TRUE
F276_Cercospora	F429_Bjerkandera	0.6182	0.0334	TRUE
F260_Schizopora	F1486_Rosellinia	0.6051	0.0137	TRUE
F570_Colletotrichum	F1486_Rosellinia	0.7036	0.0235	TRUE
F45_f_Didymellaceae	F62_Mrakia	0.4883	0.005	TRUE
F1887_Hyphoderma	F617_Microdochium	0.672	0.0334	TRUE
F582_Mycoleptodiscus	F617_Microdochium	0.6948	0.0235	TRUE
F494_Coprinellus	F617_Microdochium	0.7251	0.0137	TRUE
F3460_Colletotrichum	F617_Microdochium	0.7375	0.0235	TRUE
F160_Cladosporium	F507_Exidia	0.5324	0.0487	TRUE
F334_Plectosphaerella	F507_Exidia	0.6063	0.019	TRUE
F160_Cladosporium	F1694_f_Coniochaetaceae	0.6901	0.0137	TRUE
F334_Plectosphaerella	F1694_f_Coniochaetaceae	0.7144	0.005	TRUE
F448_Perenniporia	F1694_f_Coniochaetaceae	0.6613	0.005	TRUE
F45_f_Didymellaceae	F328_Phaeosphaeria	0.6119	0.0235	TRUE
F97_o_Sordariales	F328_Phaeosphaeria	0.4688	0.0334	TRUE
F503_Sordaria	F328_Phaeosphaeria	0.5637	0.019	TRUE
F97_o_Sordariales	F45_f_Didymellaceae	0.6033	0.0334	TRUE
F503_Sordaria	F45_f_Didymellaceae	0.6204	0.0487	TRUE
F1990_Humicola	F45_f_Didymellaceae	0.4945	0.0334	TRUE
F231_Bullera	F1707_o_Pleosporales	0.4748	0.0487	TRUE
F166_Aspergillus	F1707_o_Pleosporales	0.6374	0.0297	TRUE
F582_Mycoleptodiscus	F1887_Hyphoderma	0.6251	0.0137	TRUE
F494_Coprinellus	F1887_Hyphoderma	0.5933	0.0137	TRUE
F3460_Colletotrichum	F1887_Hyphoderma	0.5507	0.0334	TRUE
F231_Bullera	F6_Cladosporium	0.4814	0.0296	TRUE
F5_Alternaria	F6_Cladosporium	0.5997	0.0396	TRUE
F66_Trichoderma	F1264_unidentified	0.726	0.005	TRUE
F81_Cladosporium	F10_Guehomyces	0.6219	0.0433	TRUE
F13_Zopfiella	F10_Guehomyces	0.6456	0.0137	TRUE
F90_Pseudogymnoascus	F10_Guehomyces	0.6271	0.0137	TRUE
F276_Cercospora	F10_Guehomyces	0.6663	0.005	TRUE
F334_Plectosphaerella	F160_Cladosporium	0.7462	0.005	TRUE
F448_Perenniporia	F160_Cladosporium	0.6187	0.0235	TRUE
F494_Coprinellus	F582_Mycoleptodiscus	0.5458	0.0334	TRUE
F3460_Colletotrichum	F582_Mycoleptodiscus	0.5474	0.0334	TRUE
F13_Zopfiella	F81_Cladosporium	0.6378	0.005	TRUE
F90_Pseudogymnoascus	F81_Cladosporium	0.6191	0.005	TRUE
F276_Cercospora	F81_Cladosporium	0.67	0.005	TRUE
F448_Perenniporia	F334_Plectosphaerella	0.69	0.005	TRUE
F3460_Colletotrichum	F494_Coprinellus	0.5993	0.005	TRUE
F90_Pseudogymnoascus	F13_Zopfiella	0.5994	0.0235	TRUE
F276_Cercospora	F13_Zopfiella	0.6771	0.005	TRUE
F100_Talaromyces	F260_Schizopora	0.5018	0.0487	TRUE
F570_Colletotrichum	F260_Schizopora	0.686	0.0137	TRUE
F276_Cercospora	F90_Pseudogymnoascus	0.6105	0.0235	TRUE
F482_Pichia	F66_Trichoderma	0.5833	0.0395	TRUE
