Source	Target	Cor	pseudo_p	positive
B4225_Cupriavidus	B2769_f_WD2101.soil.group	0.4861	0.0433	TRUE
B430_Pseudonocardia	B2769_f_WD2101.soil.group	0.549	0.0137	TRUE
B437_Escherichia-Shigella	B2769_f_WD2101.soil.group	0.6864	0.0137	TRUE
B13835_o_NA	B2769_f_WD2101.soil.group	0.5078	0.0235	TRUE
B119_Acidibacter	B2769_f_WD2101.soil.group	0.471	0.0433	TRUE
B814_Sediminibacterium	B2769_f_WD2101.soil.group	0.5395	0.0197	TRUE
F131_unidentified	B2769_f_WD2101.soil.group	-0.5679	0.0396	FALSE
F940_unidentified	B2769_f_WD2101.soil.group	0.4987	0.0137	TRUE
F621_Nigrospora	B2769_f_WD2101.soil.group	0.5461	0.0235	TRUE
F1300_Aspergillus	B2769_f_WD2101.soil.group	0.6292	0.005	TRUE
F507_Exidia	B2769_f_WD2101.soil.group	0.6984	0.0137	TRUE
F998_Penicillium	B2769_f_WD2101.soil.group	0.4696	0.0433	TRUE
F81_Cladosporium	B2769_f_WD2101.soil.group	0.6136	0.0137	TRUE
F2576_Amanita	B2769_f_WD2101.soil.group	0.5092	0.005	TRUE
F461_unidentified	B276_Leifsonia	0.6355	0.0297	TRUE
B26_Bradyrhizobium	B282_Acinetobacter	0.5524	0.0289	TRUE
F61_o_Pleosporales	B282_Acinetobacter	0.5693	0.0396	TRUE
F108_unidentified	B282_Acinetobacter	0.4536	0.0487	TRUE
F859_Botrytis	B282_Acinetobacter	0.4881	0.0289	TRUE
F161_Paraphoma	B282_Acinetobacter	0.5652	0.0487	TRUE
F166_Aspergillus	B282_Acinetobacter	0.4428	0.0487	TRUE
F304_Sphaerulina	B282_Acinetobacter	0.4923	0.0388	TRUE
B1738_uncultured Termite group 1 bacterium	B13610_uncultured.endolithic.bacterium	0.5029	0.0334	TRUE
B4944_Myxococcus	B13610_uncultured.endolithic.bacterium	0.4143	0.0137	TRUE
F157_unidentified	B13610_uncultured.endolithic.bacterium	0.5209	0.0235	TRUE
F37_unidentified	B13610_uncultured.endolithic.bacterium	0.5369	0.0137	TRUE
F213_Yarrowia	B13610_uncultured.endolithic.bacterium	-0.5916	0.0396	FALSE
F160_Cladosporium	B13610_uncultured.endolithic.bacterium	0.5839	0.005	TRUE
B735_uncultured bacterium	B11664_f_Ruminococcaceae	0.6129	0.005	TRUE
B9031_Pseudomonas	B11664_f_Ruminococcaceae	0.5975	0.0137	TRUE
B302_Acinetobacter	B11664_f_Ruminococcaceae	0.5738	0.0334	TRUE
B1604_o_NA	B11664_f_Ruminococcaceae	0.5521	0.005	TRUE
B10601_Thermobacillus	B11664_f_Ruminococcaceae	0.478	0.0235	TRUE
F2992_o_NA	B11664_f_Ruminococcaceae	0.6012	0.0334	TRUE
F1981_o_NA	B11664_f_Ruminococcaceae	0.5106	0.0487	TRUE
F1523_unidentified	B11664_f_Ruminococcaceae	0.5534	0.0334	TRUE
F55_f_Nectriaceae	B11664_f_Ruminococcaceae	0.5522	0.0289	TRUE
F1076_Meyerozyma	B11664_f_Ruminococcaceae	0.6086	0.005	TRUE
F93_Gaeumannomyces	B11664_f_Ruminococcaceae	0.5594	0.0433	TRUE
B1789_Chryseobacterium	B1044_Anaerobacterium	0.5293	0.0235	TRUE
B8_f_Rhizobiaceae	B1044_Anaerobacterium	0.5564	0.0487	TRUE
B100_Chitinophaga	B1044_Anaerobacterium	0.5542	0.0235	TRUE
B826_Enhydrobacter	B1044_Anaerobacterium	0.6133	0.0334	TRUE
B8451_Gemmatimonas	B1044_Anaerobacterium	0.5502	0.0334	TRUE
B7479_Corynebacterium 1	B1044_Anaerobacterium	0.5615	0.0137	TRUE
B1782_Luteimonas	B1044_Anaerobacterium	0.4196	0.0433	TRUE
B4172_Bacillus	B1044_Anaerobacterium	0.5847	0.0433	TRUE
B13_Aureimonas	B1044_Anaerobacterium	0.5331	0.0433	TRUE
B408_Pseudomonas	B1044_Anaerobacterium	0.5244	0.0334	TRUE
B6641_Rothia	B1044_Anaerobacterium	0.5367	0.0137	TRUE
F696_unidentified	B1044_Anaerobacterium	0.6279	0.0235	TRUE
F1041_unidentified	B1044_Anaerobacterium	0.5523	0.0137	TRUE
F4243_unidentified	B1044_Anaerobacterium	0.5829	0.0137	TRUE
F623_Stereum	B1044_Anaerobacterium	0.5958	0.005	TRUE
B2_Methylobacterium	B22_uncultured.Roseobacter.sp.	-0.6623	0.0495	FALSE
B11752_o_NA	B22_uncultured.Roseobacter.sp.	-0.4138	0.0396	FALSE
B1151_Pseudomonas	B22_uncultured.Roseobacter.sp.	-0.6085	0.0099	FALSE
B3034_Paracoccus	B22_uncultured.Roseobacter.sp.	-0.6622	0.0396	FALSE
B54_uncultured	B22_uncultured.Roseobacter.sp.	0.9375	0.0099	TRUE
B10318_o_NA	B22_uncultured.Roseobacter.sp.	-0.5034	0.0495	FALSE
B2173_Streptococcus	B22_uncultured.Roseobacter.sp.	-0.6312	0.0198	FALSE
B7392_Rothia	B22_uncultured.Roseobacter.sp.	-0.5846	0.0396	FALSE
B4029_Paracoccus	B22_uncultured.Roseobacter.sp.	-0.6414	0.0198	FALSE
B1658_Staphylococcus	B22_uncultured.Roseobacter.sp.	-0.5961	0.0495	FALSE
B2608_Paracoccus	B22_uncultured.Roseobacter.sp.	-0.6277	0.0396	FALSE
B5389_Streptococcus	B22_uncultured.Roseobacter.sp.	-0.5847	0.0495	FALSE
B3787_Roseomonas	B22_uncultured.Roseobacter.sp.	-0.593	0.0495	FALSE
F3438_o_NA	B22_uncultured.Roseobacter.sp.	-0.5608	0.0198	FALSE
F686_Malassezia	B22_uncultured.Roseobacter.sp.	-0.5039	0.0198	FALSE
F29_f_Didymellaceae	B22_uncultured.Roseobacter.sp.	0.7689	0.0099	TRUE
F440_Penicillium	B22_uncultured.Roseobacter.sp.	-0.7026	0.0396	FALSE
F482_Pichia	B22_uncultured.Roseobacter.sp.	-0.548	0.0396	FALSE
B26_Bradyrhizobium	B2826_Clostridium.sensu.stricto.10	0.6909	0.005	TRUE
B8286_Escherichia-Shigella	B2826_Clostridium.sensu.stricto.10	0.6454	0.0235	TRUE
B5905_Pirellula	B2826_Clostridium.sensu.stricto.10	0.602	0.005	TRUE
B13843_Mucilaginibacter	B2826_Clostridium.sensu.stricto.10	0.5377	0.0235	TRUE
B33_Kineococcus	B2826_Clostridium.sensu.stricto.10	0.4997	0.0433	TRUE
F7_unidentified	B2826_Clostridium.sensu.stricto.10	0.5917	0.005	TRUE
F286_unidentified	B2826_Clostridium.sensu.stricto.10	0.5901	0.0137	TRUE
F19_unidentified	B2826_Clostridium.sensu.stricto.10	0.4575	0.0235	TRUE
F108_unidentified	B2826_Clostridium.sensu.stricto.10	0.6206	0.0334	TRUE
F77_o_NA	B2826_Clostridium.sensu.stricto.10	0.5657	0.0433	TRUE
F859_Botrytis	B2826_Clostridium.sensu.stricto.10	0.6318	0.005	TRUE
F288_unidentified	B2826_Clostridium.sensu.stricto.10	0.5734	0.0137	TRUE
F190_Irpex	B2826_Clostridium.sensu.stricto.10	0.5993	0.0137	TRUE
F161_Paraphoma	B2826_Clostridium.sensu.stricto.10	0.731	0.005	TRUE
F13_Zopfiella	B2826_Clostridium.sensu.stricto.10	0.5775	0.0091	TRUE
F166_Aspergillus	B2826_Clostridium.sensu.stricto.10	0.5799	0.0235	TRUE
F304_Sphaerulina	B2826_Clostridium.sensu.stricto.10	0.6292	0.0137	TRUE
B6479_Allorhizobium-Neorhizobium-Pararhizobium-Rhizobium	B9177_Blastococcus	0.4589	0.0433	TRUE
B209_Escherichia-Shigella	B9177_Blastococcus	0.4911	0.0334	TRUE
B2923_Roseomonas	B9177_Blastococcus	0.4644	0.0137	TRUE
B3787_Roseomonas	B9177_Blastococcus	0.483	0.0433	TRUE
F3438_o_NA	B9177_Blastococcus	0.4576	0.0137	TRUE
B430_Pseudonocardia	B4225_Cupriavidus	0.5613	0.0235	TRUE
B437_Escherichia-Shigella	B4225_Cupriavidus	0.5783	0.0334	TRUE
F131_unidentified	B4225_Cupriavidus	-0.4781	0.0396	FALSE
F940_unidentified	B4225_Cupriavidus	0.4552	0.0334	TRUE
F1300_Aspergillus	B4225_Cupriavidus	0.5475	0.005	TRUE
F507_Exidia	B4225_Cupriavidus	0.5654	0.0235	TRUE
F81_Cladosporium	B4225_Cupriavidus	0.5545	0.0137	TRUE
F2576_Amanita	B4225_Cupriavidus	0.5938	0.005	TRUE
B26_Bradyrhizobium	B82_Uliginosibacterium	0.6179	0.0433	TRUE
B8286_Escherichia-Shigella	B82_Uliginosibacterium	0.5869	0.005	TRUE
B33_Kineococcus	B82_Uliginosibacterium	0.4268	0.0433	TRUE
F286_unidentified	B82_Uliginosibacterium	0.5008	0.0433	TRUE
F108_unidentified	B82_Uliginosibacterium	0.5215	0.0433	TRUE
F77_o_NA	B82_Uliginosibacterium	0.4763	0.0235	TRUE
F859_Botrytis	B82_Uliginosibacterium	0.5644	0.0235	TRUE
F288_unidentified	B82_Uliginosibacterium	0.5423	0.0433	TRUE
F190_Irpex	B82_Uliginosibacterium	0.5415	0.0334	TRUE
F161_Paraphoma	B82_Uliginosibacterium	0.5639	0.0433	TRUE
F166_Aspergillus	B82_Uliginosibacterium	0.5558	0.0334	TRUE
B1493_Mycobacterium	B9581_Lactobacillus	0.4429	0.0433	TRUE
B13240_Paenibacillus	B9581_Lactobacillus	0.503	0.0137	TRUE
B11497_Acinetobacter	B9581_Lactobacillus	0.4955	0.0334	TRUE
B4944_Myxococcus	B9581_Lactobacillus	0.563	0.0334	TRUE
F213_Yarrowia	B9581_Lactobacillus	-0.634	0.0495	FALSE
F12_o_Pleosporales	B9581_Lactobacillus	0.574	0.0137	TRUE
F160_Cladosporium	B9581_Lactobacillus	0.6014	0.0235	TRUE
F1146_Torula	B9581_Lactobacillus	0.609	0.005	TRUE
B260_Pseudomonas	B2077_o_NA	0.4337	0.0433	TRUE
F341_Pyricularia	B2077_o_NA	0.4868	0.0433	TRUE
F2327_Nemania	B2077_o_NA	0.4486	0.0137	TRUE
B1151_Pseudomonas	B6479_Allorhizobium.Neorhizobium.Pararhizobium.Rhizobium	0.5607	0.0137	TRUE
B3034_Paracoccus	B6479_Allorhizobium.Neorhizobium.Pararhizobium.Rhizobium	0.6487	0.005	TRUE
B54_uncultured	B6479_Allorhizobium.Neorhizobium.Pararhizobium.Rhizobium	-0.6304	0.0198	FALSE
B3435_Sphingomonas	B6479_Allorhizobium.Neorhizobium.Pararhizobium.Rhizobium	0.6122	0.0137	TRUE
B8310_Geminicoccus	B6479_Allorhizobium.Neorhizobium.Pararhizobium.Rhizobium	0.507	0.0334	TRUE
B6691_Gemella	B6479_Allorhizobium.Neorhizobium.Pararhizobium.Rhizobium	0.5019	0.0235	TRUE
B2173_Streptococcus	B6479_Allorhizobium.Neorhizobium.Pararhizobium.Rhizobium	0.5674	0.0235	TRUE
B7392_Rothia	B6479_Allorhizobium.Neorhizobium.Pararhizobium.Rhizobium	0.5421	0.0137	TRUE
B4029_Paracoccus	B6479_Allorhizobium.Neorhizobium.Pararhizobium.Rhizobium	0.584	0.0334	TRUE
B1658_Staphylococcus	B6479_Allorhizobium.Neorhizobium.Pararhizobium.Rhizobium	0.6027	0.0137	TRUE
B2608_Paracoccus	B6479_Allorhizobium.Neorhizobium.Pararhizobium.Rhizobium	0.6588	0.0137	TRUE
B209_Escherichia-Shigella	B6479_Allorhizobium.Neorhizobium.Pararhizobium.Rhizobium	0.5716	0.0137	TRUE
B5389_Streptococcus	B6479_Allorhizobium.Neorhizobium.Pararhizobium.Rhizobium	0.5586	0.0235	TRUE
B3787_Roseomonas	B6479_Allorhizobium.Neorhizobium.Pararhizobium.Rhizobium	0.5762	0.0433	TRUE
B4348_Paracoccus	B6479_Allorhizobium.Neorhizobium.Pararhizobium.Rhizobium	0.5911	0.0235	TRUE
F3438_o_NA	B6479_Allorhizobium.Neorhizobium.Pararhizobium.Rhizobium	0.5238	0.0235	TRUE
F233_Periconia	B6479_Allorhizobium.Neorhizobium.Pararhizobium.Rhizobium	0.6518	0.0433	TRUE
F686_Malassezia	B6479_Allorhizobium.Neorhizobium.Pararhizobium.Rhizobium	0.446	0.0433	TRUE
F435_Cyberlindnera	B6479_Allorhizobium.Neorhizobium.Pararhizobium.Rhizobium	0.5529	0.0235	TRUE
F482_Pichia	B6479_Allorhizobium.Neorhizobium.Pararhizobium.Rhizobium	0.5071	0.0433	TRUE
B3_Sphingomonas	B23_f_Burkholderiaceae	0.5785	0.0396	TRUE
F106_unidentified	B23_f_Burkholderiaceae	-0.5835	0.0396	FALSE
F3563_o_NA	B23_f_Burkholderiaceae	0.5551	0.0396	TRUE
F50_Thanatephorus	B23_f_Burkholderiaceae	0.734	0.0198	TRUE
F488_Penicillium	B23_f_Burkholderiaceae	-0.7911	0.0198	FALSE
F5_Alternaria	B23_f_Burkholderiaceae	-0.6143	0.0495	FALSE
B9031_Pseudomonas	B735_uncultured.bacterium	0.5877	0.0334	TRUE
B302_Acinetobacter	B735_uncultured.bacterium	0.6421	0.005	TRUE
B10601_Thermobacillus	B735_uncultured.bacterium	0.5173	0.0334	TRUE
F2992_o_NA	B735_uncultured.bacterium	0.5151	0.0137	TRUE
F1181_unidentified	B735_uncultured.bacterium	0.5289	0.0289	TRUE
F1523_unidentified	B735_uncultured.bacterium	0.5426	0.0334	TRUE
F55_f_Nectriaceae	B735_uncultured.bacterium	0.4966	0.0487	TRUE
F1076_Meyerozyma	B735_uncultured.bacterium	0.6253	0.0137	TRUE
F93_Gaeumannomyces	B735_uncultured.bacterium	0.5874	0.0137	TRUE
B2228_Acinetobacter	B11392_uncultured	0.5712	0.0334	TRUE
B503_Escherichia-Shigella	B11392_uncultured	0.5315	0.0289	TRUE
B7_Curtobacterium	B11392_uncultured	0.6687	0.0137	TRUE
B81_Stenotrophomonas	B11392_uncultured	0.5356	0.005	TRUE
F402_unidentified	B11392_uncultured	0.4539	0.0235	TRUE
F258_Nigrospora	B11392_uncultured	0.6705	0.0235	TRUE
F895_Dipodascus	B11392_uncultured	0.4665	0.0235	TRUE
F136_f_Didymosphaeriaceae	B11392_uncultured	0.5806	0.0137	TRUE
F441_o_Hypocreales	B11392_uncultured	0.5616	0.0137	TRUE
F693_Aspergillus	B11392_uncultured	0.4097	0.0433	TRUE
F1247_Aspergillus	B11392_uncultured	0.5521	0.005	TRUE
F1134_o_Polyporales	B11392_uncultured	0.5518	0.0334	TRUE
F2167_Cerinosterus	B11392_uncultured	0.5388	0.0433	TRUE
F250_Pseudopithomyces	B11392_uncultured	0.6145	0.005	TRUE
B989_Staphylococcus	B1493_Mycobacterium	0.5223	0.0334	TRUE
B1738_uncultured Termite group 1 bacterium	B1493_Mycobacterium	0.4872	0.0334	TRUE
B4944_Myxococcus	B1493_Mycobacterium	0.4905	0.0235	TRUE
F157_unidentified	B1493_Mycobacterium	0.5998	0.005	TRUE
F37_unidentified	B1493_Mycobacterium	0.6038	0.0235	TRUE
F12_o_Pleosporales	B1493_Mycobacterium	0.5941	0.0235	TRUE
F160_Cladosporium	B1493_Mycobacterium	0.6127	0.005	TRUE
F1146_Torula	B1493_Mycobacterium	0.6329	0.005	TRUE
B838_Pseudomonas	B9212_Streptomyces	0.5589	0.019	TRUE
B6372_Nocardioides	B9212_Streptomyces	0.5507	0.0137	TRUE
B21_Methylobacterium	B9212_Streptomyces	0.6787	0.005	TRUE
B32_Bradyrhizobium	B9212_Streptomyces	0.544	0.019	TRUE
B1646_Asinibacterium	B9212_Streptomyces	0.5981	0.005	TRUE
B2548_uncultured Anaerolineaceae bacterium	B9212_Streptomyces	0.6308	0.0235	TRUE
B1_Pantoea	B9212_Streptomyces	0.6226	0.019	TRUE
F3367_unidentified	B9212_Streptomyces	0.5866	0.005	TRUE
F14_o_Pleosporales	B9212_Streptomyces	0.5618	0.0235	TRUE
F135_o_Pleosporales	B9212_Streptomyces	0.6369	0.005	TRUE
F778_Phlebiopsis	B9212_Streptomyces	0.6988	0.005	TRUE
F89_Aureobasidium	B9212_Streptomyces	0.6546	0.0137	TRUE
F601_Penicillium	B9212_Streptomyces	0.6784	0.005	TRUE
F448_Perenniporia	B9212_Streptomyces	0.5163	0.0334	TRUE
B8286_Escherichia-Shigella	B26_Bradyrhizobium	0.754	0.0334	TRUE
B5905_Pirellula	B26_Bradyrhizobium	0.6383	0.005	TRUE
B13843_Mucilaginibacter	B26_Bradyrhizobium	0.6323	0.0137	TRUE
B33_Kineococcus	B26_Bradyrhizobium	0.6226	0.0137	TRUE
F7_unidentified	B26_Bradyrhizobium	0.7019	0.0137	TRUE
F286_unidentified	B26_Bradyrhizobium	0.6764	0.005	TRUE
F19_unidentified	B26_Bradyrhizobium	0.5371	0.0137	TRUE
F2312_unidentified	B26_Bradyrhizobium	0.5739	0.0137	TRUE
F108_unidentified	B26_Bradyrhizobium	0.685	0.0137	TRUE
F77_o_NA	B26_Bradyrhizobium	0.6384	0.0235	TRUE
F859_Botrytis	B26_Bradyrhizobium	0.7521	0.0137	TRUE
F288_unidentified	B26_Bradyrhizobium	0.6883	0.0235	TRUE
F190_Irpex	B26_Bradyrhizobium	0.6928	0.005	TRUE
F161_Paraphoma	B26_Bradyrhizobium	0.7814	0.0235	TRUE
F166_Aspergillus	B26_Bradyrhizobium	0.643	0.0433	TRUE
F304_Sphaerulina	B26_Bradyrhizobium	0.7449	0.005	TRUE
B5905_Pirellula	B8286_Escherichia.Shigella	0.539	0.0433	TRUE
B13843_Mucilaginibacter	B8286_Escherichia.Shigella	0.5746	0.0137	TRUE
B33_Kineococcus	B8286_Escherichia.Shigella	0.5826	0.0235	TRUE
F7_unidentified	B8286_Escherichia.Shigella	0.6773	0.005	TRUE
F286_unidentified	B8286_Escherichia.Shigella	0.6469	0.005	TRUE
F19_unidentified	B8286_Escherichia.Shigella	0.5074	0.005	TRUE
F2312_unidentified	B8286_Escherichia.Shigella	0.6014	0.0235	TRUE
F108_unidentified	B8286_Escherichia.Shigella	0.7099	0.005	TRUE
F77_o_NA	B8286_Escherichia.Shigella	0.6134	0.0137	TRUE
F1181_unidentified	B8286_Escherichia.Shigella	0.4794	0.0487	TRUE
F859_Botrytis	B8286_Escherichia.Shigella	0.6794	0.005	TRUE
F288_unidentified	B8286_Escherichia.Shigella	0.6773	0.0137	TRUE
F190_Irpex	B8286_Escherichia.Shigella	0.6518	0.0137	TRUE
F161_Paraphoma	B8286_Escherichia.Shigella	0.7555	0.0137	TRUE
F13_Zopfiella	B8286_Escherichia.Shigella	0.5627	0.0487	TRUE
F166_Aspergillus	B8286_Escherichia.Shigella	0.6487	0.0137	TRUE
F304_Sphaerulina	B8286_Escherichia.Shigella	0.6663	0.0137	TRUE
B2161_Devosia	B260_Pseudomonas	0.575	0.005	TRUE
F458_Endoxyla	B260_Pseudomonas	0.587	0.005	TRUE
F1998_unidentified	B260_Pseudomonas	0.5428	0.019	TRUE
F2213_Clavispora	B260_Pseudomonas	0.7055	0.0137	TRUE
F341_Pyricularia	B260_Pseudomonas	0.7283	0.0137	TRUE
F2327_Nemania	B260_Pseudomonas	0.6868	0.0137	TRUE
B302_Acinetobacter	B9031_Pseudomonas	0.6273	0.0137	TRUE
B9443_Devosia	B9031_Pseudomonas	0.5638	0.005	TRUE
B1313_Escherichia-Shigella	B9031_Pseudomonas	0.5179	0.019	TRUE
B1604_o_NA	B9031_Pseudomonas	0.4794	0.0334	TRUE
F2992_o_NA	B9031_Pseudomonas	0.6221	0.005	TRUE
F1981_o_NA	B9031_Pseudomonas	0.5326	0.0487	TRUE
F1181_unidentified	B9031_Pseudomonas	0.5511	0.019	TRUE
F1523_unidentified	B9031_Pseudomonas	0.5639	0.0433	TRUE
F55_f_Nectriaceae	B9031_Pseudomonas	0.5595	0.019	TRUE
F1076_Meyerozyma	B9031_Pseudomonas	0.6059	0.0334	TRUE
F93_Gaeumannomyces	B9031_Pseudomonas	0.5982	0.0235	TRUE
B503_Escherichia-Shigella	B2228_Acinetobacter	0.512	0.019	TRUE
B7_Curtobacterium	B2228_Acinetobacter	0.7267	0.0235	TRUE
B81_Stenotrophomonas	B2228_Acinetobacter	0.5545	0.005	TRUE
F1135_Burgoa	B2228_Acinetobacter	0.5179	0.0137	TRUE
F3763_unidentified	B2228_Acinetobacter	0.368	0.0334	TRUE
F258_Nigrospora	B2228_Acinetobacter	0.6684	0.0137	TRUE
F57_Trichoderma	B2228_Acinetobacter	0.4478	0.0235	TRUE
F136_f_Didymosphaeriaceae	B2228_Acinetobacter	0.6228	0.005	TRUE
F272_Penicillium	B2228_Acinetobacter	0.5388	0.0137	TRUE
F441_o_Hypocreales	B2228_Acinetobacter	0.6408	0.0137	TRUE
F2167_Cerinosterus	B2228_Acinetobacter	0.57	0.0137	TRUE
F250_Pseudopithomyces	B2228_Acinetobacter	0.6759	0.0433	TRUE
B437_Escherichia-Shigella	B1388_Lawsonella	0.4805	0.0487	TRUE
F507_Exidia	B1388_Lawsonella	0.5282	0.0487	TRUE
F45_f_Didymellaceae	B1388_Lawsonella	0.5317	0.0396	TRUE
B1789_Chryseobacterium	B2_Methylobacterium	0.4765	0.0494	TRUE
B6641_Rothia	B2_Methylobacterium	0.4977	0.0296	TRUE
F4243_unidentified	B2_Methylobacterium	0.4654	0.0494	TRUE
F623_Stereum	B2_Methylobacterium	0.5042	0.0494	TRUE
F29_f_Didymellaceae	B2_Methylobacterium	-0.6297	0.0396	FALSE
F440_Penicillium	B2_Methylobacterium	0.6718	0.0099	TRUE
B437_Escherichia-Shigella	B430_Pseudonocardia	0.6633	0.0433	TRUE
B13835_o_NA	B430_Pseudonocardia	0.5566	0.0235	TRUE
B119_Acidibacter	B430_Pseudonocardia	0.4955	0.0235	TRUE
B814_Sediminibacterium	B430_Pseudonocardia	0.518	0.0395	TRUE
F131_unidentified	B430_Pseudonocardia	-0.5869	0.0495	FALSE
F940_unidentified	B430_Pseudonocardia	0.5327	0.0137	TRUE
F621_Nigrospora	B430_Pseudonocardia	0.4925	0.0137	TRUE
F3_Moesziomyces	B430_Pseudonocardia	0.4791	0.0289	TRUE
F1300_Aspergillus	B430_Pseudonocardia	0.5941	0.005	TRUE
F2631_Alternaria	B430_Pseudonocardia	0.5185	0.0137	TRUE
F507_Exidia	B430_Pseudonocardia	0.6789	0.0137	TRUE
F991_o_NA	B430_Pseudonocardia	0.5069	0.005	TRUE
F998_Penicillium	B430_Pseudonocardia	0.5405	0.0235	TRUE
F81_Cladosporium	B430_Pseudonocardia	0.6582	0.0235	TRUE
F2576_Amanita	B430_Pseudonocardia	0.5891	0.005	TRUE
B209_Escherichia-Shigella	B11752_o_NA	0.4079	0.0433	TRUE
B3034_Paracoccus	B1151_Pseudomonas	0.6342	0.005	TRUE
B2173_Streptococcus	B1151_Pseudomonas	0.5444	0.0235	TRUE
B7392_Rothia	B1151_Pseudomonas	0.4239	0.0334	TRUE
B4029_Paracoccus	B1151_Pseudomonas	0.5972	0.0235	TRUE
B1658_Staphylococcus	B1151_Pseudomonas	0.5224	0.0235	TRUE
B2608_Paracoccus	B1151_Pseudomonas	0.5819	0.0235	TRUE
B2923_Roseomonas	B1151_Pseudomonas	0.4714	0.0235	TRUE
B3787_Roseomonas	B1151_Pseudomonas	0.536	0.0334	TRUE
B6030_Massilia	B1151_Pseudomonas	0.4466	0.0433	TRUE
B4348_Paracoccus	B1151_Pseudomonas	0.5198	0.0235	TRUE
F3438_o_NA	B1151_Pseudomonas	0.4556	0.0334	TRUE
F233_Periconia	B1151_Pseudomonas	0.5319	0.0433	TRUE
F686_Malassezia	B1151_Pseudomonas	0.5477	0.0235	TRUE
B826_Enhydrobacter	B1789_Chryseobacterium	0.5233	0.0433	TRUE
B8451_Gemmatimonas	B1789_Chryseobacterium	0.5527	0.0334	TRUE
B7479_Corynebacterium 1	B1789_Chryseobacterium	0.5902	0.005	TRUE
B1798_Taibaiella	B1789_Chryseobacterium	0.4208	0.0334	TRUE
B56_Allorhizobium-Neorhizobium-Pararhizobium-Rhizobium	B1789_Chryseobacterium	0.5907	0.0137	TRUE
B894_f_BIrii41	B1789_Chryseobacterium	0.4405	0.0334	TRUE
B4172_Bacillus	B1789_Chryseobacterium	0.5764	0.0137	TRUE
B13_Aureimonas	B1789_Chryseobacterium	0.6402	0.005	TRUE
B408_Pseudomonas	B1789_Chryseobacterium	0.5733	0.0235	TRUE
B5197_Enterococcus	B1789_Chryseobacterium	0.4659	0.0433	TRUE
B6641_Rothia	B1789_Chryseobacterium	0.529	0.0235	TRUE
F696_unidentified	B1789_Chryseobacterium	0.6232	0.005	TRUE
F1041_unidentified	B1789_Chryseobacterium	0.5787	0.0235	TRUE
F4243_unidentified	B1789_Chryseobacterium	0.5665	0.0137	TRUE
F623_Stereum	B1789_Chryseobacterium	0.655	0.0137	TRUE
B13240_Paenibacillus	B989_Staphylococcus	0.5597	0.0235	TRUE
B1738_uncultured Termite group 1 bacterium	B989_Staphylococcus	0.556	0.0137	TRUE
B11497_Acinetobacter	B989_Staphylococcus	0.5765	0.0334	TRUE
B4944_Myxococcus	B989_Staphylococcus	0.5568	0.0137	TRUE
F157_unidentified	B989_Staphylococcus	0.6462	0.005	TRUE
F37_unidentified	B989_Staphylococcus	0.726	0.005	TRUE
F213_Yarrowia	B989_Staphylococcus	-0.6688	0.0396	FALSE
F12_o_Pleosporales	B989_Staphylococcus	0.6993	0.0235	TRUE
F160_Cladosporium	B989_Staphylococcus	0.7083	0.0137	TRUE
F1146_Torula	B989_Staphylococcus	0.7178	0.005	TRUE
B3034_Paracoccus	B10070_Iamia	0.4203	0.0334	TRUE
B100_Chitinophaga	B8_f_Rhizobiaceae	0.5147	0.0388	TRUE
B826_Enhydrobacter	B8_f_Rhizobiaceae	0.6183	0.0388	TRUE
B8451_Gemmatimonas	B8_f_Rhizobiaceae	0.4971	0.0289	TRUE
B4172_Bacillus	B8_f_Rhizobiaceae	0.5978	0.0289	TRUE
B13_Aureimonas	B8_f_Rhizobiaceae	0.5515	0.0388	TRUE
B408_Pseudomonas	B8_f_Rhizobiaceae	0.549	0.0388	TRUE
B6641_Rothia	B8_f_Rhizobiaceae	0.5402	0.0487	TRUE
F696_unidentified	B8_f_Rhizobiaceae	0.541	0.0091	TRUE
F4243_unidentified	B8_f_Rhizobiaceae	0.5672	0.019	TRUE
F623_Stereum	B8_f_Rhizobiaceae	0.6035	0.0289	TRUE
F36_Moesziomyces	B8_f_Rhizobiaceae	0.6896	0.0296	TRUE
B3034_Paracoccus	B8581_uncultured	0.4968	0.0235	TRUE
B54_uncultured	B8581_uncultured	-0.5254	0.0396	FALSE
B3435_Sphingomonas	B8581_uncultured	0.474	0.0235	TRUE
B8310_Geminicoccus	B8581_uncultured	0.4518	0.0433	TRUE
B2173_Streptococcus	B8581_uncultured	0.5084	0.0137	TRUE
B7392_Rothia	B8581_uncultured	0.4537	0.0433	TRUE
B1658_Staphylococcus	B8581_uncultured	0.5186	0.0235	TRUE
B2608_Paracoccus	B8581_uncultured	0.5207	0.0235	TRUE
B5389_Streptococcus	B8581_uncultured	0.5164	0.0235	TRUE
B3787_Roseomonas	B8581_uncultured	0.4785	0.0433	TRUE
F263_unidentified	B8581_uncultured	0.5372	0.0235	TRUE
F233_Periconia	B8581_uncultured	0.5027	0.0235	TRUE
F686_Malassezia	B8581_uncultured	0.5642	0.005	TRUE
F280_o_Polyporales	B8581_uncultured	0.4613	0.0487	TRUE
B54_uncultured	B3034_Paracoccus	-0.6991	0.0198	FALSE
B3435_Sphingomonas	B3034_Paracoccus	0.5905	0.005	TRUE
B8310_Geminicoccus	B3034_Paracoccus	0.5977	0.0235	TRUE
B6691_Gemella	B3034_Paracoccus	0.5054	0.0137	TRUE
B2173_Streptococcus	B3034_Paracoccus	0.6594	0.0137	TRUE
B6851_Luteolibacter	B3034_Paracoccus	0.5042	0.0433	TRUE
B7392_Rothia	B3034_Paracoccus	0.5787	0.0235	TRUE
B3345_Actinomycetospora	B3034_Paracoccus	0.4661	0.0334	TRUE
B4029_Paracoccus	B3034_Paracoccus	0.6943	0.005	TRUE
B1658_Staphylococcus	B3034_Paracoccus	0.6551	0.0334	TRUE
B2608_Paracoccus	B3034_Paracoccus	0.7203	0.005	TRUE
B5389_Streptococcus	B3034_Paracoccus	0.6371	0.005	TRUE
B2923_Roseomonas	B3034_Paracoccus	0.4642	0.0137	TRUE
B3787_Roseomonas	B3034_Paracoccus	0.6786	0.0334	TRUE
B6030_Massilia	B3034_Paracoccus	0.5768	0.0235	TRUE
B4348_Paracoccus	B3034_Paracoccus	0.6047	0.0235	TRUE
F263_unidentified	B3034_Paracoccus	0.5697	0.0433	TRUE
F3438_o_NA	B3034_Paracoccus	0.5627	0.0334	TRUE
F318_Saccharomyces	B3034_Paracoccus	0.5591	0.0235	TRUE
F233_Periconia	B3034_Paracoccus	0.7205	0.0433	TRUE
F686_Malassezia	B3034_Paracoccus	0.5551	0.0334	TRUE
F280_o_Polyporales	B3034_Paracoccus	0.6242	0.0289	TRUE
F435_Cyberlindnera	B3034_Paracoccus	0.6798	0.0137	TRUE
F2472_Candida	B3034_Paracoccus	0.4804	0.0235	TRUE
F5_Alternaria	B3034_Paracoccus	0.5357	0.0494	TRUE
F482_Pichia	B3034_Paracoccus	0.4962	0.0433	TRUE
B13835_o_NA	B437_Escherichia.Shigella	0.6013	0.005	TRUE
B119_Acidibacter	B437_Escherichia.Shigella	0.5658	0.005	TRUE
B814_Sediminibacterium	B437_Escherichia.Shigella	0.6215	0.0296	TRUE
F131_unidentified	B437_Escherichia.Shigella	-0.6178	0.0396	FALSE
F940_unidentified	B437_Escherichia.Shigella	0.6074	0.0137	TRUE
F1005_Aspergillus	B437_Escherichia.Shigella	0.4904	0.0137	TRUE
F621_Nigrospora	B437_Escherichia.Shigella	0.6215	0.005	TRUE
F1300_Aspergillus	B437_Escherichia.Shigella	0.6702	0.0137	TRUE
F2631_Alternaria	B437_Escherichia.Shigella	0.5914	0.005	TRUE
F507_Exidia	B437_Escherichia.Shigella	0.7801	0.005	TRUE
F10_Guehomyces	B437_Escherichia.Shigella	0.505	0.0289	TRUE
F991_o_NA	B437_Escherichia.Shigella	0.6132	0.0137	TRUE
F81_Cladosporium	B437_Escherichia.Shigella	0.7095	0.0235	TRUE
F2576_Amanita	B437_Escherichia.Shigella	0.6279	0.005	TRUE
B2240_Brevundimonas	B100_Chitinophaga	0.3992	0.0235	TRUE
B826_Enhydrobacter	B100_Chitinophaga	0.5951	0.0235	TRUE
B7479_Corynebacterium 1	B100_Chitinophaga	0.5853	0.0137	TRUE
B1782_Luteimonas	B100_Chitinophaga	0.3931	0.0433	TRUE
B894_f_BIrii41	B100_Chitinophaga	0.4499	0.0235	TRUE
B4172_Bacillus	B100_Chitinophaga	0.6241	0.0137	TRUE
B13_Aureimonas	B100_Chitinophaga	0.5694	0.005	TRUE
B6641_Rothia	B100_Chitinophaga	0.5491	0.0137	TRUE
F696_unidentified	B100_Chitinophaga	0.5861	0.0137	TRUE
F4243_unidentified	B100_Chitinophaga	0.5784	0.0235	TRUE
F623_Stereum	B100_Chitinophaga	0.5876	0.0235	TRUE
F440_Penicillium	B100_Chitinophaga	0.418	0.0388	TRUE
B7479_Corynebacterium 1	B2240_Brevundimonas	0.4761	0.0334	TRUE
B9443_Devosia	B302_Acinetobacter	0.5236	0.0137	TRUE
B1604_o_NA	B302_Acinetobacter	0.5397	0.005	TRUE
B10601_Thermobacillus	B302_Acinetobacter	0.549	0.005	TRUE
F2992_o_NA	B302_Acinetobacter	0.5968	0.005	TRUE
F137_Malassezia	B302_Acinetobacter	0.4664	0.0494	TRUE
F1523_unidentified	B302_Acinetobacter	0.6266	0.0137	TRUE
F55_f_Nectriaceae	B302_Acinetobacter	0.5695	0.019	TRUE
F1076_Meyerozyma	B302_Acinetobacter	0.6288	0.0137	TRUE
F93_Gaeumannomyces	B302_Acinetobacter	0.5755	0.0334	TRUE
B3435_Sphingomonas	B54_uncultured	-0.6059	0.0495	FALSE
B6691_Gemella	B54_uncultured	-0.5165	0.0396	FALSE
B2173_Streptococcus	B54_uncultured	-0.6962	0.0198	FALSE
B7392_Rothia	B54_uncultured	-0.5852	0.0396	FALSE
B4029_Paracoccus	B54_uncultured	-0.7004	0.0198	FALSE
B1658_Staphylococcus	B54_uncultured	-0.694	0.0297	FALSE
B2608_Paracoccus	B54_uncultured	-0.7263	0.0198	FALSE
B5389_Streptococcus	B54_uncultured	-0.6574	0.0297	FALSE
B3787_Roseomonas	B54_uncultured	-0.6083	0.0198	FALSE
B6030_Massilia	B54_uncultured	-0.5412	0.0495	FALSE
B4348_Paracoccus	B54_uncultured	-0.6751	0.0099	FALSE
F3438_o_NA	B54_uncultured	-0.5911	0.0297	FALSE
F233_Periconia	B54_uncultured	-0.6885	0.0495	FALSE
F686_Malassezia	B54_uncultured	-0.5683	0.0198	FALSE
F280_o_Polyporales	B54_uncultured	-0.6698	0.0495	FALSE
F435_Cyberlindnera	B54_uncultured	-0.5751	0.0495	FALSE
F2472_Candida	B54_uncultured	-0.5374	0.0198	FALSE
F440_Penicillium	B54_uncultured	-0.6423	0.0495	FALSE
F482_Pichia	B54_uncultured	-0.5499	0.0297	FALSE
B8451_Gemmatimonas	B826_Enhydrobacter	0.5595	0.0433	TRUE
B7479_Corynebacterium 1	B826_Enhydrobacter	0.5689	0.005	TRUE
B1798_Taibaiella	B826_Enhydrobacter	0.5121	0.0235	TRUE
B1782_Luteimonas	B826_Enhydrobacter	0.4732	0.0334	TRUE
B56_Allorhizobium-Neorhizobium-Pararhizobium-Rhizobium	B826_Enhydrobacter	0.6258	0.005	TRUE
B4172_Bacillus	B826_Enhydrobacter	0.6354	0.0137	TRUE
B13_Aureimonas	B826_Enhydrobacter	0.6375	0.005	TRUE
B408_Pseudomonas	B826_Enhydrobacter	0.5187	0.0235	TRUE
B6641_Rothia	B826_Enhydrobacter	0.6065	0.005	TRUE
F696_unidentified	B826_Enhydrobacter	0.6674	0.0235	TRUE
F1041_unidentified	B826_Enhydrobacter	0.6025	0.0235	TRUE
F623_Stereum	B826_Enhydrobacter	0.6619	0.005	TRUE
B6372_Nocardioides	B838_Pseudomonas	0.4733	0.0487	TRUE
B21_Methylobacterium	B838_Pseudomonas	0.62	0.0487	TRUE
B32_Bradyrhizobium	B838_Pseudomonas	0.8015	0.0098	TRUE
B1646_Asinibacterium	B838_Pseudomonas	0.5642	0.019	TRUE
B2548_uncultured Anaerolineaceae bacterium	B838_Pseudomonas	0.572	0.0289	TRUE
F135_o_Pleosporales	B838_Pseudomonas	0.482	0.0487	TRUE
F137_Malassezia	B838_Pseudomonas	0.5917	0.0396	TRUE
F778_Phlebiopsis	B838_Pseudomonas	0.5879	0.0487	TRUE
F89_Aureobasidium	B838_Pseudomonas	0.5763	0.019	TRUE
F601_Penicillium	B838_Pseudomonas	0.6016	0.0289	TRUE
B21_Methylobacterium	B6372_Nocardioides	0.5065	0.0137	TRUE
B1646_Asinibacterium	B6372_Nocardioides	0.5198	0.005	TRUE
B2548_uncultured Anaerolineaceae bacterium	B6372_Nocardioides	0.5523	0.0334	TRUE
F135_o_Pleosporales	B6372_Nocardioides	0.5071	0.0334	TRUE
F778_Phlebiopsis	B6372_Nocardioides	0.5214	0.0235	TRUE
F89_Aureobasidium	B6372_Nocardioides	0.5828	0.0137	TRUE
F601_Penicillium	B6372_Nocardioides	0.5217	0.0137	TRUE
B32_Bradyrhizobium	B21_Methylobacterium	0.5774	0.0289	TRUE
B1646_Asinibacterium	B21_Methylobacterium	0.598	0.0137	TRUE
B2548_uncultured Anaerolineaceae bacterium	B21_Methylobacterium	0.6672	0.005	TRUE
B1_Pantoea	B21_Methylobacterium	0.5932	0.0289	TRUE
F3367_unidentified	B21_Methylobacterium	0.5351	0.0334	TRUE
F14_o_Pleosporales	B21_Methylobacterium	0.5717	0.0235	TRUE
F135_o_Pleosporales	B21_Methylobacterium	0.6519	0.005	TRUE
F778_Phlebiopsis	B21_Methylobacterium	0.6798	0.0137	TRUE
F89_Aureobasidium	B21_Methylobacterium	0.7329	0.0137	TRUE
F601_Penicillium	B21_Methylobacterium	0.7546	0.005	TRUE
F448_Perenniporia	B21_Methylobacterium	0.4897	0.0235	TRUE
B6691_Gemella	B3435_Sphingomonas	0.4602	0.0433	TRUE
B2173_Streptococcus	B3435_Sphingomonas	0.5378	0.0433	TRUE
B6851_Luteolibacter	B3435_Sphingomonas	0.3976	0.0433	TRUE
B7392_Rothia	B3435_Sphingomonas	0.516	0.0137	TRUE
B4029_Paracoccus	B3435_Sphingomonas	0.6106	0.005	TRUE
B1658_Staphylococcus	B3435_Sphingomonas	0.669	0.0137	TRUE
B2608_Paracoccus	B3435_Sphingomonas	0.6273	0.0334	TRUE
B209_Escherichia-Shigella	B3435_Sphingomonas	0.5863	0.0137	TRUE
B5389_Streptococcus	B3435_Sphingomonas	0.5994	0.0137	TRUE
B2923_Roseomonas	B3435_Sphingomonas	0.4685	0.0334	TRUE
B3787_Roseomonas	B3435_Sphingomonas	0.5736	0.0235	TRUE
B6030_Massilia	B3435_Sphingomonas	0.5074	0.0235	TRUE
B4348_Paracoccus	B3435_Sphingomonas	0.6327	0.0334	TRUE
F3438_o_NA	B3435_Sphingomonas	0.5186	0.0137	TRUE
F318_Saccharomyces	B3435_Sphingomonas	0.5322	0.0334	TRUE
F233_Periconia	B3435_Sphingomonas	0.6227	0.0235	TRUE
F686_Malassezia	B3435_Sphingomonas	0.5404	0.005	TRUE
B2173_Streptococcus	B8310_Geminicoccus	0.5393	0.0433	TRUE
B7392_Rothia	B8310_Geminicoccus	0.4867	0.0433	TRUE
B4029_Paracoccus	B8310_Geminicoccus	0.5373	0.0334	TRUE
B2608_Paracoccus	B8310_Geminicoccus	0.6163	0.0235	TRUE
B209_Escherichia-Shigella	B8310_Geminicoccus	0.4885	0.0235	TRUE
B5389_Streptococcus	B8310_Geminicoccus	0.4617	0.0433	TRUE
F3438_o_NA	B8310_Geminicoccus	0.489	0.0137	TRUE
F233_Periconia	B8310_Geminicoccus	0.6005	0.005	TRUE
F686_Malassezia	B8310_Geminicoccus	0.4673	0.0334	TRUE
F621_Nigrospora	B13835_o_NA	0.4909	0.0433	TRUE
F1300_Aspergillus	B13835_o_NA	0.5378	0.0235	TRUE
F507_Exidia	B13835_o_NA	0.6253	0.005	TRUE
F10_Guehomyces	B13835_o_NA	0.4698	0.0388	TRUE
F81_Cladosporium	B13835_o_NA	0.5473	0.0137	TRUE
F2576_Amanita	B13835_o_NA	0.4566	0.0433	TRUE
B7479_Corynebacterium 1	B8451_Gemmatimonas	0.5372	0.0235	TRUE
B56_Allorhizobium-Neorhizobium-Pararhizobium-Rhizobium	B8451_Gemmatimonas	0.5195	0.0235	TRUE
B4172_Bacillus	B8451_Gemmatimonas	0.5847	0.0235	TRUE
B13_Aureimonas	B8451_Gemmatimonas	0.61	0.0137	TRUE
B408_Pseudomonas	B8451_Gemmatimonas	0.5273	0.0137	TRUE
B6641_Rothia	B8451_Gemmatimonas	0.5336	0.005	TRUE
F696_unidentified	B8451_Gemmatimonas	0.6376	0.0334	TRUE
F1041_unidentified	B8451_Gemmatimonas	0.5191	0.0137	TRUE
F4243_unidentified	B8451_Gemmatimonas	0.5456	0.0334	TRUE
F623_Stereum	B8451_Gemmatimonas	0.5596	0.0235	TRUE
F100_Talaromyces	B8451_Gemmatimonas	0.4995	0.0487	TRUE
B4029_Paracoccus	B10318_o_NA	0.5255	0.0433	TRUE
B2608_Paracoccus	B10318_o_NA	0.5063	0.0433	TRUE
F318_Saccharomyces	B10318_o_NA	0.4728	0.0433	TRUE
F233_Periconia	B10318_o_NA	0.5181	0.0235	TRUE
B13843_Mucilaginibacter	B5905_Pirellula	0.4842	0.0433	TRUE
F7_unidentified	B5905_Pirellula	0.5398	0.0433	TRUE
F286_unidentified	B5905_Pirellula	0.5047	0.005	TRUE
F2312_unidentified	B5905_Pirellula	0.4861	0.0433	TRUE
F108_unidentified	B5905_Pirellula	0.5645	0.0334	TRUE
F859_Botrytis	B5905_Pirellula	0.5768	0.0137	TRUE
F288_unidentified	B5905_Pirellula	0.5193	0.0235	TRUE
F190_Irpex	B5905_Pirellula	0.4997	0.0235	TRUE
F161_Paraphoma	B5905_Pirellula	0.581	0.0137	TRUE
F166_Aspergillus	B5905_Pirellula	0.5945	0.005	TRUE
F304_Sphaerulina	B5905_Pirellula	0.5509	0.005	TRUE
B7_Curtobacterium	B24_Bradyrhizobium	-0.5048	0.0495	FALSE
F97_o_Sordariales	B24_Bradyrhizobium	-0.6055	0.0396	FALSE
F13_Zopfiella	B24_Bradyrhizobium	-0.578	0.0198	FALSE
B81_Stenotrophomonas	B503_Escherichia.Shigella	0.512	0.0091	TRUE
F258_Nigrospora	B503_Escherichia.Shigella	0.5837	0.0388	TRUE
F213_Yarrowia	B503_Escherichia.Shigella	-0.5577	0.0495	FALSE
F250_Pseudopithomyces	B503_Escherichia.Shigella	0.5251	0.0388	TRUE
B1658_Staphylococcus	B6691_Gemella	0.5314	0.0334	TRUE
B2608_Paracoccus	B6691_Gemella	0.4933	0.0137	TRUE
B4348_Paracoccus	B6691_Gemella	0.4934	0.0334	TRUE
F686_Malassezia	B6691_Gemella	0.3774	0.0433	TRUE
B7392_Rothia	B2173_Streptococcus	0.5242	0.0235	TRUE
B4029_Paracoccus	B2173_Streptococcus	0.6613	0.0235	TRUE
B1658_Staphylococcus	B2173_Streptococcus	0.607	0.0235	TRUE
B2608_Paracoccus	B2173_Streptococcus	0.7016	0.0235	TRUE
B209_Escherichia-Shigella	B2173_Streptococcus	0.5955	0.0235	TRUE
B5389_Streptococcus	B2173_Streptococcus	0.5993	0.0235	TRUE
B2923_Roseomonas	B2173_Streptococcus	0.5384	0.0235	TRUE
B3787_Roseomonas	B2173_Streptococcus	0.6206	0.0137	TRUE
B6030_Massilia	B2173_Streptococcus	0.4713	0.0235	TRUE
B4348_Paracoccus	B2173_Streptococcus	0.6061	0.0235	TRUE
F698_unidentified	B2173_Streptococcus	0.4749	0.0494	TRUE
F263_unidentified	B2173_Streptococcus	0.5094	0.0334	TRUE
F3438_o_NA	B2173_Streptococcus	0.624	0.0137	TRUE
F318_Saccharomyces	B2173_Streptococcus	0.5469	0.005	TRUE
F233_Periconia	B2173_Streptococcus	0.6838	0.0137	TRUE
F686_Malassezia	B2173_Streptococcus	0.5019	0.0334	TRUE
F2472_Candida	B2173_Streptococcus	0.4683	0.0235	TRUE
B56_Allorhizobium-Neorhizobium-Pararhizobium-Rhizobium	B7479_Corynebacterium.1	0.5445	0.0433	TRUE
B894_f_BIrii41	B7479_Corynebacterium.1	0.4175	0.0433	TRUE
B4172_Bacillus	B7479_Corynebacterium.1	0.6208	0.0433	TRUE
B13_Aureimonas	B7479_Corynebacterium.1	0.5488	0.0137	TRUE
B408_Pseudomonas	B7479_Corynebacterium.1	0.5646	0.0433	TRUE
B6641_Rothia	B7479_Corynebacterium.1	0.5963	0.0137	TRUE
F696_unidentified	B7479_Corynebacterium.1	0.5948	0.0235	TRUE
F1041_unidentified	B7479_Corynebacterium.1	0.5942	0.0235	TRUE
F4243_unidentified	B7479_Corynebacterium.1	0.6003	0.0137	TRUE
F623_Stereum	B7479_Corynebacterium.1	0.5978	0.0235	TRUE
B33_Kineococcus	B13843_Mucilaginibacter	0.527	0.0235	TRUE
F7_unidentified	B13843_Mucilaginibacter	0.484	0.0334	TRUE
F19_unidentified	B13843_Mucilaginibacter	0.431	0.005	TRUE
F2312_unidentified	B13843_Mucilaginibacter	0.4262	0.0235	TRUE
F77_o_NA	B13843_Mucilaginibacter	0.5007	0.005	TRUE
F859_Botrytis	B13843_Mucilaginibacter	0.5663	0.0137	TRUE
F288_unidentified	B13843_Mucilaginibacter	0.5643	0.0137	TRUE
F190_Irpex	B13843_Mucilaginibacter	0.5036	0.0235	TRUE
F161_Paraphoma	B13843_Mucilaginibacter	0.6243	0.0235	TRUE
F13_Zopfiella	B13843_Mucilaginibacter	0.4851	0.0487	TRUE
F166_Aspergillus	B13843_Mucilaginibacter	0.5353	0.0137	TRUE
F304_Sphaerulina	B13843_Mucilaginibacter	0.5079	0.0334	TRUE
B56_Allorhizobium-Neorhizobium-Pararhizobium-Rhizobium	B1798_Taibaiella	0.456	0.0334	TRUE
B4172_Bacillus	B1798_Taibaiella	0.4689	0.0334	TRUE
B6641_Rothia	B1798_Taibaiella	0.4078	0.0433	TRUE
B32_Bradyrhizobium	B13240_Paenibacillus	0.479	0.019	TRUE
B11497_Acinetobacter	B13240_Paenibacillus	0.4908	0.0334	TRUE
B4944_Myxococcus	B13240_Paenibacillus	0.4307	0.0235	TRUE
F157_unidentified	B13240_Paenibacillus	0.5734	0.0235	TRUE
F37_unidentified	B13240_Paenibacillus	0.5498	0.0235	TRUE
F213_Yarrowia	B13240_Paenibacillus	-0.5346	0.0396	FALSE
F12_o_Pleosporales	B13240_Paenibacillus	0.5619	0.0137	TRUE
F160_Cladosporium	B13240_Paenibacillus	0.5219	0.0235	TRUE
F1146_Torula	B13240_Paenibacillus	0.5305	0.0235	TRUE
B10601_Thermobacillus	B9443_Devosia	0.4665	0.005	TRUE
F2992_o_NA	B9443_Devosia	0.4917	0.005	TRUE
F137_Malassezia	B9443_Devosia	0.4446	0.0494	TRUE
F1523_unidentified	B9443_Devosia	0.4757	0.0433	TRUE
F7_unidentified	B33_Kineococcus	0.5713	0.0137	TRUE
F19_unidentified	B33_Kineococcus	0.4364	0.0235	TRUE
F108_unidentified	B33_Kineococcus	0.5668	0.0433	TRUE
F859_Botrytis	B33_Kineococcus	0.6633	0.0137	TRUE
F288_unidentified	B33_Kineococcus	0.5257	0.0137	TRUE
F161_Paraphoma	B33_Kineococcus	0.5815	0.0137	TRUE
F13_Zopfiella	B33_Kineococcus	0.5229	0.019	TRUE
F166_Aspergillus	B33_Kineococcus	0.5531	0.0235	TRUE
F304_Sphaerulina	B33_Kineococcus	0.54	0.0137	TRUE
B1658_Staphylococcus	B6851_Luteolibacter	0.4592	0.0433	TRUE
B2608_Paracoccus	B6851_Luteolibacter	0.3782	0.0334	TRUE
F233_Periconia	B6851_Luteolibacter	0.4051	0.0433	TRUE
B56_Allorhizobium-Neorhizobium-Pararhizobium-Rhizobium	B1782_Luteimonas	0.4714	0.0137	TRUE
B13288_Deinococcus	B1782_Luteimonas	0.4121	0.0433	TRUE
F1041_unidentified	B1782_Luteimonas	0.4324	0.0433	TRUE
F623_Stereum	B1782_Luteimonas	0.5355	0.005	TRUE
F507_Exidia	B119_Acidibacter	0.547	0.0235	TRUE
B11497_Acinetobacter	B1738_uncultured.Termite.group.1.bacterium	0.4709	0.0433	TRUE
B4944_Myxococcus	B1738_uncultured.Termite.group.1.bacterium	0.4558	0.005	TRUE
F157_unidentified	B1738_uncultured.Termite.group.1.bacterium	0.5823	0.005	TRUE
F37_unidentified	B1738_uncultured.Termite.group.1.bacterium	0.6131	0.0137	TRUE
F213_Yarrowia	B1738_uncultured.Termite.group.1.bacterium	-0.6303	0.0198	FALSE
F12_o_Pleosporales	B1738_uncultured.Termite.group.1.bacterium	0.651	0.0137	TRUE
F160_Cladosporium	B1738_uncultured.Termite.group.1.bacterium	0.5917	0.005	TRUE
F1146_Torula	B1738_uncultured.Termite.group.1.bacterium	0.5839	0.0137	TRUE
B4172_Bacillus	B56_Allorhizobium.Neorhizobium.Pararhizobium.Rhizobium	0.6659	0.0235	TRUE
B13_Aureimonas	B56_Allorhizobium.Neorhizobium.Pararhizobium.Rhizobium	0.6165	0.005	TRUE
B408_Pseudomonas	B56_Allorhizobium.Neorhizobium.Pararhizobium.Rhizobium	0.5469	0.0235	TRUE
B6641_Rothia	B56_Allorhizobium.Neorhizobium.Pararhizobium.Rhizobium	0.6091	0.0334	TRUE
F696_unidentified	B56_Allorhizobium.Neorhizobium.Pararhizobium.Rhizobium	0.6232	0.005	TRUE
F1041_unidentified	B56_Allorhizobium.Neorhizobium.Pararhizobium.Rhizobium	0.5687	0.0235	TRUE
F4243_unidentified	B56_Allorhizobium.Neorhizobium.Pararhizobium.Rhizobium	0.5818	0.0334	TRUE
F623_Stereum	B56_Allorhizobium.Neorhizobium.Pararhizobium.Rhizobium	0.6349	0.0334	TRUE
F36_Moesziomyces	B56_Allorhizobium.Neorhizobium.Pararhizobium.Rhizobium	0.5099	0.019	TRUE
B4172_Bacillus	B894_f_BIrii41	0.4547	0.0235	TRUE
B13_Aureimonas	B894_f_BIrii41	0.4858	0.0235	TRUE
B4029_Paracoccus	B7392_Rothia	0.6134	0.005	TRUE
B1658_Staphylococcus	B7392_Rothia	0.5259	0.0433	TRUE
B2608_Paracoccus	B7392_Rothia	0.5604	0.0235	TRUE
B209_Escherichia-Shigella	B7392_Rothia	0.4771	0.0334	TRUE
B5389_Streptococcus	B7392_Rothia	0.5057	0.0334	TRUE
B2923_Roseomonas	B7392_Rothia	0.4591	0.0137	TRUE
B3787_Roseomonas	B7392_Rothia	0.4747	0.005	TRUE
B6030_Massilia	B7392_Rothia	0.5099	0.0235	TRUE
B4348_Paracoccus	B7392_Rothia	0.5179	0.0334	TRUE
F318_Saccharomyces	B7392_Rothia	0.5174	0.0235	TRUE
F233_Periconia	B7392_Rothia	0.5499	0.0235	TRUE
F686_Malassezia	B7392_Rothia	0.4501	0.0334	TRUE
F435_Cyberlindnera	B7392_Rothia	0.512	0.0433	TRUE
F2472_Candida	B7392_Rothia	0.4135	0.0433	TRUE
B1646_Asinibacterium	B32_Bradyrhizobium	0.5113	0.0487	TRUE
B2548_uncultured Anaerolineaceae bacterium	B32_Bradyrhizobium	0.5563	0.0487	TRUE
F14_o_Pleosporales	B32_Bradyrhizobium	0.4938	0.0388	TRUE
F137_Malassezia	B32_Bradyrhizobium	0.6762	0.0198	TRUE
F12_o_Pleosporales	B32_Bradyrhizobium	0.5452	0.0289	TRUE
F778_Phlebiopsis	B32_Bradyrhizobium	0.5977	0.0388	TRUE
F160_Cladosporium	B32_Bradyrhizobium	0.5738	0.0487	TRUE
F89_Aureobasidium	B32_Bradyrhizobium	0.5956	0.019	TRUE
B2548_uncultured Anaerolineaceae bacterium	B1646_Asinibacterium	0.5593	0.0433	TRUE
F3367_unidentified	B1646_Asinibacterium	0.5357	0.0235	TRUE
F14_o_Pleosporales	B1646_Asinibacterium	0.5388	0.005	TRUE
F135_o_Pleosporales	B1646_Asinibacterium	0.6074	0.005	TRUE
F778_Phlebiopsis	B1646_Asinibacterium	0.6054	0.0137	TRUE
F89_Aureobasidium	B1646_Asinibacterium	0.663	0.0137	TRUE
F601_Penicillium	B1646_Asinibacterium	0.6713	0.0137	TRUE
B13_Aureimonas	B4172_Bacillus	0.681	0.005	TRUE
B408_Pseudomonas	B4172_Bacillus	0.5844	0.0137	TRUE
B6641_Rothia	B4172_Bacillus	0.6532	0.005	TRUE
B13920_Gemella	B4172_Bacillus	0.4241	0.0433	TRUE
F696_unidentified	B4172_Bacillus	0.651	0.0235	TRUE
F1041_unidentified	B4172_Bacillus	0.5502	0.0137	TRUE
F3563_o_NA	B4172_Bacillus	0.4791	0.019	TRUE
F623_Stereum	B4172_Bacillus	0.6664	0.0137	TRUE
F100_Talaromyces	B4172_Bacillus	0.5397	0.0289	TRUE
F14_o_Pleosporales	B2548_uncultured.Anaerolineaceae.bacterium	0.5378	0.0235	TRUE
F135_o_Pleosporales	B2548_uncultured.Anaerolineaceae.bacterium	0.5787	0.0433	TRUE
F778_Phlebiopsis	B2548_uncultured.Anaerolineaceae.bacterium	0.628	0.0137	TRUE
F89_Aureobasidium	B2548_uncultured.Anaerolineaceae.bacterium	0.6575	0.0334	TRUE
F601_Penicillium	B2548_uncultured.Anaerolineaceae.bacterium	0.6653	0.005	TRUE
F233_Periconia	B3345_Actinomycetospora	0.4546	0.0334	TRUE
B9276_Actinomyces	B4029_Paracoccus	0.461	0.0235	TRUE
B1658_Staphylococcus	B4029_Paracoccus	0.665	0.005	TRUE
B2608_Paracoccus	B4029_Paracoccus	0.6984	0.005	TRUE
B209_Escherichia-Shigella	B4029_Paracoccus	0.5647	0.005	TRUE
B5389_Streptococcus	B4029_Paracoccus	0.5835	0.0137	TRUE
B2923_Roseomonas	B4029_Paracoccus	0.4972	0.0433	TRUE
B3787_Roseomonas	B4029_Paracoccus	0.6087	0.0334	TRUE
B6030_Massilia	B4029_Paracoccus	0.5196	0.0334	TRUE
B4348_Paracoccus	B4029_Paracoccus	0.6199	0.0235	TRUE
F263_unidentified	B4029_Paracoccus	0.5633	0.0334	TRUE
F3438_o_NA	B4029_Paracoccus	0.535	0.0334	TRUE
F318_Saccharomyces	B4029_Paracoccus	0.5879	0.0137	TRUE
F233_Periconia	B4029_Paracoccus	0.6586	0.0235	TRUE
F686_Malassezia	B4029_Paracoccus	0.5725	0.0137	TRUE
F280_o_Polyporales	B4029_Paracoccus	0.5673	0.0388	TRUE
F435_Cyberlindnera	B4029_Paracoccus	0.6312	0.005	TRUE
F2472_Candida	B4029_Paracoccus	0.4639	0.0433	TRUE
B1658_Staphylococcus	B9276_Actinomyces	0.4126	0.0334	TRUE
B209_Escherichia-Shigella	B9276_Actinomyces	0.4252	0.0433	TRUE
B2608_Paracoccus	B1658_Staphylococcus	0.675	0.0334	TRUE
B5389_Streptococcus	B1658_Staphylococcus	0.6636	0.0137	TRUE
B2923_Roseomonas	B1658_Staphylococcus	0.551	0.005	TRUE
B3787_Roseomonas	B1658_Staphylococcus	0.6229	0.005	TRUE
B6030_Massilia	B1658_Staphylococcus	0.4695	0.0235	TRUE
B4348_Paracoccus	B1658_Staphylococcus	0.6597	0.005	TRUE
F3438_o_NA	B1658_Staphylococcus	0.5191	0.0433	TRUE
F318_Saccharomyces	B1658_Staphylococcus	0.5275	0.0235	TRUE
F233_Periconia	B1658_Staphylococcus	0.7396	0.005	TRUE
F686_Malassezia	B1658_Staphylococcus	0.615	0.0137	TRUE
F280_o_Polyporales	B1658_Staphylococcus	0.6359	0.0091	TRUE
F482_Pichia	B1658_Staphylococcus	0.5669	0.0433	TRUE
B4944_Myxococcus	B11497_Acinetobacter	0.4897	0.0137	TRUE
F37_unidentified	B11497_Acinetobacter	0.5805	0.0334	TRUE
F213_Yarrowia	B11497_Acinetobacter	-0.638	0.0297	FALSE
F12_o_Pleosporales	B11497_Acinetobacter	0.6094	0.0137	TRUE
F160_Cladosporium	B11497_Acinetobacter	0.6235	0.0235	TRUE
F1146_Torula	B11497_Acinetobacter	0.5668	0.0334	TRUE
B1604_o_NA	B1313_Escherichia.Shigella	0.5209	0.0289	TRUE
F2992_o_NA	B1313_Escherichia.Shigella	0.519	0.0388	TRUE
F1981_o_NA	B1313_Escherichia.Shigella	0.7988	0.0098	TRUE
F3563_o_NA	B1313_Escherichia.Shigella	0.7171	0.0098	TRUE
F1523_unidentified	B1313_Escherichia.Shigella	0.5148	0.0487	TRUE
F50_Thanatephorus	B1313_Escherichia.Shigella	0.7736	0.0099	TRUE
F55_f_Nectriaceae	B1313_Escherichia.Shigella	0.4901	0.0494	TRUE
F1076_Meyerozyma	B1313_Escherichia.Shigella	0.5247	0.0487	TRUE
F100_Talaromyces	B1313_Escherichia.Shigella	0.7554	0.0197	TRUE
F93_Gaeumannomyces	B1313_Escherichia.Shigella	0.6048	0.0091	TRUE
F157_unidentified	B4944_Myxococcus	0.523	0.0433	TRUE
F37_unidentified	B4944_Myxococcus	0.5583	0.005	TRUE
F213_Yarrowia	B4944_Myxococcus	-0.6014	0.0297	FALSE
F12_o_Pleosporales	B4944_Myxococcus	0.5525	0.0137	TRUE
F160_Cladosporium	B4944_Myxococcus	0.5848	0.0235	TRUE
F1146_Torula	B4944_Myxococcus	0.5499	0.0137	TRUE
B209_Escherichia-Shigella	B2608_Paracoccus	0.6337	0.0137	TRUE
B5389_Streptococcus	B2608_Paracoccus	0.6326	0.0433	TRUE
B3787_Roseomonas	B2608_Paracoccus	0.6521	0.005	TRUE
B6030_Massilia	B2608_Paracoccus	0.4943	0.0334	TRUE
B4348_Paracoccus	B2608_Paracoccus	0.6522	0.005	TRUE
F698_unidentified	B2608_Paracoccus	0.4982	0.0296	TRUE
F263_unidentified	B2608_Paracoccus	0.5437	0.0433	TRUE
F318_Saccharomyces	B2608_Paracoccus	0.5461	0.0433	TRUE
F686_Malassezia	B2608_Paracoccus	0.5643	0.005	TRUE
F280_o_Polyporales	B2608_Paracoccus	0.6288	0.019	TRUE
F435_Cyberlindnera	B2608_Paracoccus	0.6484	0.0235	TRUE
F482_Pichia	B2608_Paracoccus	0.5205	0.0334	TRUE
B408_Pseudomonas	B13_Aureimonas	0.5747	0.0137	TRUE
B6641_Rothia	B13_Aureimonas	0.5579	0.0235	TRUE
F696_unidentified	B13_Aureimonas	0.6134	0.0235	TRUE
F1041_unidentified	B13_Aureimonas	0.5761	0.0137	TRUE
F4243_unidentified	B13_Aureimonas	0.5768	0.0235	TRUE
F623_Stereum	B13_Aureimonas	0.6009	0.0137	TRUE
F36_Moesziomyces	B13_Aureimonas	0.4996	0.019	TRUE
F100_Talaromyces	B13_Aureimonas	0.5508	0.0289	TRUE
F696_unidentified	B408_Pseudomonas	0.6034	0.0235	TRUE
F1041_unidentified	B408_Pseudomonas	0.6185	0.0137	TRUE
F4243_unidentified	B408_Pseudomonas	0.5789	0.005	TRUE
F623_Stereum	B408_Pseudomonas	0.5597	0.0235	TRUE
B10601_Thermobacillus	B1604_o_NA	0.506	0.0137	TRUE
F2992_o_NA	B1604_o_NA	0.5908	0.005	TRUE
F1076_Meyerozyma	B1604_o_NA	0.5582	0.0235	TRUE
F93_Gaeumannomyces	B1604_o_NA	0.5896	0.0137	TRUE
F135_o_Pleosporales	B1_Pantoea	0.5538	0.0289	TRUE
F16_Pyricularia	B1_Pantoea	0.5731	0.0396	TRUE
F341_Pyricularia	B1_Pantoea	0.5293	0.0388	TRUE
F778_Phlebiopsis	B1_Pantoea	0.6034	0.019	TRUE
F89_Aureobasidium	B1_Pantoea	0.6505	0.019	TRUE
F940_unidentified	B814_Sediminibacterium	0.4846	0.0494	TRUE
F1300_Aspergillus	B814_Sediminibacterium	0.541	0.0197	TRUE
F507_Exidia	B814_Sediminibacterium	0.5786	0.0395	TRUE
F998_Penicillium	B814_Sediminibacterium	0.4831	0.0395	TRUE
F81_Cladosporium	B814_Sediminibacterium	0.558	0.0296	TRUE
F2576_Amanita	B814_Sediminibacterium	0.4725	0.0494	TRUE
F623_Stereum	B13288_Deinococcus	0.4712	0.0433	TRUE
B5389_Streptococcus	B209_Escherichia.Shigella	0.6309	0.0137	TRUE
B2923_Roseomonas	B209_Escherichia.Shigella	0.4669	0.0235	TRUE
B3787_Roseomonas	B209_Escherichia.Shigella	0.59	0.0433	TRUE
B6030_Massilia	B209_Escherichia.Shigella	0.4526	0.0334	TRUE
F263_unidentified	B209_Escherichia.Shigella	0.5348	0.0235	TRUE
F3438_o_NA	B209_Escherichia.Shigella	0.5268	0.0334	TRUE
F686_Malassezia	B209_Escherichia.Shigella	0.5512	0.0433	TRUE
F435_Cyberlindnera	B209_Escherichia.Shigella	0.5752	0.0235	TRUE
F2472_Candida	B209_Escherichia.Shigella	0.5251	0.0137	TRUE
F4243_unidentified	B5197_Enterococcus	0.4252	0.0433	TRUE
B2923_Roseomonas	B5389_Streptococcus	0.5131	0.0235	TRUE
B3787_Roseomonas	B5389_Streptococcus	0.617	0.0235	TRUE
B4348_Paracoccus	B5389_Streptococcus	0.6245	0.0137	TRUE
F318_Saccharomyces	B5389_Streptococcus	0.562	0.0235	TRUE
F233_Periconia	B5389_Streptococcus	0.6246	0.005	TRUE
F280_o_Polyporales	B5389_Streptococcus	0.5355	0.0388	TRUE
F435_Cyberlindnera	B5389_Streptococcus	0.6013	0.0235	TRUE
F2472_Candida	B5389_Streptococcus	0.4716	0.0334	TRUE
F5_Alternaria	B5389_Streptococcus	0.481	0.0395	TRUE
B81_Stenotrophomonas	B7_Curtobacterium	0.643	0.005	TRUE
F1135_Burgoa	B7_Curtobacterium	0.5566	0.0137	TRUE
F2051_o_NA	B7_Curtobacterium	0.6038	0.0235	TRUE
F511_Malassezia	B7_Curtobacterium	0.5018	0.0334	TRUE
F258_Nigrospora	B7_Curtobacterium	0.7691	0.005	TRUE
F57_Trichoderma	B7_Curtobacterium	0.5414	0.0334	TRUE
F42_unidentified	B7_Curtobacterium	0.5111	0.0334	TRUE
F895_Dipodascus	B7_Curtobacterium	0.5108	0.0235	TRUE
F136_f_Didymosphaeriaceae	B7_Curtobacterium	0.6527	0.0433	TRUE
F272_Penicillium	B7_Curtobacterium	0.6588	0.0433	TRUE
F441_o_Hypocreales	B7_Curtobacterium	0.7078	0.0235	TRUE
F693_Aspergillus	B7_Curtobacterium	0.4839	0.0334	TRUE
F1247_Aspergillus	B7_Curtobacterium	0.6639	0.0235	TRUE
F1134_o_Polyporales	B7_Curtobacterium	0.7068	0.005	TRUE
F83_Schizothecium	B7_Curtobacterium	0.4782	0.0433	TRUE
F2167_Cerinosterus	B7_Curtobacterium	0.6205	0.0137	TRUE
F250_Pseudopithomyces	B7_Curtobacterium	0.702	0.0137	TRUE
F29_f_Didymellaceae	B3_Sphingomonas	-0.8368	0.0198	FALSE
B3787_Roseomonas	B2923_Roseomonas	0.5	0.0334	TRUE
F233_Periconia	B2923_Roseomonas	0.5622	0.0137	TRUE
F435_Cyberlindnera	B2923_Roseomonas	0.5036	0.0235	TRUE
F2051_o_NA	B81_Stenotrophomonas	0.5291	0.0235	TRUE
F258_Nigrospora	B81_Stenotrophomonas	0.6474	0.0433	TRUE
F57_Trichoderma	B81_Stenotrophomonas	0.4113	0.0235	TRUE
F136_f_Didymosphaeriaceae	B81_Stenotrophomonas	0.5552	0.0137	TRUE
F272_Penicillium	B81_Stenotrophomonas	0.5827	0.0235	TRUE
F441_o_Hypocreales	B81_Stenotrophomonas	0.5965	0.0334	TRUE
F1247_Aspergillus	B81_Stenotrophomonas	0.5871	0.0433	TRUE
F1134_o_Polyporales	B81_Stenotrophomonas	0.6104	0.005	TRUE
F2167_Cerinosterus	B81_Stenotrophomonas	0.5614	0.0235	TRUE
F250_Pseudopithomyces	B81_Stenotrophomonas	0.6066	0.0235	TRUE
B4348_Paracoccus	B3787_Roseomonas	0.607	0.0433	TRUE
F263_unidentified	B3787_Roseomonas	0.5976	0.0235	TRUE
F3438_o_NA	B3787_Roseomonas	0.4984	0.0334	TRUE
F318_Saccharomyces	B3787_Roseomonas	0.5043	0.0433	TRUE
F233_Periconia	B3787_Roseomonas	0.6314	0.0235	TRUE
F686_Malassezia	B3787_Roseomonas	0.5196	0.0235	TRUE
F280_o_Polyporales	B3787_Roseomonas	0.5356	0.0388	TRUE
F435_Cyberlindnera	B3787_Roseomonas	0.5681	0.0235	TRUE
F2472_Candida	B3787_Roseomonas	0.4619	0.0334	TRUE
F3438_o_NA	B6030_Massilia	0.4755	0.0334	TRUE
F233_Periconia	B6030_Massilia	0.5741	0.0137	TRUE
F686_Malassezia	B6030_Massilia	0.4369	0.0137	TRUE
F435_Cyberlindnera	B6030_Massilia	0.5333	0.005	TRUE
F698_unidentified	B4348_Paracoccus	0.3869	0.0494	TRUE
F263_unidentified	B4348_Paracoccus	0.4787	0.0334	TRUE
F318_Saccharomyces	B4348_Paracoccus	0.5048	0.0433	TRUE
F233_Periconia	B4348_Paracoccus	0.6967	0.0433	TRUE
F686_Malassezia	B4348_Paracoccus	0.5025	0.0334	TRUE
F280_o_Polyporales	B4348_Paracoccus	0.5154	0.0091	TRUE
F435_Cyberlindnera	B4348_Paracoccus	0.566	0.0433	TRUE
F2472_Candida	B4348_Paracoccus	0.4927	0.0137	TRUE
F2992_o_NA	B10601_Thermobacillus	0.5283	0.0137	TRUE
F1981_o_NA	B10601_Thermobacillus	0.5461	0.0388	TRUE
F1181_unidentified	B10601_Thermobacillus	0.4993	0.0388	TRUE
F1523_unidentified	B10601_Thermobacillus	0.5469	0.0334	TRUE
F461_unidentified	B10601_Thermobacillus	0.5331	0.0388	TRUE
F55_f_Nectriaceae	B10601_Thermobacillus	0.5528	0.019	TRUE
F1076_Meyerozyma	B10601_Thermobacillus	0.5742	0.0137	TRUE
F93_Gaeumannomyces	B10601_Thermobacillus	0.5792	0.0137	TRUE
F696_unidentified	B6641_Rothia	0.6319	0.0137	TRUE
F1041_unidentified	B6641_Rothia	0.5704	0.005	TRUE
F3563_o_NA	B6641_Rothia	0.4222	0.0487	TRUE
F16_Pyricularia	B6641_Rothia	-0.4701	0.0396	FALSE
F4243_unidentified	B6641_Rothia	0.6776	0.005	TRUE
F623_Stereum	B6641_Rothia	0.6258	0.0137	TRUE
F458_Endoxyla	B2161_Devosia	0.5404	0.0334	TRUE
F2213_Clavispora	B2161_Devosia	0.6048	0.005	TRUE
F341_Pyricularia	B2161_Devosia	0.5858	0.005	TRUE
F2327_Nemania	B2161_Devosia	0.5789	0.005	TRUE
F1998_unidentified	F458_Endoxyla	0.5316	0.019	TRUE
F2213_Clavispora	F458_Endoxyla	0.5999	0.0137	TRUE
F341_Pyricularia	F458_Endoxyla	0.6262	0.0235	TRUE
F2327_Nemania	F458_Endoxyla	0.6	0.0137	TRUE
F1181_unidentified	F723_unidentified	0.6079	0.0297	TRUE
F55_f_Nectriaceae	F723_unidentified	0.5387	0.0396	TRUE
F1076_Meyerozyma	F723_unidentified	0.4442	0.0296	TRUE
F286_unidentified	F7_unidentified	0.5575	0.0235	TRUE
F19_unidentified	F7_unidentified	0.5092	0.0137	TRUE
F2312_unidentified	F7_unidentified	0.4679	0.0334	TRUE
F108_unidentified	F7_unidentified	0.6253	0.0137	TRUE
F77_o_NA	F7_unidentified	0.5434	0.0137	TRUE
F859_Botrytis	F7_unidentified	0.6492	0.0137	TRUE
F190_Irpex	F7_unidentified	0.5717	0.0235	TRUE
F161_Paraphoma	F7_unidentified	0.6803	0.005	TRUE
F13_Zopfiella	F7_unidentified	0.5528	0.0289	TRUE
F166_Aspergillus	F7_unidentified	0.6215	0.0334	TRUE
F304_Sphaerulina	F7_unidentified	0.5914	0.0137	TRUE
F137_Malassezia	F61_o_Pleosporales	-0.615	0.0495	FALSE
F488_Penicillium	F106_unidentified	0.6742	0.0099	TRUE
F940_unidentified	F131_unidentified	-0.5023	0.0198	FALSE
F1300_Aspergillus	F131_unidentified	-0.5824	0.0297	FALSE
F507_Exidia	F131_unidentified	-0.7253	0.0198	FALSE
F81_Cladosporium	F131_unidentified	-0.6019	0.0297	FALSE
F2576_Amanita	F131_unidentified	-0.515	0.0495	FALSE
F233_Periconia	F698_unidentified	0.4891	0.0494	TRUE
F280_o_Polyporales	F698_unidentified	0.5696	0.0396	TRUE
F5_Alternaria	F698_unidentified	0.7356	0.0198	TRUE
F14_o_Pleosporales	F3367_unidentified	0.3799	0.0433	TRUE
F778_Phlebiopsis	F3367_unidentified	0.559	0.0137	TRUE
F89_Aureobasidium	F3367_unidentified	0.5251	0.0137	TRUE
F601_Penicillium	F3367_unidentified	0.5672	0.005	TRUE
F1005_Aspergillus	F940_unidentified	0.4227	0.0137	TRUE
F621_Nigrospora	F940_unidentified	0.4703	0.005	TRUE
F1300_Aspergillus	F940_unidentified	0.5311	0.0235	TRUE
F507_Exidia	F940_unidentified	0.597	0.005	TRUE
F991_o_NA	F940_unidentified	0.4381	0.0334	TRUE
F81_Cladosporium	F940_unidentified	0.5476	0.0137	TRUE
F2576_Amanita	F940_unidentified	0.4869	0.0334	TRUE
F19_unidentified	F286_unidentified	0.4605	0.0334	TRUE
F2312_unidentified	F286_unidentified	0.534	0.0433	TRUE
F108_unidentified	F286_unidentified	0.5398	0.0334	TRUE
F77_o_NA	F286_unidentified	0.5373	0.0137	TRUE
F859_Botrytis	F286_unidentified	0.6342	0.0137	TRUE
F288_unidentified	F286_unidentified	0.5908	0.0235	TRUE
F190_Irpex	F286_unidentified	0.5513	0.005	TRUE
F161_Paraphoma	F286_unidentified	0.6312	0.0235	TRUE
F166_Aspergillus	F286_unidentified	0.6382	0.0137	TRUE
F304_Sphaerulina	F286_unidentified	0.56	0.005	TRUE
F258_Nigrospora	F1135_Burgoa	0.4862	0.0235	TRUE
F42_unidentified	F1135_Burgoa	0.3855	0.0433	TRUE
F272_Penicillium	F1135_Burgoa	0.4375	0.0433	TRUE
F441_o_Hypocreales	F1135_Burgoa	0.4723	0.0137	TRUE
F1247_Aspergillus	F1135_Burgoa	0.4994	0.0235	TRUE
F1134_o_Polyporales	F1135_Burgoa	0.4991	0.0137	TRUE
F250_Pseudopithomyces	F1135_Burgoa	0.5211	0.005	TRUE
F108_unidentified	F19_unidentified	0.5062	0.0137	TRUE
F77_o_NA	F19_unidentified	0.4394	0.0235	TRUE
F859_Botrytis	F19_unidentified	0.5098	0.0433	TRUE
F288_unidentified	F19_unidentified	0.521	0.005	TRUE
F190_Irpex	F19_unidentified	0.5204	0.005	TRUE
F161_Paraphoma	F19_unidentified	0.5053	0.0334	TRUE
F304_Sphaerulina	F19_unidentified	0.4464	0.0235	TRUE
F1981_o_NA	F2992_o_NA	0.5694	0.0289	TRUE
F1523_unidentified	F2992_o_NA	0.6293	0.0137	TRUE
F50_Thanatephorus	F2992_o_NA	0.5331	0.0395	TRUE
F55_f_Nectriaceae	F2992_o_NA	0.5569	0.0289	TRUE
F1076_Meyerozyma	F2992_o_NA	0.5706	0.0137	TRUE
F93_Gaeumannomyces	F2992_o_NA	0.6395	0.005	TRUE
F37_unidentified	F157_unidentified	0.6871	0.0334	TRUE
F213_Yarrowia	F157_unidentified	-0.7027	0.0099	FALSE
F12_o_Pleosporales	F157_unidentified	0.7264	0.005	TRUE
F160_Cladosporium	F157_unidentified	0.7315	0.005	TRUE
F1146_Torula	F157_unidentified	0.7059	0.005	TRUE
F2213_Clavispora	F1998_unidentified	0.5532	0.019	TRUE
F341_Pyricularia	F1998_unidentified	0.5794	0.0289	TRUE
F2327_Nemania	F1998_unidentified	0.581	0.019	TRUE
F859_Botrytis	F2312_unidentified	0.4598	0.0334	TRUE
F190_Irpex	F2312_unidentified	0.4955	0.0334	TRUE
F166_Aspergillus	F2312_unidentified	0.5003	0.0235	TRUE
F304_Sphaerulina	F2312_unidentified	0.4711	0.0334	TRUE
F1041_unidentified	F696_unidentified	0.6115	0.0235	TRUE
F3563_o_NA	F696_unidentified	0.4902	0.0487	TRUE
F4243_unidentified	F696_unidentified	0.677	0.005	TRUE
F623_Stereum	F696_unidentified	0.6554	0.0235	TRUE
F213_Yarrowia	F37_unidentified	-0.715	0.0297	FALSE
F12_o_Pleosporales	F37_unidentified	0.7513	0.0137	TRUE
F160_Cladosporium	F37_unidentified	0.7365	0.005	TRUE
F1146_Torula	F37_unidentified	0.7097	0.0137	TRUE
F77_o_NA	F108_unidentified	0.5292	0.005	TRUE
F859_Botrytis	F108_unidentified	0.5914	0.0235	TRUE
F288_unidentified	F108_unidentified	0.5471	0.005	TRUE
F190_Irpex	F108_unidentified	0.5682	0.0334	TRUE
F161_Paraphoma	F108_unidentified	0.7106	0.0137	TRUE
F13_Zopfiella	F108_unidentified	0.4899	0.0487	TRUE
F166_Aspergillus	F108_unidentified	0.5501	0.0235	TRUE
F304_Sphaerulina	F108_unidentified	0.5745	0.0235	TRUE
F135_o_Pleosporales	F14_o_Pleosporales	0.5204	0.0137	TRUE
F778_Phlebiopsis	F14_o_Pleosporales	0.5533	0.0433	TRUE
F89_Aureobasidium	F14_o_Pleosporales	0.5066	0.0235	TRUE
F601_Penicillium	F14_o_Pleosporales	0.5017	0.0235	TRUE
F4243_unidentified	F1041_unidentified	0.5981	0.005	TRUE
F623_Stereum	F1041_unidentified	0.5417	0.0334	TRUE
F895_Dipodascus	F402_unidentified	0.4509	0.0433	TRUE
F136_f_Didymosphaeriaceae	F402_unidentified	0.4405	0.0235	TRUE
F272_Penicillium	F402_unidentified	0.4613	0.0334	TRUE
F2167_Cerinosterus	F402_unidentified	0.4346	0.0235	TRUE
F250_Pseudopithomyces	F402_unidentified	0.5018	0.0137	TRUE
F3563_o_NA	F1981_o_NA	0.7639	0.0197	TRUE
F1523_unidentified	F1981_o_NA	0.5836	0.0388	TRUE
F50_Thanatephorus	F1981_o_NA	0.804	0.0198	TRUE
F4243_unidentified	F1981_o_NA	0.4993	0.0487	TRUE
F1076_Meyerozyma	F1981_o_NA	0.5318	0.019	TRUE
F100_Talaromyces	F1981_o_NA	0.7856	0.0197	TRUE
F50_Thanatephorus	F3563_o_NA	0.7472	0.0198	TRUE
F4243_unidentified	F3563_o_NA	0.4748	0.0289	TRUE
F100_Talaromyces	F3563_o_NA	0.775	0.0098	TRUE
F859_Botrytis	F77_o_NA	0.5686	0.0137	TRUE
F288_unidentified	F77_o_NA	0.4888	0.0334	TRUE
F190_Irpex	F77_o_NA	0.605	0.005	TRUE
F161_Paraphoma	F77_o_NA	0.5891	0.005	TRUE
F166_Aspergillus	F77_o_NA	0.546	0.0235	TRUE
F304_Sphaerulina	F77_o_NA	0.6451	0.005	TRUE
F258_Nigrospora	F2051_o_NA	0.6335	0.0137	TRUE
F136_f_Didymosphaeriaceae	F2051_o_NA	0.5415	0.0235	TRUE
F272_Penicillium	F2051_o_NA	0.4841	0.0235	TRUE
F441_o_Hypocreales	F2051_o_NA	0.551	0.0235	TRUE
F1247_Aspergillus	F2051_o_NA	0.5195	0.0235	TRUE
F250_Pseudopithomyces	F2051_o_NA	0.5743	0.005	TRUE
F233_Periconia	F263_unidentified	0.5635	0.0235	TRUE
F258_Nigrospora	F3763_unidentified	0.4323	0.0334	TRUE
F318_Saccharomyces	F3438_o_NA	0.4891	0.0433	TRUE
F233_Periconia	F3438_o_NA	0.6024	0.0137	TRUE
F686_Malassezia	F3438_o_NA	0.4858	0.0137	TRUE
F280_o_Polyporales	F3438_o_NA	0.462	0.0289	TRUE
F778_Phlebiopsis	F135_o_Pleosporales	0.6232	0.005	TRUE
F89_Aureobasidium	F135_o_Pleosporales	0.6723	0.0137	TRUE
F601_Penicillium	F135_o_Pleosporales	0.6627	0.005	TRUE
F448_Perenniporia	F135_o_Pleosporales	0.4481	0.0433	TRUE
F55_f_Nectriaceae	F1181_unidentified	0.7156	0.0197	TRUE
F1076_Meyerozyma	F1181_unidentified	0.5481	0.019	TRUE
F93_Gaeumannomyces	F1181_unidentified	0.5079	0.0487	TRUE
F233_Periconia	F318_Saccharomyces	0.578	0.0235	TRUE
F435_Cyberlindnera	F318_Saccharomyces	0.5041	0.0334	TRUE
F45_f_Didymellaceae	F16_Pyricularia	-0.662	0.0495	FALSE
F160_Cladosporium	F137_Malassezia	0.5132	0.0395	TRUE
F258_Nigrospora	F511_Malassezia	0.4623	0.0433	TRUE
F1134_o_Polyporales	F511_Malassezia	0.4587	0.0433	TRUE
F250_Pseudopithomyces	F511_Malassezia	0.4594	0.0334	TRUE
F288_unidentified	F859_Botrytis	0.6335	0.0235	TRUE
F190_Irpex	F859_Botrytis	0.6266	0.0235	TRUE
F161_Paraphoma	F859_Botrytis	0.7046	0.0137	TRUE
F13_Zopfiella	F859_Botrytis	0.589	0.0091	TRUE
F166_Aspergillus	F859_Botrytis	0.6216	0.0433	TRUE
F304_Sphaerulina	F859_Botrytis	0.6294	0.0334	TRUE
F29_f_Didymellaceae	F2_Nigrospora	0.8047	0.0297	TRUE
F10_Guehomyces	F2_Nigrospora	0.5276	0.0396	TRUE
F57_Trichoderma	F258_Nigrospora	0.5298	0.0334	TRUE
F895_Dipodascus	F258_Nigrospora	0.4629	0.0433	TRUE
F136_f_Didymosphaeriaceae	F258_Nigrospora	0.6838	0.005	TRUE
F272_Penicillium	F258_Nigrospora	0.6151	0.0235	TRUE
F693_Aspergillus	F258_Nigrospora	0.4375	0.0334	TRUE
F1247_Aspergillus	F258_Nigrospora	0.6857	0.005	TRUE
F1134_o_Polyporales	F258_Nigrospora	0.6459	0.0334	TRUE
F83_Schizothecium	F258_Nigrospora	0.5069	0.0137	TRUE
F97_o_Sordariales	F258_Nigrospora	0.4629	0.0487	TRUE
F2167_Cerinosterus	F258_Nigrospora	0.5762	0.0137	TRUE
F250_Pseudopithomyces	F258_Nigrospora	0.7252	0.0433	TRUE
F1300_Aspergillus	F621_Nigrospora	0.573	0.0235	TRUE
F2631_Alternaria	F621_Nigrospora	0.4276	0.0235	TRUE
F507_Exidia	F621_Nigrospora	0.6204	0.0137	TRUE
F991_o_NA	F621_Nigrospora	0.4821	0.0137	TRUE
F81_Cladosporium	F621_Nigrospora	0.5675	0.0137	TRUE
F1247_Aspergillus	F57_Trichoderma	0.4859	0.005	TRUE
F1134_o_Polyporales	F57_Trichoderma	0.4787	0.0235	TRUE
F136_f_Didymosphaeriaceae	F42_unidentified	0.4299	0.0433	TRUE
F1134_o_Polyporales	F42_unidentified	0.4227	0.0235	TRUE
F250_Pseudopithomyces	F42_unidentified	0.5316	0.0235	TRUE
F1076_Meyerozyma	F1523_unidentified	0.5682	0.0137	TRUE
F93_Gaeumannomyces	F1523_unidentified	0.5901	0.0137	TRUE
F12_o_Pleosporales	F213_Yarrowia	-0.7433	0.0297	FALSE
F292_Engyodontium	F213_Yarrowia	-0.6423	0.0396	FALSE
F160_Cladosporium	F213_Yarrowia	-0.7379	0.0297	FALSE
F1146_Torula	F213_Yarrowia	-0.7347	0.0495	FALSE
F488_Penicillium	F213_Yarrowia	0.5653	0.0297	TRUE
F1134_o_Polyporales	F895_Dipodascus	0.4711	0.0235	TRUE
F250_Pseudopithomyces	F895_Dipodascus	0.5255	0.0235	TRUE
F190_Irpex	F288_unidentified	0.5872	0.0137	TRUE
F166_Aspergillus	F288_unidentified	0.5798	0.0235	TRUE
F304_Sphaerulina	F288_unidentified	0.6152	0.0235	TRUE
F341_Pyricularia	F2213_Clavispora	0.6888	0.0334	TRUE
F2327_Nemania	F2213_Clavispora	0.7135	0.0137	TRUE
F686_Malassezia	F233_Periconia	0.5639	0.0334	TRUE
F280_o_Polyporales	F233_Periconia	0.6391	0.019	TRUE
F435_Cyberlindnera	F233_Periconia	0.649	0.005	TRUE
F482_Pichia	F233_Periconia	0.5513	0.0137	TRUE
F507_Exidia	F3_Moesziomyces	0.4995	0.019	TRUE
F29_f_Didymellaceae	F3_Moesziomyces	0.5179	0.0495	TRUE
F160_Cladosporium	F12_o_Pleosporales	0.769	0.005	TRUE
F1146_Torula	F12_o_Pleosporales	0.7256	0.0137	TRUE
F1076_Meyerozyma	F50_Thanatephorus	0.4959	0.0395	TRUE
F100_Talaromyces	F50_Thanatephorus	0.7322	0.0198	TRUE
F488_Penicillium	F50_Thanatephorus	-0.7141	0.0099	FALSE
F280_o_Polyporales	F686_Malassezia	0.4675	0.019	TRUE
F435_Cyberlindnera	F686_Malassezia	0.5572	0.0235	TRUE
F161_Paraphoma	F190_Irpex	0.6776	0.0137	TRUE
F166_Aspergillus	F190_Irpex	0.5864	0.005	TRUE
F304_Sphaerulina	F190_Irpex	0.6484	0.005	TRUE
F2327_Nemania	F341_Pyricularia	0.7068	0.0137	TRUE
F272_Penicillium	F136_f_Didymosphaeriaceae	0.5281	0.0334	TRUE
F441_o_Hypocreales	F136_f_Didymosphaeriaceae	0.5371	0.0235	TRUE
F1247_Aspergillus	F136_f_Didymosphaeriaceae	0.6013	0.0235	TRUE
F1134_o_Polyporales	F136_f_Didymosphaeriaceae	0.5619	0.0235	TRUE
F2167_Cerinosterus	F136_f_Didymosphaeriaceae	0.517	0.0137	TRUE
F250_Pseudopithomyces	F136_f_Didymosphaeriaceae	0.6761	0.005	TRUE
F5_Alternaria	F280_o_Polyporales	0.6236	0.0396	TRUE
F623_Stereum	F4243_unidentified	0.6182	0.0137	TRUE
F100_Talaromyces	F4243_unidentified	0.5322	0.0487	TRUE
F1247_Aspergillus	F272_Penicillium	0.557	0.0334	TRUE
F1134_o_Polyporales	F272_Penicillium	0.5535	0.0137	TRUE
F250_Pseudopithomyces	F272_Penicillium	0.5985	0.0235	TRUE
F5_Alternaria	F435_Cyberlindnera	0.5416	0.0395	TRUE
F160_Cladosporium	F292_Engyodontium	0.5146	0.0297	TRUE
F440_Penicillium	F292_Engyodontium	-0.5771	0.0396	FALSE
F1134_o_Polyporales	F441_o_Hypocreales	0.5362	0.0235	TRUE
F250_Pseudopithomyces	F441_o_Hypocreales	0.6687	0.0137	TRUE
F36_Moesziomyces	F623_Stereum	0.4584	0.0487	TRUE
F100_Talaromyces	F623_Stereum	0.5059	0.0487	TRUE
F1247_Aspergillus	F693_Aspergillus	0.4538	0.0433	TRUE
F250_Pseudopithomyces	F693_Aspergillus	0.4797	0.0235	TRUE
F2631_Alternaria	F1300_Aspergillus	0.5143	0.0137	TRUE
F507_Exidia	F1300_Aspergillus	0.6904	0.005	TRUE
F991_o_NA	F1300_Aspergillus	0.5254	0.0433	TRUE
F81_Cladosporium	F1300_Aspergillus	0.6723	0.005	TRUE
F2576_Amanita	F1300_Aspergillus	0.4889	0.0137	TRUE
F1134_o_Polyporales	F1247_Aspergillus	0.6123	0.0235	TRUE
F83_Schizothecium	F1247_Aspergillus	0.452	0.0235	TRUE
F2167_Cerinosterus	F1247_Aspergillus	0.5463	0.0137	TRUE
F250_Pseudopithomyces	F1247_Aspergillus	0.6511	0.0235	TRUE
F250_Pseudopithomyces	F1134_o_Polyporales	0.6937	0.0137	TRUE
F89_Aureobasidium	F778_Phlebiopsis	0.7464	0.005	TRUE
F601_Penicillium	F778_Phlebiopsis	0.6866	0.005	TRUE
F448_Perenniporia	F778_Phlebiopsis	0.5244	0.005	TRUE
F81_Cladosporium	F2631_Alternaria	0.5894	0.0137	TRUE
F250_Pseudopithomyces	F83_Schizothecium	0.4627	0.0334	TRUE
F991_o_NA	F507_Exidia	0.6102	0.005	TRUE
F998_Penicillium	F507_Exidia	0.5874	0.0137	TRUE
F81_Cladosporium	F507_Exidia	0.7406	0.005	TRUE
F2576_Amanita	F507_Exidia	0.6058	0.0235	TRUE
F13_Zopfiella	F97_o_Sordariales	0.5939	0.0395	TRUE
F13_Zopfiella	F161_Paraphoma	0.6493	0.0289	TRUE
F166_Aspergillus	F161_Paraphoma	0.6674	0.005	TRUE
F304_Sphaerulina	F161_Paraphoma	0.6662	0.0235	TRUE
F250_Pseudopithomyces	F2167_Cerinosterus	0.5393	0.0334	TRUE
F9_Chaetomium	F2167_Cerinosterus	0.4254	0.0433	TRUE
F1146_Torula	F160_Cladosporium	0.7156	0.005	TRUE
F998_Penicillium	F991_o_NA	0.4859	0.0235	TRUE
F2576_Amanita	F991_o_NA	0.4586	0.0235	TRUE
F81_Cladosporium	F998_Penicillium	0.5568	0.0137	TRUE
F2576_Amanita	F998_Penicillium	0.4207	0.0433	TRUE
F1076_Meyerozyma	F461_unidentified	0.5216	0.0487	TRUE
F93_Gaeumannomyces	F461_unidentified	0.5143	0.019	TRUE
F2576_Amanita	F81_Cladosporium	0.5957	0.0137	TRUE
F166_Aspergillus	F13_Zopfiella	0.5014	0.0091	TRUE
F304_Sphaerulina	F13_Zopfiella	0.6256	0.019	TRUE
F1076_Meyerozyma	F55_f_Nectriaceae	0.5571	0.0091	TRUE
F93_Gaeumannomyces	F1076_Meyerozyma	0.6166	0.0235	TRUE
F304_Sphaerulina	F166_Aspergillus	0.5857	0.0235	TRUE
F601_Penicillium	F89_Aureobasidium	0.6974	0.0334	TRUE
F448_Perenniporia	F89_Aureobasidium	0.5394	0.0235	TRUE
