Source	Target	Cor	pseudo_p	positive
B2348_Pseudonocardia	B278_o_NA	0.8645	0.023	TRUE
B430_Pseudonocardia	B22_uncultured.Roseobacter.sp.	0.944	0.0455	TRUE
B2348_Pseudonocardia	B22_uncultured.Roseobacter.sp.	-0.9457	0.0413	FALSE
F55_f_Nectriaceae	B22_uncultured.Roseobacter.sp.	-0.9232	0.0455	FALSE
F31_Fusarium	B22_uncultured.Roseobacter.sp.	-0.9382	0.0455	FALSE
F120_Sporobolomyces	B87_Mucilaginibacter	-1	0.0455	FALSE
F508_Papiliotrema	B87_Mucilaginibacter	0.9619	0.0455	TRUE
B424_Williamsia	B5_Pseudomonas	0.9525	0.0489	TRUE
F131_unidentified	B5_Pseudomonas	-0.9431	0.0413	FALSE
F1538_unidentified	B5_Pseudomonas	0.8707	0.0135	TRUE
F1463_Fusicolla	B5_Pseudomonas	-0.9165	0.0413	FALSE
F127_Papiliotrema	B430_Pseudonocardia	0.9648	0.0356	TRUE
F178_Schizopora	B430_Pseudonocardia	0.9832	0.0455	TRUE
F2450_unidentified	B332_Actinomycetospora	0.86	0.0351	TRUE
F188_Arthrinium	B922_Spirosoma	0.9179	0.023	TRUE
B2261_Actinomycetospora	B24_Bradyrhizobium	0.8937	0.0489	TRUE
B19_Xanthomonas	B24_Bradyrhizobium	0.8943	0.0489	TRUE
F190_Irpex	B2261_Actinomycetospora	0.9471	3e-04	TRUE
F69_o_Pleosporales	B424_Williamsia	0.9062	0.0135	TRUE
F1538_unidentified	B424_Williamsia	0.8657	0.0489	TRUE
F920_o_NA	B424_Williamsia	0.9196	0.0351	TRUE
B28_Burkholderia-Caballeronia-Paraburkholderia	B15_Sphingomonas	0.9208	0.0031	TRUE
B28_Burkholderia-Caballeronia-Paraburkholderia	B19_Xanthomonas	0.9086	0.0135	TRUE
F190_Irpex	B19_Xanthomonas	0.9305	0.007	TRUE
F1070_o_NA	B2348_Pseudonocardia	0.8354	0.0489	TRUE
F127_Papiliotrema	B2348_Pseudonocardia	-0.9475	0.0303	FALSE
F1955_unidentified	B28_Burkholderia.Caballeronia.Paraburkholderia	0.8917	0.023	TRUE
F424_unidentified	F88_unidentified	0.8985	0.0489	TRUE
F152_unidentified	F69_o_Pleosporales	0.8974	0.0135	TRUE
F152_unidentified	F1538_unidentified	0.7908	0.023	TRUE
F2075_Agaricus	F2450_unidentified	0.8357	0.0351	TRUE
F448_Perenniporia	F54_Pyrenochaetopsis	0.8884	0.0012	TRUE
F78_unidentified	F8_unidentified	0.9482	0.0455	TRUE
F276_Cercospora	F114_unidentified	0.9431	0.0255	TRUE
F508_Papiliotrema	F48_unidentified	-0.9542	0.0455	FALSE
F33_unidentified	F78_unidentified	0.903	0.0455	TRUE
F289_Aspergillus	F876_f_Phaeosphaeriaceae	0.8635	0.0351	TRUE
F178_Schizopora	F1463_Fusicolla	0.9028	0.0356	TRUE
F74_f_Tilletiaceae	F137_Malassezia	-0.9155	0.0255	FALSE
F277_Peniophora	F583_Trichomerium	-0.9178	0.0413	FALSE
F5_Alternaria	F583_Trichomerium	0.9471	0.0255	TRUE
F105_Clonostachys	F1624_o_Pleosporales	0.8874	0.0351	TRUE
F178_Schizopora	F117_Saitozyma	0.9612	0.0455	TRUE
F291_o_Diaporthales	F105_Clonostachys	0.8282	0.0351	TRUE
F448_Perenniporia	F361_Phaeosphaeria	0.8495	0.0413	TRUE
F98_f_Didymellaceae	F190_Irpex	-0.8937	0.0413	FALSE
F188_Arthrinium	F291_o_Diaporthales	0.8946	0.0351	TRUE
F482_Pichia	F693_Aspergillus	0.8142	0.0489	TRUE
