Source	Target	Cor	pseudo_p	positive
B282_Acinetobacter	B278_o_NA	-0.7183	0.0297	FALSE
B23_f_Burkholderiaceae	B278_o_NA	0.9505	0.0198	TRUE
B119_Acidibacter	B278_o_NA	-0.6268	0.0396	FALSE
B15_Sphingomonas	B278_o_NA	0.9241	0.0198	TRUE
B4_Pantoea	B278_o_NA	0.7748	0.0297	TRUE
F16_Pyricularia	B278_o_NA	-0.7761	0.0297	FALSE
B22_uncultured Roseobacter sp.	B282_Acinetobacter	0.8829	0.0198	TRUE
B6_Sphingomonas	B282_Acinetobacter	0.8427	0.0396	TRUE
B23_f_Burkholderiaceae	B282_Acinetobacter	-0.7658	0.0297	FALSE
B11_Xanthomonas	B282_Acinetobacter	-0.8256	0.0198	FALSE
B2_Methylobacterium	B282_Acinetobacter	0.9023	0.0198	TRUE
B9_Methylobacterium	B282_Acinetobacter	0.8783	0.0198	TRUE
B76_Methylobacterium	B282_Acinetobacter	-0.8278	0.0099	FALSE
B222_Kineococcus	B282_Acinetobacter	-0.7958	0.0297	FALSE
B54_uncultured	B282_Acinetobacter	0.8905	0.0198	TRUE
B21_Methylobacterium	B282_Acinetobacter	-0.8015	0.0495	FALSE
B135_Sphingomonas	B282_Acinetobacter	-0.8636	0.0198	FALSE
B29_Methylobacterium	B282_Acinetobacter	-0.8667	0.0396	FALSE
B33_Kineococcus	B282_Acinetobacter	-0.8812	0.0297	FALSE
B3_Sphingomonas	B282_Acinetobacter	0.8983	0.0396	TRUE
B4_Pantoea	B282_Acinetobacter	-0.8003	0.0396	FALSE
F8_unidentified	B282_Acinetobacter	0.8377	0.0495	TRUE
F114_unidentified	B282_Acinetobacter	-0.7684	0.0396	FALSE
F2_Nigrospora	B282_Acinetobacter	0.9374	0.0297	TRUE
F4_o_Pleosporales	B282_Acinetobacter	0.7593	0.0297	TRUE
F4065_unidentified	B34_Bradyrhizobium	0.7033	0.0156	TRUE
F48_unidentified	B34_Bradyrhizobium	0.694	0.0156	TRUE
F3969_unidentified	B34_Bradyrhizobium	0.6941	0.0255	TRUE
F1486_Rosellinia	B34_Bradyrhizobium	0.6169	0.0156	TRUE
F639_Aspergillus	B34_Bradyrhizobium	0.7116	0.0071	TRUE
F61_o_Pleosporales	B5604_Psychrobacter	0.5522	0.0455	TRUE
F322_Penicillium	B5604_Psychrobacter	0.5128	0.0356	TRUE
B6_Sphingomonas	B22_uncultured.Roseobacter.sp.	0.9713	0.0396	TRUE
B2_Methylobacterium	B22_uncultured.Roseobacter.sp.	0.9792	0.0198	TRUE
B9_Methylobacterium	B22_uncultured.Roseobacter.sp.	0.9133	0.0495	TRUE
B54_uncultured	B22_uncultured.Roseobacter.sp.	0.9511	0.0099	TRUE
B21_Methylobacterium	B22_uncultured.Roseobacter.sp.	-0.7681	0.0297	FALSE
B135_Sphingomonas	B22_uncultured.Roseobacter.sp.	-0.7757	0.0495	FALSE
B33_Kineococcus	B22_uncultured.Roseobacter.sp.	-0.809	0.0495	FALSE
B1017_Clostridium sensu stricto 3	B22_uncultured.Roseobacter.sp.	0.7411	0.0396	TRUE
B3_Sphingomonas	B22_uncultured.Roseobacter.sp.	0.9223	0.0099	TRUE
F8_unidentified	B22_uncultured.Roseobacter.sp.	0.9261	0.0297	TRUE
F2_Nigrospora	B22_uncultured.Roseobacter.sp.	0.9006	0.0297	TRUE
F32_Tilletia	B22_uncultured.Roseobacter.sp.	-0.8138	0.0495	FALSE
F29_f_Didymellaceae	B22_uncultured.Roseobacter.sp.	-0.819	0.0396	FALSE
F36_Moesziomyces	B22_uncultured.Roseobacter.sp.	-0.8212	0.0297	FALSE
F55_f_Nectriaceae	B22_uncultured.Roseobacter.sp.	-0.7955	0.0297	FALSE
B134_Pseudomonas	B87_Mucilaginibacter	0.5073	0.0455	TRUE
F1315_Aspergillus	B87_Mucilaginibacter	0.5782	0.0071	TRUE
F747_unidentified	B87_Mucilaginibacter	-0.5471	0.0356	FALSE
F4939_o_NA	B134_Pseudomonas	0.5802	0.0356	TRUE
F288_unidentified	B134_Pseudomonas	0.7088	0.0356	TRUE
F280_o_Polyporales	B134_Pseudomonas	0.6377	0.0156	TRUE
F1315_Aspergillus	B134_Pseudomonas	0.5942	0.0356	TRUE
F260_Schizopora	B134_Pseudomonas	0.6598	0.0255	TRUE
F44_Zopfiella	B134_Pseudomonas	0.656	0.0255	TRUE
B1610_Clostridium sensu stricto 10	B2489_Pir4.lineage	0.5777	0.0455	TRUE
F1004_unidentified	B2489_Pir4.lineage	0.6323	0.0071	TRUE
B437_Escherichia-Shigella	B6224_Streptococcus	0.6929	0.0255	TRUE
B24_Bradyrhizobium	B6224_Streptococcus	0.6423	0.0018	TRUE
B11845_Neisseria	B6224_Streptococcus	0.5921	0.0255	TRUE
F923_o_NA	B6224_Streptococcus	0.6714	0.0156	TRUE
F583_Trichomerium	B6224_Streptococcus	0.6405	0.0156	TRUE
F693_Aspergillus	B6224_Streptococcus	0.6861	0.0255	TRUE
F4261_Postia	B6224_Streptococcus	0.6439	0.0255	TRUE
B2_Methylobacterium	B6_Sphingomonas	0.9841	0.0495	TRUE
B54_uncultured	B6_Sphingomonas	0.9332	0.0495	TRUE
B13_Aureimonas	B6_Sphingomonas	0.8324	0.0396	TRUE
F32_Tilletia	B6_Sphingomonas	-0.8269	0.0495	FALSE
F29_f_Didymellaceae	B6_Sphingomonas	-0.8461	0.0495	FALSE
F55_f_Nectriaceae	B6_Sphingomonas	-0.7997	0.0495	FALSE
B1008_Spirosoma	B37_Allorhizobium.Neorhizobium.Pararhizobium.Rhizobium	0.5909	0.0356	TRUE
B14_Burkholderia-Caballeronia-Paraburkholderia	B37_Allorhizobium.Neorhizobium.Pararhizobium.Rhizobium	0.593	0.0356	TRUE
F4927_Geastrum	B37_Allorhizobium.Neorhizobium.Pararhizobium.Rhizobium	0.5873	0.0356	TRUE
F137_Malassezia	B37_Allorhizobium.Neorhizobium.Pararhizobium.Rhizobium	0.7013	0.0071	TRUE
F204_Hannaella	B37_Allorhizobium.Neorhizobium.Pararhizobium.Rhizobium	0.6337	0.0455	TRUE
F288_unidentified	B37_Allorhizobium.Neorhizobium.Pararhizobium.Rhizobium	0.6952	0.0156	TRUE
F44_Zopfiella	B37_Allorhizobium.Neorhizobium.Pararhizobium.Rhizobium	0.6271	0.0255	TRUE
B11_Xanthomonas	B23_f_Burkholderiaceae	0.7346	0.0396	TRUE
B9_Methylobacterium	B23_f_Burkholderiaceae	-0.8991	0.0099	FALSE
B222_Kineococcus	B23_f_Burkholderiaceae	0.7308	0.0495	TRUE
B24_Bradyrhizobium	B23_f_Burkholderiaceae	-0.6715	0.0493	FALSE
B15_Sphingomonas	B23_f_Burkholderiaceae	0.9111	0.0396	TRUE
B4_Pantoea	B23_f_Burkholderiaceae	0.827	0.0198	TRUE
B10_Allorhizobium-Neorhizobium-Pararhizobium-Rhizobium	B735_uncultured.bacterium	0.6354	0.017	TRUE
B8_f_Rhizobiaceae	B735_uncultured.bacterium	-0.851	0.0098	FALSE
B437_Escherichia-Shigella	B735_uncultured.bacterium	0.7793	0.0156	TRUE
B24_Bradyrhizobium	B735_uncultured.bacterium	0.7487	0.0018	TRUE
B119_Acidibacter	B735_uncultured.bacterium	0.7022	0.0074	TRUE
B11845_Neisseria	B735_uncultured.bacterium	0.6276	0.0356	TRUE
B11473_Selenomonas 3	B735_uncultured.bacterium	0.6529	0.0156	TRUE
B4653_Geobacillus	B735_uncultured.bacterium	0.7742	0.0018	TRUE
F923_o_NA	B735_uncultured.bacterium	0.7642	0.0071	TRUE
F583_Trichomerium	B735_uncultured.bacterium	0.8143	0.0018	TRUE
F693_Aspergillus	B735_uncultured.bacterium	0.7907	0.0071	TRUE
F4261_Postia	B735_uncultured.bacterium	0.7934	0.0071	TRUE
B17_Methylobacterium	B5_Pseudomonas	-0.7576	0.0495	FALSE
B338_uncultured bacterium	B743_Escherichia.Shigella	0.6605	0.0488	TRUE
B10126_Garicola	B743_Escherichia.Shigella	0.7198	0.0156	TRUE
B7_Curtobacterium	B743_Escherichia.Shigella	-0.8111	0.0494	FALSE
B1804_Corynebacterium	B743_Escherichia.Shigella	0.7747	0.0018	TRUE
F102_f_Didymellaceae	B743_Escherichia.Shigella	0.796	0.0018	TRUE
F3_Moesziomyces	B743_Escherichia.Shigella	-0.8544	0.0494	FALSE
F199_Aureobasidium	B743_Escherichia.Shigella	0.7068	0.0269	TRUE
F32_Tilletia	B260_Pseudomonas	0.7258	0.0291	TRUE
F29_f_Didymellaceae	B260_Pseudomonas	0.7335	0.0489	TRUE
F36_Moesziomyces	B260_Pseudomonas	0.7428	0.0291	TRUE
B8_f_Rhizobiaceae	B10_Allorhizobium.Neorhizobium.Pararhizobium.Rhizobium	-0.7815	0.0495	FALSE
B437_Escherichia-Shigella	B10_Allorhizobium.Neorhizobium.Pararhizobium.Rhizobium	0.6216	0.0467	TRUE
B269_Pseudomonas	B10_Allorhizobium.Neorhizobium.Pararhizobium.Rhizobium	0.8447	0.0192	TRUE
B24_Bradyrhizobium	B10_Allorhizobium.Neorhizobium.Pararhizobium.Rhizobium	0.6633	0.0368	TRUE
B4653_Geobacillus	B10_Allorhizobium.Neorhizobium.Pararhizobium.Rhizobium	0.6558	0.0368	TRUE
F4261_Postia	B10_Allorhizobium.Neorhizobium.Pararhizobium.Rhizobium	0.6522	0.0467	TRUE
B76_Methylobacterium	B11_Xanthomonas	0.8432	0.0297	TRUE
B222_Kineococcus	B11_Xanthomonas	0.836	0.0495	TRUE
B21_Methylobacterium	B11_Xanthomonas	0.7509	0.0297	TRUE
B29_Methylobacterium	B11_Xanthomonas	0.9054	0.0198	TRUE
B33_Kineococcus	B11_Xanthomonas	0.9109	0.0297	TRUE
B98_Sphingomonas	B11_Xanthomonas	0.8494	0.0198	TRUE
B3_Sphingomonas	B11_Xanthomonas	-0.8572	0.0297	FALSE
B4_Pantoea	B11_Xanthomonas	0.7817	0.0396	TRUE
F114_unidentified	B11_Xanthomonas	0.8379	0.0198	TRUE
F2_Nigrospora	B11_Xanthomonas	-0.8964	0.0396	FALSE
F4_o_Pleosporales	B11_Xanthomonas	-0.7551	0.0495	FALSE
B3135_Legionella	B12132_Megamonas	0.618	0.0156	TRUE
B453_Allorhizobium-Neorhizobium-Pararhizobium-Rhizobium	B12132_Megamonas	0.6737	0.0356	TRUE
B209_Escherichia-Shigella	B12132_Megamonas	0.5599	0.0368	TRUE
F69_o_Pleosporales	B12132_Megamonas	0.6782	0.0255	TRUE
F1004_unidentified	B12132_Megamonas	0.6472	0.0071	TRUE
B3135_Legionella	B1388_Lawsonella	0.6409	0.0455	TRUE
B1610_Clostridium sensu stricto 10	B1388_Lawsonella	0.7405	0.0071	TRUE
B453_Allorhizobium-Neorhizobium-Pararhizobium-Rhizobium	B1388_Lawsonella	0.75	0.0156	TRUE
B209_Escherichia-Shigella	B1388_Lawsonella	0.6266	0.0368	TRUE
F69_o_Pleosporales	B1388_Lawsonella	0.7246	0.0018	TRUE
F1004_unidentified	B1388_Lawsonella	0.6917	0.0071	TRUE
F11_Sarocladium	B1388_Lawsonella	0.6276	0.0356	TRUE
B187_Clostridium sensu stricto 8	B2_Methylobacterium	-0.7383	0.0396	FALSE
B76_Methylobacterium	B2_Methylobacterium	-0.7936	0.0297	FALSE
B54_uncultured	B2_Methylobacterium	0.9546	0.0198	TRUE
B448_Lactococcus	B2_Methylobacterium	-0.7286	0.0396	FALSE
B3_Sphingomonas	B2_Methylobacterium	0.9361	0.0396	TRUE
F8_unidentified	B2_Methylobacterium	0.9265	0.0396	TRUE
F36_Moesziomyces	B2_Methylobacterium	-0.8375	0.0198	FALSE
B1610_Clostridium sensu stricto 10	B3135_Legionella	0.6665	0.0255	TRUE
B453_Allorhizobium-Neorhizobium-Pararhizobium-Rhizobium	B3135_Legionella	0.713	0.0455	TRUE
F69_o_Pleosporales	B3135_Legionella	0.7207	0.0455	TRUE
F1004_unidentified	B3135_Legionella	0.7278	0.0071	TRUE
F11_Sarocladium	B3135_Legionella	0.7165	0.0018	TRUE
F4_o_Pleosporales	B430_Pseudonocardia	-0.698	0.0495	FALSE
F81_Cladosporium	B430_Pseudonocardia	0.8697	0.0094	TRUE
B54_uncultured	B9_Methylobacterium	0.8317	0.0198	TRUE
B21_Methylobacterium	B9_Methylobacterium	-0.7713	0.0297	FALSE
B24_Bradyrhizobium	B9_Methylobacterium	0.6387	0.0494	TRUE
B29_Methylobacterium	B9_Methylobacterium	-0.7833	0.0396	FALSE
B11845_Neisseria	B9_Methylobacterium	0.6001	0.0395	TRUE
F69_o_Pleosporales	B9_Methylobacterium	0.6805	0.0395	TRUE
F8_unidentified	B9_Methylobacterium	0.8464	0.0396	TRUE
F583_Trichomerium	B9_Methylobacterium	0.6286	0.0494	TRUE
B448_Lactococcus	B187_Clostridium.sensu.stricto.8	0.7056	0.0489	TRUE
F32_Tilletia	B187_Clostridium.sensu.stricto.8	0.7337	0.0489	TRUE
F29_f_Didymellaceae	B187_Clostridium.sensu.stricto.8	0.8147	0.039	TRUE
F36_Moesziomyces	B187_Clostridium.sensu.stricto.8	0.7977	0.0192	TRUE
F55_f_Nectriaceae	B187_Clostridium.sensu.stricto.8	0.7807	0.0489	TRUE
B222_Kineococcus	B76_Methylobacterium	0.8473	0.0396	TRUE
B21_Methylobacterium	B76_Methylobacterium	0.7888	0.0297	TRUE
B135_Sphingomonas	B76_Methylobacterium	0.8962	0.0297	TRUE
B29_Methylobacterium	B76_Methylobacterium	0.8691	0.0297	TRUE
B33_Kineococcus	B76_Methylobacterium	0.8899	0.0396	TRUE
B98_Sphingomonas	B76_Methylobacterium	0.7792	0.0297	TRUE
B3_Sphingomonas	B76_Methylobacterium	-0.8433	0.0396	FALSE
B432_Kineococcus	B76_Methylobacterium	0.709	0.0297	TRUE
F8_unidentified	B76_Methylobacterium	-0.7144	0.0495	FALSE
F114_unidentified	B76_Methylobacterium	0.8198	0.0297	TRUE
F2_Nigrospora	B76_Methylobacterium	-0.9021	0.0297	FALSE
B467_Lactococcus	B4762_f_Corynebacteriaceae	0.5298	0.0356	TRUE
F621_Nigrospora	B4762_f_Corynebacteriaceae	0.5374	0.0156	TRUE
F27_Curvularia	B4762_f_Corynebacteriaceae	0.5844	0.0071	TRUE
F178_Schizopora	B4762_f_Corynebacteriaceae	0.6105	0.0455	TRUE
B10126_Garicola	B8573_Geodermatophilus	0.6333	0.0356	TRUE
B1804_Corynebacterium	B8573_Geodermatophilus	0.7083	0.0156	TRUE
F102_f_Didymellaceae	B8573_Geodermatophilus	0.7302	0.0156	TRUE
B437_Escherichia-Shigella	B8_f_Rhizobiaceae	-0.8555	0.0395	FALSE
B24_Bradyrhizobium	B8_f_Rhizobiaceae	-0.8332	0.0296	FALSE
B119_Acidibacter	B8_f_Rhizobiaceae	-0.7882	0.0099	FALSE
B4653_Geobacillus	B8_f_Rhizobiaceae	-0.8319	0.0197	FALSE
F923_o_NA	B8_f_Rhizobiaceae	-0.7773	0.0197	FALSE
F583_Trichomerium	B8_f_Rhizobiaceae	-0.8062	0.0197	FALSE
F693_Aspergillus	B8_f_Rhizobiaceae	-0.8302	0.0296	FALSE
F4261_Postia	B8_f_Rhizobiaceae	-0.8328	0.0494	FALSE
B467_Lactococcus	B332_Actinomycetospora	0.534	0.0455	TRUE
F61_o_Pleosporales	B332_Actinomycetospora	0.6334	0.0071	TRUE
F621_Nigrospora	B332_Actinomycetospora	0.5223	0.0455	TRUE
F322_Penicillium	B332_Actinomycetospora	0.6415	0.0156	TRUE
F310_unidentified	B332_Actinomycetospora	0.6696	0.0156	TRUE
B21_Methylobacterium	B222_Kineococcus	0.8102	0.0495	TRUE
B135_Sphingomonas	B222_Kineococcus	0.841	0.0198	TRUE
B29_Methylobacterium	B222_Kineococcus	0.8888	0.0099	TRUE
B33_Kineococcus	B222_Kineococcus	0.8697	0.0396	TRUE
B98_Sphingomonas	B222_Kineococcus	0.7504	0.0396	TRUE
B432_Kineococcus	B222_Kineococcus	0.7289	0.0495	TRUE
F114_unidentified	B222_Kineococcus	0.8323	0.0297	TRUE
F2_Nigrospora	B222_Kineococcus	-0.8594	0.0396	FALSE
B24_Bradyrhizobium	B437_Escherichia.Shigella	0.7655	0.0156	TRUE
B119_Acidibacter	B437_Escherichia.Shigella	0.7063	0.0269	TRUE
B11845_Neisseria	B437_Escherichia.Shigella	0.6583	0.0156	TRUE
B11473_Selenomonas 3	B437_Escherichia.Shigella	0.6498	0.0455	TRUE
B4653_Geobacillus	B437_Escherichia.Shigella	0.7847	0.0071	TRUE
F923_o_NA	B437_Escherichia.Shigella	0.7175	0.0255	TRUE
F583_Trichomerium	B437_Escherichia.Shigella	0.8079	0.0255	TRUE
F693_Aspergillus	B437_Escherichia.Shigella	0.7296	0.0156	TRUE
F4261_Postia	B437_Escherichia.Shigella	0.7986	0.0156	TRUE
B21_Methylobacterium	B54_uncultured	-0.7454	0.0495	FALSE
B135_Sphingomonas	B54_uncultured	-0.7739	0.0396	FALSE
B13_Aureimonas	B54_uncultured	0.7951	0.0495	TRUE
B1017_Clostridium sensu stricto 3	B54_uncultured	0.765	0.0297	TRUE
B3_Sphingomonas	B54_uncultured	0.9193	0.0099	TRUE
F8_unidentified	B54_uncultured	0.9319	0.0297	TRUE
F2_Nigrospora	B54_uncultured	0.9012	0.0198	TRUE
F29_f_Didymellaceae	B54_uncultured	-0.7801	0.0297	FALSE
F36_Moesziomyces	B54_uncultured	-0.8014	0.0396	FALSE
B343_Microbacterium	B20_Pseudomonas	0.6895	0.0156	TRUE
B1165_Sphingomonas	B20_Pseudomonas	0.5774	0.0356	TRUE
B467_Lactococcus	B20_Pseudomonas	0.6512	0.0255	TRUE
F61_o_Pleosporales	B20_Pseudomonas	0.7276	0.0255	TRUE
F349_Biappendiculispora	B20_Pseudomonas	0.6947	0.0071	TRUE
F322_Penicillium	B20_Pseudomonas	0.6178	0.0455	TRUE
F747_unidentified	B20_Pseudomonas	0.6786	0.0356	TRUE
F178_Schizopora	B20_Pseudomonas	0.699	0.0356	TRUE
B453_Allorhizobium-Neorhizobium-Pararhizobium-Rhizobium	B1610_Clostridium.sensu.stricto.10	0.6872	0.0156	TRUE
F69_o_Pleosporales	B1610_Clostridium.sensu.stricto.10	0.6824	0.0255	TRUE
F11_Sarocladium	B1610_Clostridium.sensu.stricto.10	0.7252	0.0156	TRUE
B119_Acidibacter	B269_Pseudomonas	0.6673	0.0192	TRUE
B14_Burkholderia-Caballeronia-Paraburkholderia	B48_Luteibacter	0.5399	0.0356	TRUE
F4939_o_NA	B48_Luteibacter	0.62	0.0356	TRUE
B29_Methylobacterium	B21_Methylobacterium	0.8257	0.0396	TRUE
B3_Sphingomonas	B21_Methylobacterium	-0.7757	0.0495	FALSE
B4_Pantoea	B21_Methylobacterium	0.7605	0.0099	TRUE
F8_unidentified	B21_Methylobacterium	-0.6801	0.0297	FALSE
B467_Lactococcus	B343_Microbacterium	0.539	0.0255	TRUE
F61_o_Pleosporales	B343_Microbacterium	0.626	0.0356	TRUE
F133_Cyphellophora	B343_Microbacterium	0.5903	0.0455	TRUE
F349_Biappendiculispora	B343_Microbacterium	0.604	0.0356	TRUE
F178_Schizopora	B343_Microbacterium	0.6444	0.0156	TRUE
B29_Methylobacterium	B135_Sphingomonas	0.9146	0.0198	TRUE
B33_Kineococcus	B135_Sphingomonas	0.8992	0.0198	TRUE
B98_Sphingomonas	B135_Sphingomonas	0.8557	0.0198	TRUE
B3_Sphingomonas	B135_Sphingomonas	-0.9011	0.0495	FALSE
B432_Kineococcus	B135_Sphingomonas	0.7122	0.0495	TRUE
F114_unidentified	B135_Sphingomonas	0.8653	0.0297	TRUE
F2_Nigrospora	B135_Sphingomonas	-0.9329	0.0495	FALSE
F4_o_Pleosporales	B135_Sphingomonas	-0.7699	0.0495	FALSE
B448_Lactococcus	B329_Paenibacillus	0.6265	0.0489	TRUE
F32_Tilletia	B329_Paenibacillus	0.6767	0.039	TRUE
F29_f_Didymellaceae	B329_Paenibacillus	0.6747	0.0489	TRUE
F36_Moesziomyces	B329_Paenibacillus	0.7334	0.0291	TRUE
F55_f_Nectriaceae	B329_Paenibacillus	0.7384	0.0489	TRUE
B119_Acidibacter	B24_Bradyrhizobium	0.6701	0.0269	TRUE
B11845_Neisseria	B24_Bradyrhizobium	0.6359	0.0255	TRUE
B11473_Selenomonas 3	B24_Bradyrhizobium	0.6558	0.0255	TRUE
B4653_Geobacillus	B24_Bradyrhizobium	0.7228	0.0356	TRUE
F923_o_NA	B24_Bradyrhizobium	0.7391	0.0071	TRUE
F583_Trichomerium	B24_Bradyrhizobium	0.7621	0.0018	TRUE
F693_Aspergillus	B24_Bradyrhizobium	0.8266	0.0071	TRUE
F4261_Postia	B24_Bradyrhizobium	0.7393	0.0255	TRUE
F44_Zopfiella	B3604_Staphylococcus	0.6266	0.0356	TRUE
B33_Kineococcus	B29_Methylobacterium	0.9259	0.0396	TRUE
B98_Sphingomonas	B29_Methylobacterium	0.8306	0.0297	TRUE
B1017_Clostridium sensu stricto 3	B29_Methylobacterium	-0.6819	0.0494	FALSE
B4_Pantoea	B29_Methylobacterium	0.8197	0.0297	TRUE
F114_unidentified	B29_Methylobacterium	0.8641	0.0198	TRUE
F2_Nigrospora	B29_Methylobacterium	-0.939	0.0396	FALSE
F4_o_Pleosporales	B29_Methylobacterium	-0.7733	0.0297	FALSE
B98_Sphingomonas	B33_Kineococcus	0.8188	0.0198	TRUE
B3_Sphingomonas	B33_Kineococcus	-0.8907	0.0396	FALSE
B4_Pantoea	B33_Kineococcus	0.8641	0.0495	TRUE
F114_unidentified	B33_Kineococcus	0.8553	0.0495	TRUE
F2_Nigrospora	B33_Kineococcus	-0.9396	0.0198	FALSE
F1486_Rosellinia	B10845_Acinetobacter	0.5328	0.0455	TRUE
F639_Aspergillus	B10845_Acinetobacter	0.4973	0.0455	TRUE
B19_Xanthomonas	B17_Methylobacterium	0.9234	0.0396	TRUE
B4653_Geobacillus	B119_Acidibacter	0.6975	0.017	TRUE
F583_Trichomerium	B119_Acidibacter	0.7297	0.017	TRUE
F693_Aspergillus	B119_Acidibacter	0.7419	0.017	TRUE
F4261_Postia	B119_Acidibacter	0.6811	0.0269	TRUE
B27_Mucilaginibacter	B338_uncultured.bacterium	0.7636	0.0099	TRUE
B4653_Geobacillus	B11845_Neisseria	0.5981	0.0255	TRUE
F923_o_NA	B11845_Neisseria	0.6638	0.0156	TRUE
F693_Aspergillus	B11845_Neisseria	0.6477	0.0356	TRUE
F4261_Postia	B11845_Neisseria	0.6347	0.0455	TRUE
B4653_Geobacillus	B11473_Selenomonas.3	0.6322	0.0156	TRUE
F923_o_NA	B11473_Selenomonas.3	0.6816	0.0071	TRUE
F583_Trichomerium	B11473_Selenomonas.3	0.6806	0.0255	TRUE
F693_Aspergillus	B11473_Selenomonas.3	0.6996	0.0455	TRUE
F4261_Postia	B11473_Selenomonas.3	0.6773	0.0255	TRUE
B432_Kineococcus	B98_Sphingomonas	0.7701	0.0297	TRUE
B4_Pantoea	B98_Sphingomonas	0.8114	0.0198	TRUE
F114_unidentified	B98_Sphingomonas	0.8177	0.0198	TRUE
F2_Nigrospora	B98_Sphingomonas	-0.8338	0.0396	FALSE
F1004_unidentified	B453_Allorhizobium.Neorhizobium.Pararhizobium.Rhizobium	0.8157	0.0018	TRUE
F11_Sarocladium	B453_Allorhizobium.Neorhizobium.Pararhizobium.Rhizobium	0.7643	0.0071	TRUE
F16_Pyricularia	B15_Sphingomonas	-0.8052	0.0495	FALSE
F178_Schizopora	B1776_Cloacibacterium	0.4977	0.0455	TRUE
F32_Tilletia	B448_Lactococcus	0.7666	0.039	TRUE
F29_f_Didymellaceae	B448_Lactococcus	0.7365	0.0291	TRUE
F36_Moesziomyces	B448_Lactococcus	0.8177	0.0094	TRUE
F55_f_Nectriaceae	B448_Lactococcus	0.768	0.0192	TRUE
F288_unidentified	B1008_Spirosoma	0.6151	0.0156	TRUE
F1315_Aspergillus	B1008_Spirosoma	0.5526	0.0356	TRUE
F44_Zopfiella	B1008_Spirosoma	0.5885	0.0455	TRUE
F725_Cabalodontia	B1008_Spirosoma	0.628	0.0156	TRUE
B10126_Garicola	B13_Aureimonas	0.7515	0.0395	TRUE
B1804_Corynebacterium	B13_Aureimonas	0.7388	0.0494	TRUE
F102_f_Didymellaceae	B13_Aureimonas	0.7554	0.0395	TRUE
F55_f_Nectriaceae	B13_Aureimonas	-0.7081	0.0495	FALSE
F2_Nigrospora	B1017_Clostridium.sensu.stricto.3	0.7547	0.0495	TRUE
F3_Moesziomyces	B1017_Clostridium.sensu.stricto.3	-0.6159	0.0495	FALSE
B7_Curtobacterium	B1_Pantoea	0.7939	0.0495	TRUE
B12_Novosphingobium	B1_Pantoea	0.8412	0.0495	TRUE
B467_Lactococcus	B1165_Sphingomonas	0.6024	0.0071	TRUE
F61_o_Pleosporales	B1165_Sphingomonas	0.6678	0.0156	TRUE
F449_unidentified	B1165_Sphingomonas	0.5881	0.0455	TRUE
F349_Biappendiculispora	B1165_Sphingomonas	0.6024	0.0356	TRUE
F322_Penicillium	B1165_Sphingomonas	0.6604	0.0255	TRUE
F310_unidentified	B1165_Sphingomonas	0.6155	0.0455	TRUE
B4_Pantoea	B4653_Geobacillus	-0.6428	0.0488	FALSE
F923_o_NA	B4653_Geobacillus	0.7675	0.0018	TRUE
F583_Trichomerium	B4653_Geobacillus	0.7431	0.0071	TRUE
F693_Aspergillus	B4653_Geobacillus	0.7502	0.0156	TRUE
F4261_Postia	B4653_Geobacillus	0.7507	0.0156	TRUE
F1004_unidentified	B209_Escherichia.Shigella	0.6994	0.0269	TRUE
F11_Sarocladium	B209_Escherichia.Shigella	0.6604	0.0467	TRUE
F61_o_Pleosporales	B467_Lactococcus	0.6493	0.0156	TRUE
F133_Cyphellophora	B467_Lactococcus	0.5155	0.0356	TRUE
F621_Nigrospora	B467_Lactococcus	0.5941	0.0356	TRUE
F322_Penicillium	B467_Lactococcus	0.618	0.0255	TRUE
F747_unidentified	B467_Lactococcus	0.6222	0.0356	TRUE
F310_unidentified	B467_Lactococcus	0.5733	0.0455	TRUE
F178_Schizopora	B467_Lactococcus	0.6243	0.0071	TRUE
F4939_o_NA	B14_Burkholderia.Caballeronia.Paraburkholderia	0.6588	0.0455	TRUE
F700_Trechispora	B14_Burkholderia.Caballeronia.Paraburkholderia	0.6643	0.0071	TRUE
F137_Malassezia	B14_Burkholderia.Caballeronia.Paraburkholderia	0.625	0.0255	TRUE
F204_Hannaella	B14_Burkholderia.Caballeronia.Paraburkholderia	0.7388	0.0071	TRUE
F288_unidentified	B14_Burkholderia.Caballeronia.Paraburkholderia	0.7111	0.0156	TRUE
F280_o_Polyporales	B14_Burkholderia.Caballeronia.Paraburkholderia	0.6971	0.0071	TRUE
F277_Peniophora	B14_Burkholderia.Caballeronia.Paraburkholderia	0.6383	0.0255	TRUE
F260_Schizopora	B14_Burkholderia.Caballeronia.Paraburkholderia	0.7306	0.0255	TRUE
F44_Zopfiella	B14_Burkholderia.Caballeronia.Paraburkholderia	0.6905	0.0018	TRUE
F725_Cabalodontia	B14_Burkholderia.Caballeronia.Paraburkholderia	0.7167	0.0356	TRUE
B1804_Corynebacterium	B10126_Garicola	0.6978	0.0071	TRUE
F102_f_Didymellaceae	B10126_Garicola	0.7314	0.0018	TRUE
F3_Moesziomyces	B10126_Garicola	-0.7543	0.0494	FALSE
F199_Aureobasidium	B10126_Garicola	0.6595	0.0368	TRUE
F102_f_Didymellaceae	B7_Curtobacterium	-0.8143	0.0395	FALSE
F28_f_Hypocreales_fam_Incertae_sedis	B7_Curtobacterium	-0.8479	0.0495	FALSE
F199_Aureobasidium	B7_Curtobacterium	-0.8204	0.0495	FALSE
B1804_Corynebacterium	B3_Sphingomonas	0.6877	0.0296	TRUE
F8_unidentified	B3_Sphingomonas	0.8738	0.0198	TRUE
F114_unidentified	B3_Sphingomonas	-0.7736	0.0495	FALSE
F2_Nigrospora	B3_Sphingomonas	0.9618	0.0297	TRUE
F29_f_Didymellaceae	B326_Bacillus	0.7178	0.039	TRUE
F36_Moesziomyces	B326_Bacillus	0.7047	0.0192	TRUE
F114_unidentified	B432_Kineococcus	0.8159	0.0198	TRUE
F6_Cladosporium	B432_Kineococcus	-0.8142	0.0099	FALSE
F102_f_Didymellaceae	B1804_Corynebacterium	0.7361	0.0071	TRUE
F3_Moesziomyces	B1804_Corynebacterium	-0.8336	0.0197	FALSE
F28_f_Hypocreales_fam_Incertae_sedis	B1804_Corynebacterium	0.5204	0.0488	TRUE
F199_Aureobasidium	B1804_Corynebacterium	0.6605	0.017	TRUE
F114_unidentified	B4_Pantoea	0.8137	0.0297	TRUE
F2_Nigrospora	B4_Pantoea	-0.865	0.0396	FALSE
F277_Peniophora	B27_Mucilaginibacter	-0.637	0.0092	FALSE
F199_Aureobasidium	B27_Mucilaginibacter	0.7189	0.0395	TRUE
F133_Cyphellophora	F61_o_Pleosporales	0.6039	0.0356	TRUE
F621_Nigrospora	F61_o_Pleosporales	0.6592	0.0356	TRUE
F349_Biappendiculispora	F61_o_Pleosporales	0.748	0.0018	TRUE
F322_Penicillium	F61_o_Pleosporales	0.6462	0.0455	TRUE
F27_Curvularia	F61_o_Pleosporales	0.6237	0.0255	TRUE
F747_unidentified	F61_o_Pleosporales	0.7492	0.0156	TRUE
F178_Schizopora	F61_o_Pleosporales	0.7758	0.0255	TRUE
F1004_unidentified	F69_o_Pleosporales	0.7814	0.0255	TRUE
F11_Sarocladium	F69_o_Pleosporales	0.7184	0.0255	TRUE
F137_Malassezia	F4927_Geastrum	0.6198	0.0255	TRUE
F288_unidentified	F4927_Geastrum	0.7018	0.0255	TRUE
F280_o_Polyporales	F4927_Geastrum	0.6351	0.0455	TRUE
F1315_Aspergillus	F4927_Geastrum	0.6984	0.0071	TRUE
F260_Schizopora	F4927_Geastrum	0.668	0.0455	TRUE
F44_Zopfiella	F4927_Geastrum	0.6281	0.0156	TRUE
F277_Peniophora	F4939_o_NA	0.5987	0.0455	TRUE
F725_Cabalodontia	F4939_o_NA	0.6477	0.0255	TRUE
F48_unidentified	F4065_unidentified	0.8259	0.0156	TRUE
F3969_unidentified	F4065_unidentified	0.8556	0.0018	TRUE
F1486_Rosellinia	F4065_unidentified	0.814	0.0071	TRUE
F6_Cladosporium	F4065_unidentified	-0.7837	0.0296	FALSE
F81_Cladosporium	F4065_unidentified	0.6427	0.0368	TRUE
F639_Aspergillus	F4065_unidentified	0.8026	0.0018	TRUE
F583_Trichomerium	F923_o_NA	0.745	0.0018	TRUE
F693_Aspergillus	F923_o_NA	0.6891	0.0156	TRUE
F4261_Postia	F923_o_NA	0.7181	0.0156	TRUE
F137_Malassezia	F700_Trechispora	0.6741	0.0356	TRUE
F204_Hannaella	F700_Trechispora	0.7051	0.0071	TRUE
F280_o_Polyporales	F700_Trechispora	0.6563	0.0071	TRUE
F277_Peniophora	F700_Trechispora	0.6769	0.0071	TRUE
F260_Schizopora	F700_Trechispora	0.7146	0.0356	TRUE
F44_Zopfiella	F700_Trechispora	0.6573	0.0356	TRUE
F725_Cabalodontia	F700_Trechispora	0.6294	0.0455	TRUE
F11_Sarocladium	F1004_unidentified	0.7739	0.0071	TRUE
F2_Nigrospora	F8_unidentified	0.8651	0.0396	TRUE
F12_o_Pleosporales	F8_unidentified	0.8874	0.0198	TRUE
F36_Moesziomyces	F8_unidentified	-0.828	0.0198	FALSE
F55_f_Nectriaceae	F8_unidentified	-0.7551	0.0396	FALSE
F322_Penicillium	F133_Cyphellophora	0.6698	0.0356	TRUE
F4_o_Pleosporales	F114_unidentified	-0.8525	0.0297	FALSE
F81_Cladosporium	F114_unidentified	0.8165	0.0494	TRUE
F3969_unidentified	F48_unidentified	0.815	0.0071	TRUE
F1486_Rosellinia	F48_unidentified	0.7869	0.0018	TRUE
F639_Aspergillus	F48_unidentified	0.8175	0.0071	TRUE
F621_Nigrospora	F716_unidentified	0.6113	0.0356	TRUE
F349_Biappendiculispora	F716_unidentified	0.5887	0.0455	TRUE
F322_Penicillium	F716_unidentified	0.5724	0.0356	TRUE
F747_unidentified	F716_unidentified	0.6099	0.0455	TRUE
F178_Schizopora	F716_unidentified	0.5771	0.0255	TRUE
F3_Moesziomyces	F102_f_Didymellaceae	-0.8669	0.0395	FALSE
F199_Aureobasidium	F102_f_Didymellaceae	0.7	0.0368	TRUE
F1486_Rosellinia	F3969_unidentified	0.7848	0.0356	TRUE
F6_Cladosporium	F3969_unidentified	-0.831	0.0494	FALSE
F639_Aspergillus	F3969_unidentified	0.7897	0.0156	TRUE
F204_Hannaella	F137_Malassezia	0.6351	0.0255	TRUE
F288_unidentified	F137_Malassezia	0.6844	0.0156	TRUE
F277_Peniophora	F137_Malassezia	0.7007	0.0255	TRUE
F44_Zopfiella	F137_Malassezia	0.6861	0.0255	TRUE
F725_Cabalodontia	F137_Malassezia	0.6261	0.0356	TRUE
F693_Aspergillus	F583_Trichomerium	0.785	0.0018	TRUE
F4261_Postia	F583_Trichomerium	0.7731	0.0071	TRUE
F349_Biappendiculispora	F621_Nigrospora	0.6349	0.0455	TRUE
F747_unidentified	F621_Nigrospora	0.6886	0.0156	TRUE
F178_Schizopora	F621_Nigrospora	0.7253	0.0255	TRUE
F280_o_Polyporales	F204_Hannaella	0.6655	0.0255	TRUE
F277_Peniophora	F204_Hannaella	0.7388	0.0156	TRUE
F1315_Aspergillus	F204_Hannaella	0.6971	0.0255	TRUE
F260_Schizopora	F204_Hannaella	0.7345	0.0071	TRUE
F44_Zopfiella	F204_Hannaella	0.7342	0.0156	TRUE
F725_Cabalodontia	F204_Hannaella	0.7659	0.0071	TRUE
F12_o_Pleosporales	F288_unidentified	-0.7651	0.0395	FALSE
F280_o_Polyporales	F288_unidentified	0.7067	0.0156	TRUE
F277_Peniophora	F288_unidentified	0.693	0.0255	TRUE
F260_Schizopora	F288_unidentified	0.6979	0.0156	TRUE
F44_Zopfiella	F288_unidentified	0.7315	0.0156	TRUE
F725_Cabalodontia	F288_unidentified	0.722	0.0255	TRUE
F27_Curvularia	F349_Biappendiculispora	0.6318	0.0356	TRUE
F747_unidentified	F349_Biappendiculispora	0.6725	0.0255	TRUE
F178_Schizopora	F349_Biappendiculispora	0.7739	0.0018	TRUE
F27_Curvularia	F322_Penicillium	0.6127	0.0071	TRUE
F747_unidentified	F322_Penicillium	0.6093	0.0156	TRUE
F310_unidentified	F322_Penicillium	0.6125	0.0255	TRUE
F178_Schizopora	F322_Penicillium	0.7013	0.0455	TRUE
F199_Aureobasidium	F3_Moesziomyces	-0.7738	0.0297	FALSE
F280_o_Polyporales	F12_o_Pleosporales	-0.7213	0.0296	FALSE
F277_Peniophora	F12_o_Pleosporales	-0.752	0.0296	FALSE
F55_f_Nectriaceae	F12_o_Pleosporales	-0.7366	0.0297	FALSE
F725_Cabalodontia	F12_o_Pleosporales	-0.7319	0.0098	FALSE
F178_Schizopora	F27_Curvularia	0.6492	0.0071	TRUE
F260_Schizopora	F280_o_Polyporales	0.7395	0.0018	TRUE
F44_Zopfiella	F280_o_Polyporales	0.6413	0.0356	TRUE
F260_Schizopora	F277_Peniophora	0.6606	0.0255	TRUE
F44_Zopfiella	F277_Peniophora	0.6336	0.0356	TRUE
F725_Cabalodontia	F277_Peniophora	0.6244	0.0156	TRUE
F29_f_Didymellaceae	F32_Tilletia	0.8665	0.0291	TRUE
F36_Moesziomyces	F32_Tilletia	0.8363	0.0291	TRUE
F55_f_Nectriaceae	F32_Tilletia	0.8276	0.0094	TRUE
F4261_Postia	F693_Aspergillus	0.7826	0.0018	TRUE
F260_Schizopora	F1315_Aspergillus	0.7096	0.0156	TRUE
F44_Zopfiella	F1315_Aspergillus	0.682	0.0156	TRUE
F725_Cabalodontia	F1315_Aspergillus	0.6437	0.0156	TRUE
F178_Schizopora	F747_unidentified	0.6618	0.0156	TRUE
F6_Cladosporium	F1486_Rosellinia	-0.7561	0.0395	FALSE
F639_Aspergillus	F1486_Rosellinia	0.7864	0.0071	TRUE
F36_Moesziomyces	F29_f_Didymellaceae	0.8748	0.0094	TRUE
F55_f_Nectriaceae	F29_f_Didymellaceae	0.8288	0.0192	TRUE
F55_f_Nectriaceae	F36_Moesziomyces	0.8311	0.0192	TRUE
F639_Aspergillus	F6_Cladosporium	-0.7293	0.0296	FALSE
F44_Zopfiella	F260_Schizopora	0.7377	0.0156	TRUE
F725_Cabalodontia	F260_Schizopora	0.6554	0.0356	TRUE
F725_Cabalodontia	F44_Zopfiella	0.6928	0.0255	TRUE
