Source	Target	Cor	pseudo_p	positive
B153_Ralstonia	B276_Leifsonia	0.6498	0.0137	TRUE
F5405_Nigrospora	B276_Leifsonia	0.4352	0.005	TRUE
F667_Hannaella	B276_Leifsonia	0.5519	0.005	TRUE
F3_Moesziomyces	B276_Leifsonia	0.6129	0.0235	TRUE
F190_Irpex	B276_Leifsonia	0.5954	0.005	TRUE
F280_o_Polyporales	B276_Leifsonia	0.5149	0.0137	TRUE
F277_Peniophora	B276_Leifsonia	0.5758	0.0334	TRUE
F441_o_Hypocreales	B276_Leifsonia	0.6445	0.0334	TRUE
F166_Aspergillus	B276_Leifsonia	0.6665	0.005	TRUE
B26_Bradyrhizobium	B282_Acinetobacter	0.599	0.0235	TRUE
B260_Pseudomonas	B282_Acinetobacter	0.5911	0.0235	TRUE
B210_Ralstonia	B282_Acinetobacter	0.4877	0.0137	TRUE
B24_Bradyrhizobium	B282_Acinetobacter	-0.6458	0.0396	FALSE
B10589_Moraxella	B282_Acinetobacter	0.4838	0.0137	TRUE
B1_Pantoea	B282_Acinetobacter	0.5893	0.0235	TRUE
B814_Sediminibacterium	B282_Acinetobacter	0.5706	0.0137	TRUE
B9095_Bacillus	B282_Acinetobacter	0.5351	0.0334	TRUE
F1269_o_NA	B282_Acinetobacter	0.5828	0.0137	TRUE
F576_Malassezia	B282_Acinetobacter	0.5209	0.0235	TRUE
F461_unidentified	B282_Acinetobacter	0.5047	0.0334	TRUE
B7063_Burkholderia-Caballeronia-Paraburkholderia	B7433_f_Ruminococcaceae	0.4839	0.0433	TRUE
B319_anaerobic bacterium MO-CFX2	B7433_f_Ruminococcaceae	0.481	0.0137	TRUE
B303_Methylotenera	B7433_f_Ruminococcaceae	0.4261	0.0235	TRUE
B35_Methylobacterium	B7433_f_Ruminococcaceae	0.4951	0.005	TRUE
F106_unidentified	B7433_f_Ruminococcaceae	0.5349	0.0137	TRUE
F1337_unidentified	B7433_f_Ruminococcaceae	0.4912	0.0235	TRUE
F136_f_Didymosphaeriaceae	B7433_f_Ruminococcaceae	0.5212	0.0433	TRUE
F53_Pyrenochaetopsis	B7433_f_Ruminococcaceae	0.5324	0.005	TRUE
B7063_Burkholderia-Caballeronia-Paraburkholderia	B1900_Clostridium.sensu.stricto.9	0.4977	0.0334	TRUE
F106_unidentified	B1900_Clostridium.sensu.stricto.9	0.5487	0.0235	TRUE
F1337_unidentified	B1900_Clostridium.sensu.stricto.9	0.5245	0.0334	TRUE
F312_unidentified	B1900_Clostridium.sensu.stricto.9	0.4896	0.0235	TRUE
F136_f_Didymosphaeriaceae	B1900_Clostridium.sensu.stricto.9	0.535	0.0235	TRUE
F53_Pyrenochaetopsis	B1900_Clostridium.sensu.stricto.9	0.5275	0.0334	TRUE
B8291_Pseudomonas	B22_uncultured.Roseobacter.sp.	0.7004	0.0495	TRUE
F16_Pyricularia	B22_uncultured.Roseobacter.sp.	0.7661	0.0396	TRUE
B8_f_Rhizobiaceae	B684_Clostridium.sensu.stricto.1	0.6617	0.0235	TRUE
B999_Ruminiclostridium 1	B684_Clostridium.sensu.stricto.1	0.6612	0.0137	TRUE
B254_Pseudomonas	B684_Clostridium.sensu.stricto.1	0.5584	0.0289	TRUE
B9096_Aeribacillus	B684_Clostridium.sensu.stricto.1	0.622	0.0334	TRUE
F3343_o_NA	B684_Clostridium.sensu.stricto.1	0.6404	0.0235	TRUE
F723_unidentified	B684_Clostridium.sensu.stricto.1	0.5736	0.0433	TRUE
F2494_Vishniacozyma	B684_Clostridium.sensu.stricto.1	0.5366	0.005	TRUE
F114_unidentified	B684_Clostridium.sensu.stricto.1	0.5231	0.005	TRUE
F258_Nigrospora	B684_Clostridium.sensu.stricto.1	0.5963	0.0137	TRUE
F2806_Aspergillus	B684_Clostridium.sensu.stricto.1	0.6134	0.0137	TRUE
F1000_Ganoderma	B684_Clostridium.sensu.stricto.1	0.4971	0.0433	TRUE
F717_Sistotremastrum	B684_Clostridium.sensu.stricto.1	0.5311	0.0334	TRUE
F251_Alternaria	B684_Clostridium.sensu.stricto.1	0.7003	0.0137	TRUE
B10716_Azospirillum	B7063_Burkholderia.Caballeronia.Paraburkholderia	0.5896	0.0433	TRUE
B319_anaerobic bacterium MO-CFX2	B7063_Burkholderia.Caballeronia.Paraburkholderia	0.6179	0.0334	TRUE
B303_Methylotenera	B7063_Burkholderia.Caballeronia.Paraburkholderia	0.5863	0.005	TRUE
B11459_Corynebacterium 1	B7063_Burkholderia.Caballeronia.Paraburkholderia	0.5602	0.0433	TRUE
B35_Methylobacterium	B7063_Burkholderia.Caballeronia.Paraburkholderia	0.6924	0.0137	TRUE
B14729_uncultured	B7063_Burkholderia.Caballeronia.Paraburkholderia	0.4631	0.0334	TRUE
F106_unidentified	B7063_Burkholderia.Caballeronia.Paraburkholderia	0.6354	0.0235	TRUE
F1337_unidentified	B7063_Burkholderia.Caballeronia.Paraburkholderia	0.6736	0.0235	TRUE
F312_unidentified	B7063_Burkholderia.Caballeronia.Paraburkholderia	0.695	0.0137	TRUE
F2_Nigrospora	B7063_Burkholderia.Caballeronia.Paraburkholderia	0.6455	0.0297	TRUE
F136_f_Didymosphaeriaceae	B7063_Burkholderia.Caballeronia.Paraburkholderia	0.664	0.0137	TRUE
F53_Pyrenochaetopsis	B7063_Burkholderia.Caballeronia.Paraburkholderia	0.6826	0.005	TRUE
B303_Methylotenera	B10716_Azospirillum	0.5222	0.0137	TRUE
B11459_Corynebacterium 1	B10716_Azospirillum	0.534	0.0334	TRUE
B35_Methylobacterium	B10716_Azospirillum	0.5572	0.0334	TRUE
F106_unidentified	B10716_Azospirillum	0.5515	0.0235	TRUE
F1337_unidentified	B10716_Azospirillum	0.6677	0.0137	TRUE
F312_unidentified	B10716_Azospirillum	0.6042	0.005	TRUE
F136_f_Didymosphaeriaceae	B10716_Azospirillum	0.5633	0.0334	TRUE
F53_Pyrenochaetopsis	B10716_Azospirillum	0.5974	0.0235	TRUE
B303_Methylotenera	B319_anaerobic.bacterium.MO.CFX2	0.5456	0.0137	TRUE
B35_Methylobacterium	B319_anaerobic.bacterium.MO.CFX2	0.5664	0.0334	TRUE
F106_unidentified	B319_anaerobic.bacterium.MO.CFX2	0.6051	0.0433	TRUE
F1337_unidentified	B319_anaerobic.bacterium.MO.CFX2	0.6523	0.0235	TRUE
F312_unidentified	B319_anaerobic.bacterium.MO.CFX2	0.5687	0.0137	TRUE
F2_Nigrospora	B319_anaerobic.bacterium.MO.CFX2	0.4873	0.0396	TRUE
F136_f_Didymosphaeriaceae	B319_anaerobic.bacterium.MO.CFX2	0.6305	0.0137	TRUE
F53_Pyrenochaetopsis	B319_anaerobic.bacterium.MO.CFX2	0.6208	0.0334	TRUE
B8851_Phreatobacter	B12489_Acidibacter	0.5412	0.0137	TRUE
B7375_Escherichia-Shigella	B12489_Acidibacter	0.6324	0.0235	TRUE
B1610_Clostridium sensu stricto 10	B12489_Acidibacter	0.5305	0.0433	TRUE
B5761_Abiotrophia	B12489_Acidibacter	0.5853	0.005	TRUE
B8177_Lautropia	B12489_Acidibacter	0.6322	0.0235	TRUE
B489_f_Micrococcaceae	B12489_Acidibacter	0.5721	0.0235	TRUE
F3874_unidentified	B12489_Acidibacter	0.582	0.0137	TRUE
F50_Thanatephorus	B12489_Acidibacter	0.6137	0.0388	TRUE
B919_f_Burkholderiaceae	B6817_f_JG30.KF.CM45	0.6165	0.0235	TRUE
B1738_uncultured Termite group 1 bacterium	B6817_f_JG30.KF.CM45	0.5175	0.0334	TRUE
B5111_Pseudomonas	B6817_f_JG30.KF.CM45	0.674	0.0334	TRUE
F54_Pyrenochaetopsis	B6817_f_JG30.KF.CM45	0.4904	0.0334	TRUE
F226_Saitozyma	B6817_f_JG30.KF.CM45	0.6331	0.005	TRUE
F178_Schizopora	B6817_f_JG30.KF.CM45	0.591	0.0334	TRUE
F643_Symmetrospora	B6817_f_JG30.KF.CM45	0.6044	0.0433	TRUE
B9_Methylobacterium	B23_f_Burkholderiaceae	0.6807	0.0198	TRUE
B8291_Pseudomonas	B735_uncultured.bacterium	0.7429	0.005	TRUE
B54_uncultured	B735_uncultured.bacterium	-0.8137	0.0297	FALSE
B12689_Sphingomonas	B735_uncultured.bacterium	0.7169	0.005	TRUE
B209_Escherichia-Shigella	B735_uncultured.bacterium	0.5619	0.0289	TRUE
F288_unidentified	B735_uncultured.bacterium	0.7008	0.005	TRUE
F686_Malassezia	B735_uncultured.bacterium	0.647	0.005	TRUE
B7772_Variovorax	B26_Bradyrhizobium	0.6539	0.005	TRUE
B260_Pseudomonas	B26_Bradyrhizobium	0.7401	0.005	TRUE
B210_Ralstonia	B26_Bradyrhizobium	0.6545	0.005	TRUE
B5713_Dietzia	B26_Bradyrhizobium	0.6901	0.0334	TRUE
B24_Bradyrhizobium	B26_Bradyrhizobium	-0.8283	0.0198	FALSE
B7915_Neisseria	B26_Bradyrhizobium	0.4488	0.0334	TRUE
B10589_Moraxella	B26_Bradyrhizobium	0.6485	0.0137	TRUE
B1_Pantoea	B26_Bradyrhizobium	0.7545	0.0137	TRUE
B814_Sediminibacterium	B26_Bradyrhizobium	0.7048	0.005	TRUE
B9095_Bacillus	B26_Bradyrhizobium	0.7342	0.0137	TRUE
F1269_o_NA	B26_Bradyrhizobium	0.7574	0.0235	TRUE
F576_Malassezia	B26_Bradyrhizobium	0.6539	0.0137	TRUE
F461_unidentified	B26_Bradyrhizobium	0.5914	0.005	TRUE
B260_Pseudomonas	B7772_Variovorax	0.5948	0.0235	TRUE
B210_Ralstonia	B7772_Variovorax	0.4875	0.0235	TRUE
B5713_Dietzia	B7772_Variovorax	0.6097	0.0433	TRUE
B24_Bradyrhizobium	B7772_Variovorax	-0.6774	0.0198	FALSE
B7915_Neisseria	B7772_Variovorax	0.4813	0.0334	TRUE
B10589_Moraxella	B7772_Variovorax	0.5817	0.0137	TRUE
B1_Pantoea	B7772_Variovorax	0.6362	0.0137	TRUE
B814_Sediminibacterium	B7772_Variovorax	0.5558	0.0137	TRUE
B9095_Bacillus	B7772_Variovorax	0.5533	0.0137	TRUE
F1269_o_NA	B7772_Variovorax	0.5956	0.0235	TRUE
F576_Malassezia	B7772_Variovorax	0.5439	0.005	TRUE
F461_unidentified	B7772_Variovorax	0.5372	0.0137	TRUE
B210_Ralstonia	B260_Pseudomonas	0.5751	0.005	TRUE
B5713_Dietzia	B260_Pseudomonas	0.6832	0.005	TRUE
B24_Bradyrhizobium	B260_Pseudomonas	-0.7873	0.0099	FALSE
B7915_Neisseria	B260_Pseudomonas	0.4893	0.0433	TRUE
B10589_Moraxella	B260_Pseudomonas	0.5365	0.0235	TRUE
B1_Pantoea	B260_Pseudomonas	0.6627	0.0235	TRUE
B814_Sediminibacterium	B260_Pseudomonas	0.6093	0.0433	TRUE
B9095_Bacillus	B260_Pseudomonas	0.5802	0.0235	TRUE
F1269_o_NA	B260_Pseudomonas	0.6903	0.0137	TRUE
F576_Malassezia	B260_Pseudomonas	0.6152	0.0235	TRUE
F461_unidentified	B260_Pseudomonas	0.5662	0.0235	TRUE
B5713_Dietzia	B210_Ralstonia	0.5566	0.0137	TRUE
B24_Bradyrhizobium	B210_Ralstonia	-0.6415	0.0297	FALSE
B10589_Moraxella	B210_Ralstonia	0.5075	0.005	TRUE
B1_Pantoea	B210_Ralstonia	0.6255	0.005	TRUE
B814_Sediminibacterium	B210_Ralstonia	0.5419	0.0235	TRUE
B9095_Bacillus	B210_Ralstonia	0.5015	0.005	TRUE
F1269_o_NA	B210_Ralstonia	0.5433	0.0137	TRUE
F576_Malassezia	B210_Ralstonia	0.4929	0.0137	TRUE
F461_unidentified	B210_Ralstonia	0.4887	0.0235	TRUE
B209_Escherichia-Shigella	B153_Ralstonia	0.5429	0.0487	TRUE
F5405_Nigrospora	B153_Ralstonia	0.4297	0.0433	TRUE
F667_Hannaella	B153_Ralstonia	0.5692	0.0137	TRUE
F3_Moesziomyces	B153_Ralstonia	0.5526	0.0235	TRUE
F190_Irpex	B153_Ralstonia	0.6247	0.0235	TRUE
F280_o_Polyporales	B153_Ralstonia	0.471	0.0137	TRUE
F277_Peniophora	B153_Ralstonia	0.5868	0.005	TRUE
F441_o_Hypocreales	B153_Ralstonia	0.6185	0.0137	TRUE
F166_Aspergillus	B153_Ralstonia	0.6723	0.0235	TRUE
B1738_uncultured Termite group 1 bacterium	B919_f_Burkholderiaceae	0.5614	0.0235	TRUE
B5111_Pseudomonas	B919_f_Burkholderiaceae	0.6744	0.0235	TRUE
B1646_Asinibacterium	B919_f_Burkholderiaceae	0.4638	0.0487	TRUE
F54_Pyrenochaetopsis	B919_f_Burkholderiaceae	0.592	0.0137	TRUE
F621_Nigrospora	B919_f_Burkholderiaceae	0.5459	0.0388	TRUE
F226_Saitozyma	B919_f_Burkholderiaceae	0.6496	0.0334	TRUE
F178_Schizopora	B919_f_Burkholderiaceae	0.6227	0.005	TRUE
F643_Symmetrospora	B919_f_Burkholderiaceae	0.5943	0.0137	TRUE
B7375_Escherichia-Shigella	B8851_Phreatobacter	0.5482	0.0137	TRUE
B1610_Clostridium sensu stricto 10	B8851_Phreatobacter	0.5605	0.0433	TRUE
B826_Enhydrobacter	B8851_Phreatobacter	0.4566	0.0334	TRUE
B5761_Abiotrophia	B8851_Phreatobacter	0.577	0.0235	TRUE
B8177_Lautropia	B8851_Phreatobacter	0.5947	0.0137	TRUE
B489_f_Micrococcaceae	B8851_Phreatobacter	0.562	0.0137	TRUE
F3874_unidentified	B8851_Phreatobacter	0.5768	0.0137	TRUE
F50_Thanatephorus	B8851_Phreatobacter	0.584	0.0388	TRUE
F48_unidentified	B9_Methylobacterium	0.7853	0.0099	TRUE
F12_o_Pleosporales	B9_Methylobacterium	0.5373	0.0487	TRUE
B76_Methylobacterium	B7085_Escherichia.Shigella	0.6935	0.0137	TRUE
B331_f_Burkholderiaceae	B7085_Escherichia.Shigella	0.7226	0.005	TRUE
B21_Methylobacterium	B7085_Escherichia.Shigella	0.7101	0.005	TRUE
B398_Rhodococcus	B7085_Escherichia.Shigella	0.7144	0.005	TRUE
F5237_unidentified	B7085_Escherichia.Shigella	0.6433	0.005	TRUE
F658_Candida	B7085_Escherichia.Shigella	0.7087	0.005	TRUE
F292_Engyodontium	B7085_Escherichia.Shigella	0.5377	0.0495	TRUE
F228_Purpureocillium	B7085_Escherichia.Shigella	-0.7541	0.0099	FALSE
F488_Penicillium	B7085_Escherichia.Shigella	0.4911	0.0395	TRUE
B331_f_Burkholderiaceae	B76_Methylobacterium	0.6562	0.005	TRUE
B21_Methylobacterium	B76_Methylobacterium	0.7005	0.005	TRUE
B398_Rhodococcus	B76_Methylobacterium	0.6866	0.0137	TRUE
F5237_unidentified	B76_Methylobacterium	0.6153	0.0235	TRUE
F658_Candida	B76_Methylobacterium	0.6498	0.0334	TRUE
F228_Purpureocillium	B76_Methylobacterium	-0.7535	0.0297	FALSE
B54_uncultured	B8291_Pseudomonas	-0.8514	0.0099	FALSE
B12689_Sphingomonas	B8291_Pseudomonas	0.7617	0.0235	TRUE
F288_unidentified	B8291_Pseudomonas	0.7195	0.005	TRUE
F686_Malassezia	B8291_Pseudomonas	0.6943	0.005	TRUE
B1610_Clostridium sensu stricto 10	B7375_Escherichia.Shigella	0.6616	0.0137	TRUE
B826_Enhydrobacter	B7375_Escherichia.Shigella	0.6165	0.0235	TRUE
B5761_Abiotrophia	B7375_Escherichia.Shigella	0.702	0.005	TRUE
B8177_Lautropia	B7375_Escherichia.Shigella	0.6958	0.0235	TRUE
B1646_Asinibacterium	B7375_Escherichia.Shigella	0.5235	0.0487	TRUE
B489_f_Micrococcaceae	B7375_Escherichia.Shigella	0.6288	0.0235	TRUE
F3874_unidentified	B7375_Escherichia.Shigella	0.604	0.0334	TRUE
F50_Thanatephorus	B7375_Escherichia.Shigella	0.6585	0.0289	TRUE
F745_Penicillium	B7375_Escherichia.Shigella	0.6111	0.0137	TRUE
B21_Methylobacterium	B331_f_Burkholderiaceae	0.6961	0.005	TRUE
B398_Rhodococcus	B331_f_Burkholderiaceae	0.6328	0.005	TRUE
F5237_unidentified	B331_f_Burkholderiaceae	0.6281	0.0137	TRUE
F658_Candida	B331_f_Burkholderiaceae	0.7177	0.005	TRUE
F410_Schizophyllum	B331_f_Burkholderiaceae	0.4792	0.0388	TRUE
F228_Purpureocillium	B331_f_Burkholderiaceae	-0.7394	0.0198	FALSE
B11459_Corynebacterium 1	B303_Methylotenera	0.5004	0.005	TRUE
F106_unidentified	B303_Methylotenera	0.5324	0.0433	TRUE
F1337_unidentified	B303_Methylotenera	0.618	0.0334	TRUE
F312_unidentified	B303_Methylotenera	0.5235	0.0137	TRUE
F53_Pyrenochaetopsis	B303_Methylotenera	0.5781	0.005	TRUE
B9096_Aeribacillus	B8_f_Rhizobiaceae	0.7007	0.0137	TRUE
F3343_o_NA	B8_f_Rhizobiaceae	0.6324	0.0235	TRUE
F723_unidentified	B8_f_Rhizobiaceae	0.5381	0.005	TRUE
F5578_o_NA	B8_f_Rhizobiaceae	0.4835	0.0433	TRUE
F2494_Vishniacozyma	B8_f_Rhizobiaceae	0.5701	0.005	TRUE
F114_unidentified	B8_f_Rhizobiaceae	0.5233	0.0235	TRUE
F258_Nigrospora	B8_f_Rhizobiaceae	0.595	0.0235	TRUE
F2806_Aspergillus	B8_f_Rhizobiaceae	0.6557	0.005	TRUE
F1000_Ganoderma	B8_f_Rhizobiaceae	0.5643	0.0334	TRUE
F717_Sistotremastrum	B8_f_Rhizobiaceae	0.5748	0.0235	TRUE
F1258_Cryptococcus	B8_f_Rhizobiaceae	0.6095	0.0137	TRUE
F251_Alternaria	B8_f_Rhizobiaceae	0.7893	0.0137	TRUE
B254_Pseudomonas	B437_Escherichia.Shigella	0.8264	0.0098	TRUE
F3343_o_NA	B437_Escherichia.Shigella	0.5469	0.0487	TRUE
F2_Nigrospora	B437_Escherichia.Shigella	0.8407	0.0099	TRUE
F2806_Aspergillus	B437_Escherichia.Shigella	0.5041	0.0487	TRUE
F4_o_Pleosporales	B437_Escherichia.Shigella	0.769	0.0099	TRUE
F251_Alternaria	B437_Escherichia.Shigella	0.5703	0.0487	TRUE
B24_Bradyrhizobium	B5713_Dietzia	-0.7206	0.0495	FALSE
B7915_Neisseria	B5713_Dietzia	0.4787	0.0433	TRUE
B10589_Moraxella	B5713_Dietzia	0.6005	0.0334	TRUE
B1_Pantoea	B5713_Dietzia	0.6689	0.0235	TRUE
B814_Sediminibacterium	B5713_Dietzia	0.6194	0.005	TRUE
B9095_Bacillus	B5713_Dietzia	0.6088	0.0137	TRUE
F1269_o_NA	B5713_Dietzia	0.6646	0.0334	TRUE
F576_Malassezia	B5713_Dietzia	0.6045	0.005	TRUE
F461_unidentified	B5713_Dietzia	0.5301	0.0137	TRUE
B12689_Sphingomonas	B54_uncultured	-0.784	0.0297	FALSE
B209_Escherichia-Shigella	B54_uncultured	-0.5462	0.0495	FALSE
F288_unidentified	B54_uncultured	-0.7722	0.0396	FALSE
F686_Malassezia	B54_uncultured	-0.7035	0.0297	FALSE
B9096_Aeribacillus	B999_Ruminiclostridium.1	0.6423	0.0334	TRUE
F3343_o_NA	B999_Ruminiclostridium.1	0.595	0.0334	TRUE
F723_unidentified	B999_Ruminiclostridium.1	0.5941	0.0137	TRUE
F2494_Vishniacozyma	B999_Ruminiclostridium.1	0.5274	0.0334	TRUE
F258_Nigrospora	B999_Ruminiclostridium.1	0.5902	0.0137	TRUE
F2806_Aspergillus	B999_Ruminiclostridium.1	0.6476	0.005	TRUE
F1000_Ganoderma	B999_Ruminiclostridium.1	0.5295	0.0433	TRUE
F1258_Cryptococcus	B999_Ruminiclostridium.1	0.5612	0.005	TRUE
F251_Alternaria	B999_Ruminiclostridium.1	0.7082	0.0137	TRUE
B826_Enhydrobacter	B1610_Clostridium.sensu.stricto.10	0.5243	0.0137	TRUE
B5761_Abiotrophia	B1610_Clostridium.sensu.stricto.10	0.5721	0.0137	TRUE
B8177_Lautropia	B1610_Clostridium.sensu.stricto.10	0.667	0.005	TRUE
B489_f_Micrococcaceae	B1610_Clostridium.sensu.stricto.10	0.6343	0.0137	TRUE
F3874_unidentified	B1610_Clostridium.sensu.stricto.10	0.6087	0.0235	TRUE
F50_Thanatephorus	B1610_Clostridium.sensu.stricto.10	0.5837	0.0487	TRUE
F488_Penicillium	B1610_Clostridium.sensu.stricto.10	0.4967	0.0395	TRUE
F745_Penicillium	B1610_Clostridium.sensu.stricto.10	0.5568	0.0137	TRUE
B5761_Abiotrophia	B826_Enhydrobacter	0.5749	0.005	TRUE
B8177_Lautropia	B826_Enhydrobacter	0.5924	0.005	TRUE
B489_f_Micrococcaceae	B826_Enhydrobacter	0.572	0.0235	TRUE
F3874_unidentified	B826_Enhydrobacter	0.549	0.0137	TRUE
F50_Thanatephorus	B826_Enhydrobacter	0.5425	0.0091	TRUE
F488_Penicillium	B826_Enhydrobacter	0.5156	0.0395	TRUE
F745_Penicillium	B826_Enhydrobacter	0.5301	0.005	TRUE
B398_Rhodococcus	B21_Methylobacterium	0.6968	0.005	TRUE
F5237_unidentified	B21_Methylobacterium	0.6622	0.005	TRUE
F658_Candida	B21_Methylobacterium	0.687	0.005	TRUE
F410_Schizophyllum	B21_Methylobacterium	0.5265	0.0388	TRUE
F228_Purpureocillium	B21_Methylobacterium	-0.7536	0.0198	FALSE
B7915_Neisseria	B24_Bradyrhizobium	-0.5285	0.0495	FALSE
B10589_Moraxella	B24_Bradyrhizobium	-0.6149	0.0396	FALSE
B1_Pantoea	B24_Bradyrhizobium	-0.7946	0.0297	FALSE
B814_Sediminibacterium	B24_Bradyrhizobium	-0.729	0.0297	FALSE
B9095_Bacillus	B24_Bradyrhizobium	-0.7169	0.0297	FALSE
F1269_o_NA	B24_Bradyrhizobium	-0.7859	0.0198	FALSE
F576_Malassezia	B24_Bradyrhizobium	-0.6963	0.0396	FALSE
F461_unidentified	B24_Bradyrhizobium	-0.6741	0.0297	FALSE
B8177_Lautropia	B5761_Abiotrophia	0.6515	0.005	TRUE
B1646_Asinibacterium	B5761_Abiotrophia	0.4623	0.0388	TRUE
B489_f_Micrococcaceae	B5761_Abiotrophia	0.6344	0.0137	TRUE
F3874_unidentified	B5761_Abiotrophia	0.5625	0.0235	TRUE
F50_Thanatephorus	B5761_Abiotrophia	0.6161	0.019	TRUE
F488_Penicillium	B5761_Abiotrophia	0.5356	0.0395	TRUE
F745_Penicillium	B5761_Abiotrophia	0.5927	0.0137	TRUE
B35_Methylobacterium	B11459_Corynebacterium.1	0.5859	0.0235	TRUE
F106_unidentified	B11459_Corynebacterium.1	0.5642	0.0334	TRUE
F1337_unidentified	B11459_Corynebacterium.1	0.572	0.0334	TRUE
F312_unidentified	B11459_Corynebacterium.1	0.6145	0.0334	TRUE
F136_f_Didymosphaeriaceae	B11459_Corynebacterium.1	0.5788	0.0433	TRUE
F53_Pyrenochaetopsis	B11459_Corynebacterium.1	0.5962	0.0433	TRUE
B5111_Pseudomonas	B1738_uncultured.Termite.group.1.bacterium	0.6509	0.0235	TRUE
F54_Pyrenochaetopsis	B1738_uncultured.Termite.group.1.bacterium	0.5004	0.0137	TRUE
F226_Saitozyma	B1738_uncultured.Termite.group.1.bacterium	0.5849	0.0235	TRUE
F178_Schizopora	B1738_uncultured.Termite.group.1.bacterium	0.5165	0.0235	TRUE
F643_Symmetrospora	B1738_uncultured.Termite.group.1.bacterium	0.5812	0.005	TRUE
F131_unidentified	B5111_Pseudomonas	0.5494	0.0396	TRUE
F621_Nigrospora	B5111_Pseudomonas	0.567	0.0289	TRUE
F226_Saitozyma	B5111_Pseudomonas	0.6951	0.005	TRUE
F178_Schizopora	B5111_Pseudomonas	0.7089	0.005	TRUE
F643_Symmetrospora	B5111_Pseudomonas	0.634	0.005	TRUE
F8_unidentified	B12689_Sphingomonas	0.534	0.0289	TRUE
F288_unidentified	B12689_Sphingomonas	0.6514	0.005	TRUE
F686_Malassezia	B12689_Sphingomonas	0.5613	0.0137	TRUE
B1_Pantoea	B7915_Neisseria	0.445	0.0334	TRUE
B814_Sediminibacterium	B7915_Neisseria	0.486	0.0334	TRUE
F1269_o_NA	B7915_Neisseria	0.4116	0.0334	TRUE
F576_Malassezia	B7915_Neisseria	0.3812	0.0334	TRUE
B1646_Asinibacterium	B8177_Lautropia	0.5273	0.0487	TRUE
B489_f_Micrococcaceae	B8177_Lautropia	0.6814	0.0137	TRUE
F3874_unidentified	B8177_Lautropia	0.6368	0.005	TRUE
F50_Thanatephorus	B8177_Lautropia	0.6654	0.0091	TRUE
F488_Penicillium	B8177_Lautropia	0.5077	0.0494	TRUE
F745_Penicillium	B8177_Lautropia	0.5503	0.0137	TRUE
B489_f_Micrococcaceae	B1646_Asinibacterium	0.5366	0.0487	TRUE
F226_Saitozyma	B1646_Asinibacterium	0.5349	0.0388	TRUE
F745_Penicillium	B1646_Asinibacterium	0.4919	0.0388	TRUE
B1_Pantoea	B10589_Moraxella	0.6309	0.005	TRUE
B814_Sediminibacterium	B10589_Moraxella	0.4897	0.0334	TRUE
B9095_Bacillus	B10589_Moraxella	0.5418	0.0433	TRUE
F1269_o_NA	B10589_Moraxella	0.6191	0.005	TRUE
F461_unidentified	B10589_Moraxella	0.5233	0.0433	TRUE
B1319_Staphylococcus	B1227_Escherichia.Shigella	0.6662	0.0137	TRUE
F458_Endoxyla	B1227_Escherichia.Shigella	0.607	0.0334	TRUE
F69_o_Pleosporales	B1227_Escherichia.Shigella	0.571	0.0137	TRUE
F511_Malassezia	B1227_Escherichia.Shigella	0.6255	0.0334	TRUE
F233_Periconia	B1227_Escherichia.Shigella	0.6186	0.005	TRUE
F18_f_Phaeosphaeriaceae	B1227_Escherichia.Shigella	0.5402	0.0137	TRUE
F12_o_Pleosporales	B1227_Escherichia.Shigella	0.7433	0.0334	TRUE
F47_f_Phaeosphaeriaceae	B1227_Escherichia.Shigella	0.6069	0.0334	TRUE
F1753_f_Ganodermataceae	B1227_Escherichia.Shigella	0.4456	0.0433	TRUE
F27_Curvularia	B1227_Escherichia.Shigella	0.5823	0.0137	TRUE
F775_Hyphoderma	B1227_Escherichia.Shigella	0.565	0.005	TRUE
F991_o_NA	B1227_Escherichia.Shigella	0.4043	0.0433	TRUE
F289_Aspergillus	B1227_Escherichia.Shigella	0.6195	0.005	TRUE
B814_Sediminibacterium	B1_Pantoea	0.6499	0.0137	TRUE
B9095_Bacillus	B1_Pantoea	0.6361	0.0235	TRUE
F1269_o_NA	B1_Pantoea	0.696	0.0137	TRUE
F576_Malassezia	B1_Pantoea	0.6254	0.005	TRUE
F461_unidentified	B1_Pantoea	0.6169	0.0137	TRUE
B9096_Aeribacillus	B254_Pseudomonas	0.5582	0.0289	TRUE
F2494_Vishniacozyma	B254_Pseudomonas	0.5174	0.0388	TRUE
F2_Nigrospora	B254_Pseudomonas	0.8184	0.0198	TRUE
F4_o_Pleosporales	B254_Pseudomonas	0.7647	0.0198	TRUE
F5_Alternaria	B254_Pseudomonas	-0.4792	0.0495	FALSE
B14729_uncultured	B35_Methylobacterium	0.4385	0.0433	TRUE
F106_unidentified	B35_Methylobacterium	0.6419	0.0137	TRUE
F1337_unidentified	B35_Methylobacterium	0.6607	0.0235	TRUE
F312_unidentified	B35_Methylobacterium	0.6868	0.005	TRUE
F2_Nigrospora	B35_Methylobacterium	0.6088	0.0495	TRUE
F136_f_Didymosphaeriaceae	B35_Methylobacterium	0.6945	0.005	TRUE
F53_Pyrenochaetopsis	B35_Methylobacterium	0.6446	0.0235	TRUE
B9095_Bacillus	B814_Sediminibacterium	0.6143	0.0137	TRUE
F1269_o_NA	B814_Sediminibacterium	0.6544	0.0235	TRUE
F576_Malassezia	B814_Sediminibacterium	0.5403	0.0334	TRUE
F461_unidentified	B814_Sediminibacterium	0.5712	0.0334	TRUE
F3_Moesziomyces	B209_Escherichia.Shigella	0.4858	0.0487	TRUE
F686_Malassezia	B209_Escherichia.Shigella	0.5326	0.0289	TRUE
F190_Irpex	B209_Escherichia.Shigella	0.5459	0.0289	TRUE
F277_Peniophora	B209_Escherichia.Shigella	0.4899	0.0388	TRUE
F1269_o_NA	B9095_Bacillus	0.6538	0.0137	TRUE
F576_Malassezia	B9095_Bacillus	0.5556	0.0334	TRUE
F461_unidentified	B9095_Bacillus	0.5886	0.0235	TRUE
F458_Endoxyla	B1319_Staphylococcus	0.571	0.0334	TRUE
F69_o_Pleosporales	B1319_Staphylococcus	0.5282	0.0334	TRUE
F298_unidentified	B1319_Staphylococcus	0.5457	0.0334	TRUE
F511_Malassezia	B1319_Staphylococcus	0.501	0.0334	TRUE
F233_Periconia	B1319_Staphylococcus	0.5035	0.0334	TRUE
F18_f_Phaeosphaeriaceae	B1319_Staphylococcus	0.5359	0.0334	TRUE
F12_o_Pleosporales	B1319_Staphylococcus	0.6307	0.0137	TRUE
F693_Aspergillus	B1319_Staphylococcus	0.5067	0.0137	TRUE
F289_Aspergillus	B1319_Staphylococcus	0.5451	0.0235	TRUE
F3343_o_NA	B9096_Aeribacillus	0.646	0.0235	TRUE
F723_unidentified	B9096_Aeribacillus	0.4961	0.0334	TRUE
F5578_o_NA	B9096_Aeribacillus	0.5125	0.0235	TRUE
F2494_Vishniacozyma	B9096_Aeribacillus	0.6407	0.0334	TRUE
F114_unidentified	B9096_Aeribacillus	0.4894	0.0433	TRUE
F258_Nigrospora	B9096_Aeribacillus	0.6425	0.0137	TRUE
F2806_Aspergillus	B9096_Aeribacillus	0.6718	0.0235	TRUE
F1000_Ganoderma	B9096_Aeribacillus	0.5132	0.0137	TRUE
F717_Sistotremastrum	B9096_Aeribacillus	0.5262	0.0137	TRUE
F1258_Cryptococcus	B9096_Aeribacillus	0.5616	0.0137	TRUE
F251_Alternaria	B9096_Aeribacillus	0.7341	0.0137	TRUE
F3874_unidentified	B489_f_Micrococcaceae	0.614	0.005	TRUE
F50_Thanatephorus	B489_f_Micrococcaceae	0.5963	0.019	TRUE
F745_Penicillium	B489_f_Micrococcaceae	0.5461	0.0235	TRUE
F5237_unidentified	B398_Rhodococcus	0.6323	0.005	TRUE
F658_Candida	B398_Rhodococcus	0.6586	0.005	TRUE
F410_Schizophyllum	B398_Rhodococcus	0.5272	0.0388	TRUE
F292_Engyodontium	B398_Rhodococcus	0.5084	0.0297	TRUE
F1520_Acremonium	B398_Rhodococcus	0.5002	0.0487	TRUE
F228_Purpureocillium	B398_Rhodococcus	-0.7247	0.0099	FALSE
F723_unidentified	F3343_o_NA	0.5954	0.0235	TRUE
F5578_o_NA	F3343_o_NA	0.4155	0.0433	TRUE
F2494_Vishniacozyma	F3343_o_NA	0.5161	0.0334	TRUE
F258_Nigrospora	F3343_o_NA	0.6125	0.0235	TRUE
F2806_Aspergillus	F3343_o_NA	0.5497	0.0235	TRUE
F1000_Ganoderma	F3343_o_NA	0.5294	0.0334	TRUE
F1258_Cryptococcus	F3343_o_NA	0.5101	0.0235	TRUE
F251_Alternaria	F3343_o_NA	0.6927	0.0137	TRUE
F69_o_Pleosporales	F458_Endoxyla	0.5496	0.0137	TRUE
F1482_Hyphoderma	F458_Endoxyla	0.5004	0.0334	TRUE
F298_unidentified	F458_Endoxyla	0.5174	0.0334	TRUE
F1181_unidentified	F458_Endoxyla	0.49	0.0487	TRUE
F511_Malassezia	F458_Endoxyla	0.5676	0.0137	TRUE
F233_Periconia	F458_Endoxyla	0.5245	0.0334	TRUE
F12_o_Pleosporales	F458_Endoxyla	0.7219	0.0137	TRUE
F47_f_Phaeosphaeriaceae	F458_Endoxyla	0.5714	0.0137	TRUE
F27_Curvularia	F458_Endoxyla	0.5371	0.0433	TRUE
F775_Hyphoderma	F458_Endoxyla	0.6517	0.005	TRUE
F289_Aspergillus	F458_Endoxyla	0.5493	0.0137	TRUE
F2494_Vishniacozyma	F723_unidentified	0.4612	0.0235	TRUE
F258_Nigrospora	F723_unidentified	0.5269	0.005	TRUE
F2806_Aspergillus	F723_unidentified	0.5654	0.0137	TRUE
F251_Alternaria	F723_unidentified	0.6037	0.0137	TRUE
F3_Moesziomyces	F5405_Nigrospora	0.401	0.0334	TRUE
F1337_unidentified	F106_unidentified	0.6934	0.0334	TRUE
F312_unidentified	F106_unidentified	0.6316	0.0334	TRUE
F136_f_Didymosphaeriaceae	F106_unidentified	0.7134	0.0137	TRUE
F53_Pyrenochaetopsis	F106_unidentified	0.6895	0.0137	TRUE
F2_Nigrospora	F131_unidentified	-0.7707	0.0099	FALSE
F511_Malassezia	F69_o_Pleosporales	0.5524	0.0235	TRUE
F18_f_Phaeosphaeriaceae	F69_o_Pleosporales	0.4992	0.0235	TRUE
F12_o_Pleosporales	F69_o_Pleosporales	0.5697	0.0235	TRUE
F27_Curvularia	F69_o_Pleosporales	0.4374	0.0433	TRUE
F289_Aspergillus	F69_o_Pleosporales	0.5035	0.0137	TRUE
F312_unidentified	F1337_unidentified	0.6672	0.005	TRUE
F136_f_Didymosphaeriaceae	F1337_unidentified	0.6973	0.005	TRUE
F53_Pyrenochaetopsis	F1337_unidentified	0.694	0.005	TRUE
F511_Malassezia	F1482_Hyphoderma	0.4519	0.0137	TRUE
F233_Periconia	F1482_Hyphoderma	0.4951	0.0235	TRUE
F12_o_Pleosporales	F1482_Hyphoderma	0.5397	0.0235	TRUE
F47_f_Phaeosphaeriaceae	F1482_Hyphoderma	0.523	0.0137	TRUE
F775_Hyphoderma	F1482_Hyphoderma	0.5351	0.0433	TRUE
F251_Alternaria	F5578_o_NA	0.531	0.0235	TRUE
F50_Thanatephorus	F3874_unidentified	0.6615	0.0091	TRUE
F745_Penicillium	F3874_unidentified	0.5721	0.0334	TRUE
F12_o_Pleosporales	F832_f_Stereaceae	0.4882	0.0235	TRUE
F2806_Aspergillus	F2494_Vishniacozyma	0.542	0.0334	TRUE
F1000_Ganoderma	F2494_Vishniacozyma	0.5689	0.0235	TRUE
F717_Sistotremastrum	F2494_Vishniacozyma	0.3653	0.0235	TRUE
F1258_Cryptococcus	F2494_Vishniacozyma	0.4521	0.0433	TRUE
F251_Alternaria	F2494_Vishniacozyma	0.6207	0.005	TRUE
F511_Malassezia	F298_unidentified	0.4927	0.0433	TRUE
F12_o_Pleosporales	F298_unidentified	0.5936	0.0137	TRUE
F1753_f_Ganodermataceae	F298_unidentified	0.3885	0.0433	TRUE
F289_Aspergillus	F298_unidentified	0.5327	0.0433	TRUE
F226_Saitozyma	F54_Pyrenochaetopsis	0.546	0.0137	TRUE
F643_Symmetrospora	F54_Pyrenochaetopsis	0.5021	0.0334	TRUE
F288_unidentified	F8_unidentified	0.521	0.0289	TRUE
F686_Malassezia	F8_unidentified	0.4978	0.0487	TRUE
F258_Nigrospora	F114_unidentified	0.4634	0.0334	TRUE
F2806_Aspergillus	F114_unidentified	0.4809	0.0334	TRUE
F1000_Ganoderma	F114_unidentified	0.4736	0.0433	TRUE
F717_Sistotremastrum	F114_unidentified	0.4296	0.0433	TRUE
F1258_Cryptococcus	F114_unidentified	0.4002	0.0235	TRUE
F251_Alternaria	F114_unidentified	0.5458	0.0235	TRUE
F137_Malassezia	F48_unidentified	-0.812	0.0099	FALSE
F2_Nigrospora	F48_unidentified	0.6336	0.0396	TRUE
F233_Periconia	F48_unidentified	0.459	0.0395	TRUE
F4_o_Pleosporales	F48_unidentified	0.6793	0.0297	TRUE
F18_f_Phaeosphaeriaceae	F48_unidentified	0.4884	0.0494	TRUE
F27_Curvularia	F48_unidentified	0.4838	0.0197	TRUE
F576_Malassezia	F1269_o_NA	0.5736	0.005	TRUE
F461_unidentified	F1269_o_NA	0.6046	0.0334	TRUE
F658_Candida	F5237_unidentified	0.6168	0.0235	TRUE
F228_Purpureocillium	F5237_unidentified	-0.6708	0.0297	FALSE
F16_Pyricularia	F1181_unidentified	-0.6072	0.0396	FALSE
F511_Malassezia	F1181_unidentified	0.3884	0.0487	TRUE
F2_Nigrospora	F312_unidentified	0.6087	0.0495	TRUE
F136_f_Didymosphaeriaceae	F312_unidentified	0.625	0.0235	TRUE
F53_Pyrenochaetopsis	F312_unidentified	0.6743	0.005	TRUE
F289_Aspergillus	F16_Pyricularia	-0.4905	0.0396	FALSE
F228_Purpureocillium	F658_Candida	-0.7416	0.0099	FALSE
F2_Nigrospora	F137_Malassezia	-0.6438	0.0495	FALSE
F4_o_Pleosporales	F137_Malassezia	-0.7983	0.0099	FALSE
F233_Periconia	F511_Malassezia	0.5444	0.0334	TRUE
F18_f_Phaeosphaeriaceae	F511_Malassezia	0.5409	0.0235	TRUE
F12_o_Pleosporales	F511_Malassezia	0.6903	0.005	TRUE
F27_Curvularia	F511_Malassezia	0.5105	0.0334	TRUE
F775_Hyphoderma	F511_Malassezia	0.5606	0.0235	TRUE
F289_Aspergillus	F511_Malassezia	0.6152	0.005	TRUE
F4_o_Pleosporales	F2_Nigrospora	0.8548	0.0198	TRUE
F2806_Aspergillus	F258_Nigrospora	0.5651	0.0334	TRUE
F1000_Ganoderma	F258_Nigrospora	0.4905	0.0235	TRUE
F717_Sistotremastrum	F258_Nigrospora	0.4688	0.0334	TRUE
F1258_Cryptococcus	F258_Nigrospora	0.4818	0.0235	TRUE
F251_Alternaria	F258_Nigrospora	0.7018	0.005	TRUE
F226_Saitozyma	F621_Nigrospora	0.5964	0.019	TRUE
F178_Schizopora	F621_Nigrospora	0.5529	0.0487	TRUE
F643_Symmetrospora	F621_Nigrospora	0.5788	0.0091	TRUE
F3_Moesziomyces	F667_Hannaella	0.5468	0.0235	TRUE
F190_Irpex	F667_Hannaella	0.4974	0.0235	TRUE
F280_o_Polyporales	F667_Hannaella	0.5158	0.0235	TRUE
F277_Peniophora	F667_Hannaella	0.4953	0.0334	TRUE
F441_o_Hypocreales	F667_Hannaella	0.5082	0.0137	TRUE
F166_Aspergillus	F667_Hannaella	0.5277	0.0235	TRUE
F686_Malassezia	F288_unidentified	0.6402	0.0137	TRUE
F2033_Cutaneotrichosporon	F233_Periconia	0.449	0.0137	TRUE
F12_o_Pleosporales	F233_Periconia	0.6434	0.0137	TRUE
F47_f_Phaeosphaeriaceae	F233_Periconia	0.4796	0.0235	TRUE
F27_Curvularia	F233_Periconia	0.5103	0.0137	TRUE
F693_Aspergillus	F233_Periconia	0.5048	0.0137	TRUE
F289_Aspergillus	F233_Periconia	0.5248	0.0235	TRUE
F1520_Acremonium	F226_Saitozyma	0.5831	0.0289	TRUE
F178_Schizopora	F226_Saitozyma	0.6858	0.0137	TRUE
F643_Symmetrospora	F226_Saitozyma	0.6477	0.0334	TRUE
F717_Sistotremastrum	F2806_Aspergillus	0.5071	0.0433	TRUE
F1258_Cryptococcus	F2806_Aspergillus	0.5416	0.005	TRUE
F251_Alternaria	F2806_Aspergillus	0.7253	0.0137	TRUE
F1339_Wickerhamomyces	F3_Moesziomyces	0.4685	0.0334	TRUE
F190_Irpex	F3_Moesziomyces	0.6527	0.005	TRUE
F280_o_Polyporales	F3_Moesziomyces	0.5161	0.005	TRUE
F277_Peniophora	F3_Moesziomyces	0.579	0.0235	TRUE
F441_o_Hypocreales	F3_Moesziomyces	0.6514	0.0137	TRUE
F166_Aspergillus	F3_Moesziomyces	0.6465	0.005	TRUE
F136_f_Didymosphaeriaceae	F4_o_Pleosporales	0.4782	0.0494	TRUE
F12_o_Pleosporales	F18_f_Phaeosphaeriaceae	0.6773	0.0137	TRUE
F27_Curvularia	F18_f_Phaeosphaeriaceae	0.4607	0.0235	TRUE
F289_Aspergillus	F18_f_Phaeosphaeriaceae	0.5377	0.0433	TRUE
F47_f_Phaeosphaeriaceae	F12_o_Pleosporales	0.6189	0.0334	TRUE
F1753_f_Ganodermataceae	F12_o_Pleosporales	0.5724	0.0137	TRUE
F27_Curvularia	F12_o_Pleosporales	0.6367	0.0334	TRUE
F775_Hyphoderma	F12_o_Pleosporales	0.6754	0.005	TRUE
F693_Aspergillus	F12_o_Pleosporales	0.5235	0.0235	TRUE
F289_Aspergillus	F12_o_Pleosporales	0.6617	0.005	TRUE
F775_Hyphoderma	F47_f_Phaeosphaeriaceae	0.511	0.0235	TRUE
F289_Aspergillus	F47_f_Phaeosphaeriaceae	0.5497	0.0334	TRUE
F745_Penicillium	F50_Thanatephorus	0.563	0.0091	TRUE
F461_unidentified	F576_Malassezia	0.5332	0.0137	TRUE
F190_Irpex	F1339_Wickerhamomyces	0.5073	0.0433	TRUE
F280_o_Polyporales	F1339_Wickerhamomyces	0.4498	0.0137	TRUE
F277_Peniophora	F1339_Wickerhamomyces	0.4735	0.0235	TRUE
F441_o_Hypocreales	F1339_Wickerhamomyces	0.5332	0.0433	TRUE
F166_Aspergillus	F1339_Wickerhamomyces	0.5306	0.0137	TRUE
F280_o_Polyporales	F190_Irpex	0.5159	0.0433	TRUE
F277_Peniophora	F190_Irpex	0.5612	0.0235	TRUE
F441_o_Hypocreales	F190_Irpex	0.5762	0.0334	TRUE
F166_Aspergillus	F190_Irpex	0.6277	0.0137	TRUE
F53_Pyrenochaetopsis	F136_f_Didymosphaeriaceae	0.6749	0.005	TRUE
F251_Alternaria	F1000_Ganoderma	0.5814	0.0137	TRUE
F693_Aspergillus	F1753_f_Ganodermataceae	0.4555	0.0433	TRUE
F289_Aspergillus	F1753_f_Ganodermataceae	0.482	0.0433	TRUE
F775_Hyphoderma	F27_Curvularia	0.5332	0.0235	TRUE
F289_Aspergillus	F27_Curvularia	0.5437	0.0235	TRUE
F277_Peniophora	F280_o_Polyporales	0.5174	0.0235	TRUE
F441_o_Hypocreales	F280_o_Polyporales	0.4787	0.0235	TRUE
F166_Aspergillus	F280_o_Polyporales	0.5359	0.005	TRUE
F441_o_Hypocreales	F277_Peniophora	0.5562	0.0235	TRUE
F166_Aspergillus	F277_Peniophora	0.5754	0.0137	TRUE
F292_Engyodontium	F410_Schizophyllum	0.669	0.0396	TRUE
F1520_Acremonium	F410_Schizophyllum	0.8011	0.0197	TRUE
F178_Schizopora	F410_Schizophyllum	0.4925	0.0487	TRUE
F289_Aspergillus	F775_Hyphoderma	0.5353	0.0137	TRUE
F1520_Acremonium	F292_Engyodontium	0.6026	0.0396	TRUE
F488_Penicillium	F292_Engyodontium	0.6623	0.0198	TRUE
F166_Aspergillus	F441_o_Hypocreales	0.6089	0.0334	TRUE
F251_Alternaria	F717_Sistotremastrum	0.6228	0.0137	TRUE
F6_Cladosporium	F1520_Acremonium	-0.5941	0.0198	FALSE
F178_Schizopora	F1520_Acremonium	0.5448	0.0388	TRUE
F643_Symmetrospora	F1520_Acremonium	0.5382	0.0289	TRUE
F251_Alternaria	F1258_Cryptococcus	0.5893	0.0433	TRUE
F643_Symmetrospora	F178_Schizopora	0.5926	0.0137	TRUE
