Source	Target	Cor	pseudo_p	positive
B6_Sphingomonas	B640_f_Intrasporangiaceae	0.8407	0.0489	TRUE
F2427_unidentified	B640_f_Intrasporangiaceae	0.8042	0.0489	TRUE
B267_f_Burkholderiaceae	B232_f_Sphingomonadaceae	-0.9561	0.0106	FALSE
B19_Xanthomonas	B232_f_Sphingomonadaceae	-0.961	0.0303	FALSE
B10_Allorhizobium-Neorhizobium-Pararhizobium-Rhizobium	B71_Methylobacterium	-0.9334	0.0413	FALSE
B31_Quadrisphaera	B6_Sphingomonas	0.9228	0.0489	TRUE
B267_f_Burkholderiaceae	B37_Allorhizobium.Neorhizobium.Pararhizobium.Rhizobium	0.9333	0.0489	TRUE
B89_Burkholderia-Caballeronia-Paraburkholderia	B37_Allorhizobium.Neorhizobium.Pararhizobium.Rhizobium	0.9342	0.023	TRUE
B2309_Polaromonas	B37_Allorhizobium.Neorhizobium.Pararhizobium.Rhizobium	0.921	1e-04	TRUE
F747_unidentified	B37_Allorhizobium.Neorhizobium.Pararhizobium.Rhizobium	0.8908	0.023	TRUE
B2010_f_Microbacteriaceae	B10_Allorhizobium.Neorhizobium.Pararhizobium.Rhizobium	-0.9198	0.0303	FALSE
F320_f_Coniochaetaceae	B11_Xanthomonas	0.9055	0.0489	TRUE
B222_Kineococcus	B76_Methylobacterium	-0.9667	0.0455	FALSE
B2010_f_Microbacteriaceae	B76_Methylobacterium	0.9831	0.0356	TRUE
B202_f_Burkholderiaceae	B267_f_Burkholderiaceae	-0.9715	0.0106	FALSE
B31_Quadrisphaera	B267_f_Burkholderiaceae	0.8871	0.0351	TRUE
B89_Burkholderia-Caballeronia-Paraburkholderia	B267_f_Burkholderiaceae	0.9294	0.0031	TRUE
B19_Xanthomonas	B267_f_Burkholderiaceae	0.8833	0.0351	TRUE
F361_Phaeosphaeria	B267_f_Burkholderiaceae	0.863	0.0489	TRUE
F747_unidentified	B267_f_Burkholderiaceae	0.9349	0.0031	TRUE
B19_Xanthomonas	B202_f_Burkholderiaceae	-0.9518	0.0413	FALSE
B2010_f_Microbacteriaceae	B332_Actinomycetospora	0.9897	0.0356	TRUE
B89_Burkholderia-Caballeronia-Paraburkholderia	B54_uncultured	0.7563	0.0489	TRUE
B95_Allorhizobium-Neorhizobium-Pararhizobium-Rhizobium	B1468_Pseudomonas	0.9098	0.0351	TRUE
F652_Trichomerium	B1468_Pseudomonas	-0.8517	0.0303	FALSE
B89_Burkholderia-Caballeronia-Paraburkholderia	B31_Quadrisphaera	0.8626	0.007	TRUE
B19_Xanthomonas	B31_Quadrisphaera	0.9215	0.0351	TRUE
F747_unidentified	B31_Quadrisphaera	0.9243	0.0135	TRUE
F12_o_Pleosporales	B68_Chryseobacterium	0.9988	0.0455	TRUE
F939_Phlebia	B35_Methylobacterium	0.8547	0.0351	TRUE
F747_unidentified	F2427_unidentified	0.8531	0.0351	TRUE
F320_f_Coniochaetaceae	F525_Phyllozyma	0.839	0.0489	TRUE
F89_Aureobasidium	F47_f_Phaeosphaeriaceae	-0.8573	0.0303	FALSE
F1361_Camptophora	F747_unidentified	-0.9043	0.0413	FALSE
F220_Acremonium	F320_f_Coniochaetaceae	0.808	0.0351	TRUE
F220_Acremonium	F872_Gibberella	0.7525	0.0489	TRUE
