Source	Target	Cor	pseudo_p	positive
B3636_Methylobacterium	B12770_f_Veillonellaceae	0.5703	0.0334	TRUE
B269_Pseudomonas	B12770_f_Veillonellaceae	0.5197	0.005	TRUE
B12246_Nocardioides	B12770_f_Veillonellaceae	0.5047	0.0137	TRUE
B4469_Spirosoma	B12770_f_Veillonellaceae	0.5121	0.0334	TRUE
F3858_unidentified	B12770_f_Veillonellaceae	0.4059	0.0334	TRUE
F2609_f_Ganodermataceae	B12770_f_Veillonellaceae	0.4051	0.0433	TRUE
F13_Zopfiella	B12770_f_Veillonellaceae	0.4268	0.0433	TRUE
B90_Variovorax	B282_Acinetobacter	0.4423	0.0334	TRUE
B347_f_Enterobacteriaceae	B282_Acinetobacter	0.5956	0.0334	TRUE
B43_Sphingomonas	B282_Acinetobacter	0.6294	0.0137	TRUE
B1027_Staphylococcus	B282_Acinetobacter	0.5217	0.0433	TRUE
F1972_unidentified	B282_Acinetobacter	0.4722	0.0235	TRUE
F2_Nigrospora	B282_Acinetobacter	-0.6262	0.0396	FALSE
F98_f_Didymellaceae	B282_Acinetobacter	0.5406	0.0137	TRUE
F824_Torula	B282_Acinetobacter	0.5376	0.019	TRUE
F316_Dioszegia	B282_Acinetobacter	0.5329	0.019	TRUE
B155_Flavisolibacter	B22_uncultured.Roseobacter.sp.	0.646	0.0495	TRUE
B4858_Corynebacterium 1	B22_uncultured.Roseobacter.sp.	0.5908	0.0495	TRUE
B369_Stenotrophomonas	B22_uncultured.Roseobacter.sp.	0.681	0.0495	TRUE
F2487_unidentified	B22_uncultured.Roseobacter.sp.	0.6851	0.0396	TRUE
F3288_o_NA	B22_uncultured.Roseobacter.sp.	0.5069	0.0495	TRUE
F17_o_Pleosporales	B22_uncultured.Roseobacter.sp.	0.6106	0.0396	TRUE
F258_Nigrospora	B22_uncultured.Roseobacter.sp.	0.7146	0.0495	TRUE
F190_Irpex	B22_uncultured.Roseobacter.sp.	0.7975	0.0198	TRUE
F362_Porostereum	B22_uncultured.Roseobacter.sp.	0.6014	0.0198	TRUE
F1104_Periconia	B22_uncultured.Roseobacter.sp.	0.6679	0.0099	TRUE
F161_Paraphoma	B22_uncultured.Roseobacter.sp.	0.706	0.0396	TRUE
F3995_Scytinostroma	B22_uncultured.Roseobacter.sp.	0.5143	0.0396	TRUE
F2099_Annulohypoxylon	B22_uncultured.Roseobacter.sp.	0.5365	0.0396	TRUE
F68_Pseudogymnoascus	B22_uncultured.Roseobacter.sp.	0.6728	0.0495	TRUE
F166_Aspergillus	B22_uncultured.Roseobacter.sp.	0.6672	0.0396	TRUE
B437_Escherichia-Shigella	B2833_Methylobacterium	0.6126	0.0235	TRUE
B3211_Pseudomonas	B2833_Methylobacterium	0.6194	0.0235	TRUE
B54_uncultured	B2833_Methylobacterium	-0.6959	0.0198	FALSE
B3301_Staphylococcus	B2833_Methylobacterium	0.6113	0.0137	TRUE
B587_Alicycliphilus	B2833_Methylobacterium	0.5886	0.0334	TRUE
B8180_Corynebacterium 1	B2833_Methylobacterium	0.5521	0.0235	TRUE
B1643_uncultured eubacterium WD264	B2833_Methylobacterium	0.3936	0.0334	TRUE
F1711_unidentified	B2833_Methylobacterium	0.5844	0.0235	TRUE
F16_Pyricularia	B2833_Methylobacterium	0.6115	0.0296	TRUE
F1136_unidentified	B2833_Methylobacterium	0.4848	0.0235	TRUE
F4_o_Pleosporales	B2833_Methylobacterium	0.6068	0.005	TRUE
B7_Curtobacterium	B87_Mucilaginibacter	0.4468	0.0334	TRUE
B153_Ralstonia	B3636_Methylobacterium	0.5621	0.005	TRUE
B989_Staphylococcus	B3636_Methylobacterium	0.5489	0.0487	TRUE
B269_Pseudomonas	B3636_Methylobacterium	0.6851	0.0235	TRUE
B12246_Nocardioides	B3636_Methylobacterium	0.6134	0.0334	TRUE
B4469_Spirosoma	B3636_Methylobacterium	0.7133	0.0137	TRUE
F329_o_NA	B3636_Methylobacterium	0.4122	0.0334	TRUE
F120_Sporobolomyces	B3636_Methylobacterium	0.4776	0.0494	TRUE
F487_Filobasidium	B3636_Methylobacterium	0.462	0.0235	TRUE
F160_Cladosporium	B3636_Methylobacterium	0.5047	0.0433	TRUE
F1499_unidentified	B3636_Methylobacterium	0.4812	0.0137	TRUE
F9_Chaetomium	B3636_Methylobacterium	0.4564	0.0487	TRUE
B37_Allorhizobium-Neorhizobium-Pararhizobium-Rhizobium	B12535_uncultured	0.5067	0.0137	TRUE
B3744_Corynebacterium	B12535_uncultured	0.4324	0.0433	TRUE
B6381_Acinetobacter	B12535_uncultured	0.4748	0.0334	TRUE
B3246_Sphingobacterium	B6593_o_Nostocales	0.4272	0.0388	TRUE
B7094_Cyanobium PCC-6307	B6593_o_Nostocales	0.4576	0.0388	TRUE
F653_Penicillium	B6593_o_Nostocales	0.6548	0.0197	TRUE
F545_Cutaneotrichosporon	B6593_o_Nostocales	0.6956	0.0197	TRUE
F3613_Penicillium	B6593_o_Nostocales	0.4809	0.0487	TRUE
F1397_f_Pyronemataceae	B6593_o_Nostocales	0.479	0.0289	TRUE
B6_Sphingomonas	B9014_Stenotrophomonas	0.6447	0.005	TRUE
B260_Pseudomonas	B9014_Stenotrophomonas	0.6262	0.005	TRUE
B2217_Streptococcus	B9014_Stenotrophomonas	0.6223	0.0137	TRUE
B5810_Neisseria	B9014_Stenotrophomonas	0.5619	0.0137	TRUE
B2429_Allorhizobium-Neorhizobium-Pararhizobium-Rhizobium	B9014_Stenotrophomonas	0.4881	0.0235	TRUE
B2173_Streptococcus	B9014_Stenotrophomonas	0.5607	0.0433	TRUE
B1738_uncultured Termite group 1 bacterium	B9014_Stenotrophomonas	0.5526	0.0137	TRUE
B4404_Rothia	B9014_Stenotrophomonas	0.5384	0.0137	TRUE
B8177_Lautropia	B9014_Stenotrophomonas	0.4327	0.0334	TRUE
B182_f_Micrococcaceae	B9014_Stenotrophomonas	0.4478	0.0235	TRUE
B1319_Staphylococcus	B9014_Stenotrophomonas	0.5461	0.0334	TRUE
F2702_unidentified	B9014_Stenotrophomonas	0.4316	0.0433	TRUE
F339_f_Didymellaceae	B9014_Stenotrophomonas	0.5559	0.0235	TRUE
F810_Strelitziana	B9014_Stenotrophomonas	0.5677	0.019	TRUE
B21_Methylobacterium	B6825_Pseudomonas	0.5037	0.0433	TRUE
B1313_Escherichia-Shigella	B6825_Pseudomonas	0.6716	0.005	TRUE
B298_Burkholderia-Caballeronia-Paraburkholderia	B6825_Pseudomonas	0.5973	0.0235	TRUE
B9688_Xanthomonas	B6825_Pseudomonas	0.5338	0.0334	TRUE
B7_Curtobacterium	B6825_Pseudomonas	0.6797	0.0235	TRUE
F458_Endoxyla	B6825_Pseudomonas	0.492	0.0487	TRUE
F2541_unidentified	B6825_Pseudomonas	0.5086	0.0334	TRUE
F96_unidentified	B6825_Pseudomonas	0.5689	0.0388	TRUE
F1915_Phlebia	B6825_Pseudomonas	0.5923	0.0137	TRUE
F152_unidentified	B6825_Pseudomonas	0.5883	0.0137	TRUE
F27_Curvularia	B6825_Pseudomonas	0.5556	0.0297	TRUE
F1411_Annulohypoxylon	B6825_Pseudomonas	0.4954	0.0433	TRUE
F328_Phaeosphaeria	B6825_Pseudomonas	0.6658	0.005	TRUE
F1931_f_Chaetomiaceae	B6825_Pseudomonas	0.5507	0.0137	TRUE
B347_f_Enterobacteriaceae	B90_Variovorax	0.4819	0.0235	TRUE
B43_Sphingomonas	B90_Variovorax	0.5859	0.005	TRUE
B1027_Staphylococcus	B90_Variovorax	0.5373	0.0235	TRUE
F1972_unidentified	B90_Variovorax	0.543	0.005	TRUE
F98_f_Didymellaceae	B90_Variovorax	0.4584	0.0334	TRUE
B260_Pseudomonas	B6_Sphingomonas	0.6486	0.005	TRUE
B2217_Streptococcus	B6_Sphingomonas	0.7295	0.0137	TRUE
B5810_Neisseria	B6_Sphingomonas	0.6929	0.0137	TRUE
B2429_Allorhizobium-Neorhizobium-Pararhizobium-Rhizobium	B6_Sphingomonas	0.5636	0.0235	TRUE
B2173_Streptococcus	B6_Sphingomonas	0.6935	0.0137	TRUE
B5761_Abiotrophia	B6_Sphingomonas	0.7193	0.0137	TRUE
B1738_uncultured Termite group 1 bacterium	B6_Sphingomonas	0.6544	0.0137	TRUE
B12222_Capnocytophaga	B6_Sphingomonas	0.4507	0.0334	TRUE
B4404_Rothia	B6_Sphingomonas	0.6346	0.0137	TRUE
B8177_Lautropia	B6_Sphingomonas	0.5321	0.0235	TRUE
B10868_Parviterribacter	B6_Sphingomonas	0.4197	0.0433	TRUE
B1319_Staphylococcus	B6_Sphingomonas	0.5424	0.0235	TRUE
F2702_unidentified	B6_Sphingomonas	0.4799	0.0137	TRUE
F213_Yarrowia	B6_Sphingomonas	-0.5955	0.0198	FALSE
F339_f_Didymellaceae	B6_Sphingomonas	0.6462	0.0137	TRUE
F810_Strelitziana	B6_Sphingomonas	0.5957	0.0289	TRUE
F2752_unidentified	B6_Sphingomonas	0.4912	0.0334	TRUE
F3334_Rhodotorula	B6_Sphingomonas	0.5285	0.0334	TRUE
F643_Symmetrospora	B6_Sphingomonas	0.5562	0.0137	TRUE
B143_Bradyrhizobium	B37_Allorhizobium.Neorhizobium.Pararhizobium.Rhizobium	0.576	0.0388	TRUE
B5840_Ralstonia	B37_Allorhizobium.Neorhizobium.Pararhizobium.Rhizobium	0.5728	0.005	TRUE
B9_Methylobacterium	B37_Allorhizobium.Neorhizobium.Pararhizobium.Rhizobium	0.683	0.005	TRUE
B826_Enhydrobacter	B37_Allorhizobium.Neorhizobium.Pararhizobium.Rhizobium	0.5794	0.0334	TRUE
B56_Allorhizobium-Neorhizobium-Pararhizobium-Rhizobium	B37_Allorhizobium.Neorhizobium.Pararhizobium.Rhizobium	0.5924	0.0487	TRUE
B338_uncultured bacterium	B37_Allorhizobium.Neorhizobium.Pararhizobium.Rhizobium	0.5688	0.0137	TRUE
B3744_Corynebacterium	B37_Allorhizobium.Neorhizobium.Pararhizobium.Rhizobium	0.5462	0.0137	TRUE
B6381_Acinetobacter	B37_Allorhizobium.Neorhizobium.Pararhizobium.Rhizobium	0.629	0.0235	TRUE
B5351_Acinetobacter	B37_Allorhizobium.Neorhizobium.Pararhizobium.Rhizobium	0.6434	0.0235	TRUE
F3939_Preussia	B37_Allorhizobium.Neorhizobium.Pararhizobium.Rhizobium	0.44	0.0235	TRUE
F2297_Phyllactinia	B37_Allorhizobium.Neorhizobium.Pararhizobium.Rhizobium	0.5508	0.0137	TRUE
F773_Colletotrichum	B37_Allorhizobium.Neorhizobium.Pararhizobium.Rhizobium	0.5992	0.005	TRUE
B155_Flavisolibacter	B13743_f_TRA3.20	0.5324	0.0137	TRUE
B814_Sediminibacterium	B13743_f_TRA3.20	0.4748	0.0487	TRUE
B14_Burkholderia-Caballeronia-Paraburkholderia	B13743_f_TRA3.20	0.572	0.0433	TRUE
F449_unidentified	B13743_f_TRA3.20	0.4381	0.0334	TRUE
F2487_unidentified	B13743_f_TRA3.20	0.5568	0.0137	TRUE
F17_o_Pleosporales	B13743_f_TRA3.20	0.4837	0.0433	TRUE
F258_Nigrospora	B13743_f_TRA3.20	0.5621	0.005	TRUE
F1104_Periconia	B13743_f_TRA3.20	0.5653	0.005	TRUE
F297_Coniothyrium	B13743_f_TRA3.20	0.4849	0.0334	TRUE
F3995_Scytinostroma	B13743_f_TRA3.20	0.4135	0.0433	TRUE
F68_Pseudogymnoascus	B13743_f_TRA3.20	0.5106	0.0487	TRUE
F970_Resupinatus	B13743_f_TRA3.20	0.5406	0.005	TRUE
B2586_Stenotrophomonas	B143_Bradyrhizobium	0.4973	0.019	TRUE
B13862_Prevotella 7	B143_Bradyrhizobium	0.4738	0.0289	TRUE
B6381_Acinetobacter	B143_Bradyrhizobium	0.5005	0.0388	TRUE
B1027_Staphylococcus	B143_Bradyrhizobium	0.5512	0.0487	TRUE
B4_Pantoea	B143_Bradyrhizobium	0.6635	0.0198	TRUE
F98_f_Didymellaceae	B143_Bradyrhizobium	0.5307	0.0388	TRUE
B24_Bradyrhizobium	B26_Bradyrhizobium	-0.721	0.0297	FALSE
B3246_Sphingobacterium	B4422_Gemmata	0.5088	0.0137	TRUE
B11742_Turicibacter	B4422_Gemmata	0.4896	0.0235	TRUE
B3858_Corynebacterium 1	B4422_Gemmata	0.5985	0.0334	TRUE
B2785_Massilia	B4422_Gemmata	0.4835	0.0334	TRUE
B5111_Pseudomonas	B4422_Gemmata	0.5279	0.005	TRUE
B1475_uncultured bacterium	B4422_Gemmata	0.4822	0.0433	TRUE
B4811_Weissella	B4422_Gemmata	0.4783	0.0235	TRUE
F700_Trechispora	B4422_Gemmata	0.4607	0.0334	TRUE
F318_Saccharomyces	B4422_Gemmata	0.4915	0.0289	TRUE
F653_Penicillium	B4422_Gemmata	0.481	0.0487	TRUE
F545_Cutaneotrichosporon	B4422_Gemmata	0.5238	0.0289	TRUE
F53_Pyrenochaetopsis	B4422_Gemmata	0.62	0.0137	TRUE
F461_unidentified	B4422_Gemmata	0.5166	0.0289	TRUE
F3613_Penicillium	B4422_Gemmata	0.491	0.0235	TRUE
F2131_Erysiphe	B4422_Gemmata	0.5566	0.0235	TRUE
F689_Botryosphaeria	B4422_Gemmata	0.6033	0.0137	TRUE
F1397_f_Pyronemataceae	B4422_Gemmata	0.4381	0.0334	TRUE
B2217_Streptococcus	B260_Pseudomonas	0.7279	0.005	TRUE
B5810_Neisseria	B260_Pseudomonas	0.6479	0.0137	TRUE
B2429_Allorhizobium-Neorhizobium-Pararhizobium-Rhizobium	B260_Pseudomonas	0.6183	0.0235	TRUE
B2173_Streptococcus	B260_Pseudomonas	0.6457	0.0137	TRUE
B7798_Corynebacterium 1	B260_Pseudomonas	0.5003	0.0334	TRUE
B5761_Abiotrophia	B260_Pseudomonas	0.6044	0.0433	TRUE
B1738_uncultured Termite group 1 bacterium	B260_Pseudomonas	0.6165	0.0334	TRUE
B4404_Rothia	B260_Pseudomonas	0.5494	0.0433	TRUE
B8177_Lautropia	B260_Pseudomonas	0.5607	0.005	TRUE
B182_f_Micrococcaceae	B260_Pseudomonas	0.507	0.0433	TRUE
B1319_Staphylococcus	B260_Pseudomonas	0.6009	0.0334	TRUE
F2702_unidentified	B260_Pseudomonas	0.5184	0.0334	TRUE
F213_Yarrowia	B260_Pseudomonas	-0.6088	0.0297	FALSE
F3318_Erysiphe	B260_Pseudomonas	0.4089	0.0235	TRUE
F339_f_Didymellaceae	B260_Pseudomonas	0.6341	0.0137	TRUE
F308_Curvularia	B260_Pseudomonas	0.4126	0.0433	TRUE
F810_Strelitziana	B260_Pseudomonas	0.5659	0.0487	TRUE
F2752_unidentified	B260_Pseudomonas	0.4844	0.0334	TRUE
F643_Symmetrospora	B260_Pseudomonas	0.5273	0.0235	TRUE
B2586_Stenotrophomonas	B5840_Ralstonia	0.5064	0.0334	TRUE
B9_Methylobacterium	B5840_Ralstonia	0.4974	0.0433	TRUE
B826_Enhydrobacter	B5840_Ralstonia	0.5532	0.005	TRUE
B338_uncultured bacterium	B5840_Ralstonia	0.3962	0.0235	TRUE
B3744_Corynebacterium	B5840_Ralstonia	0.5281	0.0235	TRUE
B6381_Acinetobacter	B5840_Ralstonia	0.5428	0.0137	TRUE
B5351_Acinetobacter	B5840_Ralstonia	0.5495	0.005	TRUE
F2297_Phyllactinia	B5840_Ralstonia	0.555	0.0235	TRUE
B9_Methylobacterium	B2586_Stenotrophomonas	0.597	0.005	TRUE
B826_Enhydrobacter	B2586_Stenotrophomonas	0.4841	0.0137	TRUE
B56_Allorhizobium-Neorhizobium-Pararhizobium-Rhizobium	B2586_Stenotrophomonas	0.488	0.0289	TRUE
B3744_Corynebacterium	B2586_Stenotrophomonas	0.5421	0.0334	TRUE
B6381_Acinetobacter	B2586_Stenotrophomonas	0.5303	0.0137	TRUE
B5351_Acinetobacter	B2586_Stenotrophomonas	0.6224	0.005	TRUE
F773_Colletotrichum	B2586_Stenotrophomonas	0.4557	0.0433	TRUE
B7792_Stenotrophomonas	B210_Ralstonia	0.5284	0.0388	TRUE
B553_Devosia	B210_Ralstonia	0.4917	0.0388	TRUE
B119_Acidibacter	B210_Ralstonia	0.4645	0.0487	TRUE
B5765_Cellulomonas	B210_Ralstonia	0.5009	0.0388	TRUE
F61_o_Pleosporales	B210_Ralstonia	0.6671	0.0198	TRUE
F2020_unidentified	B210_Ralstonia	0.5063	0.0487	TRUE
F112_Paraphaeosphaeria	B210_Ralstonia	0.6705	0.0297	TRUE
F1721_Ascotricha	B210_Ralstonia	0.5084	0.0388	TRUE
F22_Setophoma	B210_Ralstonia	0.5891	0.0198	TRUE
B7094_Cyanobium PCC-6307	B3246_Sphingobacterium	0.3792	0.0433	TRUE
B3858_Corynebacterium 1	B3246_Sphingobacterium	0.5393	0.0235	TRUE
B5111_Pseudomonas	B3246_Sphingobacterium	0.5399	0.0235	TRUE
B1017_Clostridium sensu stricto 3	B3246_Sphingobacterium	0.4605	0.0487	TRUE
B4811_Weissella	B3246_Sphingobacterium	0.4694	0.0137	TRUE
F2131_Erysiphe	B3246_Sphingobacterium	0.5014	0.0235	TRUE
F689_Botryosphaeria	B3246_Sphingobacterium	0.5494	0.005	TRUE
B3858_Corynebacterium 1	B11742_Turicibacter	0.5798	0.0235	TRUE
B5111_Pseudomonas	B11742_Turicibacter	0.5623	0.0334	TRUE
B4811_Weissella	B11742_Turicibacter	0.4685	0.0235	TRUE
F700_Trechispora	B11742_Turicibacter	0.5106	0.0334	TRUE
F37_unidentified	B11742_Turicibacter	0.4622	0.0487	TRUE
F318_Saccharomyces	B11742_Turicibacter	0.4945	0.019	TRUE
F53_Pyrenochaetopsis	B11742_Turicibacter	0.5362	0.0235	TRUE
F461_unidentified	B11742_Turicibacter	0.5249	0.0289	TRUE
F2131_Erysiphe	B11742_Turicibacter	0.5006	0.0433	TRUE
F1397_f_Pyronemataceae	B11742_Turicibacter	0.4479	0.0334	TRUE
B269_Pseudomonas	B153_Ralstonia	0.6296	0.0235	TRUE
B12246_Nocardioides	B153_Ralstonia	0.4586	0.0235	TRUE
B4469_Spirosoma	B153_Ralstonia	0.5727	0.0235	TRUE
F160_Cladosporium	B153_Ralstonia	0.4511	0.0433	TRUE
F1499_unidentified	B153_Ralstonia	0.4823	0.0433	TRUE
B24_Bradyrhizobium	B919_f_Burkholderiaceae	0.6318	0.0396	TRUE
F131_unidentified	B919_f_Burkholderiaceae	0.7918	0.0198	TRUE
F137_Malassezia	B919_f_Burkholderiaceae	0.6672	0.0198	TRUE
F190_Irpex	B919_f_Burkholderiaceae	0.728	0.0297	TRUE
B826_Enhydrobacter	B9_Methylobacterium	0.6016	0.005	TRUE
B338_uncultured bacterium	B9_Methylobacterium	0.4685	0.0235	TRUE
B3744_Corynebacterium	B9_Methylobacterium	0.6228	0.0137	TRUE
B6381_Acinetobacter	B9_Methylobacterium	0.6719	0.005	TRUE
B5351_Acinetobacter	B9_Methylobacterium	0.6552	0.0235	TRUE
F3939_Preussia	B9_Methylobacterium	0.4623	0.0433	TRUE
F773_Colletotrichum	B9_Methylobacterium	0.5295	0.0235	TRUE
B6766_Clostridium sensu stricto 8	B347_f_Enterobacteriaceae	0.5398	0.0137	TRUE
B13862_Prevotella 7	B347_f_Enterobacteriaceae	0.4528	0.0334	TRUE
B43_Sphingomonas	B347_f_Enterobacteriaceae	0.7523	0.005	TRUE
B1027_Staphylococcus	B347_f_Enterobacteriaceae	0.6019	0.0137	TRUE
F1972_unidentified	B347_f_Enterobacteriaceae	0.6316	0.0235	TRUE
F2_Nigrospora	B347_f_Enterobacteriaceae	-0.7093	0.0198	FALSE
F98_f_Didymellaceae	B347_f_Enterobacteriaceae	0.6382	0.0235	TRUE
F10_Guehomyces	B347_f_Enterobacteriaceae	0.4481	0.0334	TRUE
F824_Torula	B347_f_Enterobacteriaceae	0.5567	0.0289	TRUE
B269_Pseudomonas	B989_Staphylococcus	0.5452	0.0289	TRUE
B12246_Nocardioides	B989_Staphylococcus	0.512	0.019	TRUE
B4469_Spirosoma	B989_Staphylococcus	0.5681	0.019	TRUE
B4_Pantoea	B989_Staphylococcus	0.622	0.0099	TRUE
F52_Psilocybe	B989_Staphylococcus	0.385	0.0487	TRUE
F120_Sporobolomyces	B989_Staphylococcus	0.579	0.0495	TRUE
F5_Alternaria	B989_Staphylococcus	0.5145	0.0495	TRUE
B4858_Corynebacterium 1	B155_Flavisolibacter	0.5387	0.0334	TRUE
B14_Burkholderia-Caballeronia-Paraburkholderia	B155_Flavisolibacter	0.6441	0.005	TRUE
B369_Stenotrophomonas	B155_Flavisolibacter	0.5967	0.005	TRUE
F758_unidentified	B155_Flavisolibacter	0.4726	0.0334	TRUE
F3288_o_NA	B155_Flavisolibacter	0.4888	0.0433	TRUE
F17_o_Pleosporales	B155_Flavisolibacter	0.5606	0.0137	TRUE
F258_Nigrospora	B155_Flavisolibacter	0.6009	0.0137	TRUE
F3_Moesziomyces	B155_Flavisolibacter	0.4931	0.0296	TRUE
F638_Ceriporia	B155_Flavisolibacter	0.4232	0.0433	TRUE
F280_o_Polyporales	B155_Flavisolibacter	0.4583	0.0433	TRUE
F1104_Periconia	B155_Flavisolibacter	0.5836	0.005	TRUE
F297_Coniothyrium	B155_Flavisolibacter	0.551	0.0235	TRUE
F3995_Scytinostroma	B155_Flavisolibacter	0.4856	0.0433	TRUE
F970_Resupinatus	B155_Flavisolibacter	0.6033	0.0137	TRUE
B5111_Pseudomonas	B7094_Cyanobium.PCC.6307	0.5431	0.0235	TRUE
B1475_uncultured bacterium	B7094_Cyanobium.PCC.6307	0.4758	0.0137	TRUE
B4811_Weissella	B7094_Cyanobium.PCC.6307	0.4439	0.0433	TRUE
F700_Trechispora	B7094_Cyanobium.PCC.6307	0.5529	0.005	TRUE
F2131_Erysiphe	B7094_Cyanobium.PCC.6307	0.521	0.0334	TRUE
F689_Botryosphaeria	B7094_Cyanobium.PCC.6307	0.5882	0.0235	TRUE
F250_Pseudopithomyces	B7094_Cyanobium.PCC.6307	0.5131	0.0388	TRUE
B3211_Pseudomonas	B437_Escherichia.Shigella	0.7442	0.0137	TRUE
B54_uncultured	B437_Escherichia.Shigella	-0.8389	0.0198	FALSE
B3301_Staphylococcus	B437_Escherichia.Shigella	0.7031	0.0235	TRUE
B587_Alicycliphilus	B437_Escherichia.Shigella	0.7365	0.005	TRUE
B12694_Luteimonas	B437_Escherichia.Shigella	0.5398	0.0433	TRUE
B8180_Corynebacterium 1	B437_Escherichia.Shigella	0.5852	0.0137	TRUE
F131_unidentified	B437_Escherichia.Shigella	-0.5557	0.0396	FALSE
F1711_unidentified	B437_Escherichia.Shigella	0.6615	0.0137	TRUE
F193_unidentified	B437_Escherichia.Shigella	0.5555	0.0334	TRUE
F545_Cutaneotrichosporon	B437_Escherichia.Shigella	0.561	0.0289	TRUE
F1074_Hyphoderma	B437_Escherichia.Shigella	0.5775	0.0235	TRUE
F16_Pyricularia	B437_Escherichia.Shigella	0.6697	0.0197	TRUE
F4_o_Pleosporales	B437_Escherichia.Shigella	0.7647	0.0137	TRUE
F366_Colletotrichum	B437_Escherichia.Shigella	0.6513	0.005	TRUE
F1207_f_Glomerellaceae	B437_Escherichia.Shigella	0.5474	0.0433	TRUE
B54_uncultured	B3211_Pseudomonas	-0.7951	0.0198	FALSE
B266_Allorhizobium-Neorhizobium-Pararhizobium-Rhizobium	B3211_Pseudomonas	0.5454	0.0289	TRUE
B3301_Staphylococcus	B3211_Pseudomonas	0.6842	0.005	TRUE
B587_Alicycliphilus	B3211_Pseudomonas	0.6874	0.0235	TRUE
B12694_Luteimonas	B3211_Pseudomonas	0.534	0.0334	TRUE
B8180_Corynebacterium 1	B3211_Pseudomonas	0.5715	0.0137	TRUE
F106_unidentified	B3211_Pseudomonas	0.5901	0.019	TRUE
F1711_unidentified	B3211_Pseudomonas	0.5732	0.0334	TRUE
F193_unidentified	B3211_Pseudomonas	0.5432	0.0235	TRUE
F16_Pyricularia	B3211_Pseudomonas	0.659	0.0395	TRUE
F1136_unidentified	B3211_Pseudomonas	0.5427	0.0334	TRUE
F4_o_Pleosporales	B3211_Pseudomonas	0.6824	0.005	TRUE
F366_Colletotrichum	B3211_Pseudomonas	0.6018	0.0235	TRUE
F1207_f_Glomerellaceae	B3211_Pseudomonas	0.5427	0.0334	TRUE
B266_Allorhizobium-Neorhizobium-Pararhizobium-Rhizobium	B54_uncultured	-0.6679	0.0396	FALSE
B3301_Staphylococcus	B54_uncultured	-0.7861	0.0099	FALSE
B587_Alicycliphilus	B54_uncultured	-0.8337	0.0099	FALSE
B8180_Corynebacterium 1	B54_uncultured	-0.7076	0.0495	FALSE
B237_f_Micrococcaceae	B54_uncultured	-0.5437	0.0396	FALSE
B1643_uncultured eubacterium WD264	B54_uncultured	-0.4345	0.0495	FALSE
F106_unidentified	B54_uncultured	-0.6807	0.0297	FALSE
F1711_unidentified	B54_uncultured	-0.7291	0.0198	FALSE
F193_unidentified	B54_uncultured	-0.6648	0.0198	FALSE
F1074_Hyphoderma	B54_uncultured	-0.5714	0.0396	FALSE
F16_Pyricularia	B54_uncultured	-0.694	0.0297	FALSE
F1136_unidentified	B54_uncultured	-0.5601	0.0297	FALSE
F4_o_Pleosporales	B54_uncultured	-0.7639	0.0396	FALSE
F366_Colletotrichum	B54_uncultured	-0.7252	0.0198	FALSE
B3301_Staphylococcus	B266_Allorhizobium.Neorhizobium.Pararhizobium.Rhizobium	0.5064	0.0388	TRUE
B77_Allorhizobium-Neorhizobium-Pararhizobium-Rhizobium	B266_Allorhizobium.Neorhizobium.Pararhizobium.Rhizobium	0.5564	0.0495	TRUE
B587_Alicycliphilus	B266_Allorhizobium.Neorhizobium.Pararhizobium.Rhizobium	0.641	0.0091	TRUE
B8180_Corynebacterium 1	B266_Allorhizobium.Neorhizobium.Pararhizobium.Rhizobium	0.5553	0.0388	TRUE
B3_Sphingomonas	B266_Allorhizobium.Neorhizobium.Pararhizobium.Rhizobium	0.6781	0.0495	TRUE
F106_unidentified	B266_Allorhizobium.Neorhizobium.Pararhizobium.Rhizobium	0.7381	0.0098	TRUE
F391_Nigrospora	B266_Allorhizobium.Neorhizobium.Pararhizobium.Rhizobium	0.7606	0.0099	TRUE
F4_o_Pleosporales	B266_Allorhizobium.Neorhizobium.Pararhizobium.Rhizobium	0.5512	0.0289	TRUE
F339_f_Didymellaceae	B266_Allorhizobium.Neorhizobium.Pararhizobium.Rhizobium	0.4661	0.0388	TRUE
F2752_unidentified	B266_Allorhizobium.Neorhizobium.Pararhizobium.Rhizobium	0.4351	0.0289	TRUE
B553_Devosia	B7792_Stenotrophomonas	0.6189	0.0137	TRUE
B119_Acidibacter	B7792_Stenotrophomonas	0.5823	0.0235	TRUE
B10331_Thermincola	B7792_Stenotrophomonas	0.5515	0.0334	TRUE
B2089_Rubrobacter	B7792_Stenotrophomonas	0.5126	0.0235	TRUE
B5765_Cellulomonas	B7792_Stenotrophomonas	0.6568	0.0137	TRUE
B6025_Pseudomonas	B7792_Stenotrophomonas	0.6678	0.0433	TRUE
B307_Bacillus	B7792_Stenotrophomonas	0.5363	0.0388	TRUE
F115_unidentified	B7792_Stenotrophomonas	0.5158	0.0289	TRUE
F2020_unidentified	B7792_Stenotrophomonas	0.6598	0.005	TRUE
F2208_o_Pleosporales	B7792_Stenotrophomonas	0.5392	0.0137	TRUE
F112_Paraphaeosphaeria	B7792_Stenotrophomonas	0.6342	0.0495	TRUE
F6_Cladosporium	B7792_Stenotrophomonas	-0.6151	0.0297	FALSE
F1721_Ascotricha	B7792_Stenotrophomonas	0.573	0.0235	TRUE
F334_Plectosphaerella	B7792_Stenotrophomonas	0.5581	0.0235	TRUE
F178_Schizopora	B7792_Stenotrophomonas	0.566	0.0137	TRUE
F570_Colletotrichum	B7792_Stenotrophomonas	0.6281	0.0487	TRUE
F3338_Lasiodiplodia	B7792_Stenotrophomonas	0.5115	0.0137	TRUE
B338_uncultured bacterium	B826_Enhydrobacter	0.4846	0.0235	TRUE
B3744_Corynebacterium	B826_Enhydrobacter	0.4588	0.0433	TRUE
B6381_Acinetobacter	B826_Enhydrobacter	0.5751	0.0334	TRUE
B5351_Acinetobacter	B826_Enhydrobacter	0.5871	0.0235	TRUE
F135_o_Pleosporales	B826_Enhydrobacter	0.4686	0.0388	TRUE
F12_o_Pleosporales	B826_Enhydrobacter	0.518	0.0396	TRUE
F1486_Rosellinia	B826_Enhydrobacter	0.4119	0.0235	TRUE
B636_Curtobacterium	B269_Pseudomonas	0.566	0.0388	TRUE
B12246_Nocardioides	B269_Pseudomonas	0.5523	0.005	TRUE
B4469_Spirosoma	B269_Pseudomonas	0.7092	0.0137	TRUE
F52_Psilocybe	B269_Pseudomonas	0.502	0.0137	TRUE
F120_Sporobolomyces	B269_Pseudomonas	0.5645	0.0296	TRUE
F487_Filobasidium	B269_Pseudomonas	0.5736	0.005	TRUE
F160_Cladosporium	B269_Pseudomonas	0.5521	0.0137	TRUE
F1499_unidentified	B269_Pseudomonas	0.4889	0.0334	TRUE
B5810_Neisseria	B2217_Streptococcus	0.6554	0.0235	TRUE
B2429_Allorhizobium-Neorhizobium-Pararhizobium-Rhizobium	B2217_Streptococcus	0.5748	0.0235	TRUE
B2173_Streptococcus	B2217_Streptococcus	0.6515	0.005	TRUE
B7798_Corynebacterium 1	B2217_Streptococcus	0.4935	0.005	TRUE
B5761_Abiotrophia	B2217_Streptococcus	0.6991	0.0137	TRUE
B1738_uncultured Termite group 1 bacterium	B2217_Streptococcus	0.6268	0.0137	TRUE
B12222_Capnocytophaga	B2217_Streptococcus	0.48	0.0334	TRUE
B4404_Rothia	B2217_Streptococcus	0.5707	0.005	TRUE
B8177_Lautropia	B2217_Streptococcus	0.5442	0.0235	TRUE
B182_f_Micrococcaceae	B2217_Streptococcus	0.5479	0.005	TRUE
B1319_Staphylococcus	B2217_Streptococcus	0.6444	0.0433	TRUE
F2702_unidentified	B2217_Streptococcus	0.4888	0.0433	TRUE
F213_Yarrowia	B2217_Streptococcus	-0.6865	0.0198	FALSE
F3318_Erysiphe	B2217_Streptococcus	0.5011	0.0334	TRUE
F339_f_Didymellaceae	B2217_Streptococcus	0.6004	0.0235	TRUE
F308_Curvularia	B2217_Streptococcus	0.4007	0.0433	TRUE
F810_Strelitziana	B2217_Streptococcus	0.5852	0.0289	TRUE
F2752_unidentified	B2217_Streptococcus	0.5234	0.0334	TRUE
F228_Purpureocillium	B2217_Streptococcus	-0.5309	0.0396	FALSE
F3334_Rhodotorula	B2217_Streptococcus	0.4623	0.0334	TRUE
F643_Symmetrospora	B2217_Streptococcus	0.4867	0.0433	TRUE
B2429_Allorhizobium-Neorhizobium-Pararhizobium-Rhizobium	B5810_Neisseria	0.6266	0.0137	TRUE
B2173_Streptococcus	B5810_Neisseria	0.6312	0.0137	TRUE
B7798_Corynebacterium 1	B5810_Neisseria	0.4786	0.0137	TRUE
B5761_Abiotrophia	B5810_Neisseria	0.6248	0.0137	TRUE
B1738_uncultured Termite group 1 bacterium	B5810_Neisseria	0.577	0.0334	TRUE
B12222_Capnocytophaga	B5810_Neisseria	0.5174	0.0137	TRUE
B4404_Rothia	B5810_Neisseria	0.6263	0.0235	TRUE
B8177_Lautropia	B5810_Neisseria	0.5692	0.0137	TRUE
B182_f_Micrococcaceae	B5810_Neisseria	0.5564	0.0137	TRUE
B1319_Staphylococcus	B5810_Neisseria	0.5954	0.0334	TRUE
F339_f_Didymellaceae	B5810_Neisseria	0.5664	0.0137	TRUE
F308_Curvularia	B5810_Neisseria	0.4543	0.0235	TRUE
F810_Strelitziana	B5810_Neisseria	0.5604	0.0487	TRUE
B1313_Escherichia-Shigella	B21_Methylobacterium	0.5858	0.0137	TRUE
B298_Burkholderia-Caballeronia-Paraburkholderia	B21_Methylobacterium	0.5354	0.005	TRUE
B9688_Xanthomonas	B21_Methylobacterium	0.5189	0.0334	TRUE
B7_Curtobacterium	B21_Methylobacterium	0.4911	0.0235	TRUE
F2541_unidentified	B21_Methylobacterium	0.4205	0.0433	TRUE
F152_unidentified	B21_Methylobacterium	0.4972	0.0334	TRUE
F242_unidentified	B21_Methylobacterium	0.4236	0.0433	TRUE
F27_Curvularia	B21_Methylobacterium	0.4995	0.0495	TRUE
F328_Phaeosphaeria	B21_Methylobacterium	0.5726	0.0334	TRUE
F199_Aureobasidium	B21_Methylobacterium	0.4759	0.0487	TRUE
B2173_Streptococcus	B2429_Allorhizobium.Neorhizobium.Pararhizobium.Rhizobium	0.5853	0.0137	TRUE
B7798_Corynebacterium 1	B2429_Allorhizobium.Neorhizobium.Pararhizobium.Rhizobium	0.5234	0.005	TRUE
B5761_Abiotrophia	B2429_Allorhizobium.Neorhizobium.Pararhizobium.Rhizobium	0.5393	0.0433	TRUE
B1738_uncultured Termite group 1 bacterium	B2429_Allorhizobium.Neorhizobium.Pararhizobium.Rhizobium	0.4733	0.0235	TRUE
B12222_Capnocytophaga	B2429_Allorhizobium.Neorhizobium.Pararhizobium.Rhizobium	0.518	0.0137	TRUE
B4404_Rothia	B2429_Allorhizobium.Neorhizobium.Pararhizobium.Rhizobium	0.5351	0.0137	TRUE
B8177_Lautropia	B2429_Allorhizobium.Neorhizobium.Pararhizobium.Rhizobium	0.5271	0.0235	TRUE
B10868_Parviterribacter	B2429_Allorhizobium.Neorhizobium.Pararhizobium.Rhizobium	0.4271	0.0334	TRUE
B182_f_Micrococcaceae	B2429_Allorhizobium.Neorhizobium.Pararhizobium.Rhizobium	0.494	0.0137	TRUE
B1319_Staphylococcus	B2429_Allorhizobium.Neorhizobium.Pararhizobium.Rhizobium	0.5346	0.0235	TRUE
F2702_unidentified	B2429_Allorhizobium.Neorhizobium.Pararhizobium.Rhizobium	0.4895	0.0334	TRUE
F213_Yarrowia	B2429_Allorhizobium.Neorhizobium.Pararhizobium.Rhizobium	-0.5729	0.0396	FALSE
F339_f_Didymellaceae	B2429_Allorhizobium.Neorhizobium.Pararhizobium.Rhizobium	0.5299	0.0137	TRUE
F308_Curvularia	B2429_Allorhizobium.Neorhizobium.Pararhizobium.Rhizobium	0.4332	0.0235	TRUE
F3334_Rhodotorula	B2429_Allorhizobium.Neorhizobium.Pararhizobium.Rhizobium	0.4748	0.0334	TRUE
B43_Sphingomonas	B6766_Clostridium.sensu.stricto.8	0.5772	0.0235	TRUE
B1027_Staphylococcus	B6766_Clostridium.sensu.stricto.8	0.4777	0.0137	TRUE
F1972_unidentified	B6766_Clostridium.sensu.stricto.8	0.5574	0.0137	TRUE
F2_Nigrospora	B6766_Clostridium.sensu.stricto.8	-0.526	0.0495	FALSE
F98_f_Didymellaceae	B6766_Clostridium.sensu.stricto.8	0.5496	0.005	TRUE
F316_Dioszegia	B6766_Clostridium.sensu.stricto.8	0.4885	0.0388	TRUE
F131_unidentified	B24_Bradyrhizobium	0.6555	0.0396	TRUE
F700_Trechispora	B24_Bradyrhizobium	0.4883	0.0487	TRUE
F2020_unidentified	B24_Bradyrhizobium	0.4719	0.019	TRUE
F2208_o_Pleosporales	B24_Bradyrhizobium	0.4788	0.0388	TRUE
F318_Saccharomyces	B24_Bradyrhizobium	0.6443	0.0098	TRUE
F334_Plectosphaerella	B24_Bradyrhizobium	0.4901	0.0487	TRUE
F689_Botryosphaeria	B24_Bradyrhizobium	0.5764	0.0388	TRUE
F3338_Lasiodiplodia	B24_Bradyrhizobium	0.443	0.0388	TRUE
B7798_Corynebacterium 1	B2173_Streptococcus	0.5305	0.0137	TRUE
B5761_Abiotrophia	B2173_Streptococcus	0.6705	0.0137	TRUE
B1738_uncultured Termite group 1 bacterium	B2173_Streptococcus	0.5926	0.0334	TRUE
B12222_Capnocytophaga	B2173_Streptococcus	0.513	0.0137	TRUE
B4404_Rothia	B2173_Streptococcus	0.5969	0.0137	TRUE
B8177_Lautropia	B2173_Streptococcus	0.5564	0.005	TRUE
B182_f_Micrococcaceae	B2173_Streptococcus	0.498	0.005	TRUE
B1319_Staphylococcus	B2173_Streptococcus	0.6137	0.005	TRUE
F2702_unidentified	B2173_Streptococcus	0.478	0.0137	TRUE
F213_Yarrowia	B2173_Streptococcus	-0.6409	0.0297	FALSE
F339_f_Didymellaceae	B2173_Streptococcus	0.5577	0.0334	TRUE
F308_Curvularia	B2173_Streptococcus	0.5042	0.0334	TRUE
F810_Strelitziana	B2173_Streptococcus	0.6264	0.0388	TRUE
F2752_unidentified	B2173_Streptococcus	0.5502	0.005	TRUE
F3334_Rhodotorula	B2173_Streptococcus	0.4824	0.0137	TRUE
F643_Symmetrospora	B2173_Streptococcus	0.4478	0.0334	TRUE
B1738_uncultured Termite group 1 bacterium	B7798_Corynebacterium.1	0.4573	0.0433	TRUE
B4404_Rothia	B7798_Corynebacterium.1	0.4678	0.0235	TRUE
B182_f_Micrococcaceae	B7798_Corynebacterium.1	0.5028	0.0137	TRUE
B1319_Staphylococcus	B7798_Corynebacterium.1	0.4786	0.0433	TRUE
F213_Yarrowia	B7798_Corynebacterium.1	-0.4805	0.0396	FALSE
F339_f_Didymellaceae	B7798_Corynebacterium.1	0.453	0.0334	TRUE
B587_Alicycliphilus	B3301_Staphylococcus	0.6764	0.0137	TRUE
B8180_Corynebacterium 1	B3301_Staphylococcus	0.5796	0.0334	TRUE
B237_f_Micrococcaceae	B3301_Staphylococcus	0.4929	0.005	TRUE
F1711_unidentified	B3301_Staphylococcus	0.6258	0.0137	TRUE
F193_unidentified	B3301_Staphylococcus	0.5421	0.0235	TRUE
F16_Pyricularia	B3301_Staphylococcus	0.6417	0.0395	TRUE
F4_o_Pleosporales	B3301_Staphylococcus	0.6557	0.0137	TRUE
F366_Colletotrichum	B3301_Staphylococcus	0.6037	0.0137	TRUE
F1207_f_Glomerellaceae	B3301_Staphylococcus	0.4721	0.0433	TRUE
B1738_uncultured Termite group 1 bacterium	B5761_Abiotrophia	0.5652	0.0334	TRUE
B4404_Rothia	B5761_Abiotrophia	0.6082	0.0334	TRUE
B8177_Lautropia	B5761_Abiotrophia	0.5261	0.0137	TRUE
B182_f_Micrococcaceae	B5761_Abiotrophia	0.5136	0.0235	TRUE
B1319_Staphylococcus	B5761_Abiotrophia	0.6417	0.0137	TRUE
F2702_unidentified	B5761_Abiotrophia	0.5347	0.0334	TRUE
F213_Yarrowia	B5761_Abiotrophia	-0.5652	0.0495	FALSE
F3318_Erysiphe	B5761_Abiotrophia	0.4913	0.0433	TRUE
F339_f_Didymellaceae	B5761_Abiotrophia	0.5759	0.0137	TRUE
F308_Curvularia	B5761_Abiotrophia	0.4127	0.0235	TRUE
F810_Strelitziana	B5761_Abiotrophia	0.553	0.0289	TRUE
F2752_unidentified	B5761_Abiotrophia	0.5058	0.0137	TRUE
F3334_Rhodotorula	B5761_Abiotrophia	0.4568	0.0433	TRUE
B119_Acidibacter	B553_Devosia	0.4988	0.0235	TRUE
B2089_Rubrobacter	B553_Devosia	0.4489	0.0334	TRUE
B5765_Cellulomonas	B553_Devosia	0.5881	0.0334	TRUE
B6025_Pseudomonas	B553_Devosia	0.6199	0.0235	TRUE
F723_unidentified	B553_Devosia	0.3882	0.0487	TRUE
F115_unidentified	B553_Devosia	0.4979	0.0388	TRUE
F2020_unidentified	B553_Devosia	0.5721	0.005	TRUE
F2208_o_Pleosporales	B553_Devosia	0.5353	0.0137	TRUE
F658_Candida	B553_Devosia	0.5148	0.0388	TRUE
F112_Paraphaeosphaeria	B553_Devosia	0.5783	0.0495	TRUE
F1270_o_NA	B553_Devosia	0.4231	0.0433	TRUE
F6_Cladosporium	B553_Devosia	-0.5724	0.0099	FALSE
F1721_Ascotricha	B553_Devosia	0.5343	0.0334	TRUE
F334_Plectosphaerella	B553_Devosia	0.5554	0.005	TRUE
F178_Schizopora	B553_Devosia	0.5353	0.0235	TRUE
F570_Colletotrichum	B553_Devosia	0.5318	0.019	TRUE
B5111_Pseudomonas	B3858_Corynebacterium.1	0.5957	0.0334	TRUE
B1475_uncultured bacterium	B3858_Corynebacterium.1	0.4054	0.0433	TRUE
B1017_Clostridium sensu stricto 3	B3858_Corynebacterium.1	0.5058	0.0289	TRUE
B4811_Weissella	B3858_Corynebacterium.1	0.4731	0.0334	TRUE
F700_Trechispora	B3858_Corynebacterium.1	0.5535	0.0433	TRUE
F53_Pyrenochaetopsis	B3858_Corynebacterium.1	0.5641	0.0137	TRUE
F461_unidentified	B3858_Corynebacterium.1	0.5052	0.0487	TRUE
F3613_Penicillium	B3858_Corynebacterium.1	0.6268	0.0137	TRUE
F689_Botryosphaeria	B3858_Corynebacterium.1	0.5943	0.0137	TRUE
F482_Pichia	B3858_Corynebacterium.1	0.4511	0.0433	TRUE
F1397_f_Pyronemataceae	B3858_Corynebacterium.1	0.4827	0.0334	TRUE
B10331_Thermincola	B119_Acidibacter	0.4675	0.0334	TRUE
B2089_Rubrobacter	B119_Acidibacter	0.463	0.0334	TRUE
B5765_Cellulomonas	B119_Acidibacter	0.5432	0.0137	TRUE
B6025_Pseudomonas	B119_Acidibacter	0.6175	0.005	TRUE
B307_Bacillus	B119_Acidibacter	0.5095	0.0487	TRUE
F115_unidentified	B119_Acidibacter	0.5239	0.0487	TRUE
F2020_unidentified	B119_Acidibacter	0.5753	0.005	TRUE
F112_Paraphaeosphaeria	B119_Acidibacter	0.5884	0.0297	TRUE
F1270_o_NA	B119_Acidibacter	0.4275	0.0235	TRUE
F178_Schizopora	B119_Acidibacter	0.5543	0.0137	TRUE
F570_Colletotrichum	B119_Acidibacter	0.5131	0.0388	TRUE
F106_unidentified	B77_Allorhizobium.Neorhizobium.Pararhizobium.Rhizobium	0.6076	0.0495	TRUE
F653_Penicillium	B77_Allorhizobium.Neorhizobium.Pararhizobium.Rhizobium	0.6338	0.0099	TRUE
F391_Nigrospora	B77_Allorhizobium.Neorhizobium.Pararhizobium.Rhizobium	0.6676	0.0495	TRUE
F191_f_Didymellaceae	B77_Allorhizobium.Neorhizobium.Pararhizobium.Rhizobium	-0.6088	0.0396	FALSE
B4404_Rothia	B1738_uncultured.Termite.group.1.bacterium	0.495	0.0433	TRUE
B182_f_Micrococcaceae	B1738_uncultured.Termite.group.1.bacterium	0.4875	0.0334	TRUE
B1319_Staphylococcus	B1738_uncultured.Termite.group.1.bacterium	0.5581	0.0235	TRUE
F2702_unidentified	B1738_uncultured.Termite.group.1.bacterium	0.4715	0.0334	TRUE
F213_Yarrowia	B1738_uncultured.Termite.group.1.bacterium	-0.5603	0.0297	FALSE
F339_f_Didymellaceae	B1738_uncultured.Termite.group.1.bacterium	0.5395	0.0334	TRUE
F308_Curvularia	B1738_uncultured.Termite.group.1.bacterium	0.4306	0.0433	TRUE
F810_Strelitziana	B1738_uncultured.Termite.group.1.bacterium	0.5474	0.019	TRUE
F643_Symmetrospora	B1738_uncultured.Termite.group.1.bacterium	0.4905	0.0137	TRUE
B5111_Pseudomonas	B2785_Massilia	0.4597	0.0235	TRUE
F700_Trechispora	B2785_Massilia	0.4633	0.0433	TRUE
F545_Cutaneotrichosporon	B2785_Massilia	0.4346	0.0388	TRUE
F3613_Penicillium	B2785_Massilia	0.4702	0.0235	TRUE
F2131_Erysiphe	B2785_Massilia	0.4105	0.0433	TRUE
F689_Botryosphaeria	B2785_Massilia	0.464	0.0433	TRUE
B1017_Clostridium sensu stricto 3	B5111_Pseudomonas	0.4979	0.0487	TRUE
B4811_Weissella	B5111_Pseudomonas	0.5277	0.005	TRUE
F700_Trechispora	B5111_Pseudomonas	0.6503	0.0137	TRUE
F318_Saccharomyces	B5111_Pseudomonas	0.5325	0.019	TRUE
F53_Pyrenochaetopsis	B5111_Pseudomonas	0.5948	0.0235	TRUE
F461_unidentified	B5111_Pseudomonas	0.5463	0.019	TRUE
F3613_Penicillium	B5111_Pseudomonas	0.5839	0.005	TRUE
F689_Botryosphaeria	B5111_Pseudomonas	0.6808	0.0137	TRUE
F250_Pseudopithomyces	B5111_Pseudomonas	0.5611	0.0091	TRUE
F482_Pichia	B5111_Pseudomonas	0.4285	0.0334	TRUE
F1397_f_Pyronemataceae	B5111_Pseudomonas	0.4777	0.0137	TRUE
B6381_Acinetobacter	B56_Allorhizobium.Neorhizobium.Pararhizobium.Rhizobium	0.5433	0.0388	TRUE
B5351_Acinetobacter	B56_Allorhizobium.Neorhizobium.Pararhizobium.Rhizobium	0.5441	0.0487	TRUE
B15_Sphingomonas	B56_Allorhizobium.Neorhizobium.Pararhizobium.Rhizobium	0.6273	0.0396	TRUE
B9688_Xanthomonas	B56_Allorhizobium.Neorhizobium.Pararhizobium.Rhizobium	0.5085	0.0487	TRUE
B95_Allorhizobium-Neorhizobium-Pararhizobium-Rhizobium	B56_Allorhizobium.Neorhizobium.Pararhizobium.Rhizobium	0.832	0.0098	TRUE
F206_unidentified	B56_Allorhizobium.Neorhizobium.Pararhizobium.Rhizobium	0.5997	0.0396	TRUE
F12_o_Pleosporales	B56_Allorhizobium.Neorhizobium.Pararhizobium.Rhizobium	0.7038	0.0198	TRUE
B3744_Corynebacterium	B338_uncultured.bacterium	0.4633	0.0235	TRUE
B6381_Acinetobacter	B338_uncultured.bacterium	0.4496	0.0433	TRUE
B5351_Acinetobacter	B338_uncultured.bacterium	0.516	0.0235	TRUE
F773_Colletotrichum	B338_uncultured.bacterium	0.4132	0.005	TRUE
B4811_Weissella	B1475_uncultured.bacterium	0.4313	0.005	TRUE
F700_Trechispora	B1475_uncultured.bacterium	0.4392	0.0433	TRUE
F37_unidentified	B1475_uncultured.bacterium	0.4372	0.0388	TRUE
F461_unidentified	B1475_uncultured.bacterium	0.443	0.0388	TRUE
F3613_Penicillium	B1475_uncultured.bacterium	0.4538	0.0433	TRUE
F2131_Erysiphe	B1475_uncultured.bacterium	0.4717	0.0433	TRUE
F689_Botryosphaeria	B1475_uncultured.bacterium	0.4663	0.0334	TRUE
B636_Curtobacterium	B13862_Prevotella.7	0.4835	0.0388	TRUE
B43_Sphingomonas	B13862_Prevotella.7	0.4524	0.0433	TRUE
B1027_Staphylococcus	B13862_Prevotella.7	0.4619	0.0137	TRUE
F2_Nigrospora	B13862_Prevotella.7	-0.5373	0.0198	FALSE
F339_f_Didymellaceae	B12222_Capnocytophaga	0.4496	0.0235	TRUE
B1319_Staphylococcus	B4404_Rothia	0.6415	0.0235	TRUE
F3318_Erysiphe	B4404_Rothia	0.4596	0.0235	TRUE
F339_f_Didymellaceae	B4404_Rothia	0.5664	0.0137	TRUE
F810_Strelitziana	B4404_Rothia	0.5698	0.0091	TRUE
F2752_unidentified	B4404_Rothia	0.4874	0.0235	TRUE
B182_f_Micrococcaceae	B8177_Lautropia	0.4548	0.0433	TRUE
F339_f_Didymellaceae	B8177_Lautropia	0.4974	0.0235	TRUE
B6381_Acinetobacter	B3744_Corynebacterium	0.5903	0.0235	TRUE
B5351_Acinetobacter	B3744_Corynebacterium	0.5881	0.005	TRUE
F135_o_Pleosporales	B3744_Corynebacterium	0.361	0.0388	TRUE
F2297_Phyllactinia	B3744_Corynebacterium	0.563	0.0235	TRUE
F773_Colletotrichum	B3744_Corynebacterium	0.5115	0.0433	TRUE
B12694_Luteimonas	B587_Alicycliphilus	0.4811	0.0334	TRUE
B8180_Corynebacterium 1	B587_Alicycliphilus	0.6392	0.0137	TRUE
B237_f_Micrococcaceae	B587_Alicycliphilus	0.4751	0.0235	TRUE
F106_unidentified	B587_Alicycliphilus	0.5971	0.0289	TRUE
F131_unidentified	B587_Alicycliphilus	-0.5633	0.0495	FALSE
F1711_unidentified	B587_Alicycliphilus	0.6633	0.0137	TRUE
F545_Cutaneotrichosporon	B587_Alicycliphilus	0.5337	0.0289	TRUE
F1074_Hyphoderma	B587_Alicycliphilus	0.5571	0.0235	TRUE
F16_Pyricularia	B587_Alicycliphilus	0.6923	0.0197	TRUE
F1136_unidentified	B587_Alicycliphilus	0.5001	0.0334	TRUE
F4_o_Pleosporales	B587_Alicycliphilus	0.7182	0.005	TRUE
F366_Colletotrichum	B587_Alicycliphilus	0.6546	0.005	TRUE
F106_unidentified	B12694_Luteimonas	0.4092	0.0487	TRUE
F366_Colletotrichum	B12694_Luteimonas	0.4904	0.0334	TRUE
B12246_Nocardioides	B636_Curtobacterium	0.4815	0.0487	TRUE
B1_Pantoea	B636_Curtobacterium	0.639	0.0495	TRUE
B1027_Staphylococcus	B636_Curtobacterium	0.5511	0.0388	TRUE
B4_Pantoea	B636_Curtobacterium	0.734	0.0198	TRUE
F14_o_Pleosporales	B636_Curtobacterium	0.7335	0.0197	TRUE
F2_Nigrospora	B636_Curtobacterium	-0.6585	0.0396	FALSE
F18_f_Phaeosphaeriaceae	B636_Curtobacterium	0.7708	0.0198	TRUE
F120_Sporobolomyces	B636_Curtobacterium	0.7183	0.0099	TRUE
F127_Papiliotrema	B636_Curtobacterium	0.7741	0.0099	TRUE
F160_Cladosporium	B636_Curtobacterium	0.4963	0.0289	TRUE
F824_Torula	B636_Curtobacterium	0.7659	0.0098	TRUE
F316_Dioszegia	B636_Curtobacterium	0.8972	0.0197	TRUE
B5765_Cellulomonas	B10331_Thermincola	0.6288	0.0433	TRUE
B6025_Pseudomonas	B10331_Thermincola	0.5548	0.0137	TRUE
B307_Bacillus	B10331_Thermincola	0.5345	0.0388	TRUE
F115_unidentified	B10331_Thermincola	0.4809	0.0487	TRUE
F2020_unidentified	B10331_Thermincola	0.5403	0.0334	TRUE
F2208_o_Pleosporales	B10331_Thermincola	0.4951	0.0235	TRUE
F112_Paraphaeosphaeria	B10331_Thermincola	0.5695	0.0396	TRUE
F6_Cladosporium	B10331_Thermincola	-0.582	0.0198	FALSE
F1721_Ascotricha	B10331_Thermincola	0.5781	0.005	TRUE
F334_Plectosphaerella	B10331_Thermincola	0.4438	0.0235	TRUE
F178_Schizopora	B10331_Thermincola	0.489	0.0235	TRUE
F570_Colletotrichum	B10331_Thermincola	0.5777	0.019	TRUE
F106_unidentified	B8180_Corynebacterium.1	0.5585	0.0091	TRUE
F1711_unidentified	B8180_Corynebacterium.1	0.5206	0.0235	TRUE
F193_unidentified	B8180_Corynebacterium.1	0.5374	0.005	TRUE
F4_o_Pleosporales	B8180_Corynebacterium.1	0.5716	0.0235	TRUE
F366_Colletotrichum	B8180_Corynebacterium.1	0.4842	0.0334	TRUE
B1017_Clostridium sensu stricto 3	B3801_f_Nostocaceae	0.4663	0.0289	TRUE
F318_Saccharomyces	B3801_f_Nostocaceae	0.5068	0.0289	TRUE
F53_Pyrenochaetopsis	B3801_f_Nostocaceae	0.4323	0.0235	TRUE
F3613_Penicillium	B3801_f_Nostocaceae	0.5635	0.0137	TRUE
F2131_Erysiphe	B3801_f_Nostocaceae	0.5321	0.005	TRUE
F689_Botryosphaeria	B3801_f_Nostocaceae	0.5543	0.0235	TRUE
F1397_f_Pyronemataceae	B3801_f_Nostocaceae	0.474	0.0235	TRUE
B5351_Acinetobacter	B6381_Acinetobacter	0.5972	0.005	TRUE
F2297_Phyllactinia	B6381_Acinetobacter	0.5643	0.005	TRUE
F773_Colletotrichum	B6381_Acinetobacter	0.524	0.0334	TRUE
F773_Colletotrichum	B5351_Acinetobacter	0.5482	0.0235	TRUE
F2752_unidentified	B10868_Parviterribacter	0.4498	0.0235	TRUE
B1017_Clostridium sensu stricto 3	B15_Sphingomonas	0.5995	0.0297	TRUE
B95_Allorhizobium-Neorhizobium-Pararhizobium-Rhizobium	B15_Sphingomonas	0.5933	0.0495	TRUE
F700_Trechispora	B15_Sphingomonas	0.4485	0.0395	TRUE
F841_Podosphaera	B15_Sphingomonas	0.7857	0.0198	TRUE
B4469_Spirosoma	B12246_Nocardioides	0.4849	0.0137	TRUE
F316_Dioszegia	B12246_Nocardioides	0.4822	0.0388	TRUE
B814_Sediminibacterium	B4858_Corynebacterium.1	0.4936	0.0388	TRUE
B14_Burkholderia-Caballeronia-Paraburkholderia	B4858_Corynebacterium.1	0.5664	0.0433	TRUE
B369_Stenotrophomonas	B4858_Corynebacterium.1	0.5829	0.0433	TRUE
F2487_unidentified	B4858_Corynebacterium.1	0.5442	0.0334	TRUE
F3288_o_NA	B4858_Corynebacterium.1	0.4623	0.0334	TRUE
F17_o_Pleosporales	B4858_Corynebacterium.1	0.5664	0.0235	TRUE
F258_Nigrospora	B4858_Corynebacterium.1	0.5794	0.0137	TRUE
F3_Moesziomyces	B4858_Corynebacterium.1	0.5162	0.0494	TRUE
F280_o_Polyporales	B4858_Corynebacterium.1	0.5373	0.0334	TRUE
F1610_Exidia	B4858_Corynebacterium.1	0.4642	0.0235	TRUE
F1104_Periconia	B4858_Corynebacterium.1	0.5742	0.0235	TRUE
F297_Coniothyrium	B4858_Corynebacterium.1	0.5554	0.0137	TRUE
F3995_Scytinostroma	B4858_Corynebacterium.1	0.4364	0.0433	TRUE
F2099_Annulohypoxylon	B4858_Corynebacterium.1	0.5081	0.0235	TRUE
F166_Aspergillus	B4858_Corynebacterium.1	0.561	0.0334	TRUE
F970_Resupinatus	B4858_Corynebacterium.1	0.5689	0.005	TRUE
B5765_Cellulomonas	B2089_Rubrobacter	0.5194	0.0235	TRUE
B6025_Pseudomonas	B2089_Rubrobacter	0.5016	0.0334	TRUE
F2020_unidentified	B2089_Rubrobacter	0.4945	0.0334	TRUE
F178_Schizopora	B2089_Rubrobacter	0.5053	0.0433	TRUE
F570_Colletotrichum	B2089_Rubrobacter	0.5033	0.019	TRUE
F366_Colletotrichum	B237_f_Micrococcaceae	0.4564	0.0433	TRUE
B6025_Pseudomonas	B5765_Cellulomonas	0.7189	0.005	TRUE
B307_Bacillus	B5765_Cellulomonas	0.6111	0.0091	TRUE
B5874_Acinetobacter	B5765_Cellulomonas	0.4986	0.0235	TRUE
F61_o_Pleosporales	B5765_Cellulomonas	0.4739	0.0495	TRUE
F115_unidentified	B5765_Cellulomonas	0.5892	0.0388	TRUE
F2020_unidentified	B5765_Cellulomonas	0.6814	0.005	TRUE
F2208_o_Pleosporales	B5765_Cellulomonas	0.6047	0.005	TRUE
F112_Paraphaeosphaeria	B5765_Cellulomonas	0.6536	0.0198	TRUE
F1270_o_NA	B5765_Cellulomonas	0.4878	0.0334	TRUE
F6_Cladosporium	B5765_Cellulomonas	-0.6615	0.0198	FALSE
F1721_Ascotricha	B5765_Cellulomonas	0.666	0.0137	TRUE
F191_f_Didymellaceae	B5765_Cellulomonas	0.456	0.0494	TRUE
F334_Plectosphaerella	B5765_Cellulomonas	0.5886	0.0235	TRUE
F178_Schizopora	B5765_Cellulomonas	0.6537	0.0334	TRUE
F570_Colletotrichum	B5765_Cellulomonas	0.673	0.019	TRUE
F5_Alternaria	B5765_Cellulomonas	-0.6006	0.0396	FALSE
B298_Burkholderia-Caballeronia-Paraburkholderia	B1313_Escherichia.Shigella	0.6235	0.0334	TRUE
B307_Bacillus	B1313_Escherichia.Shigella	0.4748	0.0487	TRUE
B9688_Xanthomonas	B1313_Escherichia.Shigella	0.5815	0.0334	TRUE
B7_Curtobacterium	B1313_Escherichia.Shigella	0.6603	0.0137	TRUE
B95_Allorhizobium-Neorhizobium-Pararhizobium-Rhizobium	B1313_Escherichia.Shigella	0.5291	0.0487	TRUE
F458_Endoxyla	B1313_Escherichia.Shigella	0.5071	0.0388	TRUE
F2541_unidentified	B1313_Escherichia.Shigella	0.5362	0.0235	TRUE
F96_unidentified	B1313_Escherichia.Shigella	0.5693	0.0388	TRUE
F1915_Phlebia	B1313_Escherichia.Shigella	0.5982	0.0235	TRUE
F152_unidentified	B1313_Escherichia.Shigella	0.6	0.0334	TRUE
F242_unidentified	B1313_Escherichia.Shigella	0.5072	0.0334	TRUE
F27_Curvularia	B1313_Escherichia.Shigella	0.5778	0.0495	TRUE
F1411_Annulohypoxylon	B1313_Escherichia.Shigella	0.558	0.0137	TRUE
F328_Phaeosphaeria	B1313_Escherichia.Shigella	0.6975	0.005	TRUE
F228_Purpureocillium	B1313_Escherichia.Shigella	-0.5493	0.0495	FALSE
F787_Colletotrichum	B1313_Escherichia.Shigella	0.4747	0.0235	TRUE
F199_Aureobasidium	B1313_Escherichia.Shigella	0.6538	0.0388	TRUE
B1027_Staphylococcus	B43_Sphingomonas	0.6427	0.005	TRUE
F1972_unidentified	B43_Sphingomonas	0.6968	0.0137	TRUE
F14_o_Pleosporales	B43_Sphingomonas	0.4668	0.0388	TRUE
F2_Nigrospora	B43_Sphingomonas	-0.7155	0.0099	FALSE
F127_Papiliotrema	B43_Sphingomonas	0.5224	0.0495	TRUE
F98_f_Didymellaceae	B43_Sphingomonas	0.6755	0.0137	TRUE
F10_Guehomyces	B43_Sphingomonas	0.5312	0.0137	TRUE
F824_Torula	B43_Sphingomonas	0.6365	0.0289	TRUE
F316_Dioszegia	B43_Sphingomonas	0.6185	0.0388	TRUE
B4811_Weissella	B1017_Clostridium.sensu.stricto.3	0.464	0.0487	TRUE
F137_Malassezia	B1017_Clostridium.sensu.stricto.3	0.4524	0.0495	TRUE
F53_Pyrenochaetopsis	B1017_Clostridium.sensu.stricto.3	0.4703	0.0388	TRUE
F1397_f_Pyronemataceae	B1017_Clostridium.sensu.stricto.3	0.4364	0.0487	TRUE
B307_Bacillus	B6025_Pseudomonas	0.6181	0.0487	TRUE
B5874_Acinetobacter	B6025_Pseudomonas	0.5353	0.0235	TRUE
F115_unidentified	B6025_Pseudomonas	0.5661	0.019	TRUE
F2020_unidentified	B6025_Pseudomonas	0.676	0.0137	TRUE
F2208_o_Pleosporales	B6025_Pseudomonas	0.591	0.005	TRUE
F658_Candida	B6025_Pseudomonas	0.4531	0.0487	TRUE
F112_Paraphaeosphaeria	B6025_Pseudomonas	0.6355	0.0396	TRUE
F1270_o_NA	B6025_Pseudomonas	0.5105	0.0433	TRUE
F6_Cladosporium	B6025_Pseudomonas	-0.6615	0.0198	FALSE
F1721_Ascotricha	B6025_Pseudomonas	0.7045	0.005	TRUE
F334_Plectosphaerella	B6025_Pseudomonas	0.6116	0.0235	TRUE
F178_Schizopora	B6025_Pseudomonas	0.6558	0.0137	TRUE
F570_Colletotrichum	B6025_Pseudomonas	0.6423	0.0289	TRUE
F3338_Lasiodiplodia	B6025_Pseudomonas	0.5391	0.0235	TRUE
B209_Escherichia-Shigella	B1_Pantoea	-0.8133	0.0099	FALSE
B4_Pantoea	B1_Pantoea	0.6762	0.0396	TRUE
F37_unidentified	B1_Pantoea	-0.5392	0.0495	FALSE
F14_o_Pleosporales	B1_Pantoea	0.5828	0.0396	TRUE
F120_Sporobolomyces	B1_Pantoea	0.6193	0.0396	TRUE
F362_Porostereum	B1_Pantoea	-0.5722	0.0495	FALSE
F127_Papiliotrema	B1_Pantoea	0.6461	0.0495	TRUE
F45_f_Didymellaceae	B1_Pantoea	-0.6638	0.0495	FALSE
F36_Moesziomyces	B1_Pantoea	-0.6124	0.0396	FALSE
F161_Paraphoma	B1_Pantoea	-0.6112	0.0396	FALSE
F250_Pseudopithomyces	B1_Pantoea	-0.6374	0.0396	FALSE
B9688_Xanthomonas	B298_Burkholderia.Caballeronia.Paraburkholderia	0.5172	0.0433	TRUE
B7_Curtobacterium	B298_Burkholderia.Caballeronia.Paraburkholderia	0.5846	0.0137	TRUE
F458_Endoxyla	B298_Burkholderia.Caballeronia.Paraburkholderia	0.4693	0.0289	TRUE
F2541_unidentified	B298_Burkholderia.Caballeronia.Paraburkholderia	0.5089	0.0137	TRUE
F96_unidentified	B298_Burkholderia.Caballeronia.Paraburkholderia	0.5527	0.0289	TRUE
F1915_Phlebia	B298_Burkholderia.Caballeronia.Paraburkholderia	0.4888	0.0137	TRUE
F152_unidentified	B298_Burkholderia.Caballeronia.Paraburkholderia	0.589	0.0137	TRUE
F242_unidentified	B298_Burkholderia.Caballeronia.Paraburkholderia	0.4952	0.0137	TRUE
F1411_Annulohypoxylon	B298_Burkholderia.Caballeronia.Paraburkholderia	0.5098	0.005	TRUE
F328_Phaeosphaeria	B298_Burkholderia.Caballeronia.Paraburkholderia	0.6455	0.0235	TRUE
F1931_f_Chaetomiaceae	B298_Burkholderia.Caballeronia.Paraburkholderia	0.5028	0.0334	TRUE
F199_Aureobasidium	B298_Burkholderia.Caballeronia.Paraburkholderia	0.5716	0.0091	TRUE
B1319_Staphylococcus	B182_f_Micrococcaceae	0.4791	0.0433	TRUE
F339_f_Didymellaceae	B182_f_Micrococcaceae	0.5085	0.0433	TRUE
F2752_unidentified	B182_f_Micrococcaceae	0.454	0.0334	TRUE
F96_unidentified	B307_Bacillus	0.8168	0.0098	TRUE
F115_unidentified	B307_Bacillus	0.8109	0.0197	TRUE
F2020_unidentified	B307_Bacillus	0.5952	0.0388	TRUE
F2208_o_Pleosporales	B307_Bacillus	0.5788	0.0388	TRUE
F112_Paraphaeosphaeria	B307_Bacillus	0.7936	0.0198	TRUE
F27_Curvularia	B307_Bacillus	0.5819	0.0495	TRUE
F328_Phaeosphaeria	B307_Bacillus	0.5051	0.0487	TRUE
F1721_Ascotricha	B307_Bacillus	0.5483	0.0289	TRUE
F191_f_Didymellaceae	B307_Bacillus	0.7177	0.0198	TRUE
F570_Colletotrichum	B307_Bacillus	0.5605	0.0395	TRUE
F22_Setophoma	B307_Bacillus	0.7745	0.0099	TRUE
B14_Burkholderia-Caballeronia-Paraburkholderia	B814_Sediminibacterium	0.5506	0.0388	TRUE
F449_unidentified	B814_Sediminibacterium	0.513	0.0487	TRUE
F2487_unidentified	B814_Sediminibacterium	0.4955	0.0388	TRUE
F258_Nigrospora	B814_Sediminibacterium	0.5065	0.0388	TRUE
F280_o_Polyporales	B814_Sediminibacterium	0.427	0.0487	TRUE
F2099_Annulohypoxylon	B814_Sediminibacterium	0.4423	0.0388	TRUE
F166_Aspergillus	B814_Sediminibacterium	0.4943	0.0388	TRUE
F970_Resupinatus	B814_Sediminibacterium	0.489	0.0487	TRUE
F362_Porostereum	B209_Escherichia.Shigella	0.5043	0.0396	TRUE
F45_f_Didymellaceae	B209_Escherichia.Shigella	0.6754	0.0297	TRUE
F2541_unidentified	B9688_Xanthomonas	0.5554	0.0137	TRUE
F96_unidentified	B9688_Xanthomonas	0.4754	0.0388	TRUE
F242_unidentified	B9688_Xanthomonas	0.4323	0.0433	TRUE
F27_Curvularia	B9688_Xanthomonas	0.5356	0.0297	TRUE
F1411_Annulohypoxylon	B9688_Xanthomonas	0.5497	0.0137	TRUE
F328_Phaeosphaeria	B9688_Xanthomonas	0.5562	0.0137	TRUE
F1931_f_Chaetomiaceae	B9688_Xanthomonas	0.5023	0.0433	TRUE
F199_Aureobasidium	B9688_Xanthomonas	0.4764	0.0487	TRUE
F53_Pyrenochaetopsis	B4811_Weissella	0.4516	0.0334	TRUE
F2131_Erysiphe	B4811_Weissella	0.5603	0.0137	TRUE
F689_Botryosphaeria	B4811_Weissella	0.5625	0.0334	TRUE
B369_Stenotrophomonas	B14_Burkholderia.Caballeronia.Paraburkholderia	0.7014	0.0235	TRUE
F758_unidentified	B14_Burkholderia.Caballeronia.Paraburkholderia	0.5505	0.0235	TRUE
F449_unidentified	B14_Burkholderia.Caballeronia.Paraburkholderia	0.508	0.0334	TRUE
F2487_unidentified	B14_Burkholderia.Caballeronia.Paraburkholderia	0.6666	0.0137	TRUE
F3288_o_NA	B14_Burkholderia.Caballeronia.Paraburkholderia	0.5315	0.0334	TRUE
F17_o_Pleosporales	B14_Burkholderia.Caballeronia.Paraburkholderia	0.6233	0.0235	TRUE
F258_Nigrospora	B14_Burkholderia.Caballeronia.Paraburkholderia	0.6907	0.005	TRUE
F3_Moesziomyces	B14_Burkholderia.Caballeronia.Paraburkholderia	0.5075	0.0296	TRUE
F638_Ceriporia	B14_Burkholderia.Caballeronia.Paraburkholderia	0.4697	0.0433	TRUE
F280_o_Polyporales	B14_Burkholderia.Caballeronia.Paraburkholderia	0.4959	0.0334	TRUE
F1610_Exidia	B14_Burkholderia.Caballeronia.Paraburkholderia	0.5576	0.0137	TRUE
F1104_Periconia	B14_Burkholderia.Caballeronia.Paraburkholderia	0.6576	0.0235	TRUE
F1141_Annulohypoxylon	B14_Burkholderia.Caballeronia.Paraburkholderia	0.4967	0.0487	TRUE
F36_Moesziomyces	B14_Burkholderia.Caballeronia.Paraburkholderia	0.6051	0.0197	TRUE
F297_Coniothyrium	B14_Burkholderia.Caballeronia.Paraburkholderia	0.5995	0.0235	TRUE
F3995_Scytinostroma	B14_Burkholderia.Caballeronia.Paraburkholderia	0.4536	0.0433	TRUE
F2099_Annulohypoxylon	B14_Burkholderia.Caballeronia.Paraburkholderia	0.5207	0.005	TRUE
F68_Pseudogymnoascus	B14_Burkholderia.Caballeronia.Paraburkholderia	0.5613	0.019	TRUE
F166_Aspergillus	B14_Burkholderia.Caballeronia.Paraburkholderia	0.6274	0.0137	TRUE
F250_Pseudopithomyces	B14_Burkholderia.Caballeronia.Paraburkholderia	0.4846	0.0487	TRUE
F970_Resupinatus	B14_Burkholderia.Caballeronia.Paraburkholderia	0.5798	0.0137	TRUE
F2541_unidentified	B7_Curtobacterium	0.5349	0.0433	TRUE
F96_unidentified	B7_Curtobacterium	0.526	0.0388	TRUE
F1915_Phlebia	B7_Curtobacterium	0.6093	0.0137	TRUE
F152_unidentified	B7_Curtobacterium	0.596	0.0137	TRUE
F27_Curvularia	B7_Curtobacterium	0.5376	0.0396	TRUE
F1411_Annulohypoxylon	B7_Curtobacterium	0.589	0.0235	TRUE
F328_Phaeosphaeria	B7_Curtobacterium	0.692	0.0137	TRUE
F228_Purpureocillium	B7_Curtobacterium	-0.5229	0.0495	FALSE
F1931_f_Chaetomiaceae	B7_Curtobacterium	0.5554	0.0235	TRUE
F199_Aureobasidium	B7_Curtobacterium	0.6068	0.0091	TRUE
F190_Irpex	B3_Sphingomonas	-0.6225	0.0396	FALSE
F3318_Erysiphe	B1319_Staphylococcus	0.4131	0.0334	TRUE
F339_f_Didymellaceae	B1319_Staphylococcus	0.5443	0.0433	TRUE
F810_Strelitziana	B1319_Staphylococcus	0.5257	0.0388	TRUE
F2752_unidentified	B1319_Staphylococcus	0.5057	0.0235	TRUE
F449_unidentified	B369_Stenotrophomonas	0.4777	0.0433	TRUE
F2487_unidentified	B369_Stenotrophomonas	0.6253	0.0137	TRUE
F3288_o_NA	B369_Stenotrophomonas	0.5279	0.0235	TRUE
F17_o_Pleosporales	B369_Stenotrophomonas	0.616	0.0433	TRUE
F258_Nigrospora	B369_Stenotrophomonas	0.6819	0.0137	TRUE
F638_Ceriporia	B369_Stenotrophomonas	0.4453	0.0334	TRUE
F362_Porostereum	B369_Stenotrophomonas	0.4206	0.0487	TRUE
F1610_Exidia	B369_Stenotrophomonas	0.4633	0.0433	TRUE
F1104_Periconia	B369_Stenotrophomonas	0.585	0.0137	TRUE
F36_Moesziomyces	B369_Stenotrophomonas	0.5499	0.0494	TRUE
F297_Coniothyrium	B369_Stenotrophomonas	0.5971	0.0235	TRUE
F161_Paraphoma	B369_Stenotrophomonas	0.5314	0.0388	TRUE
F68_Pseudogymnoascus	B369_Stenotrophomonas	0.4673	0.0289	TRUE
F166_Aspergillus	B369_Stenotrophomonas	0.547	0.0235	TRUE
F970_Resupinatus	B369_Stenotrophomonas	0.6017	0.0137	TRUE
F206_unidentified	B95_Allorhizobium.Neorhizobium.Pararhizobium.Rhizobium	0.546	0.0297	TRUE
F1915_Phlebia	B95_Allorhizobium.Neorhizobium.Pararhizobium.Rhizobium	0.4194	0.0487	TRUE
F152_unidentified	B95_Allorhizobium.Neorhizobium.Pararhizobium.Rhizobium	0.489	0.0487	TRUE
F841_Podosphaera	B95_Allorhizobium.Neorhizobium.Pararhizobium.Rhizobium	0.5266	0.0198	TRUE
F12_o_Pleosporales	B95_Allorhizobium.Neorhizobium.Pararhizobium.Rhizobium	0.6234	0.0297	TRUE
F328_Phaeosphaeria	B95_Allorhizobium.Neorhizobium.Pararhizobium.Rhizobium	0.4947	0.0487	TRUE
F329_o_NA	B4469_Spirosoma	0.4299	0.0235	TRUE
F487_Filobasidium	B4469_Spirosoma	0.5045	0.0235	TRUE
F160_Cladosporium	B4469_Spirosoma	0.4999	0.0433	TRUE
F2020_unidentified	B5874_Acinetobacter	0.422	0.0433	TRUE
F2208_o_Pleosporales	B5874_Acinetobacter	0.4265	0.0235	TRUE
F178_Schizopora	B5874_Acinetobacter	0.4477	0.0334	TRUE
B4_Pantoea	B1027_Staphylococcus	0.4988	0.0494	TRUE
F1972_unidentified	B1027_Staphylococcus	0.5671	0.0137	TRUE
F2_Nigrospora	B1027_Staphylococcus	-0.6705	0.0099	FALSE
F18_f_Phaeosphaeriaceae	B1027_Staphylococcus	0.514	0.0494	TRUE
F98_f_Didymellaceae	B1027_Staphylococcus	0.5349	0.0433	TRUE
F10_Guehomyces	B1027_Staphylococcus	0.4286	0.0334	TRUE
F824_Torula	B1027_Staphylococcus	0.5414	0.0388	TRUE
F316_Dioszegia	B1027_Staphylococcus	0.5599	0.0289	TRUE
F14_o_Pleosporales	B4_Pantoea	0.6297	0.0495	TRUE
F120_Sporobolomyces	B4_Pantoea	0.7878	0.0099	TRUE
F127_Papiliotrema	B4_Pantoea	0.775	0.0198	TRUE
F824_Torula	B4_Pantoea	0.6735	0.0198	TRUE
F316_Dioszegia	B4_Pantoea	0.7011	0.0099	TRUE
F449_unidentified	F758_unidentified	0.4073	0.0137	TRUE
F2487_unidentified	F758_unidentified	0.5879	0.0137	TRUE
F258_Nigrospora	F758_unidentified	0.51	0.0137	TRUE
F1104_Periconia	F758_unidentified	0.5258	0.0334	TRUE
F36_Moesziomyces	F758_unidentified	0.4492	0.0197	TRUE
F297_Coniothyrium	F758_unidentified	0.4607	0.0433	TRUE
F68_Pseudogymnoascus	F758_unidentified	0.421	0.0487	TRUE
F166_Aspergillus	F758_unidentified	0.4493	0.0334	TRUE
F61_o_Pleosporales	F206_unidentified	-0.6366	0.0099	FALSE
F12_o_Pleosporales	F206_unidentified	0.6576	0.0198	TRUE
F228_Purpureocillium	F206_unidentified	-0.6824	0.0099	FALSE
F242_unidentified	F458_Endoxyla	0.4421	0.0487	TRUE
F328_Phaeosphaeria	F458_Endoxyla	0.4573	0.0487	TRUE
F199_Aureobasidium	F458_Endoxyla	0.6058	0.0098	TRUE
F213_Yarrowia	F723_unidentified	-0.5175	0.0396	FALSE
F6_Cladosporium	F723_unidentified	-0.5099	0.0099	FALSE
F213_Yarrowia	F2702_unidentified	-0.5551	0.0396	FALSE
F339_f_Didymellaceae	F2702_unidentified	0.418	0.0235	TRUE
F391_Nigrospora	F106_unidentified	0.6412	0.0099	TRUE
F366_Colletotrichum	F106_unidentified	0.5105	0.0487	TRUE
F1207_f_Glomerellaceae	F106_unidentified	0.4662	0.0289	TRUE
F190_Irpex	F131_unidentified	0.6811	0.0396	TRUE
F250_Pseudopithomyces	F131_unidentified	0.6252	0.0297	TRUE
F258_Nigrospora	F449_unidentified	0.4885	0.0235	TRUE
F1104_Periconia	F449_unidentified	0.461	0.0137	TRUE
F3995_Scytinostroma	F449_unidentified	0.4161	0.0433	TRUE
F1915_Phlebia	F2541_unidentified	0.4856	0.0235	TRUE
F1411_Annulohypoxylon	F2541_unidentified	0.4913	0.0235	TRUE
F328_Phaeosphaeria	F2541_unidentified	0.5738	0.0137	TRUE
F115_unidentified	F96_unidentified	0.7667	0.0098	TRUE
F1915_Phlebia	F96_unidentified	0.5425	0.0487	TRUE
F152_unidentified	F96_unidentified	0.5012	0.0388	TRUE
F112_Paraphaeosphaeria	F96_unidentified	0.6907	0.0297	TRUE
F27_Curvularia	F96_unidentified	0.6976	0.0099	TRUE
F328_Phaeosphaeria	F96_unidentified	0.5982	0.019	TRUE
F191_f_Didymellaceae	F96_unidentified	0.739	0.0099	TRUE
F22_Setophoma	F96_unidentified	0.7402	0.0198	TRUE
F2_Nigrospora	F1972_unidentified	-0.6209	0.0198	FALSE
F127_Papiliotrema	F1972_unidentified	0.5161	0.0396	TRUE
F98_f_Didymellaceae	F1972_unidentified	0.5831	0.0137	TRUE
F824_Torula	F1972_unidentified	0.5546	0.019	TRUE
F316_Dioszegia	F1972_unidentified	0.5234	0.0388	TRUE
F1074_Hyphoderma	F1711_unidentified	0.4659	0.0334	TRUE
F16_Pyricularia	F1711_unidentified	0.6278	0.0494	TRUE
F4_o_Pleosporales	F1711_unidentified	0.5604	0.0433	TRUE
F366_Colletotrichum	F1711_unidentified	0.599	0.0137	TRUE
F3288_o_NA	F2487_unidentified	0.5347	0.0334	TRUE
F17_o_Pleosporales	F2487_unidentified	0.5824	0.0137	TRUE
F258_Nigrospora	F2487_unidentified	0.5937	0.0235	TRUE
F638_Ceriporia	F2487_unidentified	0.4656	0.0433	TRUE
F1610_Exidia	F2487_unidentified	0.491	0.0433	TRUE
F1104_Periconia	F2487_unidentified	0.6228	0.005	TRUE
F297_Coniothyrium	F2487_unidentified	0.5836	0.0137	TRUE
F161_Paraphoma	F2487_unidentified	0.4865	0.0388	TRUE
F68_Pseudogymnoascus	F2487_unidentified	0.5379	0.019	TRUE
F166_Aspergillus	F2487_unidentified	0.5838	0.0334	TRUE
F970_Resupinatus	F2487_unidentified	0.5426	0.0235	TRUE
F2020_unidentified	F115_unidentified	0.6277	0.019	TRUE
F2208_o_Pleosporales	F115_unidentified	0.5199	0.0487	TRUE
F112_Paraphaeosphaeria	F115_unidentified	0.7576	0.0099	TRUE
F27_Curvularia	F115_unidentified	0.566	0.0396	TRUE
F6_Cladosporium	F115_unidentified	-0.6327	0.0297	FALSE
F1721_Ascotricha	F115_unidentified	0.5829	0.0289	TRUE
F191_f_Didymellaceae	F115_unidentified	0.7176	0.0198	TRUE
F178_Schizopora	F115_unidentified	0.5956	0.019	TRUE
F22_Setophoma	F115_unidentified	0.7224	0.0099	TRUE
F1411_Annulohypoxylon	F1915_Phlebia	0.51	0.0334	TRUE
F328_Phaeosphaeria	F1915_Phlebia	0.5528	0.0334	TRUE
F1931_f_Chaetomiaceae	F1915_Phlebia	0.5078	0.0334	TRUE
F318_Saccharomyces	F700_Trechispora	0.5377	0.0091	TRUE
F461_unidentified	F700_Trechispora	0.5014	0.0487	TRUE
F3613_Penicillium	F700_Trechispora	0.5664	0.0137	TRUE
F2131_Erysiphe	F700_Trechispora	0.5627	0.0137	TRUE
F689_Botryosphaeria	F700_Trechispora	0.6133	0.0137	TRUE
F250_Pseudopithomyces	F700_Trechispora	0.5048	0.0487	TRUE
F1397_f_Pyronemataceae	F700_Trechispora	0.4871	0.005	TRUE
F328_Phaeosphaeria	F152_unidentified	0.5674	0.0235	TRUE
F1931_f_Chaetomiaceae	F152_unidentified	0.5365	0.005	TRUE
F22_Setophoma	F152_unidentified	0.4695	0.0395	TRUE
F199_Aureobasidium	F152_unidentified	0.4884	0.0289	TRUE
F362_Porostereum	F37_unidentified	0.5744	0.0197	TRUE
F36_Moesziomyces	F37_unidentified	0.6286	0.0297	TRUE
F161_Paraphoma	F37_unidentified	0.6276	0.0395	TRUE
F3613_Penicillium	F37_unidentified	0.4853	0.0388	TRUE
F2131_Erysiphe	F37_unidentified	0.5323	0.0289	TRUE
F689_Botryosphaeria	F37_unidentified	0.5208	0.0289	TRUE
F250_Pseudopithomyces	F37_unidentified	0.6901	0.0197	TRUE
F258_Nigrospora	F3288_o_NA	0.5225	0.005	TRUE
F280_o_Polyporales	F3288_o_NA	0.4669	0.0334	TRUE
F1104_Periconia	F3288_o_NA	0.569	0.0433	TRUE
F297_Coniothyrium	F3288_o_NA	0.4625	0.0433	TRUE
F68_Pseudogymnoascus	F3288_o_NA	0.4777	0.0289	TRUE
F970_Resupinatus	F3288_o_NA	0.552	0.0235	TRUE
F2208_o_Pleosporales	F2020_unidentified	0.5091	0.0433	TRUE
F112_Paraphaeosphaeria	F2020_unidentified	0.6401	0.0099	TRUE
F6_Cladosporium	F2020_unidentified	-0.6162	0.0396	FALSE
F1721_Ascotricha	F2020_unidentified	0.5585	0.0334	TRUE
F334_Plectosphaerella	F2020_unidentified	0.5454	0.0235	TRUE
F178_Schizopora	F2020_unidentified	0.642	0.005	TRUE
F570_Colletotrichum	F2020_unidentified	0.5854	0.0289	TRUE
F22_Setophoma	F2020_unidentified	0.5468	0.0197	TRUE
F487_Filobasidium	F52_Psilocybe	0.4014	0.0235	TRUE
F18_f_Phaeosphaeriaceae	F14_o_Pleosporales	0.6687	0.0099	TRUE
F120_Sporobolomyces	F14_o_Pleosporales	0.6687	0.0297	TRUE
F127_Papiliotrema	F14_o_Pleosporales	0.6658	0.0297	TRUE
F160_Cladosporium	F14_o_Pleosporales	0.4314	0.0487	TRUE
F824_Torula	F14_o_Pleosporales	0.6558	0.0197	TRUE
F316_Dioszegia	F14_o_Pleosporales	0.73	0.0197	TRUE
F112_Paraphaeosphaeria	F2208_o_Pleosporales	0.5625	0.0396	TRUE
F441_o_Hypocreales	F2208_o_Pleosporales	0.3455	0.0433	TRUE
F6_Cladosporium	F2208_o_Pleosporales	-0.5747	0.0198	FALSE
F1721_Ascotricha	F2208_o_Pleosporales	0.5701	0.0137	TRUE
F334_Plectosphaerella	F2208_o_Pleosporales	0.5984	0.0235	TRUE
F178_Schizopora	F2208_o_Pleosporales	0.5812	0.0235	TRUE
F570_Colletotrichum	F2208_o_Pleosporales	0.5756	0.0091	TRUE
F258_Nigrospora	F17_o_Pleosporales	0.6028	0.0235	TRUE
F3_Moesziomyces	F17_o_Pleosporales	0.51	0.0197	TRUE
F1104_Periconia	F17_o_Pleosporales	0.5369	0.0137	TRUE
F36_Moesziomyces	F17_o_Pleosporales	0.5289	0.0098	TRUE
F297_Coniothyrium	F17_o_Pleosporales	0.5604	0.0235	TRUE
F2099_Annulohypoxylon	F17_o_Pleosporales	0.434	0.0137	TRUE
F68_Pseudogymnoascus	F17_o_Pleosporales	0.4633	0.0388	TRUE
F166_Aspergillus	F17_o_Pleosporales	0.5116	0.0235	TRUE
F970_Resupinatus	F17_o_Pleosporales	0.5094	0.0433	TRUE
F199_Aureobasidium	F242_unidentified	0.4657	0.0487	TRUE
F1074_Hyphoderma	F193_unidentified	0.4478	0.0334	TRUE
F16_Pyricularia	F193_unidentified	0.5444	0.0197	TRUE
F1136_unidentified	F193_unidentified	0.4628	0.0235	TRUE
F461_unidentified	F318_Saccharomyces	0.4982	0.0494	TRUE
F3613_Penicillium	F318_Saccharomyces	0.5191	0.0487	TRUE
F689_Botryosphaeria	F318_Saccharomyces	0.597	0.019	TRUE
F1397_f_Pyronemataceae	F318_Saccharomyces	0.4618	0.0388	TRUE
F545_Cutaneotrichosporon	F653_Penicillium	0.7659	0.0197	TRUE
F2131_Erysiphe	F653_Penicillium	0.4848	0.0487	TRUE
F1397_f_Pyronemataceae	F653_Penicillium	0.4381	0.0388	TRUE
F4_o_Pleosporales	F1074_Hyphoderma	0.5056	0.0137	TRUE
F366_Colletotrichum	F1074_Hyphoderma	0.4646	0.0334	TRUE
F1136_unidentified	F16_Pyricularia	0.5367	0.0296	TRUE
F4_o_Pleosporales	F16_Pyricularia	0.6208	0.0296	TRUE
F366_Colletotrichum	F16_Pyricularia	0.6342	0.0395	TRUE
F391_Nigrospora	F137_Malassezia	-0.5991	0.0198	FALSE
F4_o_Pleosporales	F1136_unidentified	0.5637	0.0433	TRUE
F366_Colletotrichum	F1136_unidentified	0.5255	0.0235	TRUE
F98_f_Didymellaceae	F2_Nigrospora	-0.6623	0.0198	FALSE
F45_f_Didymellaceae	F2_Nigrospora	0.6872	0.0396	TRUE
F10_Guehomyces	F2_Nigrospora	-0.4781	0.0495	FALSE
F824_Torula	F2_Nigrospora	-0.6618	0.0198	FALSE
F316_Dioszegia	F2_Nigrospora	-0.6715	0.0297	FALSE
F3_Moesziomyces	F258_Nigrospora	0.5144	0.0494	TRUE
F280_o_Polyporales	F258_Nigrospora	0.5261	0.005	TRUE
F362_Porostereum	F258_Nigrospora	0.4966	0.0487	TRUE
F1610_Exidia	F258_Nigrospora	0.5123	0.0137	TRUE
F1104_Periconia	F258_Nigrospora	0.6451	0.0334	TRUE
F1141_Annulohypoxylon	F258_Nigrospora	0.561	0.0388	TRUE
F297_Coniothyrium	F258_Nigrospora	0.5898	0.0235	TRUE
F161_Paraphoma	F258_Nigrospora	0.5537	0.0388	TRUE
F2099_Annulohypoxylon	F258_Nigrospora	0.518	0.0137	TRUE
F166_Aspergillus	F258_Nigrospora	0.5984	0.0334	TRUE
F250_Pseudopithomyces	F258_Nigrospora	0.483	0.0487	TRUE
F970_Resupinatus	F258_Nigrospora	0.5488	0.0137	TRUE
F810_Strelitziana	F391_Nigrospora	0.5983	0.0297	TRUE
F6_Cladosporium	F841_Podosphaera	0.6578	0.0495	TRUE
F810_Strelitziana	F213_Yarrowia	-0.6485	0.0396	FALSE
F6_Cladosporium	F213_Yarrowia	0.6954	0.0198	TRUE
F2752_unidentified	F213_Yarrowia	-0.4769	0.0297	FALSE
F280_o_Polyporales	F3_Moesziomyces	0.4847	0.0296	TRUE
F1141_Annulohypoxylon	F3_Moesziomyces	0.7203	0.0099	TRUE
F297_Coniothyrium	F3_Moesziomyces	0.5372	0.0395	TRUE
F366_Colletotrichum	F4_o_Pleosporales	0.6034	0.0137	TRUE
F1207_f_Glomerellaceae	F4_o_Pleosporales	0.5475	0.005	TRUE
F810_Strelitziana	F18_f_Phaeosphaeriaceae	0.6052	0.0495	TRUE
F824_Torula	F18_f_Phaeosphaeriaceae	0.6762	0.0396	TRUE
F316_Dioszegia	F18_f_Phaeosphaeriaceae	0.7532	0.0099	TRUE
F190_Irpex	F12_o_Pleosporales	-0.6468	0.0495	FALSE
F27_Curvularia	F12_o_Pleosporales	0.5206	0.0495	TRUE
F161_Paraphoma	F12_o_Pleosporales	-0.5749	0.0495	FALSE
F191_f_Didymellaceae	F12_o_Pleosporales	0.6184	0.0396	TRUE
F228_Purpureocillium	F190_Irpex	0.5925	0.0297	TRUE
F297_Coniothyrium	F638_Ceriporia	0.4741	0.0235	TRUE
F166_Aspergillus	F638_Ceriporia	0.4576	0.0433	TRUE
F339_f_Didymellaceae	F3318_Erysiphe	0.4407	0.0137	TRUE
F643_Symmetrospora	F339_f_Didymellaceae	0.4473	0.0433	TRUE
F27_Curvularia	F112_Paraphaeosphaeria	0.5971	0.0495	TRUE
F1721_Ascotricha	F112_Paraphaeosphaeria	0.6336	0.0396	TRUE
F191_f_Didymellaceae	F112_Paraphaeosphaeria	0.6318	0.0198	TRUE
F334_Plectosphaerella	F112_Paraphaeosphaeria	0.5462	0.0396	TRUE
F178_Schizopora	F112_Paraphaeosphaeria	0.6085	0.0198	TRUE
F570_Colletotrichum	F112_Paraphaeosphaeria	0.6185	0.0495	TRUE
F5_Alternaria	F112_Paraphaeosphaeria	-0.6797	0.0495	FALSE
F22_Setophoma	F112_Paraphaeosphaeria	0.8473	0.0099	TRUE
F328_Phaeosphaeria	F27_Curvularia	0.5897	0.0297	TRUE
F191_f_Didymellaceae	F27_Curvularia	0.6514	0.0198	TRUE
F22_Setophoma	F27_Curvularia	0.7044	0.0099	TRUE
F1104_Periconia	F280_o_Polyporales	0.5221	0.0235	TRUE
F166_Aspergillus	F280_o_Polyporales	0.5427	0.0334	TRUE
F970_Resupinatus	F280_o_Polyporales	0.5479	0.0137	TRUE
F29_f_Didymellaceae	F810_Strelitziana	-0.6126	0.0297	FALSE
F2752_unidentified	F810_Strelitziana	0.5038	0.0487	TRUE
F5_Alternaria	F810_Strelitziana	0.7144	0.0198	TRUE
F334_Plectosphaerella	F1270_o_NA	0.4272	0.0334	TRUE
F178_Schizopora	F1270_o_NA	0.4262	0.0334	TRUE
F570_Colletotrichum	F1270_o_NA	0.4949	0.0388	TRUE
F3338_Lasiodiplodia	F1270_o_NA	0.3946	0.0334	TRUE
F328_Phaeosphaeria	F1411_Annulohypoxylon	0.5657	0.0137	TRUE
F1931_f_Chaetomiaceae	F1411_Annulohypoxylon	0.4268	0.0334	TRUE
F199_Aureobasidium	F1411_Annulohypoxylon	0.5031	0.0487	TRUE
F127_Papiliotrema	F120_Sporobolomyces	0.7578	0.0099	TRUE
F824_Torula	F120_Sporobolomyces	0.6548	0.0297	TRUE
F316_Dioszegia	F120_Sporobolomyces	0.6721	0.0198	TRUE
F160_Cladosporium	F487_Filobasidium	0.451	0.0433	TRUE
F461_unidentified	F53_Pyrenochaetopsis	0.4895	0.0388	TRUE
F3613_Penicillium	F53_Pyrenochaetopsis	0.5637	0.0235	TRUE
F2131_Erysiphe	F53_Pyrenochaetopsis	0.5658	0.0137	TRUE
F689_Botryosphaeria	F53_Pyrenochaetopsis	0.5956	0.005	TRUE
F250_Pseudopithomyces	F53_Pyrenochaetopsis	0.4591	0.0487	TRUE
F1397_f_Pyronemataceae	F53_Pyrenochaetopsis	0.4769	0.0137	TRUE
F36_Moesziomyces	F362_Porostereum	0.646	0.0198	TRUE
F161_Paraphoma	F362_Porostereum	0.6566	0.0197	TRUE
F250_Pseudopithomyces	F362_Porostereum	0.6085	0.0197	TRUE
F1104_Periconia	F1610_Exidia	0.4987	0.0433	TRUE
F297_Coniothyrium	F1610_Exidia	0.5232	0.0137	TRUE
F68_Pseudogymnoascus	F1610_Exidia	0.4529	0.0487	TRUE
F1141_Annulohypoxylon	F1104_Periconia	0.518	0.0388	TRUE
F297_Coniothyrium	F1104_Periconia	0.5537	0.0137	TRUE
F161_Paraphoma	F1104_Periconia	0.5252	0.0388	TRUE
F2099_Annulohypoxylon	F1104_Periconia	0.4608	0.0433	TRUE
F166_Aspergillus	F1104_Periconia	0.5993	0.0235	TRUE
F970_Resupinatus	F1104_Periconia	0.5573	0.0433	TRUE
F970_Resupinatus	F1141_Annulohypoxylon	0.515	0.0487	TRUE
F824_Torula	F127_Papiliotrema	0.6961	0.0297	TRUE
F316_Dioszegia	F127_Papiliotrema	0.772	0.0198	TRUE
F1931_f_Chaetomiaceae	F328_Phaeosphaeria	0.5865	0.0235	TRUE
F787_Colletotrichum	F328_Phaeosphaeria	0.4223	0.0433	TRUE
F199_Aureobasidium	F328_Phaeosphaeria	0.6129	0.019	TRUE
F10_Guehomyces	F98_f_Didymellaceae	0.447	0.005	TRUE
F68_Pseudogymnoascus	F29_f_Didymellaceae	-0.5419	0.0396	FALSE
F5_Alternaria	F29_f_Didymellaceae	-0.6732	0.0297	FALSE
F36_Moesziomyces	F45_f_Didymellaceae	0.5979	0.0495	TRUE
F297_Coniothyrium	F36_Moesziomyces	0.5489	0.0494	TRUE
F161_Paraphoma	F36_Moesziomyces	0.7575	0.0198	TRUE
F250_Pseudopithomyces	F36_Moesziomyces	0.7529	0.0198	TRUE
F3995_Scytinostroma	F297_Coniothyrium	0.4986	0.0334	TRUE
F2099_Annulohypoxylon	F297_Coniothyrium	0.5286	0.0334	TRUE
F68_Pseudogymnoascus	F297_Coniothyrium	0.4968	0.0487	TRUE
F166_Aspergillus	F297_Coniothyrium	0.6115	0.0137	TRUE
F250_Pseudopithomyces	F161_Paraphoma	0.7624	0.0098	TRUE
F1721_Ascotricha	F6_Cladosporium	-0.6079	0.0099	FALSE
F570_Colletotrichum	F6_Cladosporium	-0.6329	0.0396	FALSE
F334_Plectosphaerella	F1721_Ascotricha	0.5195	0.0235	TRUE
F178_Schizopora	F1721_Ascotricha	0.5974	0.0235	TRUE
F570_Colletotrichum	F1721_Ascotricha	0.5634	0.0388	TRUE
F9_Chaetomium	F160_Cladosporium	0.4283	0.0487	TRUE
F316_Dioszegia	F824_Torula	0.7771	0.0098	TRUE
F970_Resupinatus	F3995_Scytinostroma	0.4566	0.0433	TRUE
F3613_Penicillium	F461_unidentified	0.5316	0.0388	TRUE
F2131_Erysiphe	F461_unidentified	0.4732	0.0289	TRUE
F689_Botryosphaeria	F461_unidentified	0.5063	0.0388	TRUE
F22_Setophoma	F191_f_Didymellaceae	0.6163	0.0099	TRUE
F643_Symmetrospora	F3334_Rhodotorula	0.3844	0.0433	TRUE
F178_Schizopora	F334_Plectosphaerella	0.554	0.0334	TRUE
F570_Colletotrichum	F334_Plectosphaerella	0.5766	0.0091	TRUE
F3338_Lasiodiplodia	F334_Plectosphaerella	0.4623	0.0137	TRUE
F5_Alternaria	F334_Plectosphaerella	-0.5082	0.0297	FALSE
F570_Colletotrichum	F178_Schizopora	0.5691	0.0289	TRUE
F3338_Lasiodiplodia	F178_Schizopora	0.531	0.0433	TRUE
F2131_Erysiphe	F3613_Penicillium	0.5536	0.0334	TRUE
F689_Botryosphaeria	F3613_Penicillium	0.568	0.0334	TRUE
F689_Botryosphaeria	F2131_Erysiphe	0.5762	0.0235	TRUE
F250_Pseudopithomyces	F689_Botryosphaeria	0.5341	0.0487	TRUE
F482_Pichia	F689_Botryosphaeria	0.4516	0.0433	TRUE
F1397_f_Pyronemataceae	F689_Botryosphaeria	0.4951	0.0334	TRUE
F970_Resupinatus	F68_Pseudogymnoascus	0.495	0.0289	TRUE
F970_Resupinatus	F166_Aspergillus	0.581	0.0137	TRUE
F1207_f_Glomerellaceae	F366_Colletotrichum	0.5519	0.005	TRUE
F22_Setophoma	F276_Cercospora	-0.5474	0.0495	FALSE
F22_Setophoma	F5_Alternaria	-0.6073	0.0396	FALSE
