Source	Target	Cor	pseudo_p	positive
B3636_Methylobacterium	B10140_f_Roseiflexaceae	0.6062	0.0455	TRUE
B607_Dietzia	B10140_f_Roseiflexaceae	0.5989	0.0356	TRUE
B307_Bacillus	B10140_f_Roseiflexaceae	0.6243	0.0356	TRUE
F759_unidentified	B10140_f_Roseiflexaceae	-0.5606	0.0455	FALSE
F2318_unidentified	B10140_f_Roseiflexaceae	0.5768	0.0455	TRUE
F3313_Knufia	B10140_f_Roseiflexaceae	0.5401	0.0455	TRUE
B1796_f_Enterobacteriaceae	B13994_Rhodovarius	0.754	0.0071	TRUE
B260_Pseudomonas	B13994_Rhodovarius	0.7538	0.0018	TRUE
B8582_Massilia	B13994_Rhodovarius	0.7216	0.0455	TRUE
B14598_Atopostipes	B13994_Rhodovarius	0.6609	0.0156	TRUE
B13262_Rhodococcus	B13994_Rhodovarius	0.7355	0.0156	TRUE
B8488_Bacillus	B13994_Rhodovarius	0.7649	0.0156	TRUE
F7_unidentified	B13994_Rhodovarius	0.5682	0.0455	TRUE
F566_unidentified	B13994_Rhodovarius	0.727	0.0156	TRUE
F441_o_Hypocreales	B13994_Rhodovarius	0.6477	0.0156	TRUE
F28_f_Hypocreales_fam_Incertae_sedis	B13994_Rhodovarius	0.6602	0.0071	TRUE
F473_Curvibasidium	B13994_Rhodovarius	0.6747	0.0255	TRUE
F281_Aureobasidium	B13994_Rhodovarius	0.7784	0.0356	TRUE
B464_Pseudomonas	B7947_f_Chroococcidiopsaceae	0.6425	0.0356	TRUE
B2944_Cupriavidus	B7947_f_Chroococcidiopsaceae	0.6816	0.0255	TRUE
B2324_o_NA	B7947_f_Chroococcidiopsaceae	-0.4713	0.0455	FALSE
B11499_f_Burkholderiaceae	B7947_f_Chroococcidiopsaceae	0.6978	0.0071	TRUE
B354_Paraburkholderia tropica	B7947_f_Chroococcidiopsaceae	0.6559	0.0255	TRUE
B318_Caulobacter	B7947_f_Chroococcidiopsaceae	0.5816	0.0356	TRUE
B1295_Bacillus	B7947_f_Chroococcidiopsaceae	0.6788	0.0156	TRUE
B705_f_Sphingomonadaceae	B7947_f_Chroococcidiopsaceae	0.6787	0.0255	TRUE
F759_unidentified	B7947_f_Chroococcidiopsaceae	0.5989	0.0455	TRUE
F686_Malassezia	B7947_f_Chroococcidiopsaceae	0.7429	0.0255	TRUE
F575_Trametes	B7947_f_Chroococcidiopsaceae	0.5805	0.0356	TRUE
F2434_Nectriopsis	B7947_f_Chroococcidiopsaceae	0.6183	0.0356	TRUE
F5_Alternaria	B7947_f_Chroococcidiopsaceae	0.7176	0.0368	TRUE
B3050_Sphingomonas	B7416_Deinococcus	0.6291	0.0455	TRUE
F258_Nigrospora	B7416_Deinococcus	0.5411	0.0455	TRUE
B3211_Pseudomonas	B282_Acinetobacter	0.8175	0.0071	TRUE
B15876_Enhydrobacter	B282_Acinetobacter	0.7582	0.0018	TRUE
B1738_uncultured Termite group 1 bacterium	B282_Acinetobacter	0.7667	0.0156	TRUE
B1119_Dietzia	B282_Acinetobacter	0.7789	0.0156	TRUE
F106_unidentified	B282_Acinetobacter	0.821	0.0156	TRUE
F17_o_Pleosporales	B282_Acinetobacter	0.8149	0.0071	TRUE
F70_unidentified	B282_Acinetobacter	0.6801	0.0156	TRUE
F1136_unidentified	B282_Acinetobacter	0.8669	0.0018	TRUE
F57_Trichoderma	B282_Acinetobacter	0.7993	0.0018	TRUE
F34_Mortierella	B282_Acinetobacter	0.7604	0.0156	TRUE
F565_Wallemia	B282_Acinetobacter	0.7492	0.0018	TRUE
F10_Guehomyces	B282_Acinetobacter	0.7862	0.0071	TRUE
F309_Flammulina	B282_Acinetobacter	0.7567	0.0455	TRUE
F103_unidentified	B282_Acinetobacter	0.8329	0.0018	TRUE
F1301_Ceriporiopsis	B282_Acinetobacter	0.6857	0.0255	TRUE
F38_Pseudeurotium	B282_Acinetobacter	0.7902	0.0255	TRUE
F482_Pichia	B282_Acinetobacter	0.7636	0.0018	TRUE
B1220_Bacillus	B4701_Patulibacter	0.7542	0.0018	TRUE
B2_Methylobacterium	B4701_Patulibacter	0.7279	0.0255	TRUE
B430_Pseudonocardia	B4701_Patulibacter	0.757	0.0018	TRUE
B2240_Brevundimonas	B4701_Patulibacter	0.7602	0.0255	TRUE
B5082_Kocuria	B4701_Patulibacter	0.8217	0.0018	TRUE
F698_unidentified	B4701_Patulibacter	0.5898	0.0071	TRUE
F184_unidentified	B4701_Patulibacter	0.6468	0.0071	TRUE
F4743_o_Polyporales	B4701_Patulibacter	0.666	0.0156	TRUE
F924_Kendrickiella	B4701_Patulibacter	0.7313	0.0071	TRUE
F511_Malassezia	B4701_Patulibacter	0.7206	0.0018	TRUE
F1523_unidentified	B4701_Patulibacter	0.6872	0.0071	TRUE
F1286_Naganishia	B4701_Patulibacter	0.766	0.0156	TRUE
F178_Schizopora	B4701_Patulibacter	0.5678	0.0455	TRUE
F593_Articulospora	B4701_Patulibacter	0.7993	0.0156	TRUE
F199_Aureobasidium	B4701_Patulibacter	0.6378	0.0368	TRUE
B54_uncultured	B22_uncultured.Roseobacter.sp.	0.9836	0.0396	TRUE
F131_unidentified	B22_uncultured.Roseobacter.sp.	0.9826	0.0099	TRUE
F2_Nigrospora	B22_uncultured.Roseobacter.sp.	0.9385	0.0198	TRUE
F27_Curvularia	B22_uncultured.Roseobacter.sp.	-0.7564	0.0396	FALSE
B299_Allorhizobium-Neorhizobium-Pararhizobium-Rhizobium	B3636_Methylobacterium	0.6188	0.0455	TRUE
B3050_Sphingomonas	B3636_Methylobacterium	0.7231	0.0156	TRUE
B307_Bacillus	B3636_Methylobacterium	0.6865	0.0455	TRUE
F2329_unidentified	B3636_Methylobacterium	0.6032	0.0356	TRUE
F2318_unidentified	B3636_Methylobacterium	0.6429	0.0455	TRUE
F958_Cyphellophora	B3636_Methylobacterium	0.5673	0.0356	TRUE
F321_Curvularia	B3636_Methylobacterium	0.6199	0.0156	TRUE
F1237_Acremonium	B3636_Methylobacterium	0.5733	0.0455	TRUE
F181_f_Didymellaceae	B3636_Methylobacterium	0.677	0.0255	TRUE
B2324_o_NA	B2520_Belnapia	0.6076	0.0156	TRUE
B307_Bacillus	B2520_Belnapia	0.712	0.0071	TRUE
F258_Nigrospora	B2520_Belnapia	0.5855	0.0356	TRUE
F321_Curvularia	B2520_Belnapia	0.5851	0.0455	TRUE
F61_o_Pleosporales	B3774_Actinoplanes	0.8596	0.039	TRUE
F791_unidentified	B3774_Actinoplanes	0.8837	0.0094	TRUE
F54_Pyrenochaetopsis	B3774_Actinoplanes	0.7139	0.0489	TRUE
F1491_unidentified	B3774_Actinoplanes	0.7416	0.039	TRUE
F361_Phaeosphaeria	B3774_Actinoplanes	0.8367	0.0192	TRUE
F190_Irpex	B3774_Actinoplanes	0.8295	0.039	TRUE
F6_Cladosporium	B3774_Actinoplanes	0.8167	0.0395	TRUE
F85_Fusarium	B3774_Actinoplanes	0.827	0.0094	TRUE
B2324_o_NA	B11366_Spirosoma	0.5786	0.0156	TRUE
F45_f_Didymellaceae	B11366_Spirosoma	0.6556	0.0467	TRUE
B260_Pseudomonas	B1796_f_Enterobacteriaceae	0.8909	0.0018	TRUE
B8582_Massilia	B1796_f_Enterobacteriaceae	0.8156	0.0255	TRUE
B14598_Atopostipes	B1796_f_Enterobacteriaceae	0.7704	0.0018	TRUE
B13262_Rhodococcus	B1796_f_Enterobacteriaceae	0.7862	0.0018	TRUE
B8488_Bacillus	B1796_f_Enterobacteriaceae	0.8669	0.0018	TRUE
F7_unidentified	B1796_f_Enterobacteriaceae	0.5887	0.0156	TRUE
F566_unidentified	B1796_f_Enterobacteriaceae	0.781	0.0071	TRUE
F441_o_Hypocreales	B1796_f_Enterobacteriaceae	0.7397	0.0018	TRUE
F28_f_Hypocreales_fam_Incertae_sedis	B1796_f_Enterobacteriaceae	0.6913	0.0455	TRUE
F473_Curvibasidium	B1796_f_Enterobacteriaceae	0.7837	0.0255	TRUE
F281_Aureobasidium	B1796_f_Enterobacteriaceae	0.9075	0.0018	TRUE
B2324_o_NA	B23_f_Burkholderiaceae	0.6567	0.0356	TRUE
B2664_Singulisphaera	B23_f_Burkholderiaceae	0.622	0.0455	TRUE
B3050_Sphingomonas	B23_f_Burkholderiaceae	0.7471	0.0255	TRUE
B607_Dietzia	B23_f_Burkholderiaceae	0.699	0.0071	TRUE
B307_Bacillus	B23_f_Burkholderiaceae	0.7133	0.0255	TRUE
F2329_unidentified	B23_f_Burkholderiaceae	0.54	0.0455	TRUE
F2318_unidentified	B23_f_Burkholderiaceae	0.5966	0.0356	TRUE
F62_Mrakia	B23_f_Burkholderiaceae	0.6155	0.0255	TRUE
B24_Bradyrhizobium	B26_Bradyrhizobium	-0.8416	0.0297	FALSE
F169_Naganishia	B26_Bradyrhizobium	-0.7607	0.0396	FALSE
F258_Nigrospora	B26_Bradyrhizobium	-0.6401	0.0394	FALSE
F62_Mrakia	B26_Bradyrhizobium	-0.6411	0.0493	FALSE
F160_Cladosporium	B26_Bradyrhizobium	-0.7518	0.0396	FALSE
B2944_Cupriavidus	B464_Pseudomonas	0.7681	0.0156	TRUE
B11499_f_Burkholderiaceae	B464_Pseudomonas	0.7545	0.0071	TRUE
B354_Paraburkholderia tropica	B464_Pseudomonas	0.7573	0.0018	TRUE
B318_Caulobacter	B464_Pseudomonas	0.7516	0.0255	TRUE
B1295_Bacillus	B464_Pseudomonas	0.7719	0.0071	TRUE
B705_f_Sphingomonadaceae	B464_Pseudomonas	0.7697	0.0156	TRUE
F759_unidentified	B464_Pseudomonas	0.6467	0.0156	TRUE
F686_Malassezia	B464_Pseudomonas	0.703	0.0356	TRUE
F575_Trametes	B464_Pseudomonas	0.7528	0.0071	TRUE
F362_Porostereum	B464_Pseudomonas	0.747	0.017	TRUE
F2434_Nectriopsis	B464_Pseudomonas	0.6857	0.0156	TRUE
F5_Alternaria	B464_Pseudomonas	0.7594	0.0074	TRUE
B2_Methylobacterium	B1220_Bacillus	0.7713	0.0071	TRUE
B430_Pseudonocardia	B1220_Bacillus	0.7759	0.0156	TRUE
B2240_Brevundimonas	B1220_Bacillus	0.8471	0.0071	TRUE
B5082_Kocuria	B1220_Bacillus	0.8186	0.0156	TRUE
F184_unidentified	B1220_Bacillus	0.6105	0.0018	TRUE
F4743_o_Polyporales	B1220_Bacillus	0.6311	0.0255	TRUE
F924_Kendrickiella	B1220_Bacillus	0.7816	0.0156	TRUE
F511_Malassezia	B1220_Bacillus	0.7683	0.0018	TRUE
F1523_unidentified	B1220_Bacillus	0.7061	0.0071	TRUE
F1286_Naganishia	B1220_Bacillus	0.8216	0.0255	TRUE
F178_Schizopora	B1220_Bacillus	0.5821	0.0455	TRUE
F593_Articulospora	B1220_Bacillus	0.8772	0.0071	TRUE
B14598_Atopostipes	B743_Escherichia.Shigella	0.6293	0.0269	TRUE
B8582_Massilia	B260_Pseudomonas	0.8689	0.0071	TRUE
B14598_Atopostipes	B260_Pseudomonas	0.7956	0.0018	TRUE
B13262_Rhodococcus	B260_Pseudomonas	0.8399	0.0071	TRUE
B8488_Bacillus	B260_Pseudomonas	0.8666	0.0071	TRUE
F7_unidentified	B260_Pseudomonas	0.5208	0.0455	TRUE
F566_unidentified	B260_Pseudomonas	0.8339	0.0018	TRUE
F441_o_Hypocreales	B260_Pseudomonas	0.7658	0.0018	TRUE
F28_f_Hypocreales_fam_Incertae_sedis	B260_Pseudomonas	0.7762	0.0356	TRUE
F473_Curvibasidium	B260_Pseudomonas	0.8141	0.0071	TRUE
F281_Aureobasidium	B260_Pseudomonas	0.8749	0.0156	TRUE
B11499_f_Burkholderiaceae	B2944_Cupriavidus	0.7238	0.0356	TRUE
B354_Paraburkholderia tropica	B2944_Cupriavidus	0.7611	0.0255	TRUE
B318_Caulobacter	B2944_Cupriavidus	0.778	0.0156	TRUE
B1295_Bacillus	B2944_Cupriavidus	0.7783	0.0071	TRUE
B705_f_Sphingomonadaceae	B2944_Cupriavidus	0.7475	0.0356	TRUE
F2015_unidentified	B2944_Cupriavidus	0.5014	0.0255	TRUE
F759_unidentified	B2944_Cupriavidus	0.6653	0.0356	TRUE
F247_unidentified	B2944_Cupriavidus	0.6441	0.0255	TRUE
F658_Candida	B2944_Cupriavidus	0.6743	0.0269	TRUE
F686_Malassezia	B2944_Cupriavidus	0.7384	0.0071	TRUE
F575_Trametes	B2944_Cupriavidus	0.683	0.0156	TRUE
F362_Porostereum	B2944_Cupriavidus	0.7787	0.0269	TRUE
F2434_Nectriopsis	B2944_Cupriavidus	0.7551	0.0018	TRUE
F5_Alternaria	B2944_Cupriavidus	0.7464	0.017	TRUE
B430_Pseudonocardia	B2_Methylobacterium	0.7816	0.0156	TRUE
B2240_Brevundimonas	B2_Methylobacterium	0.7447	0.0156	TRUE
B5082_Kocuria	B2_Methylobacterium	0.7818	0.0255	TRUE
F698_unidentified	B2_Methylobacterium	0.6356	0.0156	TRUE
F184_unidentified	B2_Methylobacterium	0.6712	0.0018	TRUE
F4743_o_Polyporales	B2_Methylobacterium	0.6009	0.0455	TRUE
F924_Kendrickiella	B2_Methylobacterium	0.7528	0.0071	TRUE
F511_Malassezia	B2_Methylobacterium	0.7444	0.0018	TRUE
F1523_unidentified	B2_Methylobacterium	0.7105	0.0255	TRUE
F1286_Naganishia	B2_Methylobacterium	0.7484	0.0156	TRUE
F178_Schizopora	B2_Methylobacterium	0.5456	0.0071	TRUE
F593_Articulospora	B2_Methylobacterium	0.8137	0.0156	TRUE
B2240_Brevundimonas	B430_Pseudonocardia	0.8064	0.0071	TRUE
B5082_Kocuria	B430_Pseudonocardia	0.8397	0.0071	TRUE
F924_Kendrickiella	B430_Pseudonocardia	0.8146	0.0156	TRUE
F511_Malassezia	B430_Pseudonocardia	0.777	0.0071	TRUE
F1523_unidentified	B430_Pseudonocardia	0.7686	0.0071	TRUE
F1286_Naganishia	B430_Pseudonocardia	0.8427	0.0071	TRUE
F178_Schizopora	B430_Pseudonocardia	0.604	0.0356	TRUE
F593_Articulospora	B430_Pseudonocardia	0.8811	0.0156	TRUE
B3050_Sphingomonas	B2324_o_NA	0.7216	0.0071	TRUE
B307_Bacillus	B2324_o_NA	0.7494	0.0356	TRUE
F759_unidentified	B2324_o_NA	-0.5434	0.0455	FALSE
F258_Nigrospora	B2324_o_NA	0.6542	0.0071	TRUE
F62_Mrakia	B2324_o_NA	0.6408	0.0455	TRUE
B2664_Singulisphaera	B299_Allorhizobium.Neorhizobium.Pararhizobium.Rhizobium	0.6231	0.0255	TRUE
B3050_Sphingomonas	B299_Allorhizobium.Neorhizobium.Pararhizobium.Rhizobium	0.5977	0.0255	TRUE
F2329_unidentified	B299_Allorhizobium.Neorhizobium.Pararhizobium.Rhizobium	0.5727	0.0455	TRUE
B14598_Atopostipes	B8582_Massilia	0.7867	0.0156	TRUE
B13262_Rhodococcus	B8582_Massilia	0.7728	0.0255	TRUE
B8488_Bacillus	B8582_Massilia	0.8519	0.0018	TRUE
F566_unidentified	B8582_Massilia	0.8297	0.0071	TRUE
F441_o_Hypocreales	B8582_Massilia	0.7524	0.0071	TRUE
F28_f_Hypocreales_fam_Incertae_sedis	B8582_Massilia	0.7555	0.0018	TRUE
F473_Curvibasidium	B8582_Massilia	0.7985	0.0071	TRUE
F281_Aureobasidium	B8582_Massilia	0.8478	0.0356	TRUE
B13262_Rhodococcus	B14598_Atopostipes	0.7544	0.0071	TRUE
B8488_Bacillus	B14598_Atopostipes	0.8284	0.0018	TRUE
F566_unidentified	B14598_Atopostipes	0.7428	0.0071	TRUE
F441_o_Hypocreales	B14598_Atopostipes	0.7431	0.0018	TRUE
F28_f_Hypocreales_fam_Incertae_sedis	B14598_Atopostipes	0.6922	0.0356	TRUE
F473_Curvibasidium	B14598_Atopostipes	0.7334	0.0018	TRUE
F281_Aureobasidium	B14598_Atopostipes	0.814	0.0071	TRUE
B5082_Kocuria	B2240_Brevundimonas	0.812	0.0071	TRUE
B398_Rhodococcus	B2240_Brevundimonas	0.5946	0.0368	TRUE
F698_unidentified	B2240_Brevundimonas	0.6551	0.0071	TRUE
F184_unidentified	B2240_Brevundimonas	0.6408	0.0255	TRUE
F4743_o_Polyporales	B2240_Brevundimonas	0.6877	0.0071	TRUE
F924_Kendrickiella	B2240_Brevundimonas	0.8132	0.0071	TRUE
F511_Malassezia	B2240_Brevundimonas	0.7944	0.0018	TRUE
F1523_unidentified	B2240_Brevundimonas	0.6921	0.0255	TRUE
F1286_Naganishia	B2240_Brevundimonas	0.8405	0.0018	TRUE
F593_Articulospora	B2240_Brevundimonas	0.8699	0.0018	TRUE
F199_Aureobasidium	B2240_Brevundimonas	0.727	0.0467	TRUE
B15876_Enhydrobacter	B3211_Pseudomonas	0.7296	0.0071	TRUE
B1738_uncultured Termite group 1 bacterium	B3211_Pseudomonas	0.7401	0.0156	TRUE
B1119_Dietzia	B3211_Pseudomonas	0.7819	0.0356	TRUE
F106_unidentified	B3211_Pseudomonas	0.8002	0.0156	TRUE
F17_o_Pleosporales	B3211_Pseudomonas	0.8172	0.0018	TRUE
F70_unidentified	B3211_Pseudomonas	0.6927	0.0156	TRUE
F16_Pyricularia	B3211_Pseudomonas	0.7456	0.0494	TRUE
F1136_unidentified	B3211_Pseudomonas	0.834	0.0018	TRUE
F57_Trichoderma	B3211_Pseudomonas	0.847	0.0018	TRUE
F34_Mortierella	B3211_Pseudomonas	0.7922	0.0018	TRUE
F565_Wallemia	B3211_Pseudomonas	0.7409	0.0156	TRUE
F10_Guehomyces	B3211_Pseudomonas	0.7818	0.0071	TRUE
F309_Flammulina	B3211_Pseudomonas	0.7104	0.0071	TRUE
F103_unidentified	B3211_Pseudomonas	0.8181	0.0071	TRUE
F1301_Ceriporiopsis	B3211_Pseudomonas	0.7269	0.0255	TRUE
F482_Pichia	B3211_Pseudomonas	0.7551	0.0018	TRUE
F131_unidentified	B54_uncultured	0.9585	0.0198	TRUE
F2_Nigrospora	B54_uncultured	0.9502	0.0198	TRUE
F27_Curvularia	B54_uncultured	-0.8023	0.0495	FALSE
B3050_Sphingomonas	B2664_Singulisphaera	0.6833	0.0255	TRUE
B607_Dietzia	B2664_Singulisphaera	0.7383	0.0156	TRUE
B307_Bacillus	B2664_Singulisphaera	0.6984	0.0018	TRUE
F2329_unidentified	B2664_Singulisphaera	0.6351	0.0255	TRUE
F449_unidentified	B2664_Singulisphaera	0.5789	0.0255	TRUE
F2318_unidentified	B2664_Singulisphaera	0.6613	0.0455	TRUE
F258_Nigrospora	B2664_Singulisphaera	0.6676	0.0071	TRUE
F321_Curvularia	B2664_Singulisphaera	0.6356	0.0255	TRUE
F45_f_Didymellaceae	B2664_Singulisphaera	0.6682	0.0368	TRUE
F238_Coniochaeta	B2664_Singulisphaera	0.61	0.0356	TRUE
B1738_uncultured Termite group 1 bacterium	B15876_Enhydrobacter	0.7161	0.0018	TRUE
B209_Escherichia-Shigella	B15876_Enhydrobacter	0.5611	0.0467	TRUE
B1119_Dietzia	B15876_Enhydrobacter	0.6925	0.0356	TRUE
F106_unidentified	B15876_Enhydrobacter	0.6987	0.0156	TRUE
F17_o_Pleosporales	B15876_Enhydrobacter	0.7506	0.0156	TRUE
F70_unidentified	B15876_Enhydrobacter	0.6158	0.0255	TRUE
F16_Pyricularia	B15876_Enhydrobacter	0.6961	0.0494	TRUE
F57_Trichoderma	B15876_Enhydrobacter	0.7485	0.0071	TRUE
F34_Mortierella	B15876_Enhydrobacter	0.6797	0.0071	TRUE
F565_Wallemia	B15876_Enhydrobacter	0.7335	0.0071	TRUE
F10_Guehomyces	B15876_Enhydrobacter	0.6959	0.0018	TRUE
F103_unidentified	B15876_Enhydrobacter	0.6767	0.0071	TRUE
F1301_Ceriporiopsis	B15876_Enhydrobacter	0.7013	0.0071	TRUE
F38_Pseudeurotium	B15876_Enhydrobacter	0.6912	0.0255	TRUE
F482_Pichia	B15876_Enhydrobacter	0.6793	0.0356	TRUE
F1563_unidentified	B24_Bradyrhizobium	0.6972	0.0467	TRUE
F493_unidentified	B24_Bradyrhizobium	0.7161	0.0269	TRUE
F169_Naganishia	B24_Bradyrhizobium	0.8767	0.0094	TRUE
F3_Moesziomyces	B24_Bradyrhizobium	0.7884	0.0395	TRUE
F160_Cladosporium	B24_Bradyrhizobium	0.8891	0.0192	TRUE
B607_Dietzia	B3050_Sphingomonas	0.779	0.0018	TRUE
F2329_unidentified	B3050_Sphingomonas	0.7159	0.0356	TRUE
F258_Nigrospora	B3050_Sphingomonas	0.8009	0.0156	TRUE
F321_Curvularia	B3050_Sphingomonas	0.7194	0.0255	TRUE
F62_Mrakia	B3050_Sphingomonas	0.7378	0.0356	TRUE
F1237_Acremonium	B3050_Sphingomonas	0.7017	0.0255	TRUE
F45_f_Didymellaceae	B3050_Sphingomonas	0.7563	0.0368	TRUE
F181_f_Didymellaceae	B3050_Sphingomonas	0.6296	0.0356	TRUE
F238_Coniochaeta	B3050_Sphingomonas	0.699	0.0255	TRUE
B1119_Dietzia	B1738_uncultured.Termite.group.1.bacterium	0.7655	0.0156	TRUE
F106_unidentified	B1738_uncultured.Termite.group.1.bacterium	0.7322	0.0255	TRUE
F17_o_Pleosporales	B1738_uncultured.Termite.group.1.bacterium	0.7852	0.0255	TRUE
F70_unidentified	B1738_uncultured.Termite.group.1.bacterium	0.6585	0.0071	TRUE
F1136_unidentified	B1738_uncultured.Termite.group.1.bacterium	0.7971	0.0071	TRUE
F57_Trichoderma	B1738_uncultured.Termite.group.1.bacterium	0.7818	0.0018	TRUE
F34_Mortierella	B1738_uncultured.Termite.group.1.bacterium	0.7195	0.0071	TRUE
F565_Wallemia	B1738_uncultured.Termite.group.1.bacterium	0.7919	0.0071	TRUE
F10_Guehomyces	B1738_uncultured.Termite.group.1.bacterium	0.6978	0.0455	TRUE
F309_Flammulina	B1738_uncultured.Termite.group.1.bacterium	0.6399	0.0455	TRUE
F103_unidentified	B1738_uncultured.Termite.group.1.bacterium	0.697	0.0071	TRUE
F1301_Ceriporiopsis	B1738_uncultured.Termite.group.1.bacterium	0.7353	0.0018	TRUE
F38_Pseudeurotium	B1738_uncultured.Termite.group.1.bacterium	0.7382	0.0018	TRUE
F482_Pichia	B1738_uncultured.Termite.group.1.bacterium	0.7581	0.0255	TRUE
B8488_Bacillus	B13262_Rhodococcus	0.7932	0.0071	TRUE
F566_unidentified	B13262_Rhodococcus	0.767	0.0071	TRUE
F441_o_Hypocreales	B13262_Rhodococcus	0.715	0.0455	TRUE
F28_f_Hypocreales_fam_Incertae_sedis	B13262_Rhodococcus	0.7928	0.0071	TRUE
F473_Curvibasidium	B13262_Rhodococcus	0.7558	0.0018	TRUE
F281_Aureobasidium	B13262_Rhodococcus	0.809	0.0156	TRUE
B307_Bacillus	B607_Dietzia	0.724	0.0356	TRUE
F2318_unidentified	B607_Dietzia	0.7167	0.0255	TRUE
F258_Nigrospora	B607_Dietzia	0.7176	0.0356	TRUE
F321_Curvularia	B607_Dietzia	0.7727	0.0356	TRUE
F62_Mrakia	B607_Dietzia	0.6775	0.0455	TRUE
F45_f_Didymellaceae	B607_Dietzia	0.7604	0.0269	TRUE
F15_o_Helotiales	B607_Dietzia	0.5201	0.0356	TRUE
F723_unidentified	B15_Sphingomonas	0.6539	0.0269	TRUE
F493_unidentified	B15_Sphingomonas	0.6832	0.0368	TRUE
F1013_unidentified	B15_Sphingomonas	0.6597	0.0269	TRUE
F511_Malassezia	B15_Sphingomonas	0.5895	0.0467	TRUE
F136_f_Didymosphaeriaceae	B8616_Chroococcidiopsis.SAG.2023	0.7595	0.0296	TRUE
F362_Porostereum	B8616_Chroococcidiopsis.SAG.2023	0.7439	0.0489	TRUE
F5_Alternaria	B8616_Chroococcidiopsis.SAG.2023	0.8034	0.0291	TRUE
B354_Paraburkholderia tropica	B11499_f_Burkholderiaceae	0.7446	0.0255	TRUE
B318_Caulobacter	B11499_f_Burkholderiaceae	0.717	0.0455	TRUE
B1295_Bacillus	B11499_f_Burkholderiaceae	0.7831	0.0071	TRUE
B705_f_Sphingomonadaceae	B11499_f_Burkholderiaceae	0.7538	0.0156	TRUE
F759_unidentified	B11499_f_Burkholderiaceae	0.6902	0.0018	TRUE
F247_unidentified	B11499_f_Burkholderiaceae	0.6179	0.0255	TRUE
F686_Malassezia	B11499_f_Burkholderiaceae	0.7159	0.0255	TRUE
F575_Trametes	B11499_f_Burkholderiaceae	0.7354	0.0156	TRUE
F2434_Nectriopsis	B11499_f_Burkholderiaceae	0.7559	0.0018	TRUE
F5_Alternaria	B11499_f_Burkholderiaceae	0.745	0.0467	TRUE
B318_Caulobacter	B354_Paraburkholderia.tropica	0.8151	0.0255	TRUE
B1295_Bacillus	B354_Paraburkholderia.tropica	0.8286	0.0018	TRUE
B705_f_Sphingomonadaceae	B354_Paraburkholderia.tropica	0.7804	0.0071	TRUE
F759_unidentified	B354_Paraburkholderia.tropica	0.7143	0.0018	TRUE
F247_unidentified	B354_Paraburkholderia.tropica	0.6512	0.0356	TRUE
F658_Candida	B354_Paraburkholderia.tropica	0.6809	0.0269	TRUE
F686_Malassezia	B354_Paraburkholderia.tropica	0.7378	0.0255	TRUE
F277_Peniophora	B354_Paraburkholderia.tropica	0.6526	0.0368	TRUE
F292_Engyodontium	B354_Paraburkholderia.tropica	0.581	0.0156	TRUE
F575_Trametes	B354_Paraburkholderia.tropica	0.6953	0.0255	TRUE
F2434_Nectriopsis	B354_Paraburkholderia.tropica	0.7705	0.0156	TRUE
F5_Alternaria	B354_Paraburkholderia.tropica	0.7557	0.0269	TRUE
F698_unidentified	B5082_Kocuria	0.6134	0.0071	TRUE
F184_unidentified	B5082_Kocuria	0.7016	0.0255	TRUE
F4743_o_Polyporales	B5082_Kocuria	0.7261	0.0156	TRUE
F924_Kendrickiella	B5082_Kocuria	0.8165	0.0156	TRUE
F511_Malassezia	B5082_Kocuria	0.8059	0.0018	TRUE
F1523_unidentified	B5082_Kocuria	0.8071	0.0071	TRUE
F1286_Naganishia	B5082_Kocuria	0.8562	0.0018	TRUE
F593_Articulospora	B5082_Kocuria	0.8953	0.0071	TRUE
F199_Aureobasidium	B5082_Kocuria	0.7603	0.0368	TRUE
F2329_unidentified	B307_Bacillus	0.7261	0.0356	TRUE
F449_unidentified	B307_Bacillus	0.661	0.0356	TRUE
F2318_unidentified	B307_Bacillus	0.7245	0.0156	TRUE
F258_Nigrospora	B307_Bacillus	0.7701	0.0455	TRUE
F321_Curvularia	B307_Bacillus	0.7141	0.0255	TRUE
F62_Mrakia	B307_Bacillus	0.6683	0.0356	TRUE
F238_Coniochaeta	B307_Bacillus	0.6713	0.0156	TRUE
B1295_Bacillus	B318_Caulobacter	0.7784	0.0255	TRUE
B705_f_Sphingomonadaceae	B318_Caulobacter	0.747	0.0156	TRUE
F759_unidentified	B318_Caulobacter	0.7026	0.0018	TRUE
F247_unidentified	B318_Caulobacter	0.7125	0.0156	TRUE
F658_Candida	B318_Caulobacter	0.6334	0.0368	TRUE
F686_Malassezia	B318_Caulobacter	0.7061	0.0255	TRUE
F575_Trametes	B318_Caulobacter	0.6791	0.0156	TRUE
F362_Porostereum	B318_Caulobacter	0.7217	0.017	TRUE
F2434_Nectriopsis	B318_Caulobacter	0.7247	0.0356	TRUE
F5_Alternaria	B318_Caulobacter	0.7359	0.017	TRUE
F17_o_Pleosporales	B209_Escherichia.Shigella	0.6678	0.0467	TRUE
F1136_unidentified	B209_Escherichia.Shigella	0.672	0.0368	TRUE
F106_unidentified	B1119_Dietzia	0.7502	0.0156	TRUE
F17_o_Pleosporales	B1119_Dietzia	0.8007	0.0071	TRUE
F70_unidentified	B1119_Dietzia	0.7066	0.0018	TRUE
F1136_unidentified	B1119_Dietzia	0.8277	0.0018	TRUE
F57_Trichoderma	B1119_Dietzia	0.7944	0.0071	TRUE
F34_Mortierella	B1119_Dietzia	0.785	0.0071	TRUE
F565_Wallemia	B1119_Dietzia	0.7137	0.0356	TRUE
F10_Guehomyces	B1119_Dietzia	0.7782	0.0156	TRUE
F309_Flammulina	B1119_Dietzia	0.7641	0.0071	TRUE
F103_unidentified	B1119_Dietzia	0.749	0.0071	TRUE
F1301_Ceriporiopsis	B1119_Dietzia	0.68	0.0071	TRUE
F38_Pseudeurotium	B1119_Dietzia	0.7106	0.0356	TRUE
F482_Pichia	B1119_Dietzia	0.7284	0.0156	TRUE
F7_unidentified	B8488_Bacillus	0.5843	0.0071	TRUE
F566_unidentified	B8488_Bacillus	0.8494	0.0018	TRUE
F441_o_Hypocreales	B8488_Bacillus	0.7501	0.0018	TRUE
F28_f_Hypocreales_fam_Incertae_sedis	B8488_Bacillus	0.7538	0.0156	TRUE
F473_Curvibasidium	B8488_Bacillus	0.7938	0.0071	TRUE
F281_Aureobasidium	B8488_Bacillus	0.8936	0.0255	TRUE
B705_f_Sphingomonadaceae	B1295_Bacillus	0.8128	0.0255	TRUE
F759_unidentified	B1295_Bacillus	0.6736	0.0255	TRUE
F686_Malassezia	B1295_Bacillus	0.7028	0.0156	TRUE
F575_Trametes	B1295_Bacillus	0.684	0.0356	TRUE
F362_Porostereum	B1295_Bacillus	0.7308	0.0368	TRUE
F2434_Nectriopsis	B1295_Bacillus	0.7497	0.0255	TRUE
F5_Alternaria	B1295_Bacillus	0.7407	0.0368	TRUE
F759_unidentified	B705_f_Sphingomonadaceae	0.6807	0.0156	TRUE
F247_unidentified	B705_f_Sphingomonadaceae	0.6509	0.0455	TRUE
F658_Candida	B705_f_Sphingomonadaceae	0.6275	0.0269	TRUE
F686_Malassezia	B705_f_Sphingomonadaceae	0.7744	0.0018	TRUE
F292_Engyodontium	B705_f_Sphingomonadaceae	0.6169	0.0455	TRUE
F575_Trametes	B705_f_Sphingomonadaceae	0.7033	0.0255	TRUE
F362_Porostereum	B705_f_Sphingomonadaceae	0.7158	0.0368	TRUE
F2434_Nectriopsis	B705_f_Sphingomonadaceae	0.7383	0.0156	TRUE
F5_Alternaria	B705_f_Sphingomonadaceae	0.7718	0.017	TRUE
F27_Curvularia	B398_Rhodococcus	0.8126	0.039	TRUE
F488_Penicillium	B398_Rhodococcus	-0.8615	0.0297	FALSE
F593_Articulospora	B398_Rhodococcus	0.6574	0.0467	TRUE
F199_Aureobasidium	B398_Rhodococcus	0.8795	0.0192	TRUE
F2318_unidentified	F2329_unidentified	0.618	0.0356	TRUE
F258_Nigrospora	F2329_unidentified	0.6774	0.0156	TRUE
F321_Curvularia	F2329_unidentified	0.5736	0.0455	TRUE
F1237_Acremonium	F2329_unidentified	0.6092	0.0255	TRUE
F45_f_Didymellaceae	F2329_unidentified	0.6959	0.0269	TRUE
F181_f_Didymellaceae	F2329_unidentified	0.628	0.0156	TRUE
F1563_unidentified	F723_unidentified	0.8199	0.0255	TRUE
F493_unidentified	F723_unidentified	0.7705	0.0455	TRUE
F1013_unidentified	F723_unidentified	0.7716	0.0156	TRUE
F2_Nigrospora	F723_unidentified	0.7771	0.0296	TRUE
F566_unidentified	F7_unidentified	0.5678	0.0356	TRUE
F791_unidentified	F61_o_Pleosporales	0.9108	0.0094	TRUE
F361_Phaeosphaeria	F61_o_Pleosporales	0.8726	0.0192	TRUE
F190_Irpex	F61_o_Pleosporales	0.8133	0.0291	TRUE
F277_Peniophora	F61_o_Pleosporales	0.7456	0.0489	TRUE
F6_Cladosporium	F61_o_Pleosporales	0.8241	0.0494	TRUE
F85_Fusarium	F61_o_Pleosporales	0.8563	0.0291	TRUE
F17_o_Pleosporales	F106_unidentified	0.8071	0.0255	TRUE
F70_unidentified	F106_unidentified	0.6595	0.0455	TRUE
F16_Pyricularia	F106_unidentified	0.7511	0.0197	TRUE
F1136_unidentified	F106_unidentified	0.8319	0.0156	TRUE
F57_Trichoderma	F106_unidentified	0.8156	0.0071	TRUE
F34_Mortierella	F106_unidentified	0.7315	0.0255	TRUE
F565_Wallemia	F106_unidentified	0.7629	0.0156	TRUE
F10_Guehomyces	F106_unidentified	0.7979	0.0018	TRUE
F309_Flammulina	F106_unidentified	0.7373	0.0356	TRUE
F103_unidentified	F106_unidentified	0.7331	0.0071	TRUE
F38_Pseudeurotium	F106_unidentified	0.7836	0.0071	TRUE
F482_Pichia	F106_unidentified	0.7943	0.0156	TRUE
F1563_unidentified	F131_unidentified	0.6626	0.0395	TRUE
F2_Nigrospora	F131_unidentified	0.9145	0.0198	TRUE
F1491_unidentified	F131_unidentified	-0.7347	0.0396	FALSE
F27_Curvularia	F131_unidentified	-0.7308	0.0198	FALSE
F441_o_Hypocreales	F566_unidentified	0.6978	0.0156	TRUE
F28_f_Hypocreales_fam_Incertae_sedis	F566_unidentified	0.769	0.0255	TRUE
F473_Curvibasidium	F566_unidentified	0.7606	0.0018	TRUE
F281_Aureobasidium	F566_unidentified	0.8623	0.0018	TRUE
F258_Nigrospora	F449_unidentified	0.5898	0.0156	TRUE
F1045_unidentified	F449_unidentified	0.6079	0.0455	TRUE
F184_unidentified	F698_unidentified	0.5865	0.0255	TRUE
F1523_unidentified	F698_unidentified	0.516	0.0455	TRUE
F1286_Naganishia	F698_unidentified	0.6227	0.0071	TRUE
F593_Articulospora	F698_unidentified	0.5921	0.0356	TRUE
F45_f_Didymellaceae	F2015_unidentified	-0.5272	0.0467	FALSE
F54_Pyrenochaetopsis	F791_unidentified	0.723	0.0489	TRUE
F361_Phaeosphaeria	F791_unidentified	0.8223	0.0489	TRUE
F190_Irpex	F791_unidentified	0.7924	0.0192	TRUE
F6_Cladosporium	F791_unidentified	0.7823	0.0296	TRUE
F166_Aspergillus	F791_unidentified	0.6992	0.0494	TRUE
F85_Fusarium	F791_unidentified	0.839	0.0192	TRUE
F247_unidentified	F759_unidentified	0.5812	0.0455	TRUE
F575_Trametes	F759_unidentified	0.6966	0.0455	TRUE
F2434_Nectriopsis	F759_unidentified	0.6797	0.0071	TRUE
F493_unidentified	F1563_unidentified	0.8809	0.0071	TRUE
F1013_unidentified	F1563_unidentified	0.8529	0.0156	TRUE
F169_Naganishia	F1563_unidentified	0.7159	0.0074	TRUE
F2_Nigrospora	F1563_unidentified	0.8332	0.0098	TRUE
F3_Moesziomyces	F1563_unidentified	0.7195	0.0488	TRUE
F686_Malassezia	F247_unidentified	0.6385	0.0455	TRUE
F292_Engyodontium	F247_unidentified	0.5614	0.0356	TRUE
F2434_Nectriopsis	F247_unidentified	0.669	0.0356	TRUE
F1013_unidentified	F493_unidentified	0.8365	0.0071	TRUE
F169_Naganishia	F493_unidentified	0.766	0.0368	TRUE
F3_Moesziomyces	F493_unidentified	0.7411	0.0191	TRUE
F361_Phaeosphaeria	F54_Pyrenochaetopsis	0.7941	0.039	TRUE
F190_Irpex	F54_Pyrenochaetopsis	0.7244	0.0291	TRUE
F277_Peniophora	F54_Pyrenochaetopsis	0.7086	0.0094	TRUE
F4743_o_Polyporales	F184_unidentified	0.6578	0.0018	TRUE
F1523_unidentified	F184_unidentified	0.6161	0.0255	TRUE
F1286_Naganishia	F184_unidentified	0.6393	0.0356	TRUE
F593_Articulospora	F184_unidentified	0.7011	0.0156	TRUE
F70_unidentified	F17_o_Pleosporales	0.6707	0.0071	TRUE
F1136_unidentified	F17_o_Pleosporales	0.8095	0.0255	TRUE
F57_Trichoderma	F17_o_Pleosporales	0.8588	0.0071	TRUE
F34_Mortierella	F17_o_Pleosporales	0.7381	0.0356	TRUE
F565_Wallemia	F17_o_Pleosporales	0.7409	0.0156	TRUE
F10_Guehomyces	F17_o_Pleosporales	0.8021	0.0156	TRUE
F309_Flammulina	F17_o_Pleosporales	0.7299	0.0255	TRUE
F103_unidentified	F17_o_Pleosporales	0.7604	0.0156	TRUE
F1301_Ceriporiopsis	F17_o_Pleosporales	0.6691	0.0455	TRUE
F38_Pseudeurotium	F17_o_Pleosporales	0.7529	0.0156	TRUE
F482_Pichia	F17_o_Pleosporales	0.7692	0.0071	TRUE
F924_Kendrickiella	F4743_o_Polyporales	0.7203	0.0156	TRUE
F511_Malassezia	F4743_o_Polyporales	0.702	0.0071	TRUE
F1523_unidentified	F4743_o_Polyporales	0.6713	0.0356	TRUE
F1286_Naganishia	F4743_o_Polyporales	0.7417	0.0071	TRUE
F593_Articulospora	F4743_o_Polyporales	0.7756	0.0071	TRUE
F2_Nigrospora	F1013_unidentified	0.848	0.0296	TRUE
F258_Nigrospora	F2318_unidentified	0.6861	0.0255	TRUE
F62_Mrakia	F2318_unidentified	0.6286	0.0255	TRUE
F238_Coniochaeta	F2318_unidentified	0.6317	0.0455	TRUE
F1136_unidentified	F70_unidentified	0.6981	0.0156	TRUE
F34_Mortierella	F70_unidentified	0.6542	0.0356	TRUE
F565_Wallemia	F70_unidentified	0.6618	0.0018	TRUE
F10_Guehomyces	F70_unidentified	0.6437	0.0356	TRUE
F103_unidentified	F70_unidentified	0.6573	0.0255	TRUE
F38_Pseudeurotium	F70_unidentified	0.6892	0.0071	TRUE
F258_Nigrospora	F3313_Knufia	0.5923	0.0356	TRUE
F45_f_Didymellaceae	F3313_Knufia	0.6903	0.0467	TRUE
F511_Malassezia	F924_Kendrickiella	0.7737	0.0356	TRUE
F1523_unidentified	F924_Kendrickiella	0.7493	0.0018	TRUE
F1286_Naganishia	F924_Kendrickiella	0.8384	0.0255	TRUE
F593_Articulospora	F924_Kendrickiella	0.8453	0.0018	TRUE
F160_Cladosporium	F169_Naganishia	0.863	0.0192	TRUE
F1136_unidentified	F16_Pyricularia	0.7184	0.0494	TRUE
F57_Trichoderma	F16_Pyricularia	0.7478	0.0494	TRUE
F565_Wallemia	F16_Pyricularia	0.7145	0.0494	TRUE
F10_Guehomyces	F16_Pyricularia	0.7244	0.0395	TRUE
F103_unidentified	F16_Pyricularia	0.7168	0.0395	TRUE
F482_Pichia	F16_Pyricularia	0.692	0.0098	TRUE
F147_o_Pleosporales	F137_Malassezia	-0.8423	0.0396	FALSE
F136_f_Didymosphaeriaceae	F137_Malassezia	-0.8334	0.0099	FALSE
F1523_unidentified	F511_Malassezia	0.6986	0.0356	TRUE
F1286_Naganishia	F511_Malassezia	0.745	0.0071	TRUE
F178_Schizopora	F511_Malassezia	0.6056	0.0356	TRUE
F593_Articulospora	F511_Malassezia	0.7786	0.0156	TRUE
F57_Trichoderma	F1136_unidentified	0.8627	0.0156	TRUE
F34_Mortierella	F1136_unidentified	0.7668	0.0455	TRUE
F565_Wallemia	F1136_unidentified	0.7707	0.0018	TRUE
F10_Guehomyces	F1136_unidentified	0.7833	0.0018	TRUE
F309_Flammulina	F1136_unidentified	0.7577	0.0356	TRUE
F103_unidentified	F1136_unidentified	0.7572	0.0071	TRUE
F1301_Ceriporiopsis	F1136_unidentified	0.6754	0.0156	TRUE
F38_Pseudeurotium	F1136_unidentified	0.8211	0.0018	TRUE
F482_Pichia	F1136_unidentified	0.7323	0.0156	TRUE
F147_o_Pleosporales	F2_Nigrospora	-0.7493	0.0396	FALSE
F6_Cladosporium	F2_Nigrospora	-0.8032	0.0495	FALSE
F667_Hannaella	F258_Nigrospora	0.643	0.0356	TRUE
F62_Mrakia	F258_Nigrospora	0.6794	0.0156	TRUE
F1237_Acremonium	F258_Nigrospora	0.6228	0.0455	TRUE
F34_Mortierella	F57_Trichoderma	0.7462	0.0071	TRUE
F565_Wallemia	F57_Trichoderma	0.7497	0.0018	TRUE
F10_Guehomyces	F57_Trichoderma	0.8108	0.0018	TRUE
F309_Flammulina	F57_Trichoderma	0.71	0.0455	TRUE
F103_unidentified	F57_Trichoderma	0.7585	0.0455	TRUE
F1301_Ceriporiopsis	F57_Trichoderma	0.6956	0.0071	TRUE
F38_Pseudeurotium	F57_Trichoderma	0.7949	0.0018	TRUE
F482_Pichia	F57_Trichoderma	0.7293	0.0356	TRUE
F6_Cladosporium	F1491_unidentified	0.7647	0.0296	TRUE
F85_Fusarium	F1491_unidentified	0.6877	0.0489	TRUE
F1286_Naganishia	F1523_unidentified	0.7626	0.0071	TRUE
F593_Articulospora	F1523_unidentified	0.8015	0.0018	TRUE
F565_Wallemia	F34_Mortierella	0.6896	0.0255	TRUE
F10_Guehomyces	F34_Mortierella	0.7295	0.0071	TRUE
F309_Flammulina	F34_Mortierella	0.6403	0.0455	TRUE
F103_unidentified	F34_Mortierella	0.7199	0.0156	TRUE
F1301_Ceriporiopsis	F34_Mortierella	0.7591	0.0018	TRUE
F38_Pseudeurotium	F34_Mortierella	0.6964	0.0255	TRUE
F482_Pichia	F34_Mortierella	0.7342	0.0071	TRUE
F45_f_Didymellaceae	F667_Hannaella	0.6118	0.0368	TRUE
F136_f_Didymosphaeriaceae	F147_o_Pleosporales	0.8284	0.0297	TRUE
F166_Aspergillus	F147_o_Pleosporales	0.8667	0.0099	TRUE
F190_Irpex	F361_Phaeosphaeria	0.7437	0.0489	TRUE
F6_Cladosporium	F361_Phaeosphaeria	0.7835	0.0296	TRUE
F166_Aspergillus	F361_Phaeosphaeria	0.6759	0.0494	TRUE
F85_Fusarium	F361_Phaeosphaeria	0.7785	0.0192	TRUE
F575_Trametes	F686_Malassezia	0.654	0.0071	TRUE
F2434_Nectriopsis	F686_Malassezia	0.5783	0.0255	TRUE
F5_Alternaria	F686_Malassezia	0.7269	0.0368	TRUE
F6_Cladosporium	F190_Irpex	0.803	0.0296	TRUE
F85_Fusarium	F190_Irpex	0.7854	0.0291	TRUE
F593_Articulospora	F136_f_Didymosphaeriaceae	0.7036	0.0389	TRUE
F488_Penicillium	F27_Curvularia	-0.7611	0.0495	FALSE
F1237_Acremonium	F321_Curvularia	0.6082	0.0255	TRUE
F181_f_Didymellaceae	F321_Curvularia	0.5738	0.0455	TRUE
F85_Fusarium	F277_Peniophora	0.7338	0.039	TRUE
F28_f_Hypocreales_fam_Incertae_sedis	F441_o_Hypocreales	0.6592	0.0156	TRUE
F281_Aureobasidium	F441_o_Hypocreales	0.7857	0.0255	TRUE
F5_Alternaria	F575_Trametes	0.7051	0.0269	TRUE
F5_Alternaria	F362_Porostereum	0.8701	0.0094	TRUE
F45_f_Didymellaceae	F62_Mrakia	0.6668	0.0467	TRUE
F1045_unidentified	F62_Mrakia	0.6229	0.0455	TRUE
F238_Coniochaeta	F62_Mrakia	0.6933	0.0255	TRUE
F181_f_Didymellaceae	F1237_Acremonium	0.5342	0.0455	TRUE
F238_Coniochaeta	F1237_Acremonium	0.5668	0.0356	TRUE
F5_Alternaria	F2434_Nectriopsis	0.6886	0.0467	TRUE
F10_Guehomyces	F565_Wallemia	0.7312	0.0356	TRUE
F103_unidentified	F565_Wallemia	0.6643	0.0255	TRUE
F1301_Ceriporiopsis	F565_Wallemia	0.6483	0.0071	TRUE
F38_Pseudeurotium	F565_Wallemia	0.6816	0.0255	TRUE
F482_Pichia	F565_Wallemia	0.702	0.0255	TRUE
F178_Schizopora	F1286_Naganishia	0.6468	0.0255	TRUE
F593_Articulospora	F1286_Naganishia	0.8873	0.0018	TRUE
F199_Aureobasidium	F1286_Naganishia	0.7701	0.0269	TRUE
F181_f_Didymellaceae	F45_f_Didymellaceae	0.6619	0.0269	TRUE
F5_Alternaria	F45_f_Didymellaceae	-0.6319	0.0489	FALSE
F238_Coniochaeta	F45_f_Didymellaceae	0.6675	0.0467	TRUE
F473_Curvibasidium	F28_f_Hypocreales_fam_Incertae_sedis	0.7061	0.0071	TRUE
F281_Aureobasidium	F28_f_Hypocreales_fam_Incertae_sedis	0.7936	0.0018	TRUE
F166_Aspergillus	F6_Cladosporium	0.7592	0.0495	TRUE
F309_Flammulina	F10_Guehomyces	0.7441	0.0071	TRUE
F103_unidentified	F10_Guehomyces	0.6986	0.0255	TRUE
F1301_Ceriporiopsis	F10_Guehomyces	0.6714	0.0255	TRUE
F38_Pseudeurotium	F10_Guehomyces	0.7572	0.0071	TRUE
F482_Pichia	F10_Guehomyces	0.6303	0.0255	TRUE
F593_Articulospora	F178_Schizopora	0.6294	0.0018	TRUE
F103_unidentified	F309_Flammulina	0.6845	0.0356	TRUE
F1301_Ceriporiopsis	F309_Flammulina	0.609	0.0156	TRUE
F38_Pseudeurotium	F309_Flammulina	0.7062	0.0255	TRUE
F482_Pichia	F309_Flammulina	0.6607	0.0156	TRUE
F281_Aureobasidium	F473_Curvibasidium	0.7902	0.0156	TRUE
F199_Aureobasidium	F488_Penicillium	-0.8341	0.0297	FALSE
F199_Aureobasidium	F593_Articulospora	0.7676	0.0269	TRUE
F1301_Ceriporiopsis	F103_unidentified	0.6422	0.0356	TRUE
F38_Pseudeurotium	F103_unidentified	0.758	0.0255	TRUE
F482_Pichia	F103_unidentified	0.6857	0.0156	TRUE
F482_Pichia	F1301_Ceriporiopsis	0.6602	0.0018	TRUE
F482_Pichia	F38_Pseudeurotium	0.7322	0.0156	TRUE
