Source	Target	Cor	pseudo_p	positive
B2236_Pseudopedobacter	B282_Acinetobacter	0.6284	0.0235	TRUE
B919_f_Burkholderiaceae	B282_Acinetobacter	0.6682	0.0235	TRUE
F106_unidentified	B282_Acinetobacter	0.6529	0.0235	TRUE
F270_unidentified	B282_Acinetobacter	0.657	0.005	TRUE
F469_unidentified	B282_Acinetobacter	0.671	0.005	TRUE
F3009_unidentified	B282_Acinetobacter	0.6751	0.005	TRUE
F71_Papiliotrema	B282_Acinetobacter	0.6402	0.0433	TRUE
B919_f_Burkholderiaceae	B2236_Pseudopedobacter	0.6322	0.005	TRUE
F106_unidentified	B2236_Pseudopedobacter	0.6304	0.0334	TRUE
F270_unidentified	B2236_Pseudopedobacter	0.6535	0.005	TRUE
F469_unidentified	B2236_Pseudopedobacter	0.7007	0.0137	TRUE
F3009_unidentified	B2236_Pseudopedobacter	0.7043	0.005	TRUE
F71_Papiliotrema	B2236_Pseudopedobacter	0.6388	0.0137	TRUE
B11347_Nocardioides	B7862_Methylobacterium	0.5712	0.005	TRUE
B210_Ralstonia	B7862_Methylobacterium	0.5644	0.019	TRUE
B461_Acinetobacter	B7862_Methylobacterium	0.5045	0.0334	TRUE
B338_uncultured bacterium	B7862_Methylobacterium	0.4557	0.0235	TRUE
B3590_Escherichia-Shigella	B7862_Methylobacterium	0.6265	0.0137	TRUE
B3713_Tepidimonas	B7862_Methylobacterium	0.5475	0.0334	TRUE
B7_Curtobacterium	B7862_Methylobacterium	0.5966	0.0235	TRUE
F389_f_Sympoventuriaceae	B7862_Methylobacterium	0.6008	0.0433	TRUE
F1727_Sarocladium	B7862_Methylobacterium	0.6515	0.0334	TRUE
F76_o_Sordariales	B7862_Methylobacterium	0.5404	0.0235	TRUE
F53_Pyrenochaetopsis	B7862_Methylobacterium	0.6114	0.005	TRUE
F174_unidentified	B7862_Methylobacterium	0.5493	0.0235	TRUE
F220_Acremonium	B7862_Methylobacterium	0.6044	0.0137	TRUE
F55_f_Nectriaceae	B7862_Methylobacterium	0.5694	0.005	TRUE
F31_Fusarium	B7862_Methylobacterium	0.511	0.0433	TRUE
F725_Cabalodontia	B7862_Methylobacterium	0.5462	0.0433	TRUE
F720_unidentified	B7862_Methylobacterium	0.6826	0.0137	TRUE
B210_Ralstonia	B11347_Nocardioides	0.4381	0.0388	TRUE
B338_uncultured bacterium	B11347_Nocardioides	0.4326	0.0433	TRUE
B3590_Escherichia-Shigella	B11347_Nocardioides	0.5586	0.0137	TRUE
B3713_Tepidimonas	B11347_Nocardioides	0.5697	0.0334	TRUE
B11507_Methylobacterium	B11347_Nocardioides	0.5188	0.0334	TRUE
B7_Curtobacterium	B11347_Nocardioides	0.5366	0.005	TRUE
F1727_Sarocladium	B11347_Nocardioides	0.6315	0.005	TRUE
F76_o_Sordariales	B11347_Nocardioides	0.4873	0.0235	TRUE
F53_Pyrenochaetopsis	B11347_Nocardioides	0.4978	0.0433	TRUE
F174_unidentified	B11347_Nocardioides	0.506	0.0235	TRUE
F13_Zopfiella	B11347_Nocardioides	0.5066	0.0334	TRUE
F55_f_Nectriaceae	B11347_Nocardioides	0.5095	0.005	TRUE
F725_Cabalodontia	B11347_Nocardioides	0.5307	0.0334	TRUE
F720_unidentified	B11347_Nocardioides	0.5868	0.0334	TRUE
B143_Bradyrhizobium	B626_Pseudomonas	0.589	0.0289	TRUE
B81_Stenotrophomonas	B626_Pseudomonas	0.4864	0.0388	TRUE
F1336_Cylindrium	B626_Pseudomonas	0.5674	0.0091	TRUE
F4237_Macrophomina	B626_Pseudomonas	0.5722	0.0388	TRUE
F991_o_NA	B626_Pseudomonas	0.5465	0.0388	TRUE
F720_unidentified	B626_Pseudomonas	0.4764	0.0487	TRUE
B398_Rhodococcus	B1448_f_Burkholderiaceae	0.7013	0.005	TRUE
F3370_Pseudozyma	B1448_f_Burkholderiaceae	0.6185	0.0235	TRUE
F251_Alternaria	B1448_f_Burkholderiaceae	0.6764	0.0137	TRUE
F260_Schizopora	B1448_f_Burkholderiaceae	0.699	0.005	TRUE
F101_Curvularia	B1448_f_Burkholderiaceae	0.6987	0.0235	TRUE
B143_Bradyrhizobium	B735_uncultured.bacterium	0.6907	0.0137	TRUE
B12170_Cloacibacterium	B735_uncultured.bacterium	0.55	0.0137	TRUE
B5542_Micromonospora	B735_uncultured.bacterium	0.5284	0.0334	TRUE
B9443_Devosia	B735_uncultured.bacterium	0.5405	0.0433	TRUE
B81_Stenotrophomonas	B735_uncultured.bacterium	0.6471	0.0137	TRUE
F1336_Cylindrium	B735_uncultured.bacterium	0.6293	0.0137	TRUE
F4237_Macrophomina	B735_uncultured.bacterium	0.6496	0.0235	TRUE
F991_o_NA	B735_uncultured.bacterium	0.675	0.0137	TRUE
F477_Trichoderma	B735_uncultured.bacterium	0.6542	0.0137	TRUE
B503_Escherichia-Shigella	B13746_Rhodomicrobium	0.6308	0.0137	TRUE
F318_Saccharomyces	B13746_Rhodomicrobium	0.7128	0.005	TRUE
F1270_o_NA	B13746_Rhodomicrobium	0.5897	0.0137	TRUE
F292_Engyodontium	B13746_Rhodomicrobium	0.5085	0.0494	TRUE
F3034_Phlebiopsis	B13746_Rhodomicrobium	0.5356	0.0433	TRUE
B743_Escherichia-Shigella	B143_Bradyrhizobium	0.519	0.0487	TRUE
B12170_Cloacibacterium	B143_Bradyrhizobium	0.6227	0.005	TRUE
B5542_Micromonospora	B143_Bradyrhizobium	0.5818	0.0334	TRUE
B9443_Devosia	B143_Bradyrhizobium	0.5642	0.005	TRUE
B81_Stenotrophomonas	B143_Bradyrhizobium	0.6956	0.0137	TRUE
F1336_Cylindrium	B143_Bradyrhizobium	0.7092	0.0137	TRUE
F4237_Macrophomina	B143_Bradyrhizobium	0.7357	0.0137	TRUE
F991_o_NA	B143_Bradyrhizobium	0.7582	0.005	TRUE
F477_Trichoderma	B143_Bradyrhizobium	0.7269	0.0137	TRUE
B6020_Sphingomonas	B26_Bradyrhizobium	0.7183	0.0137	TRUE
B6861_Mycobacterium	B26_Bradyrhizobium	0.5177	0.0137	TRUE
B4367_Acinetobacter	B26_Bradyrhizobium	0.7281	0.005	TRUE
F458_Endoxyla	B26_Bradyrhizobium	0.7187	0.005	TRUE
F114_unidentified	B26_Bradyrhizobium	0.5505	0.005	TRUE
F2023_unidentified	B26_Bradyrhizobium	0.7272	0.0137	TRUE
F169_Naganishia	B26_Bradyrhizobium	0.5441	0.0137	TRUE
F204_Hannaella	B26_Bradyrhizobium	0.7095	0.005	TRUE
F3_Moesziomyces	B26_Bradyrhizobium	0.6732	0.0487	TRUE
F567_Ceriporia	B26_Bradyrhizobium	0.5374	0.0334	TRUE
F27_Curvularia	B26_Bradyrhizobium	0.7693	0.0137	TRUE
F441_o_Hypocreales	B26_Bradyrhizobium	0.5418	0.0487	TRUE
F693_Aspergillus	B26_Bradyrhizobium	0.6502	0.0334	TRUE
F301_o_NA	B26_Bradyrhizobium	0.6677	0.005	TRUE
F22_Setophoma	B26_Bradyrhizobium	0.5291	0.019	TRUE
B919_f_Burkholderiaceae	B743_Escherichia.Shigella	0.5983	0.0289	TRUE
F106_unidentified	B743_Escherichia.Shigella	0.5996	0.0487	TRUE
F270_unidentified	B743_Escherichia.Shigella	0.5707	0.019	TRUE
F469_unidentified	B743_Escherichia.Shigella	0.5576	0.0487	TRUE
F3009_unidentified	B743_Escherichia.Shigella	0.5878	0.0388	TRUE
F190_Irpex	B743_Escherichia.Shigella	0.7059	0.0396	TRUE
F71_Papiliotrema	B743_Escherichia.Shigella	0.5788	0.0091	TRUE
B5803_Sphingomonas	B1995_Massilia	0.6718	0.0235	TRUE
B1506_Bacillus	B1995_Massilia	0.5379	0.0388	TRUE
B1303_f_uncultured	B1995_Massilia	0.5309	0.0137	TRUE
B1597_Staphylococcus	B1995_Massilia	0.6793	0.005	TRUE
F131_unidentified	B1995_Massilia	-0.5806	0.0297	FALSE
F2537_unidentified	B1995_Massilia	0.6489	0.005	TRUE
F2275_unidentified	B1995_Massilia	0.629	0.0137	TRUE
F99_Cistella	B1995_Massilia	0.544	0.0235	TRUE
F577_unidentified	B1995_Massilia	0.7358	0.005	TRUE
F1292_unidentified	B1995_Massilia	0.6904	0.0137	TRUE
F2510_unidentified	B1995_Massilia	0.5905	0.0235	TRUE
F288_unidentified	B1995_Massilia	0.5498	0.0235	TRUE
F12_o_Pleosporales	B1995_Massilia	0.5676	0.0137	TRUE
F90_Pseudogymnoascus	B1995_Massilia	0.5947	0.0235	TRUE
F66_Trichoderma	B1995_Massilia	0.5606	0.005	TRUE
F9_Chaetomium	B1995_Massilia	0.5786	0.005	TRUE
F1727_Sarocladium	B210_Ralstonia	0.5308	0.0289	TRUE
F68_Pseudogymnoascus	B210_Ralstonia	0.4487	0.0487	TRUE
F720_unidentified	B210_Ralstonia	0.5344	0.019	TRUE
F106_unidentified	B919_f_Burkholderiaceae	0.6821	0.0235	TRUE
F270_unidentified	B919_f_Burkholderiaceae	0.7649	0.005	TRUE
F469_unidentified	B919_f_Burkholderiaceae	0.7415	0.0235	TRUE
F54_Pyrenochaetopsis	B919_f_Burkholderiaceae	0.547	0.019	TRUE
F3009_unidentified	B919_f_Burkholderiaceae	0.7209	0.0235	TRUE
F71_Papiliotrema	B919_f_Burkholderiaceae	0.703	0.0137	TRUE
F2343_unidentified	B201_Massilia	0.5017	0.0137	TRUE
F67_unidentified	B201_Massilia	0.4755	0.0235	TRUE
F3315_unidentified	B201_Massilia	0.455	0.0433	TRUE
F46_Microscypha	B201_Massilia	0.5326	0.0235	TRUE
F68_Pseudogymnoascus	B201_Massilia	0.602	0.0235	TRUE
F366_Colletotrichum	B201_Massilia	0.5327	0.0137	TRUE
B1506_Bacillus	B5803_Sphingomonas	0.5605	0.0487	TRUE
B1303_f_uncultured	B5803_Sphingomonas	0.6273	0.005	TRUE
B1597_Staphylococcus	B5803_Sphingomonas	0.6735	0.0137	TRUE
F2537_unidentified	B5803_Sphingomonas	0.6483	0.0137	TRUE
F2275_unidentified	B5803_Sphingomonas	0.6815	0.0235	TRUE
F99_Cistella	B5803_Sphingomonas	0.5506	0.0334	TRUE
F577_unidentified	B5803_Sphingomonas	0.7686	0.005	TRUE
F1292_unidentified	B5803_Sphingomonas	0.7643	0.0235	TRUE
F2510_unidentified	B5803_Sphingomonas	0.7194	0.0235	TRUE
F658_Candida	B5803_Sphingomonas	0.4855	0.0433	TRUE
F288_unidentified	B5803_Sphingomonas	0.6302	0.0334	TRUE
F12_o_Pleosporales	B5803_Sphingomonas	0.5293	0.0235	TRUE
F90_Pseudogymnoascus	B5803_Sphingomonas	0.6683	0.0137	TRUE
F66_Trichoderma	B5803_Sphingomonas	0.5752	0.0137	TRUE
F9_Chaetomium	B5803_Sphingomonas	0.5676	0.0137	TRUE
B3590_Escherichia-Shigella	B461_Acinetobacter	0.5525	0.0334	TRUE
B11507_Methylobacterium	B461_Acinetobacter	0.4528	0.0235	TRUE
B7_Curtobacterium	B461_Acinetobacter	0.4771	0.0235	TRUE
F1727_Sarocladium	B461_Acinetobacter	0.4873	0.0334	TRUE
F76_o_Sordariales	B461_Acinetobacter	0.4321	0.0235	TRUE
F220_Acremonium	B461_Acinetobacter	0.4919	0.0235	TRUE
F725_Cabalodontia	B461_Acinetobacter	0.537	0.0137	TRUE
F720_unidentified	B461_Acinetobacter	0.5332	0.0334	TRUE
B5542_Micromonospora	B12170_Cloacibacterium	0.4991	0.0235	TRUE
B81_Stenotrophomonas	B12170_Cloacibacterium	0.5159	0.0334	TRUE
F1336_Cylindrium	B12170_Cloacibacterium	0.5086	0.0235	TRUE
F991_o_NA	B12170_Cloacibacterium	0.5719	0.0137	TRUE
F477_Trichoderma	B12170_Cloacibacterium	0.5526	0.0235	TRUE
B1303_f_uncultured	B1506_Bacillus	0.5072	0.0388	TRUE
B1597_Staphylococcus	B1506_Bacillus	0.5371	0.0388	TRUE
F2537_unidentified	B1506_Bacillus	0.5783	0.0487	TRUE
F2275_unidentified	B1506_Bacillus	0.58	0.0289	TRUE
F577_unidentified	B1506_Bacillus	0.629	0.019	TRUE
F1292_unidentified	B1506_Bacillus	0.5718	0.0388	TRUE
F2510_unidentified	B1506_Bacillus	0.5236	0.0487	TRUE
F658_Candida	B1506_Bacillus	0.4674	0.0289	TRUE
F12_o_Pleosporales	B1506_Bacillus	0.4713	0.0487	TRUE
F90_Pseudogymnoascus	B1506_Bacillus	0.4608	0.0388	TRUE
F66_Trichoderma	B1506_Bacillus	0.557	0.0388	TRUE
B9443_Devosia	B5542_Micromonospora	0.4925	0.0334	TRUE
B81_Stenotrophomonas	B5542_Micromonospora	0.5646	0.0235	TRUE
F4237_Macrophomina	B5542_Micromonospora	0.5578	0.0235	TRUE
F991_o_NA	B5542_Micromonospora	0.6483	0.005	TRUE
F477_Trichoderma	B5542_Micromonospora	0.524	0.0334	TRUE
F292_Engyodontium	B54_uncultured	0.8541	0.0495	TRUE
B1597_Staphylococcus	B1303_f_uncultured	0.5834	0.005	TRUE
F2537_unidentified	B1303_f_uncultured	0.5958	0.0235	TRUE
F2275_unidentified	B1303_f_uncultured	0.6134	0.005	TRUE
F577_unidentified	B1303_f_uncultured	0.6468	0.0235	TRUE
F1292_unidentified	B1303_f_uncultured	0.6402	0.005	TRUE
F2510_unidentified	B1303_f_uncultured	0.624	0.0137	TRUE
F288_unidentified	B1303_f_uncultured	0.5437	0.0137	TRUE
F90_Pseudogymnoascus	B1303_f_uncultured	0.4591	0.0433	TRUE
F66_Trichoderma	B1303_f_uncultured	0.5331	0.005	TRUE
F9_Chaetomium	B1303_f_uncultured	0.4762	0.0235	TRUE
F263_unidentified	B503_Escherichia.Shigella	0.4436	0.0487	TRUE
F318_Saccharomyces	B503_Escherichia.Shigella	0.677	0.005	TRUE
F1270_o_NA	B503_Escherichia.Shigella	0.6847	0.0334	TRUE
F3034_Phlebiopsis	B503_Escherichia.Shigella	0.6966	0.005	TRUE
B81_Stenotrophomonas	B9443_Devosia	0.5547	0.0433	TRUE
F1336_Cylindrium	B9443_Devosia	0.4916	0.0433	TRUE
F4237_Macrophomina	B9443_Devosia	0.5281	0.0137	TRUE
F991_o_NA	B9443_Devosia	0.5352	0.0235	TRUE
F477_Trichoderma	B9443_Devosia	0.5194	0.0334	TRUE
B3590_Escherichia-Shigella	B338_uncultured.bacterium	0.49	0.0433	TRUE
F1727_Sarocladium	B338_uncultured.bacterium	0.4713	0.0334	TRUE
F720_unidentified	B338_uncultured.bacterium	0.5268	0.0235	TRUE
B6861_Mycobacterium	B6020_Sphingomonas	0.5678	0.0235	TRUE
B4367_Acinetobacter	B6020_Sphingomonas	0.7249	0.0137	TRUE
B4265_Acidovorax	B6020_Sphingomonas	0.6539	0.005	TRUE
F458_Endoxyla	B6020_Sphingomonas	0.6508	0.0334	TRUE
F114_unidentified	B6020_Sphingomonas	0.545	0.005	TRUE
F2023_unidentified	B6020_Sphingomonas	0.6883	0.0235	TRUE
F169_Naganishia	B6020_Sphingomonas	0.4884	0.0137	TRUE
F3204_unidentified	B6020_Sphingomonas	0.4438	0.0334	TRUE
F204_Hannaella	B6020_Sphingomonas	0.6403	0.005	TRUE
F3_Moesziomyces	B6020_Sphingomonas	0.6569	0.0289	TRUE
F567_Ceriporia	B6020_Sphingomonas	0.5405	0.0433	TRUE
F27_Curvularia	B6020_Sphingomonas	0.7229	0.0235	TRUE
F693_Aspergillus	B6020_Sphingomonas	0.578	0.0235	TRUE
F301_o_NA	B6020_Sphingomonas	0.6236	0.0235	TRUE
B3713_Tepidimonas	B3590_Escherichia.Shigella	0.606	0.0235	TRUE
B7_Curtobacterium	B3590_Escherichia.Shigella	0.606	0.0235	TRUE
F389_f_Sympoventuriaceae	B3590_Escherichia.Shigella	0.7032	0.0137	TRUE
F1727_Sarocladium	B3590_Escherichia.Shigella	0.6499	0.0137	TRUE
F76_o_Sordariales	B3590_Escherichia.Shigella	0.6179	0.0235	TRUE
F2_Nigrospora	B3590_Escherichia.Shigella	-0.5952	0.0396	FALSE
F53_Pyrenochaetopsis	B3590_Escherichia.Shigella	0.6264	0.0137	TRUE
F174_unidentified	B3590_Escherichia.Shigella	0.5803	0.0433	TRUE
F220_Acremonium	B3590_Escherichia.Shigella	0.5466	0.0235	TRUE
F13_Zopfiella	B3590_Escherichia.Shigella	0.5878	0.005	TRUE
F55_f_Nectriaceae	B3590_Escherichia.Shigella	0.5689	0.005	TRUE
F725_Cabalodontia	B3590_Escherichia.Shigella	0.6067	0.0137	TRUE
F720_unidentified	B3590_Escherichia.Shigella	0.72	0.0137	TRUE
F61_o_Pleosporales	B32_Bradyrhizobium	0.7236	0.0487	TRUE
F131_unidentified	B32_Bradyrhizobium	-0.5647	0.0495	FALSE
F2141_unidentified	B32_Bradyrhizobium	0.7588	0.005	TRUE
F336_unidentified	B32_Bradyrhizobium	0.6887	0.0137	TRUE
F661_unidentified	B32_Bradyrhizobium	0.7021	0.005	TRUE
F939_Phlebia	B32_Bradyrhizobium	0.7563	0.005	TRUE
F1430_Cutaneotrichosporon	B32_Bradyrhizobium	0.7111	0.0235	TRUE
B4367_Acinetobacter	B6861_Mycobacterium	0.5768	0.0334	TRUE
B4265_Acidovorax	B6861_Mycobacterium	0.4958	0.0235	TRUE
F458_Endoxyla	B6861_Mycobacterium	0.5689	0.0137	TRUE
F2023_unidentified	B6861_Mycobacterium	0.5266	0.0334	TRUE
F3204_unidentified	B6861_Mycobacterium	0.4547	0.0334	TRUE
F204_Hannaella	B6861_Mycobacterium	0.4972	0.0433	TRUE
F27_Curvularia	B6861_Mycobacterium	0.5821	0.0137	TRUE
F693_Aspergillus	B6861_Mycobacterium	0.4351	0.0433	TRUE
F301_o_NA	B6861_Mycobacterium	0.5317	0.0137	TRUE
B4265_Acidovorax	B4367_Acinetobacter	0.5554	0.0334	TRUE
F458_Endoxyla	B4367_Acinetobacter	0.6788	0.0334	TRUE
F114_unidentified	B4367_Acinetobacter	0.4986	0.0433	TRUE
F2023_unidentified	B4367_Acinetobacter	0.6211	0.0235	TRUE
F3204_unidentified	B4367_Acinetobacter	0.4191	0.0433	TRUE
F204_Hannaella	B4367_Acinetobacter	0.6552	0.0334	TRUE
F3_Moesziomyces	B4367_Acinetobacter	0.6108	0.019	TRUE
F27_Curvularia	B4367_Acinetobacter	0.7375	0.0137	TRUE
F693_Aspergillus	B4367_Acinetobacter	0.5848	0.005	TRUE
F301_o_NA	B4367_Acinetobacter	0.6303	0.005	TRUE
F16_Pyricularia	B15_Sphingomonas	0.6714	0.0495	TRUE
B7_Curtobacterium	B3713_Tepidimonas	0.5507	0.0235	TRUE
F1727_Sarocladium	B3713_Tepidimonas	0.6411	0.0334	TRUE
F54_Pyrenochaetopsis	B3713_Tepidimonas	0.4527	0.0388	TRUE
F2_Nigrospora	B3713_Tepidimonas	-0.5884	0.0495	FALSE
F174_unidentified	B3713_Tepidimonas	0.5587	0.0433	TRUE
F220_Acremonium	B3713_Tepidimonas	0.5834	0.0137	TRUE
F55_f_Nectriaceae	B3713_Tepidimonas	0.5329	0.0137	TRUE
F720_unidentified	B3713_Tepidimonas	0.6155	0.0433	TRUE
F2023_unidentified	B4265_Acidovorax	0.5724	0.0137	TRUE
F169_Naganishia	B4265_Acidovorax	0.4281	0.0235	TRUE
F27_Curvularia	B4265_Acidovorax	0.6197	0.0433	TRUE
F693_Aspergillus	B4265_Acidovorax	0.5144	0.0137	TRUE
F301_o_NA	B4265_Acidovorax	0.5151	0.0433	TRUE
B7_Curtobacterium	B11507_Methylobacterium	0.5439	0.0137	TRUE
F389_f_Sympoventuriaceae	B11507_Methylobacterium	0.5457	0.0334	TRUE
F76_o_Sordariales	B11507_Methylobacterium	0.5826	0.005	TRUE
F53_Pyrenochaetopsis	B11507_Methylobacterium	0.4639	0.0433	TRUE
F174_unidentified	B11507_Methylobacterium	0.4773	0.0334	TRUE
F55_f_Nectriaceae	B11507_Methylobacterium	0.5237	0.005	TRUE
F725_Cabalodontia	B11507_Methylobacterium	0.4796	0.0137	TRUE
F720_unidentified	B11507_Methylobacterium	0.5878	0.0137	TRUE
F2537_unidentified	B1597_Staphylococcus	0.6588	0.005	TRUE
F2275_unidentified	B1597_Staphylococcus	0.6479	0.0137	TRUE
F99_Cistella	B1597_Staphylococcus	0.4702	0.0235	TRUE
F577_unidentified	B1597_Staphylococcus	0.7502	0.005	TRUE
F1292_unidentified	B1597_Staphylococcus	0.7117	0.0137	TRUE
F2510_unidentified	B1597_Staphylococcus	0.6657	0.005	TRUE
F16_Pyricularia	B1597_Staphylococcus	-0.5313	0.0396	FALSE
F658_Candida	B1597_Staphylococcus	0.542	0.0137	TRUE
F288_unidentified	B1597_Staphylococcus	0.6312	0.0235	TRUE
F12_o_Pleosporales	B1597_Staphylococcus	0.4872	0.0137	TRUE
F90_Pseudogymnoascus	B1597_Staphylococcus	0.5674	0.0235	TRUE
F66_Trichoderma	B1597_Staphylococcus	0.5418	0.0235	TRUE
F9_Chaetomium	B1597_Staphylococcus	0.5393	0.0334	TRUE
F131_unidentified	B209_Escherichia.Shigella	-0.6163	0.0396	FALSE
F389_f_Sympoventuriaceae	B7_Curtobacterium	0.6124	0.0137	TRUE
F1727_Sarocladium	B7_Curtobacterium	0.608	0.0137	TRUE
F2_Nigrospora	B7_Curtobacterium	-0.5032	0.0495	FALSE
F53_Pyrenochaetopsis	B7_Curtobacterium	0.5436	0.0334	TRUE
F174_unidentified	B7_Curtobacterium	0.5775	0.0235	TRUE
F220_Acremonium	B7_Curtobacterium	0.5543	0.0433	TRUE
F13_Zopfiella	B7_Curtobacterium	0.543	0.0137	TRUE
F55_f_Nectriaceae	B7_Curtobacterium	0.5135	0.0235	TRUE
F31_Fusarium	B7_Curtobacterium	0.4678	0.0235	TRUE
F725_Cabalodontia	B7_Curtobacterium	0.5473	0.0137	TRUE
F720_unidentified	B7_Curtobacterium	0.6431	0.005	TRUE
F1336_Cylindrium	B81_Stenotrophomonas	0.6257	0.0137	TRUE
F4237_Macrophomina	B81_Stenotrophomonas	0.6477	0.0433	TRUE
F190_Irpex	B81_Stenotrophomonas	0.455	0.0494	TRUE
F991_o_NA	B81_Stenotrophomonas	0.7011	0.005	TRUE
F477_Trichoderma	B81_Stenotrophomonas	0.6338	0.0433	TRUE
F3370_Pseudozyma	B398_Rhodococcus	0.6662	0.0137	TRUE
F251_Alternaria	B398_Rhodococcus	0.6759	0.0334	TRUE
F260_Schizopora	B398_Rhodococcus	0.7272	0.005	TRUE
F101_Curvularia	B398_Rhodococcus	0.7055	0.0137	TRUE
F114_unidentified	F458_Endoxyla	0.4863	0.0433	TRUE
F2023_unidentified	F458_Endoxyla	0.6503	0.0235	TRUE
F204_Hannaella	F458_Endoxyla	0.6083	0.0334	TRUE
F3_Moesziomyces	F458_Endoxyla	0.6379	0.0091	TRUE
F27_Curvularia	F458_Endoxyla	0.672	0.0137	TRUE
F693_Aspergillus	F458_Endoxyla	0.5903	0.0137	TRUE
F301_o_NA	F458_Endoxyla	0.6363	0.005	TRUE
F2141_unidentified	F61_o_Pleosporales	0.6382	0.0487	TRUE
F336_unidentified	F61_o_Pleosporales	0.602	0.0289	TRUE
F661_unidentified	F61_o_Pleosporales	0.6158	0.019	TRUE
F939_Phlebia	F61_o_Pleosporales	0.6144	0.0388	TRUE
F1430_Cutaneotrichosporon	F61_o_Pleosporales	0.6231	0.0091	TRUE
F270_unidentified	F106_unidentified	0.7288	0.005	TRUE
F469_unidentified	F106_unidentified	0.7591	0.005	TRUE
F54_Pyrenochaetopsis	F106_unidentified	0.5468	0.0487	TRUE
F3009_unidentified	F106_unidentified	0.6914	0.0137	TRUE
F71_Papiliotrema	F106_unidentified	0.6935	0.0137	TRUE
F2141_unidentified	F131_unidentified	-0.5034	0.0198	FALSE
F1292_unidentified	F131_unidentified	-0.5662	0.0396	FALSE
F658_Candida	F131_unidentified	-0.4271	0.0495	FALSE
F190_Irpex	F131_unidentified	0.5204	0.0495	TRUE
F1430_Cutaneotrichosporon	F131_unidentified	-0.4781	0.0495	FALSE
F9_Chaetomium	F131_unidentified	-0.5095	0.0297	FALSE
F2275_unidentified	F2537_unidentified	0.6094	0.005	TRUE
F99_Cistella	F2537_unidentified	0.4734	0.0334	TRUE
F577_unidentified	F2537_unidentified	0.7227	0.0235	TRUE
F1292_unidentified	F2537_unidentified	0.6533	0.0334	TRUE
F2510_unidentified	F2537_unidentified	0.573	0.0235	TRUE
F658_Candida	F2537_unidentified	0.4753	0.0235	TRUE
F288_unidentified	F2537_unidentified	0.5469	0.0433	TRUE
F12_o_Pleosporales	F2537_unidentified	0.4938	0.0433	TRUE
F1339_Wickerhamomyces	F2537_unidentified	0.4049	0.0137	TRUE
F90_Pseudogymnoascus	F2537_unidentified	0.5095	0.0235	TRUE
F66_Trichoderma	F2537_unidentified	0.5337	0.0334	TRUE
F9_Chaetomium	F2537_unidentified	0.5033	0.0235	TRUE
F1727_Sarocladium	F389_f_Sympoventuriaceae	0.6546	0.0137	TRUE
F76_o_Sordariales	F389_f_Sympoventuriaceae	0.6259	0.005	TRUE
F174_unidentified	F389_f_Sympoventuriaceae	0.5492	0.0334	TRUE
F220_Acremonium	F389_f_Sympoventuriaceae	0.6487	0.0235	TRUE
F13_Zopfiella	F389_f_Sympoventuriaceae	0.5409	0.0433	TRUE
F55_f_Nectriaceae	F389_f_Sympoventuriaceae	0.6037	0.0137	TRUE
F720_unidentified	F389_f_Sympoventuriaceae	0.6858	0.005	TRUE
F469_unidentified	F270_unidentified	0.7742	0.0235	TRUE
F3009_unidentified	F270_unidentified	0.7343	0.005	TRUE
F71_Papiliotrema	F270_unidentified	0.7041	0.0137	TRUE
F251_Alternaria	F3370_Pseudozyma	0.6832	0.0137	TRUE
F260_Schizopora	F3370_Pseudozyma	0.6987	0.005	TRUE
F101_Curvularia	F3370_Pseudozyma	0.702	0.005	TRUE
F577_unidentified	F4624_unidentified	0.5443	0.0235	TRUE
F288_unidentified	F4624_unidentified	0.4599	0.0334	TRUE
F99_Cistella	F2275_unidentified	0.4949	0.0334	TRUE
F577_unidentified	F2275_unidentified	0.6989	0.005	TRUE
F1292_unidentified	F2275_unidentified	0.6365	0.005	TRUE
F2510_unidentified	F2275_unidentified	0.6032	0.005	TRUE
F12_o_Pleosporales	F2275_unidentified	0.5146	0.0235	TRUE
F90_Pseudogymnoascus	F2275_unidentified	0.5756	0.0137	TRUE
F66_Trichoderma	F2275_unidentified	0.5546	0.005	TRUE
F9_Chaetomium	F2275_unidentified	0.5885	0.0137	TRUE
F76_o_Sordariales	F1727_Sarocladium	0.6117	0.0235	TRUE
F2_Nigrospora	F1727_Sarocladium	-0.5614	0.0396	FALSE
F53_Pyrenochaetopsis	F1727_Sarocladium	0.5634	0.0334	TRUE
F174_unidentified	F1727_Sarocladium	0.5775	0.0334	TRUE
F220_Acremonium	F1727_Sarocladium	0.6333	0.0334	TRUE
F13_Zopfiella	F1727_Sarocladium	0.5254	0.0137	TRUE
F55_f_Nectriaceae	F1727_Sarocladium	0.6357	0.0334	TRUE
F31_Fusarium	F1727_Sarocladium	0.462	0.0137	TRUE
F725_Cabalodontia	F1727_Sarocladium	0.6026	0.0137	TRUE
F720_unidentified	F1727_Sarocladium	0.7397	0.0235	TRUE
F336_unidentified	F2141_unidentified	0.6879	0.005	TRUE
F661_unidentified	F2141_unidentified	0.6938	0.005	TRUE
F939_Phlebia	F2141_unidentified	0.674	0.0137	TRUE
F292_Engyodontium	F2141_unidentified	0.5105	0.0395	TRUE
F1430_Cutaneotrichosporon	F2141_unidentified	0.6934	0.005	TRUE
F577_unidentified	F99_Cistella	0.5608	0.0334	TRUE
F1292_unidentified	F99_Cistella	0.6284	0.0334	TRUE
F2510_unidentified	F99_Cistella	0.5467	0.0235	TRUE
F9_Chaetomium	F99_Cistella	0.4468	0.0334	TRUE
F67_unidentified	F2343_unidentified	0.4723	0.0433	TRUE
F46_Microscypha	F2343_unidentified	0.485	0.0433	TRUE
F68_Pseudogymnoascus	F2343_unidentified	0.6369	0.005	TRUE
F366_Colletotrichum	F2343_unidentified	0.5809	0.005	TRUE
F22_Setophoma	F2343_unidentified	0.5117	0.0388	TRUE
F54_Pyrenochaetopsis	F469_unidentified	0.5505	0.0289	TRUE
F3009_unidentified	F469_unidentified	0.7358	0.005	TRUE
F71_Papiliotrema	F469_unidentified	0.6991	0.005	TRUE
F661_unidentified	F336_unidentified	0.5653	0.0433	TRUE
F939_Phlebia	F336_unidentified	0.6356	0.0235	TRUE
F292_Engyodontium	F336_unidentified	0.5034	0.0395	TRUE
F1430_Cutaneotrichosporon	F336_unidentified	0.6703	0.0235	TRUE
F1292_unidentified	F577_unidentified	0.7895	0.0137	TRUE
F2510_unidentified	F577_unidentified	0.6929	0.005	TRUE
F658_Candida	F577_unidentified	0.5833	0.0235	TRUE
F288_unidentified	F577_unidentified	0.6576	0.005	TRUE
F12_o_Pleosporales	F577_unidentified	0.6006	0.0137	TRUE
F66_Trichoderma	F577_unidentified	0.6157	0.0137	TRUE
F9_Chaetomium	F577_unidentified	0.5629	0.0235	TRUE
F2510_unidentified	F1292_unidentified	0.709	0.0137	TRUE
F658_Candida	F1292_unidentified	0.5945	0.0137	TRUE
F288_unidentified	F1292_unidentified	0.6369	0.0137	TRUE
F12_o_Pleosporales	F1292_unidentified	0.5515	0.0433	TRUE
F90_Pseudogymnoascus	F1292_unidentified	0.6361	0.0235	TRUE
F66_Trichoderma	F1292_unidentified	0.5829	0.005	TRUE
F9_Chaetomium	F1292_unidentified	0.5216	0.005	TRUE
F71_Papiliotrema	F54_Pyrenochaetopsis	0.5326	0.0388	TRUE
F31_Fusarium	F54_Pyrenochaetopsis	0.459	0.0487	TRUE
F720_unidentified	F54_Pyrenochaetopsis	0.4855	0.0487	TRUE
F567_Ceriporia	F114_unidentified	0.4051	0.0235	TRUE
F27_Curvularia	F114_unidentified	0.5456	0.0433	TRUE
F301_o_NA	F114_unidentified	0.5054	0.0334	TRUE
F204_Hannaella	F2023_unidentified	0.5754	0.0137	TRUE
F3_Moesziomyces	F2023_unidentified	0.6017	0.0388	TRUE
F567_Ceriporia	F2023_unidentified	0.4839	0.0235	TRUE
F27_Curvularia	F2023_unidentified	0.6462	0.005	TRUE
F441_o_Hypocreales	F2023_unidentified	0.4815	0.0388	TRUE
F693_Aspergillus	F2023_unidentified	0.58	0.005	TRUE
F301_o_NA	F2023_unidentified	0.579	0.0334	TRUE
F2_Nigrospora	F76_o_Sordariales	-0.5421	0.0396	FALSE
F53_Pyrenochaetopsis	F76_o_Sordariales	0.5021	0.0334	TRUE
F174_unidentified	F76_o_Sordariales	0.486	0.0334	TRUE
F97_o_Sordariales	F76_o_Sordariales	0.458	0.0334	TRUE
F220_Acremonium	F76_o_Sordariales	0.5864	0.0334	TRUE
F13_Zopfiella	F76_o_Sordariales	0.4783	0.0433	TRUE
F31_Fusarium	F76_o_Sordariales	0.425	0.0433	TRUE
F725_Cabalodontia	F76_o_Sordariales	0.6107	0.005	TRUE
F720_unidentified	F76_o_Sordariales	0.6866	0.005	TRUE
F939_Phlebia	F661_unidentified	0.6151	0.005	TRUE
F292_Engyodontium	F661_unidentified	0.4431	0.0494	TRUE
F1430_Cutaneotrichosporon	F661_unidentified	0.6535	0.005	TRUE
F71_Papiliotrema	F3009_unidentified	0.6959	0.0137	TRUE
F288_unidentified	F2510_unidentified	0.566	0.0433	TRUE
F90_Pseudogymnoascus	F2510_unidentified	0.5393	0.005	TRUE
F66_Trichoderma	F2510_unidentified	0.4978	0.0433	TRUE
F9_Chaetomium	F2510_unidentified	0.5258	0.0334	TRUE
F27_Curvularia	F263_unidentified	0.4551	0.0487	TRUE
F6_Cladosporium	F263_unidentified	0.5672	0.0396	TRUE
F3315_unidentified	F67_unidentified	0.5386	0.0433	TRUE
F272_Penicillium	F67_unidentified	0.4959	0.0235	TRUE
F46_Microscypha	F67_unidentified	0.5118	0.0235	TRUE
F160_Cladosporium	F67_unidentified	0.5564	0.005	TRUE
F68_Pseudogymnoascus	F67_unidentified	0.6044	0.0334	TRUE
F366_Colletotrichum	F67_unidentified	0.6062	0.005	TRUE
F22_Setophoma	F67_unidentified	0.4768	0.0289	TRUE
F1270_o_NA	F318_Saccharomyces	0.6667	0.0137	TRUE
F292_Engyodontium	F318_Saccharomyces	0.5506	0.0494	TRUE
F45_f_Didymellaceae	F318_Saccharomyces	0.5236	0.0487	TRUE
F3034_Phlebiopsis	F318_Saccharomyces	0.5869	0.0235	TRUE
F27_Curvularia	F169_Naganishia	0.5126	0.0433	TRUE
F228_Purpureocillium	F16_Pyricularia	0.6926	0.0396	TRUE
F90_Pseudogymnoascus	F658_Candida	0.4871	0.0433	TRUE
F27_Curvularia	F3204_unidentified	0.5023	0.0334	TRUE
F13_Zopfiella	F2_Nigrospora	-0.4946	0.0495	FALSE
F27_Curvularia	F204_Hannaella	0.7007	0.0433	TRUE
F441_o_Hypocreales	F204_Hannaella	0.4651	0.0487	TRUE
F693_Aspergillus	F204_Hannaella	0.5375	0.0235	TRUE
F301_o_NA	F204_Hannaella	0.6759	0.0137	TRUE
F90_Pseudogymnoascus	F288_unidentified	0.5378	0.0137	TRUE
F9_Chaetomium	F288_unidentified	0.4114	0.0334	TRUE
F4237_Macrophomina	F1336_Cylindrium	0.6306	0.0334	TRUE
F991_o_NA	F1336_Cylindrium	0.7007	0.0235	TRUE
F477_Trichoderma	F1336_Cylindrium	0.6626	0.0334	TRUE
F46_Microscypha	F3315_unidentified	0.4791	0.0334	TRUE
F160_Cladosporium	F3315_unidentified	0.5546	0.0137	TRUE
F68_Pseudogymnoascus	F3315_unidentified	0.6503	0.0137	TRUE
F366_Colletotrichum	F3315_unidentified	0.6106	0.005	TRUE
F991_o_NA	F4237_Macrophomina	0.7096	0.0137	TRUE
F477_Trichoderma	F4237_Macrophomina	0.6419	0.0137	TRUE
F567_Ceriporia	F3_Moesziomyces	0.4306	0.0487	TRUE
F27_Curvularia	F3_Moesziomyces	0.6218	0.0487	TRUE
F693_Aspergillus	F3_Moesziomyces	0.538	0.0388	TRUE
F301_o_NA	F3_Moesziomyces	0.5442	0.0487	TRUE
F22_Setophoma	F3_Moesziomyces	0.7087	0.0197	TRUE
F90_Pseudogymnoascus	F12_o_Pleosporales	0.4497	0.0235	TRUE
F9_Chaetomium	F12_o_Pleosporales	0.4864	0.0334	TRUE
F27_Curvularia	F567_Ceriporia	0.5086	0.0137	TRUE
F441_o_Hypocreales	F27_Curvularia	0.4974	0.0487	TRUE
F693_Aspergillus	F27_Curvularia	0.6667	0.0137	TRUE
F301_o_NA	F27_Curvularia	0.618	0.0334	TRUE
F46_Microscypha	F272_Penicillium	0.5232	0.0137	TRUE
F160_Cladosporium	F272_Penicillium	0.5577	0.0334	TRUE
F68_Pseudogymnoascus	F272_Penicillium	0.537	0.0433	TRUE
F366_Colletotrichum	F272_Penicillium	0.5374	0.0334	TRUE
F292_Engyodontium	F939_Phlebia	0.5855	0.0296	TRUE
F1430_Cutaneotrichosporon	F939_Phlebia	0.6595	0.0334	TRUE
F292_Engyodontium	F1270_o_NA	0.5002	0.0494	TRUE
F3034_Phlebiopsis	F1270_o_NA	0.5889	0.0235	TRUE
F1430_Cutaneotrichosporon	F292_Engyodontium	0.511	0.0296	TRUE
F301_o_NA	F693_Aspergillus	0.527	0.0235	TRUE
F13_Zopfiella	F53_Pyrenochaetopsis	0.4148	0.0235	TRUE
F55_f_Nectriaceae	F53_Pyrenochaetopsis	0.5647	0.0334	TRUE
F720_unidentified	F53_Pyrenochaetopsis	0.5999	0.0235	TRUE
F160_Cladosporium	F46_Microscypha	0.5563	0.0137	TRUE
F68_Pseudogymnoascus	F46_Microscypha	0.5593	0.0137	TRUE
F366_Colletotrichum	F46_Microscypha	0.5285	0.0137	TRUE
F220_Acremonium	F174_unidentified	0.5749	0.0334	TRUE
F13_Zopfiella	F174_unidentified	0.4912	0.0137	TRUE
F725_Cabalodontia	F174_unidentified	0.5171	0.0235	TRUE
F720_unidentified	F174_unidentified	0.6329	0.0137	TRUE
F720_unidentified	F45_f_Didymellaceae	0.4901	0.0487	TRUE
F720_unidentified	F97_o_Sordariales	0.4649	0.0433	TRUE
F488_Penicillium	F6_Cladosporium	0.6785	0.0198	TRUE
F68_Pseudogymnoascus	F160_Cladosporium	0.6944	0.005	TRUE
F366_Colletotrichum	F160_Cladosporium	0.61	0.0137	TRUE
F22_Setophoma	F160_Cladosporium	0.552	0.0388	TRUE
F477_Trichoderma	F991_o_NA	0.7228	0.0137	TRUE
F55_f_Nectriaceae	F220_Acremonium	0.5823	0.0235	TRUE
F725_Cabalodontia	F220_Acremonium	0.5515	0.0433	TRUE
F720_unidentified	F220_Acremonium	0.6328	0.0235	TRUE
F260_Schizopora	F251_Alternaria	0.6962	0.005	TRUE
F101_Curvularia	F251_Alternaria	0.7544	0.0235	TRUE
F720_unidentified	F13_Zopfiella	0.5675	0.005	TRUE
F725_Cabalodontia	F55_f_Nectriaceae	0.5343	0.0235	TRUE
F720_unidentified	F55_f_Nectriaceae	0.6053	0.0433	TRUE
F101_Curvularia	F260_Schizopora	0.7121	0.0137	TRUE
F9_Chaetomium	F66_Trichoderma	0.4756	0.0334	TRUE
F366_Colletotrichum	F68_Pseudogymnoascus	0.6662	0.0334	TRUE
F22_Setophoma	F68_Pseudogymnoascus	0.5816	0.0289	TRUE
F720_unidentified	F725_Cabalodontia	0.6563	0.005	TRUE
