Source	Target	Cor	pseudo_p	positive
B640_f_Intrasporangiaceae	B278_o_NA	0.59	0.0396	TRUE
B41_uncultured	B278_o_NA	-0.629	0.0297	FALSE
B85_Mycobacterium	B278_o_NA	-0.813	0.0198	FALSE
B111_Allorhizobium-Neorhizobium-Pararhizobium-Rhizobium	B278_o_NA	-0.7273	0.0099	FALSE
B11_Xanthomonas	B278_o_NA	-0.6535	0.0297	FALSE
B9_Methylobacterium	B278_o_NA	-0.724	0.0198	FALSE
B76_Methylobacterium	B278_o_NA	0.7825	0.0099	TRUE
B202_f_Burkholderiaceae	B278_o_NA	-0.6196	0.0396	FALSE
B265_Deinococcus	B278_o_NA	-0.7048	0.0198	FALSE
B127_Sphingobacterium	B278_o_NA	-0.5414	0.0297	FALSE
B21_Methylobacterium	B278_o_NA	0.8571	0.0198	TRUE
B208_Singulisphaera	B278_o_NA	0.5673	0.0396	TRUE
B29_Methylobacterium	B278_o_NA	0.842	0.0099	TRUE
B31_Quadrisphaera	B278_o_NA	0.658	0.0396	TRUE
B17_Methylobacterium	B278_o_NA	0.8348	0.0099	TRUE
B453_Allorhizobium-Neorhizobium-Pararhizobium-Rhizobium	B278_o_NA	-0.6399	0.0198	FALSE
B18_Herbaspirillum	B278_o_NA	-0.7688	0.0198	FALSE
B13_Aureimonas	B278_o_NA	0.7039	0.0396	TRUE
B486_Mycobacterium	B278_o_NA	-0.7506	0.0297	FALSE
B1378_Mycobacterium	B278_o_NA	-0.6862	0.0198	FALSE
F48_unidentified	B278_o_NA	-0.6172	0.0495	FALSE
F418_Hannaella	B278_o_NA	-0.733	0.0198	FALSE
F147_o_Pleosporales	B278_o_NA	0.537	0.0495	TRUE
F177_unidentified	B278_o_NA	-0.6251	0.0297	FALSE
F190_Irpex	B278_o_NA	-0.5943	0.0198	FALSE
F116_Curvularia	B278_o_NA	0.4967	0.0495	TRUE
F74_f_Tilletiaceae	B278_o_NA	0.535	0.0495	TRUE
F120_Sporobolomyces	B278_o_NA	-0.5144	0.0198	FALSE
F71_Papiliotrema	B278_o_NA	-0.7548	0.0198	FALSE
F36_Moesziomyces	B278_o_NA	-0.6855	0.0495	FALSE
F11_Sarocladium	B278_o_NA	-0.7775	0.0099	FALSE
F297_Coniothyrium	B278_o_NA	-0.5857	0.0198	FALSE
F81_Cladosporium	B278_o_NA	-0.6796	0.0297	FALSE
F194_Hannaella	B278_o_NA	-0.7557	0.0099	FALSE
F260_Schizopora	B278_o_NA	-0.6494	0.0198	FALSE
F353_Diaporthe	B278_o_NA	-0.7484	0.0198	FALSE
B640_f_Intrasporangiaceae	B1237_Bdellovibrio	0.5814	0.0297	TRUE
B41_uncultured	B1237_Bdellovibrio	-0.7285	0.0198	FALSE
B381_Rhodopseudomonas	B1237_Bdellovibrio	0.6216	0.0099	TRUE
B71_Methylobacterium	B1237_Bdellovibrio	-0.6198	0.0396	FALSE
B23_f_Burkholderiaceae	B1237_Bdellovibrio	-0.7255	0.0099	FALSE
B796_Allorhizobium-Neorhizobium-Pararhizobium-Rhizobium	B1237_Bdellovibrio	0.6001	0.0099	TRUE
B702_Singulisphaera	B1237_Bdellovibrio	0.6461	0.0099	TRUE
B116_Geodermatophilus	B1237_Bdellovibrio	0.6456	0.0099	TRUE
B11_Xanthomonas	B1237_Bdellovibrio	-0.7284	0.0099	FALSE
B9_Methylobacterium	B1237_Bdellovibrio	-0.6972	0.0099	FALSE
B138_Nakamurella	B1237_Bdellovibrio	0.548	0.0396	TRUE
B21_Methylobacterium	B1237_Bdellovibrio	0.5662	0.0198	TRUE
B208_Singulisphaera	B1237_Bdellovibrio	0.6366	0.0198	TRUE
B927_Tepidisphaera	B1237_Bdellovibrio	0.4774	0.0396	TRUE
B907_Terriglobus	B1237_Bdellovibrio	0.6842	0.0198	TRUE
B29_Methylobacterium	B1237_Bdellovibrio	0.5952	0.0198	TRUE
B31_Quadrisphaera	B1237_Bdellovibrio	0.6632	0.0099	TRUE
B19_Xanthomonas	B1237_Bdellovibrio	-0.6634	0.0198	FALSE
B78_Sphingomonas	B1237_Bdellovibrio	0.6506	0.0396	TRUE
B7_Curtobacterium	B1237_Bdellovibrio	0.6681	0.0297	TRUE
B12_Novosphingobium	B1237_Bdellovibrio	-0.7078	0.0198	FALSE
F61_o_Pleosporales	B1237_Bdellovibrio	0.5694	0.0099	TRUE
F202_Pseudozyma	B1237_Bdellovibrio	0.5303	0.0198	TRUE
F4_o_Pleosporales	B1237_Bdellovibrio	0.6246	0.0495	TRUE
F147_o_Pleosporales	B1237_Bdellovibrio	0.678	0.0099	TRUE
F18_f_Phaeosphaeriaceae	B1237_Bdellovibrio	0.5612	0.0297	TRUE
F12_o_Pleosporales	B1237_Bdellovibrio	0.7537	0.0099	TRUE
F27_Curvularia	B1237_Bdellovibrio	0.5459	0.0297	TRUE
F116_Curvularia	B1237_Bdellovibrio	0.6045	0.0099	TRUE
F32_Tilletia	B1237_Bdellovibrio	0.7057	0.0297	TRUE
F72_unidentified	B1237_Bdellovibrio	0.6957	0.0198	TRUE
B893_o_NA	B653_o_NA	0.4273	0.0395	TRUE
B266_Allorhizobium-Neorhizobium-Pararhizobium-Rhizobium	B653_o_NA	0.4548	0.0395	TRUE
B77_Allorhizobium-Neorhizobium-Pararhizobium-Rhizobium	B653_o_NA	0.4783	0.0198	TRUE
B1643_uncultured eubacterium WD264	B653_o_NA	0.4353	0.0395	TRUE
B737_Pseudomonas	B653_o_NA	0.4527	0.0395	TRUE
F106_unidentified	B653_o_NA	0.4969	0.0396	TRUE
F5159_unidentified	B653_o_NA	0.3965	0.0487	TRUE
F81_Cladosporium	B3256_Singulisphaera	0.5798	0.0396	TRUE
B41_uncultured	B640_f_Intrasporangiaceae	-0.7202	0.0099	FALSE
B381_Rhodopseudomonas	B640_f_Intrasporangiaceae	0.636	0.0099	TRUE
B71_Methylobacterium	B640_f_Intrasporangiaceae	-0.5639	0.0198	FALSE
B23_f_Burkholderiaceae	B640_f_Intrasporangiaceae	-0.6745	0.0297	FALSE
B796_Allorhizobium-Neorhizobium-Pararhizobium-Rhizobium	B640_f_Intrasporangiaceae	0.5525	0.0495	TRUE
B111_Allorhizobium-Neorhizobium-Pararhizobium-Rhizobium	B640_f_Intrasporangiaceae	-0.5578	0.0396	FALSE
B702_Singulisphaera	B640_f_Intrasporangiaceae	0.6829	0.0099	TRUE
B116_Geodermatophilus	B640_f_Intrasporangiaceae	0.636	0.0297	TRUE
B11_Xanthomonas	B640_f_Intrasporangiaceae	-0.7367	0.0099	FALSE
B9_Methylobacterium	B640_f_Intrasporangiaceae	-0.7306	0.0198	FALSE
B76_Methylobacterium	B640_f_Intrasporangiaceae	0.5769	0.0396	TRUE
B265_Deinococcus	B640_f_Intrasporangiaceae	-0.5536	0.0396	FALSE
B21_Methylobacterium	B640_f_Intrasporangiaceae	0.6405	0.0297	TRUE
B208_Singulisphaera	B640_f_Intrasporangiaceae	0.6056	0.0396	TRUE
B927_Tepidisphaera	B640_f_Intrasporangiaceae	0.4807	0.0495	TRUE
B907_Terriglobus	B640_f_Intrasporangiaceae	0.6647	0.0198	TRUE
B29_Methylobacterium	B640_f_Intrasporangiaceae	0.6996	0.0099	TRUE
B31_Quadrisphaera	B640_f_Intrasporangiaceae	0.7806	0.0099	TRUE
B847_f_Fimbriimonadaceae	B640_f_Intrasporangiaceae	0.6822	0.0099	TRUE
B17_Methylobacterium	B640_f_Intrasporangiaceae	0.6039	0.0396	TRUE
B19_Xanthomonas	B640_f_Intrasporangiaceae	-0.7252	0.0198	FALSE
B486_Mycobacterium	B640_f_Intrasporangiaceae	-0.611	0.0297	FALSE
B35_Methylobacterium	B640_f_Intrasporangiaceae	-0.5714	0.0198	FALSE
B78_Sphingomonas	B640_f_Intrasporangiaceae	0.6584	0.0198	TRUE
B7_Curtobacterium	B640_f_Intrasporangiaceae	0.7349	0.0198	TRUE
B12_Novosphingobium	B640_f_Intrasporangiaceae	-0.6773	0.0297	FALSE
F61_o_Pleosporales	B640_f_Intrasporangiaceae	0.5412	0.0396	TRUE
F418_Hannaella	B640_f_Intrasporangiaceae	-0.5039	0.0396	FALSE
F4_o_Pleosporales	B640_f_Intrasporangiaceae	0.6223	0.0495	TRUE
F147_o_Pleosporales	B640_f_Intrasporangiaceae	0.6314	0.0396	TRUE
F12_o_Pleosporales	B640_f_Intrasporangiaceae	0.711	0.0099	TRUE
F116_Curvularia	B640_f_Intrasporangiaceae	0.624	0.0396	TRUE
F74_f_Tilletiaceae	B640_f_Intrasporangiaceae	0.5886	0.0297	TRUE
F72_unidentified	B640_f_Intrasporangiaceae	0.6751	0.0198	TRUE
F71_Papiliotrema	B640_f_Intrasporangiaceae	-0.6218	0.0297	FALSE
F11_Sarocladium	B640_f_Intrasporangiaceae	-0.6148	0.0396	FALSE
F194_Hannaella	B640_f_Intrasporangiaceae	-0.5973	0.0495	FALSE
F353_Diaporthe	B640_f_Intrasporangiaceae	-0.5523	0.0495	FALSE
B5_Pseudomonas	B22_uncultured.Roseobacter.sp.	-0.6844	0.0198	FALSE
B744_Allorhizobium-Neorhizobium-Pararhizobium-Rhizobium	B22_uncultured.Roseobacter.sp.	0.5019	0.0396	TRUE
B222_Kineococcus	B22_uncultured.Roseobacter.sp.	0.6781	0.0099	TRUE
B54_uncultured	B22_uncultured.Roseobacter.sp.	0.6069	0.0396	TRUE
B503_Escherichia-Shigella	B22_uncultured.Roseobacter.sp.	0.5902	0.0198	TRUE
B2747_Dolosigranulum	B22_uncultured.Roseobacter.sp.	0.6611	0.0198	TRUE
B32_Bradyrhizobium	B22_uncultured.Roseobacter.sp.	0.6691	0.0099	TRUE
B902_Escherichia-Shigella	B22_uncultured.Roseobacter.sp.	0.5998	0.0198	TRUE
B429_f_Micrococcaceae	B22_uncultured.Roseobacter.sp.	0.5091	0.0198	TRUE
F2_Nigrospora	B22_uncultured.Roseobacter.sp.	0.6878	0.0495	TRUE
B3712_Fimbriiglobus	B87_Mucilaginibacter	-0.4894	0.0396	FALSE
B429_f_Micrococcaceae	B87_Mucilaginibacter	-0.477	0.0396	FALSE
F16_Pyricularia	B87_Mucilaginibacter	-0.684	0.0396	FALSE
F137_Malassezia	B87_Mucilaginibacter	-0.5414	0.0396	FALSE
F322_Penicillium	B87_Mucilaginibacter	-0.5935	0.0297	FALSE
F482_Pichia	B87_Mucilaginibacter	-0.5636	0.0198	FALSE
F85_Fusarium	B87_Mucilaginibacter	-0.5666	0.0396	FALSE
B269_Pseudomonas	B500_Pseudomonas	0.4532	0.0433	TRUE
B16_Sphingomonas	B500_Pseudomonas	-0.3881	0.0495	FALSE
B85_Mycobacterium	B41_uncultured	0.6178	0.0396	TRUE
B381_Rhodopseudomonas	B41_uncultured	-0.7364	0.0297	FALSE
B71_Methylobacterium	B41_uncultured	0.8103	0.0099	TRUE
B23_f_Burkholderiaceae	B41_uncultured	0.9118	0.0099	TRUE
B796_Allorhizobium-Neorhizobium-Pararhizobium-Rhizobium	B41_uncultured	-0.6977	0.0099	FALSE
B702_Singulisphaera	B41_uncultured	-0.7591	0.0099	FALSE
B116_Geodermatophilus	B41_uncultured	-0.7888	0.0099	FALSE
B11_Xanthomonas	B41_uncultured	0.9318	0.0099	TRUE
B9_Methylobacterium	B41_uncultured	0.9295	0.0099	TRUE
B76_Methylobacterium	B41_uncultured	-0.641	0.0495	FALSE
B8_f_Rhizobiaceae	B41_uncultured	0.6272	0.0495	TRUE
B138_Nakamurella	B41_uncultured	-0.7489	0.0099	FALSE
B21_Methylobacterium	B41_uncultured	-0.6611	0.0297	FALSE
B208_Singulisphaera	B41_uncultured	-0.7844	0.0099	FALSE
B927_Tepidisphaera	B41_uncultured	-0.6078	0.0396	FALSE
B907_Terriglobus	B41_uncultured	-0.8008	0.0198	FALSE
B29_Methylobacterium	B41_uncultured	-0.6982	0.0396	FALSE
B31_Quadrisphaera	B41_uncultured	-0.8322	0.0198	FALSE
B847_f_Fimbriimonadaceae	B41_uncultured	-0.7748	0.0099	FALSE
B19_Xanthomonas	B41_uncultured	0.9091	0.0099	TRUE
B78_Sphingomonas	B41_uncultured	-0.8011	0.0099	FALSE
B7_Curtobacterium	B41_uncultured	-0.8012	0.0099	FALSE
B1592_f_Microbacteriaceae	B41_uncultured	-0.6176	0.0198	FALSE
B12_Novosphingobium	B41_uncultured	0.9131	0.0099	TRUE
F61_o_Pleosporales	B41_uncultured	-0.6992	0.0099	FALSE
F469_unidentified	B41_uncultured	-0.5606	0.0495	FALSE
F114_unidentified	B41_uncultured	0.6821	0.0495	TRUE
F2_Nigrospora	B41_uncultured	0.6607	0.0297	TRUE
F202_Pseudozyma	B41_uncultured	-0.5612	0.0495	FALSE
F4_o_Pleosporales	B41_uncultured	-0.7904	0.0099	FALSE
F147_o_Pleosporales	B41_uncultured	-0.782	0.0297	FALSE
F18_f_Phaeosphaeriaceae	B41_uncultured	-0.6806	0.0396	FALSE
F12_o_Pleosporales	B41_uncultured	-0.8983	0.0099	FALSE
F47_f_Phaeosphaeriaceae	B41_uncultured	-0.6573	0.0198	FALSE
F116_Curvularia	B41_uncultured	-0.7618	0.0099	FALSE
F74_f_Tilletiaceae	B41_uncultured	-0.6992	0.0099	FALSE
F32_Tilletia	B41_uncultured	-0.8152	0.0099	FALSE
F1485_unidentified	B41_uncultured	-0.6123	0.0396	FALSE
F72_unidentified	B41_uncultured	-0.8624	0.0099	FALSE
B23_f_Burkholderiaceae	B521_Peredibacter	-0.5073	0.0198	FALSE
B907_Terriglobus	B521_Peredibacter	0.4506	0.0495	TRUE
B19_Xanthomonas	B521_Peredibacter	-0.5597	0.0198	FALSE
B78_Sphingomonas	B521_Peredibacter	0.4989	0.0198	TRUE
F72_unidentified	B521_Peredibacter	0.5204	0.0495	TRUE
B111_Allorhizobium-Neorhizobium-Pararhizobium-Rhizobium	B85_Mycobacterium	0.8266	0.0198	TRUE
B11_Xanthomonas	B85_Mycobacterium	0.6871	0.0099	TRUE
B9_Methylobacterium	B85_Mycobacterium	0.7353	0.0099	TRUE
B76_Methylobacterium	B85_Mycobacterium	-0.6906	0.0297	FALSE
B202_f_Burkholderiaceae	B85_Mycobacterium	0.6601	0.0198	TRUE
B265_Deinococcus	B85_Mycobacterium	0.8092	0.0099	TRUE
B127_Sphingobacterium	B85_Mycobacterium	0.6399	0.0099	TRUE
B21_Methylobacterium	B85_Mycobacterium	-0.8926	0.0099	FALSE
B29_Methylobacterium	B85_Mycobacterium	-0.9028	0.0099	FALSE
B17_Methylobacterium	B85_Mycobacterium	-0.8929	0.0099	FALSE
B453_Allorhizobium-Neorhizobium-Pararhizobium-Rhizobium	B85_Mycobacterium	0.7052	0.0099	TRUE
B18_Herbaspirillum	B85_Mycobacterium	0.8438	0.0099	TRUE
B13_Aureimonas	B85_Mycobacterium	-0.7892	0.0396	FALSE
B486_Mycobacterium	B85_Mycobacterium	0.8518	0.0198	TRUE
B35_Methylobacterium	B85_Mycobacterium	0.6045	0.0495	TRUE
B1378_Mycobacterium	B85_Mycobacterium	0.7081	0.0297	TRUE
F48_unidentified	B85_Mycobacterium	0.6904	0.0198	TRUE
F418_Hannaella	B85_Mycobacterium	0.7614	0.0099	TRUE
F177_unidentified	B85_Mycobacterium	0.5831	0.0297	TRUE
F190_Irpex	B85_Mycobacterium	0.553	0.0396	TRUE
F120_Sporobolomyces	B85_Mycobacterium	0.6435	0.0099	TRUE
F71_Papiliotrema	B85_Mycobacterium	0.7903	0.0099	TRUE
F127_Papiliotrema	B85_Mycobacterium	0.7057	0.0198	TRUE
F36_Moesziomyces	B85_Mycobacterium	0.7611	0.0297	TRUE
F11_Sarocladium	B85_Mycobacterium	0.9065	0.0099	TRUE
F297_Coniothyrium	B85_Mycobacterium	0.531	0.0297	TRUE
F6_Cladosporium	B85_Mycobacterium	0.6715	0.0396	TRUE
F81_Cladosporium	B85_Mycobacterium	0.791	0.0099	TRUE
F194_Hannaella	B85_Mycobacterium	0.8141	0.0198	TRUE
F260_Schizopora	B85_Mycobacterium	0.7494	0.0198	TRUE
F178_Schizopora	B85_Mycobacterium	0.5843	0.0495	TRUE
F353_Diaporthe	B85_Mycobacterium	0.8059	0.0198	TRUE
B2_Methylobacterium	B893_o_NA	-0.5749	0.0099	FALSE
B744_Allorhizobium-Neorhizobium-Pararhizobium-Rhizobium	B893_o_NA	0.5084	0.0198	TRUE
B8_f_Rhizobiaceae	B893_o_NA	0.5883	0.0495	TRUE
B135_Sphingomonas	B893_o_NA	0.584	0.0297	TRUE
B16_Sphingomonas	B893_o_NA	-0.5468	0.0495	FALSE
B737_Pseudomonas	B893_o_NA	0.5466	0.0098	TRUE
F106_unidentified	B893_o_NA	0.5831	0.0396	TRUE
F114_unidentified	B893_o_NA	0.5431	0.0495	TRUE
F3_Moesziomyces	B893_o_NA	-0.5821	0.0396	FALSE
F18_f_Phaeosphaeriaceae	B893_o_NA	-0.5154	0.0495	FALSE
F301_o_NA	B893_o_NA	0.4779	0.0487	TRUE
B71_Methylobacterium	B381_Rhodopseudomonas	-0.6771	0.0198	FALSE
B23_f_Burkholderiaceae	B381_Rhodopseudomonas	-0.7462	0.0198	FALSE
B796_Allorhizobium-Neorhizobium-Pararhizobium-Rhizobium	B381_Rhodopseudomonas	0.6026	0.0297	TRUE
B702_Singulisphaera	B381_Rhodopseudomonas	0.6373	0.0099	TRUE
B116_Geodermatophilus	B381_Rhodopseudomonas	0.6388	0.0198	TRUE
B11_Xanthomonas	B381_Rhodopseudomonas	-0.7349	0.0297	FALSE
B9_Methylobacterium	B381_Rhodopseudomonas	-0.7243	0.0099	FALSE
B138_Nakamurella	B381_Rhodopseudomonas	0.6003	0.0099	TRUE
B208_Singulisphaera	B381_Rhodopseudomonas	0.6656	0.0099	TRUE
B927_Tepidisphaera	B381_Rhodopseudomonas	0.5523	0.0198	TRUE
B907_Terriglobus	B381_Rhodopseudomonas	0.7056	0.0198	TRUE
B31_Quadrisphaera	B381_Rhodopseudomonas	0.663	0.0297	TRUE
B847_f_Fimbriimonadaceae	B381_Rhodopseudomonas	0.6565	0.0198	TRUE
B19_Xanthomonas	B381_Rhodopseudomonas	-0.7025	0.0297	FALSE
B78_Sphingomonas	B381_Rhodopseudomonas	0.6462	0.0297	TRUE
B7_Curtobacterium	B381_Rhodopseudomonas	0.6903	0.0297	TRUE
B12_Novosphingobium	B381_Rhodopseudomonas	-0.733	0.0099	FALSE
F8_unidentified	B381_Rhodopseudomonas	0.6612	0.0297	TRUE
F4_o_Pleosporales	B381_Rhodopseudomonas	0.7417	0.0198	TRUE
F147_o_Pleosporales	B381_Rhodopseudomonas	0.6924	0.0198	TRUE
F18_f_Phaeosphaeriaceae	B381_Rhodopseudomonas	0.6404	0.0495	TRUE
F12_o_Pleosporales	B381_Rhodopseudomonas	0.7238	0.0198	TRUE
F116_Curvularia	B381_Rhodopseudomonas	0.6538	0.0297	TRUE
F74_f_Tilletiaceae	B381_Rhodopseudomonas	0.5482	0.0495	TRUE
F32_Tilletia	B381_Rhodopseudomonas	0.722	0.0099	TRUE
F1485_unidentified	B381_Rhodopseudomonas	0.5523	0.0495	TRUE
F72_unidentified	B381_Rhodopseudomonas	0.7268	0.0198	TRUE
B260_Pseudomonas	B626_Pseudomonas	0.472	0.0137	TRUE
B1628_f_Enterobacteriaceae	B626_Pseudomonas	0.3775	0.0334	TRUE
B326_Bacillus	B626_Pseudomonas	0.4647	0.0235	TRUE
B3736_1174-901-12	B232_f_Sphingomonadaceae	0.4692	0.0197	TRUE
F51_Papiliotrema	B232_f_Sphingomonadaceae	0.3708	0.0395	TRUE
B23_f_Burkholderiaceae	B71_Methylobacterium	0.8148	0.0099	TRUE
B796_Allorhizobium-Neorhizobium-Pararhizobium-Rhizobium	B71_Methylobacterium	-0.6353	0.0198	FALSE
B702_Singulisphaera	B71_Methylobacterium	-0.677	0.0099	FALSE
B116_Geodermatophilus	B71_Methylobacterium	-0.6619	0.0198	FALSE
B11_Xanthomonas	B71_Methylobacterium	0.8023	0.0099	TRUE
B9_Methylobacterium	B71_Methylobacterium	0.7873	0.0198	TRUE
B138_Nakamurella	B71_Methylobacterium	-0.6102	0.0198	FALSE
B21_Methylobacterium	B71_Methylobacterium	-0.5578	0.0297	FALSE
B208_Singulisphaera	B71_Methylobacterium	-0.666	0.0198	FALSE
B927_Tepidisphaera	B71_Methylobacterium	-0.6281	0.0198	FALSE
B907_Terriglobus	B71_Methylobacterium	-0.6808	0.0099	FALSE
B31_Quadrisphaera	B71_Methylobacterium	-0.7409	0.0099	FALSE
B847_f_Fimbriimonadaceae	B71_Methylobacterium	-0.6442	0.0099	FALSE
B19_Xanthomonas	B71_Methylobacterium	0.7667	0.0198	TRUE
B78_Sphingomonas	B71_Methylobacterium	-0.6403	0.0396	FALSE
B7_Curtobacterium	B71_Methylobacterium	-0.7264	0.0198	FALSE
B1378_Mycobacterium	B71_Methylobacterium	0.5503	0.0396	TRUE
B1592_f_Microbacteriaceae	B71_Methylobacterium	-0.5699	0.0396	FALSE
B12_Novosphingobium	B71_Methylobacterium	0.8322	0.0198	TRUE
F2_Nigrospora	B71_Methylobacterium	0.6043	0.0297	TRUE
F202_Pseudozyma	B71_Methylobacterium	-0.6091	0.0198	FALSE
F4_o_Pleosporales	B71_Methylobacterium	-0.695	0.0198	FALSE
F147_o_Pleosporales	B71_Methylobacterium	-0.6341	0.0297	FALSE
F18_f_Phaeosphaeriaceae	B71_Methylobacterium	-0.5788	0.0297	FALSE
F12_o_Pleosporales	B71_Methylobacterium	-0.7626	0.0099	FALSE
F27_Curvularia	B71_Methylobacterium	-0.5789	0.0396	FALSE
F32_Tilletia	B71_Methylobacterium	-0.715	0.0099	FALSE
F1485_unidentified	B71_Methylobacterium	-0.634	0.0198	FALSE
F72_unidentified	B71_Methylobacterium	-0.7261	0.0099	FALSE
F71_Papiliotrema	B71_Methylobacterium	0.5789	0.0297	TRUE
B5_Pseudomonas	B6_Sphingomonas	-0.6527	0.0396	FALSE
B76_Methylobacterium	B6_Sphingomonas	0.6672	0.0198	TRUE
B222_Kineococcus	B6_Sphingomonas	0.5966	0.0396	TRUE
B32_Bradyrhizobium	B6_Sphingomonas	0.5689	0.0198	TRUE
B902_Escherichia-Shigella	B6_Sphingomonas	0.4946	0.0396	TRUE
F71_Papiliotrema	B6_Sphingomonas	-0.6533	0.0297	FALSE
F301_o_NA	B37_Allorhizobium.Neorhizobium.Pararhizobium.Rhizobium	0.5361	0.0091	TRUE
B796_Allorhizobium-Neorhizobium-Pararhizobium-Rhizobium	B23_f_Burkholderiaceae	-0.721	0.0099	FALSE
B702_Singulisphaera	B23_f_Burkholderiaceae	-0.7636	0.0099	FALSE
B116_Geodermatophilus	B23_f_Burkholderiaceae	-0.8214	0.0099	FALSE
B11_Xanthomonas	B23_f_Burkholderiaceae	0.8842	0.0099	TRUE
B2_Methylobacterium	B23_f_Burkholderiaceae	-0.6471	0.0495	FALSE
B9_Methylobacterium	B23_f_Burkholderiaceae	0.8832	0.0099	TRUE
B8_f_Rhizobiaceae	B23_f_Burkholderiaceae	0.7565	0.0198	TRUE
B138_Nakamurella	B23_f_Burkholderiaceae	-0.7484	0.0099	FALSE
B208_Singulisphaera	B23_f_Burkholderiaceae	-0.7954	0.0099	FALSE
B927_Tepidisphaera	B23_f_Burkholderiaceae	-0.6287	0.0099	FALSE
B907_Terriglobus	B23_f_Burkholderiaceae	-0.8113	0.0099	FALSE
B31_Quadrisphaera	B23_f_Burkholderiaceae	-0.8024	0.0099	FALSE
B847_f_Fimbriimonadaceae	B23_f_Burkholderiaceae	-0.7756	0.0099	FALSE
B16_Sphingomonas	B23_f_Burkholderiaceae	-0.5712	0.0396	FALSE
B19_Xanthomonas	B23_f_Burkholderiaceae	0.8644	0.0198	TRUE
B78_Sphingomonas	B23_f_Burkholderiaceae	-0.8078	0.0099	FALSE
B7_Curtobacterium	B23_f_Burkholderiaceae	-0.7911	0.0297	FALSE
B12_Novosphingobium	B23_f_Burkholderiaceae	0.9247	0.0099	TRUE
F61_o_Pleosporales	B23_f_Burkholderiaceae	-0.7072	0.0198	FALSE
F469_unidentified	B23_f_Burkholderiaceae	-0.6271	0.0198	FALSE
F8_unidentified	B23_f_Burkholderiaceae	-0.7957	0.0495	FALSE
F114_unidentified	B23_f_Burkholderiaceae	0.7361	0.0297	TRUE
F2_Nigrospora	B23_f_Burkholderiaceae	0.7796	0.0198	TRUE
F202_Pseudozyma	B23_f_Burkholderiaceae	-0.6257	0.0099	FALSE
F4_o_Pleosporales	B23_f_Burkholderiaceae	-0.8664	0.0099	FALSE
F147_o_Pleosporales	B23_f_Burkholderiaceae	-0.7854	0.0099	FALSE
F18_f_Phaeosphaeriaceae	B23_f_Burkholderiaceae	-0.7209	0.0099	FALSE
F12_o_Pleosporales	B23_f_Burkholderiaceae	-0.9137	0.0099	FALSE
F47_f_Phaeosphaeriaceae	B23_f_Burkholderiaceae	-0.7691	0.0297	FALSE
F27_Curvularia	B23_f_Burkholderiaceae	-0.6886	0.0198	FALSE
F116_Curvularia	B23_f_Burkholderiaceae	-0.7647	0.0099	FALSE
F74_f_Tilletiaceae	B23_f_Burkholderiaceae	-0.6521	0.0099	FALSE
F32_Tilletia	B23_f_Burkholderiaceae	-0.8432	0.0198	FALSE
F1485_unidentified	B23_f_Burkholderiaceae	-0.6452	0.0297	FALSE
F72_unidentified	B23_f_Burkholderiaceae	-0.8802	0.0198	FALSE
F51_Papiliotrema	B23_f_Burkholderiaceae	-0.4487	0.0396	FALSE
B702_Singulisphaera	B796_Allorhizobium.Neorhizobium.Pararhizobium.Rhizobium	0.598	0.0495	TRUE
B116_Geodermatophilus	B796_Allorhizobium.Neorhizobium.Pararhizobium.Rhizobium	0.6552	0.0099	TRUE
B11_Xanthomonas	B796_Allorhizobium.Neorhizobium.Pararhizobium.Rhizobium	-0.7181	0.0099	FALSE
B9_Methylobacterium	B796_Allorhizobium.Neorhizobium.Pararhizobium.Rhizobium	-0.7117	0.0198	FALSE
B138_Nakamurella	B796_Allorhizobium.Neorhizobium.Pararhizobium.Rhizobium	0.5447	0.0297	TRUE
B208_Singulisphaera	B796_Allorhizobium.Neorhizobium.Pararhizobium.Rhizobium	0.6285	0.0297	TRUE
B907_Terriglobus	B796_Allorhizobium.Neorhizobium.Pararhizobium.Rhizobium	0.6731	0.0198	TRUE
B31_Quadrisphaera	B796_Allorhizobium.Neorhizobium.Pararhizobium.Rhizobium	0.6168	0.0198	TRUE
B847_f_Fimbriimonadaceae	B796_Allorhizobium.Neorhizobium.Pararhizobium.Rhizobium	0.6576	0.0099	TRUE
B19_Xanthomonas	B796_Allorhizobium.Neorhizobium.Pararhizobium.Rhizobium	-0.7013	0.0198	FALSE
B78_Sphingomonas	B796_Allorhizobium.Neorhizobium.Pararhizobium.Rhizobium	0.6392	0.0099	TRUE
B7_Curtobacterium	B796_Allorhizobium.Neorhizobium.Pararhizobium.Rhizobium	0.7123	0.0198	TRUE
B835_Spirosoma	B796_Allorhizobium.Neorhizobium.Pararhizobium.Rhizobium	0.4616	0.0297	TRUE
B12_Novosphingobium	B796_Allorhizobium.Neorhizobium.Pararhizobium.Rhizobium	-0.6977	0.0099	FALSE
F61_o_Pleosporales	B796_Allorhizobium.Neorhizobium.Pararhizobium.Rhizobium	0.571	0.0495	TRUE
F469_unidentified	B796_Allorhizobium.Neorhizobium.Pararhizobium.Rhizobium	0.5034	0.0297	TRUE
F8_unidentified	B796_Allorhizobium.Neorhizobium.Pararhizobium.Rhizobium	0.5878	0.0495	TRUE
F202_Pseudozyma	B796_Allorhizobium.Neorhizobium.Pararhizobium.Rhizobium	0.4703	0.0396	TRUE
F4_o_Pleosporales	B796_Allorhizobium.Neorhizobium.Pararhizobium.Rhizobium	0.6969	0.0198	TRUE
F147_o_Pleosporales	B796_Allorhizobium.Neorhizobium.Pararhizobium.Rhizobium	0.6739	0.0099	TRUE
F18_f_Phaeosphaeriaceae	B796_Allorhizobium.Neorhizobium.Pararhizobium.Rhizobium	0.6633	0.0198	TRUE
F12_o_Pleosporales	B796_Allorhizobium.Neorhizobium.Pararhizobium.Rhizobium	0.7489	0.0099	TRUE
F27_Curvularia	B796_Allorhizobium.Neorhizobium.Pararhizobium.Rhizobium	0.5552	0.0198	TRUE
F116_Curvularia	B796_Allorhizobium.Neorhizobium.Pararhizobium.Rhizobium	0.5826	0.0198	TRUE
F74_f_Tilletiaceae	B796_Allorhizobium.Neorhizobium.Pararhizobium.Rhizobium	0.5223	0.0396	TRUE
F32_Tilletia	B796_Allorhizobium.Neorhizobium.Pararhizobium.Rhizobium	0.6935	0.0198	TRUE
F72_unidentified	B796_Allorhizobium.Neorhizobium.Pararhizobium.Rhizobium	0.6618	0.0198	TRUE
B266_Allorhizobium-Neorhizobium-Pararhizobium-Rhizobium	B464_Pseudomonas	0.4434	0.0289	TRUE
F3_Moesziomyces	B464_Pseudomonas	-0.6297	0.0297	FALSE
F6_Cladosporium	B464_Pseudomonas	-0.5671	0.0297	FALSE
F301_o_NA	B464_Pseudomonas	0.575	0.0235	TRUE
B744_Allorhizobium-Neorhizobium-Pararhizobium-Rhizobium	B5_Pseudomonas	-0.6696	0.0198	FALSE
B8_f_Rhizobiaceae	B5_Pseudomonas	-0.6956	0.0396	FALSE
B351_f_Burkholderiaceae	B5_Pseudomonas	-0.6131	0.0099	FALSE
B222_Kineococcus	B5_Pseudomonas	-0.7452	0.0198	FALSE
B54_uncultured	B5_Pseudomonas	-0.6625	0.0198	FALSE
B965_Bdellovibrio	B5_Pseudomonas	-0.6189	0.0396	FALSE
B135_Sphingomonas	B5_Pseudomonas	-0.6325	0.0396	FALSE
B503_Escherichia-Shigella	B5_Pseudomonas	-0.6858	0.0099	FALSE
B2747_Dolosigranulum	B5_Pseudomonas	-0.7237	0.0099	FALSE
B77_Allorhizobium-Neorhizobium-Pararhizobium-Rhizobium	B5_Pseudomonas	-0.6177	0.0495	FALSE
B164_f_Burkholderiaceae	B5_Pseudomonas	-0.6443	0.0198	FALSE
B338_uncultured bacterium	B5_Pseudomonas	-0.6377	0.0198	FALSE
B32_Bradyrhizobium	B5_Pseudomonas	-0.7422	0.0297	FALSE
B902_Escherichia-Shigella	B5_Pseudomonas	-0.6303	0.0099	FALSE
B13_Aureimonas	B5_Pseudomonas	-0.6579	0.0297	FALSE
B1_Pantoea	B5_Pseudomonas	0.7624	0.0297	TRUE
B3_Sphingomonas	B5_Pseudomonas	-0.7068	0.0099	FALSE
B429_f_Micrococcaceae	B5_Pseudomonas	-0.4948	0.0495	FALSE
B4_Pantoea	B5_Pseudomonas	0.6646	0.0297	TRUE
F106_unidentified	B5_Pseudomonas	-0.6679	0.0198	FALSE
F8_unidentified	B5_Pseudomonas	0.5552	0.0297	TRUE
F137_Malassezia	B5_Pseudomonas	-0.5448	0.0495	FALSE
F2_Nigrospora	B5_Pseudomonas	-0.6545	0.0495	FALSE
F3_Moesziomyces	B5_Pseudomonas	0.7948	0.0099	TRUE
F47_f_Phaeosphaeriaceae	B5_Pseudomonas	0.6908	0.0495	TRUE
F6_Cladosporium	B5_Pseudomonas	0.6334	0.0396	TRUE
B9_Methylobacterium	B111_Allorhizobium.Neorhizobium.Pararhizobium.Rhizobium	0.6911	0.0396	TRUE
B76_Methylobacterium	B111_Allorhizobium.Neorhizobium.Pararhizobium.Rhizobium	-0.6504	0.0198	FALSE
B202_f_Burkholderiaceae	B111_Allorhizobium.Neorhizobium.Pararhizobium.Rhizobium	0.5844	0.0297	TRUE
B265_Deinococcus	B111_Allorhizobium.Neorhizobium.Pararhizobium.Rhizobium	0.7285	0.0099	TRUE
B127_Sphingobacterium	B111_Allorhizobium.Neorhizobium.Pararhizobium.Rhizobium	0.6474	0.0198	TRUE
B21_Methylobacterium	B111_Allorhizobium.Neorhizobium.Pararhizobium.Rhizobium	-0.7994	0.0198	FALSE
B29_Methylobacterium	B111_Allorhizobium.Neorhizobium.Pararhizobium.Rhizobium	-0.8098	0.0099	FALSE
B31_Quadrisphaera	B111_Allorhizobium.Neorhizobium.Pararhizobium.Rhizobium	-0.5995	0.0297	FALSE
B17_Methylobacterium	B111_Allorhizobium.Neorhizobium.Pararhizobium.Rhizobium	-0.7952	0.0099	FALSE
B453_Allorhizobium-Neorhizobium-Pararhizobium-Rhizobium	B111_Allorhizobium.Neorhizobium.Pararhizobium.Rhizobium	0.6668	0.0099	TRUE
B18_Herbaspirillum	B111_Allorhizobium.Neorhizobium.Pararhizobium.Rhizobium	0.7886	0.0099	TRUE
B13_Aureimonas	B111_Allorhizobium.Neorhizobium.Pararhizobium.Rhizobium	-0.6739	0.0198	FALSE
B486_Mycobacterium	B111_Allorhizobium.Neorhizobium.Pararhizobium.Rhizobium	0.7399	0.0099	TRUE
B35_Methylobacterium	B111_Allorhizobium.Neorhizobium.Pararhizobium.Rhizobium	0.4855	0.0396	TRUE
B7_Curtobacterium	B111_Allorhizobium.Neorhizobium.Pararhizobium.Rhizobium	-0.5137	0.0297	FALSE
B1378_Mycobacterium	B111_Allorhizobium.Neorhizobium.Pararhizobium.Rhizobium	0.6831	0.0099	TRUE
F48_unidentified	B111_Allorhizobium.Neorhizobium.Pararhizobium.Rhizobium	0.6004	0.0297	TRUE
F418_Hannaella	B111_Allorhizobium.Neorhizobium.Pararhizobium.Rhizobium	0.7038	0.0099	TRUE
F177_unidentified	B111_Allorhizobium.Neorhizobium.Pararhizobium.Rhizobium	0.5032	0.0396	TRUE
F74_f_Tilletiaceae	B111_Allorhizobium.Neorhizobium.Pararhizobium.Rhizobium	-0.5623	0.0495	FALSE
F71_Papiliotrema	B111_Allorhizobium.Neorhizobium.Pararhizobium.Rhizobium	0.6672	0.0297	TRUE
F11_Sarocladium	B111_Allorhizobium.Neorhizobium.Pararhizobium.Rhizobium	0.7797	0.0099	TRUE
F81_Cladosporium	B111_Allorhizobium.Neorhizobium.Pararhizobium.Rhizobium	0.7332	0.0198	TRUE
F194_Hannaella	B111_Allorhizobium.Neorhizobium.Pararhizobium.Rhizobium	0.7182	0.0099	TRUE
F260_Schizopora	B111_Allorhizobium.Neorhizobium.Pararhizobium.Rhizobium	0.653	0.0099	TRUE
F353_Diaporthe	B111_Allorhizobium.Neorhizobium.Pararhizobium.Rhizobium	0.7441	0.0198	TRUE
B116_Geodermatophilus	B702_Singulisphaera	0.7066	0.0198	TRUE
B11_Xanthomonas	B702_Singulisphaera	-0.7417	0.0099	FALSE
B9_Methylobacterium	B702_Singulisphaera	-0.7514	0.0099	FALSE
B76_Methylobacterium	B702_Singulisphaera	0.5414	0.0297	TRUE
B138_Nakamurella	B702_Singulisphaera	0.6385	0.0099	TRUE
B208_Singulisphaera	B702_Singulisphaera	0.6698	0.0198	TRUE
B927_Tepidisphaera	B702_Singulisphaera	0.5819	0.0099	TRUE
B907_Terriglobus	B702_Singulisphaera	0.7169	0.0198	TRUE
B31_Quadrisphaera	B702_Singulisphaera	0.7444	0.0198	TRUE
B847_f_Fimbriimonadaceae	B702_Singulisphaera	0.7041	0.0099	TRUE
B19_Xanthomonas	B702_Singulisphaera	-0.7162	0.0099	FALSE
B78_Sphingomonas	B702_Singulisphaera	0.7656	0.0198	TRUE
B7_Curtobacterium	B702_Singulisphaera	0.7856	0.0099	TRUE
B12_Novosphingobium	B702_Singulisphaera	-0.7512	0.0099	FALSE
F61_o_Pleosporales	B702_Singulisphaera	0.5988	0.0297	TRUE
F8_unidentified	B702_Singulisphaera	0.6475	0.0198	TRUE
F4_o_Pleosporales	B702_Singulisphaera	0.7364	0.0198	TRUE
F147_o_Pleosporales	B702_Singulisphaera	0.6764	0.0297	TRUE
F18_f_Phaeosphaeriaceae	B702_Singulisphaera	0.617	0.0495	TRUE
F12_o_Pleosporales	B702_Singulisphaera	0.7858	0.0099	TRUE
F27_Curvularia	B702_Singulisphaera	0.5258	0.0495	TRUE
F116_Curvularia	B702_Singulisphaera	0.6992	0.0099	TRUE
F32_Tilletia	B702_Singulisphaera	0.7592	0.0099	TRUE
F72_unidentified	B702_Singulisphaera	0.7773	0.0099	TRUE
B187_Clostridium sensu stricto 8	B260_Pseudomonas	0.5099	0.005	TRUE
B393_Azospira	B260_Pseudomonas	0.4943	0.0235	TRUE
B269_Pseudomonas	B260_Pseudomonas	0.5699	0.0137	TRUE
B329_Paenibacillus	B260_Pseudomonas	0.4939	0.005	TRUE
B448_Lactococcus	B260_Pseudomonas	0.4943	0.0235	TRUE
B1385_Escherichia-Shigella	B260_Pseudomonas	0.4394	0.0235	TRUE
B5197_Enterococcus	B260_Pseudomonas	0.4318	0.0137	TRUE
B467_Lactococcus	B260_Pseudomonas	0.4953	0.0235	TRUE
B326_Bacillus	B260_Pseudomonas	0.5916	0.0137	TRUE
B646_Leuconostoc	B260_Pseudomonas	0.5145	0.0433	TRUE
B154_f_Micrococcaceae	B260_Pseudomonas	0.4812	0.0334	TRUE
F458_Endoxyla	B260_Pseudomonas	0.5192	0.0433	TRUE
F5159_unidentified	B260_Pseudomonas	0.4786	0.0334	TRUE
F5162_o_NA	B260_Pseudomonas	0.435	0.0334	TRUE
F28_f_Hypocreales_fam_Incertae_sedis	B260_Pseudomonas	0.5213	0.0289	TRUE
B11_Xanthomonas	B116_Geodermatophilus	-0.7716	0.0198	FALSE
B9_Methylobacterium	B116_Geodermatophilus	-0.746	0.0099	FALSE
B138_Nakamurella	B116_Geodermatophilus	0.6585	0.0099	TRUE
B208_Singulisphaera	B116_Geodermatophilus	0.7278	0.0198	TRUE
B927_Tepidisphaera	B116_Geodermatophilus	0.6148	0.0297	TRUE
B907_Terriglobus	B116_Geodermatophilus	0.7396	0.0099	TRUE
B31_Quadrisphaera	B116_Geodermatophilus	0.7332	0.0198	TRUE
B847_f_Fimbriimonadaceae	B116_Geodermatophilus	0.6666	0.0198	TRUE
B19_Xanthomonas	B116_Geodermatophilus	-0.7307	0.0198	FALSE
B78_Sphingomonas	B116_Geodermatophilus	0.7388	0.0099	TRUE
B7_Curtobacterium	B116_Geodermatophilus	0.7639	0.0099	TRUE
B12_Novosphingobium	B116_Geodermatophilus	-0.8066	0.0198	FALSE
F61_o_Pleosporales	B116_Geodermatophilus	0.6028	0.0396	TRUE
F469_unidentified	B116_Geodermatophilus	0.5347	0.0297	TRUE
F8_unidentified	B116_Geodermatophilus	0.7307	0.0198	TRUE
F114_unidentified	B116_Geodermatophilus	-0.6524	0.0396	FALSE
F2_Nigrospora	B116_Geodermatophilus	-0.6666	0.0495	FALSE
F202_Pseudozyma	B116_Geodermatophilus	0.5189	0.0495	TRUE
F4_o_Pleosporales	B116_Geodermatophilus	0.8016	0.0099	TRUE
F147_o_Pleosporales	B116_Geodermatophilus	0.7339	0.0099	TRUE
F18_f_Phaeosphaeriaceae	B116_Geodermatophilus	0.6614	0.0297	TRUE
F12_o_Pleosporales	B116_Geodermatophilus	0.8121	0.0099	TRUE
F47_f_Phaeosphaeriaceae	B116_Geodermatophilus	0.6773	0.0297	TRUE
F27_Curvularia	B116_Geodermatophilus	0.6345	0.0297	TRUE
F116_Curvularia	B116_Geodermatophilus	0.6896	0.0198	TRUE
F32_Tilletia	B116_Geodermatophilus	0.7655	0.0099	TRUE
F1485_unidentified	B116_Geodermatophilus	0.6037	0.0297	TRUE
F72_unidentified	B116_Geodermatophilus	0.7926	0.0198	TRUE
F1361_Camptophora	B116_Geodermatophilus	0.4215	0.0495	TRUE
B2_Methylobacterium	B10_Allorhizobium.Neorhizobium.Pararhizobium.Rhizobium	-0.6553	0.0396	FALSE
B744_Allorhizobium-Neorhizobium-Pararhizobium-Rhizobium	B10_Allorhizobium.Neorhizobium.Pararhizobium.Rhizobium	0.5882	0.0297	TRUE
B8_f_Rhizobiaceae	B10_Allorhizobium.Neorhizobium.Pararhizobium.Rhizobium	0.6847	0.0495	TRUE
B351_f_Burkholderiaceae	B10_Allorhizobium.Neorhizobium.Pararhizobium.Rhizobium	0.6069	0.0099	TRUE
B965_Bdellovibrio	B10_Allorhizobium.Neorhizobium.Pararhizobium.Rhizobium	0.5507	0.0495	TRUE
B135_Sphingomonas	B10_Allorhizobium.Neorhizobium.Pararhizobium.Rhizobium	0.6215	0.0396	TRUE
B338_uncultured bacterium	B10_Allorhizobium.Neorhizobium.Pararhizobium.Rhizobium	0.5834	0.0297	TRUE
B32_Bradyrhizobium	B10_Allorhizobium.Neorhizobium.Pararhizobium.Rhizobium	0.5326	0.0396	TRUE
B16_Sphingomonas	B10_Allorhizobium.Neorhizobium.Pararhizobium.Rhizobium	-0.6501	0.0297	FALSE
B1_Pantoea	B10_Allorhizobium.Neorhizobium.Pararhizobium.Rhizobium	-0.6869	0.0297	FALSE
B4_Pantoea	B10_Allorhizobium.Neorhizobium.Pararhizobium.Rhizobium	-0.6047	0.0396	FALSE
F106_unidentified	B10_Allorhizobium.Neorhizobium.Pararhizobium.Rhizobium	0.6617	0.0297	TRUE
F469_unidentified	B10_Allorhizobium.Neorhizobium.Pararhizobium.Rhizobium	-0.6556	0.0198	FALSE
F8_unidentified	B10_Allorhizobium.Neorhizobium.Pararhizobium.Rhizobium	-0.6045	0.0099	FALSE
F2_Nigrospora	B10_Allorhizobium.Neorhizobium.Pararhizobium.Rhizobium	0.6342	0.0495	TRUE
F117_Saitozyma	B10_Allorhizobium.Neorhizobium.Pararhizobium.Rhizobium	-0.5567	0.0396	FALSE
F27_Curvularia	B10_Allorhizobium.Neorhizobium.Pararhizobium.Rhizobium	-0.5363	0.0396	FALSE
F127_Papiliotrema	B10_Allorhizobium.Neorhizobium.Pararhizobium.Rhizobium	-0.5715	0.0495	FALSE
B9_Methylobacterium	B11_Xanthomonas	0.9214	0.0099	TRUE
B76_Methylobacterium	B11_Xanthomonas	-0.6562	0.0297	FALSE
B265_Deinococcus	B11_Xanthomonas	0.6665	0.0099	TRUE
B138_Nakamurella	B11_Xanthomonas	-0.7035	0.0099	FALSE
B21_Methylobacterium	B11_Xanthomonas	-0.7168	0.0198	FALSE
B208_Singulisphaera	B11_Xanthomonas	-0.7563	0.0198	FALSE
B927_Tepidisphaera	B11_Xanthomonas	-0.6197	0.0198	FALSE
B907_Terriglobus	B11_Xanthomonas	-0.7809	0.0099	FALSE
B29_Methylobacterium	B11_Xanthomonas	-0.7355	0.0198	FALSE
B31_Quadrisphaera	B11_Xanthomonas	-0.8526	0.0099	FALSE
B847_f_Fimbriimonadaceae	B11_Xanthomonas	-0.7493	0.0099	FALSE
B17_Methylobacterium	B11_Xanthomonas	-0.5938	0.0297	FALSE
B19_Xanthomonas	B11_Xanthomonas	0.914	0.0099	TRUE
B18_Herbaspirillum	B11_Xanthomonas	0.6327	0.0495	TRUE
B78_Sphingomonas	B11_Xanthomonas	-0.793	0.0099	FALSE
B7_Curtobacterium	B11_Xanthomonas	-0.7918	0.0099	FALSE
B1378_Mycobacterium	B11_Xanthomonas	0.5423	0.0198	TRUE
B835_Spirosoma	B11_Xanthomonas	-0.544	0.0198	FALSE
B12_Novosphingobium	B11_Xanthomonas	0.9133	0.0198	TRUE
F61_o_Pleosporales	B11_Xanthomonas	-0.6733	0.0198	FALSE
F418_Hannaella	B11_Xanthomonas	0.608	0.0297	TRUE
F4_o_Pleosporales	B11_Xanthomonas	-0.7675	0.0198	FALSE
F147_o_Pleosporales	B11_Xanthomonas	-0.7604	0.0198	FALSE
F12_o_Pleosporales	B11_Xanthomonas	-0.8809	0.0099	FALSE
F47_f_Phaeosphaeriaceae	B11_Xanthomonas	-0.627	0.0297	FALSE
F116_Curvularia	B11_Xanthomonas	-0.7497	0.0099	FALSE
F74_f_Tilletiaceae	B11_Xanthomonas	-0.7048	0.0297	FALSE
F32_Tilletia	B11_Xanthomonas	-0.8046	0.0198	FALSE
F1485_unidentified	B11_Xanthomonas	-0.6495	0.0495	FALSE
F72_unidentified	B11_Xanthomonas	-0.8512	0.0099	FALSE
F71_Papiliotrema	B11_Xanthomonas	0.6808	0.0396	TRUE
F11_Sarocladium	B11_Xanthomonas	0.6349	0.0297	TRUE
F353_Diaporthe	B11_Xanthomonas	0.6037	0.0396	TRUE
B1151_Pseudomonas	B2_Methylobacterium	-0.5115	0.0396	FALSE
B744_Allorhizobium-Neorhizobium-Pararhizobium-Rhizobium	B2_Methylobacterium	-0.7264	0.0495	FALSE
B8_f_Rhizobiaceae	B2_Methylobacterium	-0.8588	0.0099	FALSE
B351_f_Burkholderiaceae	B2_Methylobacterium	-0.7755	0.0099	FALSE
B393_Azospira	B2_Methylobacterium	-0.527	0.0297	FALSE
B138_Nakamurella	B2_Methylobacterium	0.5567	0.0297	TRUE
B965_Bdellovibrio	B2_Methylobacterium	-0.8213	0.0099	FALSE
B135_Sphingomonas	B2_Methylobacterium	-0.8477	0.0099	FALSE
B77_Allorhizobium-Neorhizobium-Pararhizobium-Rhizobium	B2_Methylobacterium	-0.8282	0.0099	FALSE
B164_f_Burkholderiaceae	B2_Methylobacterium	-0.8121	0.0198	FALSE
B338_uncultured bacterium	B2_Methylobacterium	-0.7252	0.0099	FALSE
B16_Sphingomonas	B2_Methylobacterium	0.9478	0.0099	TRUE
B1385_Escherichia-Shigella	B2_Methylobacterium	-0.4888	0.0297	FALSE
B1643_uncultured eubacterium WD264	B2_Methylobacterium	-0.4342	0.0495	FALSE
B737_Pseudomonas	B2_Methylobacterium	-0.6089	0.0297	FALSE
B1_Pantoea	B2_Methylobacterium	0.9038	0.0198	TRUE
B3_Sphingomonas	B2_Methylobacterium	-0.721	0.0297	FALSE
B12_Novosphingobium	B2_Methylobacterium	-0.6044	0.0396	FALSE
B4_Pantoea	B2_Methylobacterium	0.8129	0.0099	TRUE
F106_unidentified	B2_Methylobacterium	-0.889	0.0198	FALSE
F8_unidentified	B2_Methylobacterium	0.9328	0.0099	TRUE
F114_unidentified	B2_Methylobacterium	-0.7117	0.0495	FALSE
F16_Pyricularia	B2_Methylobacterium	-0.6254	0.0297	FALSE
F2_Nigrospora	B2_Methylobacterium	-0.6724	0.0297	FALSE
F117_Saitozyma	B2_Methylobacterium	0.6561	0.0099	TRUE
F4_o_Pleosporales	B2_Methylobacterium	0.7751	0.0099	TRUE
F18_f_Phaeosphaeriaceae	B2_Methylobacterium	0.6899	0.0297	TRUE
F12_o_Pleosporales	B2_Methylobacterium	0.6486	0.0297	TRUE
F47_f_Phaeosphaeriaceae	B2_Methylobacterium	0.8099	0.0099	TRUE
F27_Curvularia	B2_Methylobacterium	0.7153	0.0198	TRUE
F32_Tilletia	B2_Methylobacterium	0.6755	0.0297	TRUE
B269_Pseudomonas	B4848_Aquabacterium	0.4134	0.0235	TRUE
B76_Methylobacterium	B9_Methylobacterium	-0.6834	0.0297	FALSE
B265_Deinococcus	B9_Methylobacterium	0.6766	0.0099	TRUE
B138_Nakamurella	B9_Methylobacterium	-0.7083	0.0198	FALSE
B21_Methylobacterium	B9_Methylobacterium	-0.7538	0.0198	FALSE
B208_Singulisphaera	B9_Methylobacterium	-0.7472	0.0198	FALSE
B927_Tepidisphaera	B9_Methylobacterium	-0.6472	0.0495	FALSE
B907_Terriglobus	B9_Methylobacterium	-0.7895	0.0099	FALSE
B29_Methylobacterium	B9_Methylobacterium	-0.7678	0.0198	FALSE
B31_Quadrisphaera	B9_Methylobacterium	-0.8447	0.0099	FALSE
B847_f_Fimbriimonadaceae	B9_Methylobacterium	-0.7537	0.0099	FALSE
B17_Methylobacterium	B9_Methylobacterium	-0.6431	0.0495	FALSE
B19_Xanthomonas	B9_Methylobacterium	0.9	0.0099	TRUE
B18_Herbaspirillum	B9_Methylobacterium	0.6838	0.0396	TRUE
B486_Mycobacterium	B9_Methylobacterium	0.684	0.0297	TRUE
B78_Sphingomonas	B9_Methylobacterium	-0.7721	0.0198	FALSE
B7_Curtobacterium	B9_Methylobacterium	-0.7792	0.0198	FALSE
B1378_Mycobacterium	B9_Methylobacterium	0.6252	0.0198	TRUE
B1592_f_Microbacteriaceae	B9_Methylobacterium	-0.5721	0.0495	FALSE
B12_Novosphingobium	B9_Methylobacterium	0.8904	0.0099	TRUE
F61_o_Pleosporales	B9_Methylobacterium	-0.667	0.0099	FALSE
F114_unidentified	B9_Methylobacterium	0.6184	0.0495	TRUE
F418_Hannaella	B9_Methylobacterium	0.6648	0.0297	TRUE
F202_Pseudozyma	B9_Methylobacterium	-0.5692	0.0396	FALSE
F4_o_Pleosporales	B9_Methylobacterium	-0.7162	0.0297	FALSE
F147_o_Pleosporales	B9_Methylobacterium	-0.7604	0.0198	FALSE
F12_o_Pleosporales	B9_Methylobacterium	-0.8325	0.0099	FALSE
F116_Curvularia	B9_Methylobacterium	-0.7205	0.0396	FALSE
F74_f_Tilletiaceae	B9_Methylobacterium	-0.7507	0.0198	FALSE
F32_Tilletia	B9_Methylobacterium	-0.7728	0.0099	FALSE
F1485_unidentified	B9_Methylobacterium	-0.6161	0.0495	FALSE
F72_unidentified	B9_Methylobacterium	-0.8284	0.0099	FALSE
F71_Papiliotrema	B9_Methylobacterium	0.7112	0.0297	TRUE
F11_Sarocladium	B9_Methylobacterium	0.6917	0.0198	TRUE
F194_Hannaella	B9_Methylobacterium	0.6783	0.0297	TRUE
B2747_Dolosigranulum	B9414_o_Subgroup.7	0.4092	0.0487	TRUE
B494_Brevundimonas	B187_Clostridium.sensu.stricto.8	0.4367	0.0235	TRUE
B269_Pseudomonas	B187_Clostridium.sensu.stricto.8	0.4669	0.0334	TRUE
B541_Achromobacter	B187_Clostridium.sensu.stricto.8	0.496	0.0137	TRUE
B326_Bacillus	B187_Clostridium.sensu.stricto.8	0.4925	0.0235	TRUE
B646_Leuconostoc	B187_Clostridium.sensu.stricto.8	0.4997	0.0334	TRUE
F1139_o_Helotiales	B187_Clostridium.sensu.stricto.8	0.5115	0.005	TRUE
F5159_unidentified	B187_Clostridium.sensu.stricto.8	0.4974	0.0334	TRUE
B329_Paenibacillus	B494_Brevundimonas	0.4037	0.0433	TRUE
B448_Lactococcus	B494_Brevundimonas	0.3927	0.0433	TRUE
B1628_f_Enterobacteriaceae	B494_Brevundimonas	0.4216	0.0433	TRUE
B928_Anaerobacillus	B494_Brevundimonas	0.4252	0.0334	TRUE
F458_Endoxyla	B494_Brevundimonas	0.4195	0.0334	TRUE
B202_f_Burkholderiaceae	B76_Methylobacterium	-0.5564	0.0495	FALSE
B265_Deinococcus	B76_Methylobacterium	-0.6722	0.0198	FALSE
B21_Methylobacterium	B76_Methylobacterium	0.8321	0.0099	TRUE
B208_Singulisphaera	B76_Methylobacterium	0.6098	0.0396	TRUE
B29_Methylobacterium	B76_Methylobacterium	0.7675	0.0198	TRUE
B31_Quadrisphaera	B76_Methylobacterium	0.6445	0.0495	TRUE
B847_f_Fimbriimonadaceae	B76_Methylobacterium	0.5606	0.0495	TRUE
B17_Methylobacterium	B76_Methylobacterium	0.7253	0.0297	TRUE
B18_Herbaspirillum	B76_Methylobacterium	-0.6886	0.0099	FALSE
B13_Aureimonas	B76_Methylobacterium	0.6632	0.0396	TRUE
B486_Mycobacterium	B76_Methylobacterium	-0.6421	0.0495	FALSE
B1378_Mycobacterium	B76_Methylobacterium	-0.6256	0.0099	FALSE
F418_Hannaella	B76_Methylobacterium	-0.6605	0.0396	FALSE
F190_Irpex	B76_Methylobacterium	-0.5676	0.0198	FALSE
F71_Papiliotrema	B76_Methylobacterium	-0.7191	0.0198	FALSE
F11_Sarocladium	B76_Methylobacterium	-0.6554	0.0396	FALSE
F297_Coniothyrium	B76_Methylobacterium	-0.6298	0.0198	FALSE
F194_Hannaella	B76_Methylobacterium	-0.6452	0.0396	FALSE
F353_Diaporthe	B76_Methylobacterium	-0.6577	0.0198	FALSE
B135_Sphingomonas	B1151_Pseudomonas	0.5599	0.0198	TRUE
B77_Allorhizobium-Neorhizobium-Pararhizobium-Rhizobium	B1151_Pseudomonas	0.4507	0.0396	TRUE
B338_uncultured bacterium	B1151_Pseudomonas	0.4988	0.0396	TRUE
B27_Mucilaginibacter	B1151_Pseudomonas	0.5922	0.0098	TRUE
F16_Pyricularia	B1151_Pseudomonas	0.6191	0.0198	TRUE
F5_Alternaria	B1151_Pseudomonas	-0.5532	0.0297	FALSE
B8_f_Rhizobiaceae	B744_Allorhizobium.Neorhizobium.Pararhizobium.Rhizobium	0.7536	0.0099	TRUE
B351_f_Burkholderiaceae	B744_Allorhizobium.Neorhizobium.Pararhizobium.Rhizobium	0.6565	0.0099	TRUE
B222_Kineococcus	B744_Allorhizobium.Neorhizobium.Pararhizobium.Rhizobium	0.6053	0.0198	TRUE
B54_uncultured	B744_Allorhizobium.Neorhizobium.Pararhizobium.Rhizobium	0.5414	0.0396	TRUE
B965_Bdellovibrio	B744_Allorhizobium.Neorhizobium.Pararhizobium.Rhizobium	0.6445	0.0198	TRUE
B135_Sphingomonas	B744_Allorhizobium.Neorhizobium.Pararhizobium.Rhizobium	0.752	0.0198	TRUE
B503_Escherichia-Shigella	B744_Allorhizobium.Neorhizobium.Pararhizobium.Rhizobium	0.5969	0.0198	TRUE
B2747_Dolosigranulum	B744_Allorhizobium.Neorhizobium.Pararhizobium.Rhizobium	0.6257	0.0099	TRUE
B77_Allorhizobium-Neorhizobium-Pararhizobium-Rhizobium	B744_Allorhizobium.Neorhizobium.Pararhizobium.Rhizobium	0.7202	0.0198	TRUE
B164_f_Burkholderiaceae	B744_Allorhizobium.Neorhizobium.Pararhizobium.Rhizobium	0.7246	0.0099	TRUE
B338_uncultured bacterium	B744_Allorhizobium.Neorhizobium.Pararhizobium.Rhizobium	0.6372	0.0297	TRUE
B16_Sphingomonas	B744_Allorhizobium.Neorhizobium.Pararhizobium.Rhizobium	-0.7348	0.0198	FALSE
B1_Pantoea	B744_Allorhizobium.Neorhizobium.Pararhizobium.Rhizobium	-0.7801	0.0099	FALSE
B3_Sphingomonas	B744_Allorhizobium.Neorhizobium.Pararhizobium.Rhizobium	0.7243	0.0099	TRUE
B4_Pantoea	B744_Allorhizobium.Neorhizobium.Pararhizobium.Rhizobium	-0.682	0.0099	FALSE
F106_unidentified	B744_Allorhizobium.Neorhizobium.Pararhizobium.Rhizobium	0.818	0.0099	TRUE
F8_unidentified	B744_Allorhizobium.Neorhizobium.Pararhizobium.Rhizobium	-0.7048	0.0396	FALSE
F2_Nigrospora	B744_Allorhizobium.Neorhizobium.Pararhizobium.Rhizobium	0.6435	0.0495	TRUE
F3_Moesziomyces	B744_Allorhizobium.Neorhizobium.Pararhizobium.Rhizobium	-0.7205	0.0099	FALSE
F47_f_Phaeosphaeriaceae	B744_Allorhizobium.Neorhizobium.Pararhizobium.Rhizobium	-0.6834	0.0396	FALSE
F36_Moesziomyces	B744_Allorhizobium.Neorhizobium.Pararhizobium.Rhizobium	-0.5828	0.0495	FALSE
F6_Cladosporium	B744_Allorhizobium.Neorhizobium.Pararhizobium.Rhizobium	-0.5803	0.0396	FALSE
B12_Novosphingobium	B267_f_Burkholderiaceae	-0.5437	0.0495	FALSE
F116_Curvularia	B267_f_Burkholderiaceae	0.4698	0.0495	TRUE
B265_Deinococcus	B202_f_Burkholderiaceae	0.5998	0.0198	TRUE
B127_Sphingobacterium	B202_f_Burkholderiaceae	0.5602	0.0297	TRUE
B21_Methylobacterium	B202_f_Burkholderiaceae	-0.641	0.0198	FALSE
B29_Methylobacterium	B202_f_Burkholderiaceae	-0.6619	0.0396	FALSE
B17_Methylobacterium	B202_f_Burkholderiaceae	-0.7278	0.0099	FALSE
B453_Allorhizobium-Neorhizobium-Pararhizobium-Rhizobium	B202_f_Burkholderiaceae	0.5232	0.0495	TRUE
B18_Herbaspirillum	B202_f_Burkholderiaceae	0.6323	0.0099	TRUE
B13_Aureimonas	B202_f_Burkholderiaceae	-0.6265	0.0099	FALSE
B486_Mycobacterium	B202_f_Burkholderiaceae	0.5957	0.0495	TRUE
B3_Sphingomonas	B202_f_Burkholderiaceae	-0.5884	0.0396	FALSE
F48_unidentified	B202_f_Burkholderiaceae	0.6702	0.0297	TRUE
F418_Hannaella	B202_f_Burkholderiaceae	0.5812	0.0396	TRUE
F177_unidentified	B202_f_Burkholderiaceae	0.5838	0.0198	TRUE
F190_Irpex	B202_f_Burkholderiaceae	0.4839	0.0396	TRUE
F36_Moesziomyces	B202_f_Burkholderiaceae	0.7222	0.0099	TRUE
F11_Sarocladium	B202_f_Burkholderiaceae	0.6462	0.0297	TRUE
F194_Hannaella	B202_f_Burkholderiaceae	0.6112	0.0495	TRUE
F178_Schizopora	B202_f_Burkholderiaceae	0.5559	0.0495	TRUE
F89_Aureobasidium	B202_f_Burkholderiaceae	0.4883	0.0495	TRUE
F353_Diaporthe	B202_f_Burkholderiaceae	0.602	0.0198	TRUE
B351_f_Burkholderiaceae	B8_f_Rhizobiaceae	0.77	0.0099	TRUE
B222_Kineococcus	B8_f_Rhizobiaceae	0.655	0.0297	TRUE
B54_uncultured	B8_f_Rhizobiaceae	0.6805	0.0396	TRUE
B266_Allorhizobium-Neorhizobium-Pararhizobium-Rhizobium	B8_f_Rhizobiaceae	0.5107	0.0495	TRUE
B965_Bdellovibrio	B8_f_Rhizobiaceae	0.7783	0.0198	TRUE
B135_Sphingomonas	B8_f_Rhizobiaceae	0.8579	0.0099	TRUE
B503_Escherichia-Shigella	B8_f_Rhizobiaceae	0.6519	0.0297	TRUE
B77_Allorhizobium-Neorhizobium-Pararhizobium-Rhizobium	B8_f_Rhizobiaceae	0.7891	0.0198	TRUE
B164_f_Burkholderiaceae	B8_f_Rhizobiaceae	0.8295	0.0099	TRUE
B338_uncultured bacterium	B8_f_Rhizobiaceae	0.7253	0.0099	TRUE
B10861_Chroococcidiopsis SAG 2023	B8_f_Rhizobiaceae	0.365	0.0495	TRUE
B32_Bradyrhizobium	B8_f_Rhizobiaceae	0.6136	0.0198	TRUE
B16_Sphingomonas	B8_f_Rhizobiaceae	-0.836	0.0099	FALSE
B902_Escherichia-Shigella	B8_f_Rhizobiaceae	0.5511	0.0495	TRUE
B737_Pseudomonas	B8_f_Rhizobiaceae	0.6306	0.0396	TRUE
B1_Pantoea	B8_f_Rhizobiaceae	-0.8936	0.0099	FALSE
B3_Sphingomonas	B8_f_Rhizobiaceae	0.6887	0.0396	TRUE
B12_Novosphingobium	B8_f_Rhizobiaceae	0.7004	0.0396	TRUE
B4_Pantoea	B8_f_Rhizobiaceae	-0.7623	0.0099	FALSE
F106_unidentified	B8_f_Rhizobiaceae	0.8944	0.0099	TRUE
F469_unidentified	B8_f_Rhizobiaceae	-0.5349	0.0297	FALSE
F8_unidentified	B8_f_Rhizobiaceae	-0.8729	0.0099	FALSE
F114_unidentified	B8_f_Rhizobiaceae	0.7313	0.0198	TRUE
F2_Nigrospora	B8_f_Rhizobiaceae	0.7715	0.0198	TRUE
F117_Saitozyma	B8_f_Rhizobiaceae	-0.5634	0.0396	FALSE
F3_Moesziomyces	B8_f_Rhizobiaceae	-0.7448	0.0297	FALSE
F4_o_Pleosporales	B8_f_Rhizobiaceae	-0.7558	0.0198	FALSE
F47_f_Phaeosphaeriaceae	B8_f_Rhizobiaceae	-0.8582	0.0099	FALSE
F27_Curvularia	B8_f_Rhizobiaceae	-0.7103	0.0198	FALSE
F32_Tilletia	B8_f_Rhizobiaceae	-0.6957	0.0297	FALSE
F72_unidentified	B8_f_Rhizobiaceae	-0.6599	0.0297	FALSE
F301_o_NA	B8_f_Rhizobiaceae	0.5853	0.0495	TRUE
B127_Sphingobacterium	B265_Deinococcus	0.6109	0.0297	TRUE
B21_Methylobacterium	B265_Deinococcus	-0.8049	0.0198	FALSE
B29_Methylobacterium	B265_Deinococcus	-0.8176	0.0099	FALSE
B31_Quadrisphaera	B265_Deinococcus	-0.6627	0.0198	FALSE
B17_Methylobacterium	B265_Deinococcus	-0.7968	0.0099	FALSE
B453_Allorhizobium-Neorhizobium-Pararhizobium-Rhizobium	B265_Deinococcus	0.5673	0.0396	TRUE
B18_Herbaspirillum	B265_Deinococcus	0.7751	0.0099	TRUE
B13_Aureimonas	B265_Deinococcus	-0.728	0.0198	FALSE
B486_Mycobacterium	B265_Deinococcus	0.7298	0.0297	TRUE
B1378_Mycobacterium	B265_Deinococcus	0.6213	0.0297	TRUE
F48_unidentified	B265_Deinococcus	0.5777	0.0198	TRUE
F418_Hannaella	B265_Deinococcus	0.7211	0.0099	TRUE
F120_Sporobolomyces	B265_Deinococcus	0.5954	0.0198	TRUE
F71_Papiliotrema	B265_Deinococcus	0.7129	0.0198	TRUE
F36_Moesziomyces	B265_Deinococcus	0.6825	0.0396	TRUE
F11_Sarocladium	B265_Deinococcus	0.793	0.0099	TRUE
F6_Cladosporium	B265_Deinococcus	0.6044	0.0297	TRUE
F81_Cladosporium	B265_Deinococcus	0.6908	0.0297	TRUE
F194_Hannaella	B265_Deinococcus	0.7109	0.0198	TRUE
F260_Schizopora	B265_Deinococcus	0.7015	0.0099	TRUE
F178_Schizopora	B265_Deinococcus	0.5965	0.0495	TRUE
F353_Diaporthe	B265_Deinococcus	0.7512	0.0099	TRUE
B222_Kineococcus	B351_f_Burkholderiaceae	0.5107	0.0495	TRUE
B965_Bdellovibrio	B351_f_Burkholderiaceae	0.7291	0.0099	TRUE
B135_Sphingomonas	B351_f_Burkholderiaceae	0.7732	0.0099	TRUE
B503_Escherichia-Shigella	B351_f_Burkholderiaceae	0.53	0.0396	TRUE
B2747_Dolosigranulum	B351_f_Burkholderiaceae	0.5958	0.0297	TRUE
B77_Allorhizobium-Neorhizobium-Pararhizobium-Rhizobium	B351_f_Burkholderiaceae	0.7473	0.0198	TRUE
B164_f_Burkholderiaceae	B351_f_Burkholderiaceae	0.7826	0.0099	TRUE
B338_uncultured bacterium	B351_f_Burkholderiaceae	0.6881	0.0198	TRUE
B16_Sphingomonas	B351_f_Burkholderiaceae	-0.7667	0.0099	FALSE
B737_Pseudomonas	B351_f_Burkholderiaceae	0.5197	0.0495	TRUE
B1_Pantoea	B351_f_Burkholderiaceae	-0.8283	0.0099	FALSE
B3_Sphingomonas	B351_f_Burkholderiaceae	0.7295	0.0099	TRUE
B4_Pantoea	B351_f_Burkholderiaceae	-0.7257	0.0099	FALSE
F106_unidentified	B351_f_Burkholderiaceae	0.8025	0.0099	TRUE
F8_unidentified	B351_f_Burkholderiaceae	-0.7378	0.0099	FALSE
F117_Saitozyma	B351_f_Burkholderiaceae	-0.5837	0.0297	FALSE
F3_Moesziomyces	B351_f_Burkholderiaceae	-0.6448	0.0396	FALSE
F4_o_Pleosporales	B351_f_Burkholderiaceae	-0.5666	0.0495	FALSE
F47_f_Phaeosphaeriaceae	B351_f_Burkholderiaceae	-0.6913	0.0297	FALSE
F27_Curvularia	B351_f_Burkholderiaceae	-0.5681	0.0396	FALSE
B54_uncultured	B222_Kineococcus	0.6018	0.0297	TRUE
B135_Sphingomonas	B222_Kineococcus	0.5794	0.0495	TRUE
B503_Escherichia-Shigella	B222_Kineococcus	0.6843	0.0098	TRUE
B2747_Dolosigranulum	B222_Kineococcus	0.6949	0.0098	TRUE
B77_Allorhizobium-Neorhizobium-Pararhizobium-Rhizobium	B222_Kineococcus	0.5476	0.0495	TRUE
B338_uncultured bacterium	B222_Kineococcus	0.5457	0.0198	TRUE
B32_Bradyrhizobium	B222_Kineococcus	0.6215	0.0396	TRUE
B902_Escherichia-Shigella	B222_Kineococcus	0.5898	0.0197	TRUE
B1018_f_Burkholderiaceae	B222_Kineococcus	0.4279	0.0289	TRUE
B13_Aureimonas	B222_Kineococcus	0.605	0.0198	TRUE
B1_Pantoea	B222_Kineococcus	-0.6876	0.0396	FALSE
B3_Sphingomonas	B222_Kineococcus	0.6629	0.0099	TRUE
B4_Pantoea	B222_Kineococcus	-0.5649	0.0297	FALSE
F106_unidentified	B222_Kineococcus	0.602	0.0396	TRUE
F2_Nigrospora	B222_Kineococcus	0.7077	0.0297	TRUE
F3_Moesziomyces	B222_Kineococcus	-0.6886	0.0297	FALSE
F47_f_Phaeosphaeriaceae	B222_Kineococcus	-0.6546	0.0297	FALSE
F482_Pichia	B222_Kineococcus	0.4383	0.0487	TRUE
F1139_o_Helotiales	B1556_Pseudomonas	0.4279	0.0433	TRUE
B135_Sphingomonas	B54_uncultured	0.5479	0.0396	TRUE
B503_Escherichia-Shigella	B54_uncultured	0.5458	0.0099	TRUE
B2747_Dolosigranulum	B54_uncultured	0.5921	0.0297	TRUE
B338_uncultured bacterium	B54_uncultured	0.5468	0.0198	TRUE
B32_Bradyrhizobium	B54_uncultured	0.6172	0.0396	TRUE
B16_Sphingomonas	B54_uncultured	-0.5286	0.0495	FALSE
B902_Escherichia-Shigella	B54_uncultured	0.5908	0.0198	TRUE
B1_Pantoea	B54_uncultured	-0.6172	0.0297	FALSE
F106_unidentified	B54_uncultured	0.5828	0.0396	TRUE
F2_Nigrospora	B54_uncultured	0.7217	0.0297	TRUE
F3_Moesziomyces	B54_uncultured	-0.6075	0.0198	FALSE
F47_f_Phaeosphaeriaceae	B54_uncultured	-0.6876	0.0297	FALSE
B135_Sphingomonas	B266_Allorhizobium.Neorhizobium.Pararhizobium.Rhizobium	0.5728	0.0495	TRUE
B16_Sphingomonas	B266_Allorhizobium.Neorhizobium.Pararhizobium.Rhizobium	-0.5704	0.0198	FALSE
B1385_Escherichia-Shigella	B266_Allorhizobium.Neorhizobium.Pararhizobium.Rhizobium	0.4283	0.0289	TRUE
B737_Pseudomonas	B266_Allorhizobium.Neorhizobium.Pararhizobium.Rhizobium	0.5753	0.0098	TRUE
B3_Sphingomonas	B266_Allorhizobium.Neorhizobium.Pararhizobium.Rhizobium	0.563	0.0495	TRUE
F3_Moesziomyces	B266_Allorhizobium.Neorhizobium.Pararhizobium.Rhizobium	-0.6049	0.0297	FALSE
F18_f_Phaeosphaeriaceae	B266_Allorhizobium.Neorhizobium.Pararhizobium.Rhizobium	-0.5342	0.0396	FALSE
F6_Cladosporium	B266_Allorhizobium.Neorhizobium.Pararhizobium.Rhizobium	-0.5946	0.0297	FALSE
F301_o_NA	B266_Allorhizobium.Neorhizobium.Pararhizobium.Rhizobium	0.5551	0.0487	TRUE
F3_Moesziomyces	B1610_Clostridium.sensu.stricto.10	-0.4566	0.0198	FALSE
F301_o_NA	B1610_Clostridium.sensu.stricto.10	0.4759	0.0334	TRUE
B329_Paenibacillus	B393_Azospira	0.4912	0.0235	TRUE
B646_Leuconostoc	B393_Azospira	0.4733	0.0137	TRUE
B154_f_Micrococcaceae	B393_Azospira	0.4401	0.0334	TRUE
F5162_o_NA	B393_Azospira	0.468	0.0433	TRUE
F28_f_Hypocreales_fam_Incertae_sedis	B393_Azospira	0.4939	0.019	TRUE
B208_Singulisphaera	B138_Nakamurella	0.6605	0.0099	TRUE
B927_Tepidisphaera	B138_Nakamurella	0.5714	0.0198	TRUE
B907_Terriglobus	B138_Nakamurella	0.6677	0.0099	TRUE
B31_Quadrisphaera	B138_Nakamurella	0.6715	0.0198	TRUE
B847_f_Fimbriimonadaceae	B138_Nakamurella	0.6839	0.0099	TRUE
B19_Xanthomonas	B138_Nakamurella	-0.6649	0.0099	FALSE
B78_Sphingomonas	B138_Nakamurella	0.6552	0.0495	TRUE
B7_Curtobacterium	B138_Nakamurella	0.6964	0.0297	TRUE
B12_Novosphingobium	B138_Nakamurella	-0.7151	0.0198	FALSE
F61_o_Pleosporales	B138_Nakamurella	0.5775	0.0099	TRUE
F8_unidentified	B138_Nakamurella	0.6215	0.0099	TRUE
F114_unidentified	B138_Nakamurella	-0.5969	0.0297	FALSE
F4_o_Pleosporales	B138_Nakamurella	0.6968	0.0198	TRUE
F147_o_Pleosporales	B138_Nakamurella	0.6912	0.0099	TRUE
F18_f_Phaeosphaeriaceae	B138_Nakamurella	0.6289	0.0396	TRUE
F12_o_Pleosporales	B138_Nakamurella	0.7405	0.0099	TRUE
F47_f_Phaeosphaeriaceae	B138_Nakamurella	0.6281	0.0198	TRUE
F116_Curvularia	B138_Nakamurella	0.6637	0.0297	TRUE
F74_f_Tilletiaceae	B138_Nakamurella	0.4985	0.0495	TRUE
F32_Tilletia	B138_Nakamurella	0.7091	0.0099	TRUE
F72_unidentified	B138_Nakamurella	0.7164	0.0198	TRUE
B329_Paenibacillus	B269_Pseudomonas	0.5226	0.0235	TRUE
B1628_f_Enterobacteriaceae	B269_Pseudomonas	0.4941	0.0235	TRUE
B467_Lactococcus	B269_Pseudomonas	0.5081	0.0137	TRUE
B326_Bacillus	B269_Pseudomonas	0.494	0.0235	TRUE
B725_Lactococcus	B269_Pseudomonas	0.3989	0.0433	TRUE
F458_Endoxyla	B269_Pseudomonas	0.5087	0.0137	TRUE
F1139_o_Helotiales	B269_Pseudomonas	0.5074	0.0334	TRUE
F5159_unidentified	B269_Pseudomonas	0.4654	0.0235	TRUE
F5162_o_NA	B269_Pseudomonas	0.5103	0.0334	TRUE
F28_f_Hypocreales_fam_Incertae_sedis	B269_Pseudomonas	0.508	0.0289	TRUE
B135_Sphingomonas	B965_Bdellovibrio	0.7714	0.0099	TRUE
B503_Escherichia-Shigella	B965_Bdellovibrio	0.6131	0.0198	TRUE
B77_Allorhizobium-Neorhizobium-Pararhizobium-Rhizobium	B965_Bdellovibrio	0.7762	0.0099	TRUE
B164_f_Burkholderiaceae	B965_Bdellovibrio	0.7967	0.0099	TRUE
B338_uncultured bacterium	B965_Bdellovibrio	0.686	0.0099	TRUE
B16_Sphingomonas	B965_Bdellovibrio	-0.797	0.0099	FALSE
B13_Aureimonas	B965_Bdellovibrio	0.5663	0.0495	TRUE
B737_Pseudomonas	B965_Bdellovibrio	0.5378	0.0099	TRUE
B1_Pantoea	B965_Bdellovibrio	-0.8437	0.0099	FALSE
B3_Sphingomonas	B965_Bdellovibrio	0.7204	0.0198	TRUE
B4_Pantoea	B965_Bdellovibrio	-0.7466	0.0099	FALSE
B27_Mucilaginibacter	B965_Bdellovibrio	0.5612	0.0495	TRUE
F106_unidentified	B965_Bdellovibrio	0.8388	0.0099	TRUE
F8_unidentified	B965_Bdellovibrio	-0.7454	0.0198	FALSE
F2_Nigrospora	B965_Bdellovibrio	0.6174	0.0396	TRUE
F117_Saitozyma	B965_Bdellovibrio	-0.5449	0.0396	FALSE
F3_Moesziomyces	B965_Bdellovibrio	-0.6697	0.0297	FALSE
F47_f_Phaeosphaeriaceae	B965_Bdellovibrio	-0.6821	0.0396	FALSE
F27_Curvularia	B965_Bdellovibrio	-0.5945	0.0198	FALSE
F36_Moesziomyces	B965_Bdellovibrio	-0.6307	0.0396	FALSE
B21_Methylobacterium	B127_Sphingobacterium	-0.5963	0.0396	FALSE
B29_Methylobacterium	B127_Sphingobacterium	-0.6238	0.0099	FALSE
B17_Methylobacterium	B127_Sphingobacterium	-0.632	0.0198	FALSE
B18_Herbaspirillum	B127_Sphingobacterium	0.6044	0.0297	TRUE
B13_Aureimonas	B127_Sphingobacterium	-0.5828	0.0198	FALSE
B486_Mycobacterium	B127_Sphingobacterium	0.6189	0.0198	TRUE
B1378_Mycobacterium	B127_Sphingobacterium	0.512	0.0297	TRUE
F48_unidentified	B127_Sphingobacterium	0.4758	0.0495	TRUE
F418_Hannaella	B127_Sphingobacterium	0.6097	0.0297	TRUE
F120_Sporobolomyces	B127_Sphingobacterium	0.5394	0.0297	TRUE
F71_Papiliotrema	B127_Sphingobacterium	0.5458	0.0396	TRUE
F127_Papiliotrema	B127_Sphingobacterium	0.5235	0.0396	TRUE
F11_Sarocladium	B127_Sphingobacterium	0.6393	0.0099	TRUE
F81_Cladosporium	B127_Sphingobacterium	0.5675	0.0495	TRUE
F194_Hannaella	B127_Sphingobacterium	0.6126	0.0396	TRUE
F260_Schizopora	B127_Sphingobacterium	0.5058	0.0396	TRUE
F353_Diaporthe	B127_Sphingobacterium	0.6254	0.0198	TRUE
B29_Methylobacterium	B21_Methylobacterium	0.9656	0.0099	TRUE
B847_f_Fimbriimonadaceae	B21_Methylobacterium	0.6048	0.0495	TRUE
B17_Methylobacterium	B21_Methylobacterium	0.9284	0.0099	TRUE
B453_Allorhizobium-Neorhizobium-Pararhizobium-Rhizobium	B21_Methylobacterium	-0.6745	0.0198	FALSE
B19_Xanthomonas	B21_Methylobacterium	-0.6654	0.0297	FALSE
B18_Herbaspirillum	B21_Methylobacterium	-0.8449	0.0099	FALSE
B13_Aureimonas	B21_Methylobacterium	0.8176	0.0198	TRUE
B486_Mycobacterium	B21_Methylobacterium	-0.8196	0.0099	FALSE
B35_Methylobacterium	B21_Methylobacterium	-0.5798	0.0198	FALSE
B1378_Mycobacterium	B21_Methylobacterium	-0.7156	0.0198	FALSE
F48_unidentified	B21_Methylobacterium	-0.6722	0.0297	FALSE
F418_Hannaella	B21_Methylobacterium	-0.7646	0.0099	FALSE
F190_Irpex	B21_Methylobacterium	-0.5672	0.0495	FALSE
F120_Sporobolomyces	B21_Methylobacterium	-0.5764	0.0396	FALSE
F71_Papiliotrema	B21_Methylobacterium	-0.7789	0.0297	FALSE
F36_Moesziomyces	B21_Methylobacterium	-0.7422	0.0198	FALSE
F11_Sarocladium	B21_Methylobacterium	-0.8674	0.0099	FALSE
F6_Cladosporium	B21_Methylobacterium	-0.6305	0.0495	FALSE
F81_Cladosporium	B21_Methylobacterium	-0.7545	0.0198	FALSE
F194_Hannaella	B21_Methylobacterium	-0.8087	0.0099	FALSE
F260_Schizopora	B21_Methylobacterium	-0.7385	0.0099	FALSE
F178_Schizopora	B21_Methylobacterium	-0.6182	0.0396	FALSE
F353_Diaporthe	B21_Methylobacterium	-0.7874	0.0198	FALSE
B927_Tepidisphaera	B208_Singulisphaera	0.6269	0.0396	TRUE
B907_Terriglobus	B208_Singulisphaera	0.7024	0.0099	TRUE
B31_Quadrisphaera	B208_Singulisphaera	0.7045	0.0198	TRUE
B847_f_Fimbriimonadaceae	B208_Singulisphaera	0.7194	0.0099	TRUE
B19_Xanthomonas	B208_Singulisphaera	-0.7323	0.0099	FALSE
B78_Sphingomonas	B208_Singulisphaera	0.7176	0.0099	TRUE
B7_Curtobacterium	B208_Singulisphaera	0.7621	0.0099	TRUE
B12_Novosphingobium	B208_Singulisphaera	-0.755	0.0099	FALSE
F61_o_Pleosporales	B208_Singulisphaera	0.5559	0.0297	TRUE
F8_unidentified	B208_Singulisphaera	0.6526	0.0099	TRUE
F202_Pseudozyma	B208_Singulisphaera	0.5097	0.0495	TRUE
F4_o_Pleosporales	B208_Singulisphaera	0.7412	0.0099	TRUE
F147_o_Pleosporales	B208_Singulisphaera	0.7503	0.0198	TRUE
F18_f_Phaeosphaeriaceae	B208_Singulisphaera	0.6445	0.0198	TRUE
F12_o_Pleosporales	B208_Singulisphaera	0.7842	0.0099	TRUE
F47_f_Phaeosphaeriaceae	B208_Singulisphaera	0.5946	0.0396	TRUE
F27_Curvularia	B208_Singulisphaera	0.5772	0.0198	TRUE
F116_Curvularia	B208_Singulisphaera	0.6604	0.0297	TRUE
F32_Tilletia	B208_Singulisphaera	0.7448	0.0099	TRUE
F72_unidentified	B208_Singulisphaera	0.7598	0.0198	TRUE
B503_Escherichia-Shigella	B135_Sphingomonas	0.5806	0.0495	TRUE
B2747_Dolosigranulum	B135_Sphingomonas	0.5773	0.0297	TRUE
B77_Allorhizobium-Neorhizobium-Pararhizobium-Rhizobium	B135_Sphingomonas	0.8158	0.0099	TRUE
B164_f_Burkholderiaceae	B135_Sphingomonas	0.7883	0.0099	TRUE
B338_uncultured bacterium	B135_Sphingomonas	0.6848	0.0099	TRUE
B32_Bradyrhizobium	B135_Sphingomonas	0.5214	0.0396	TRUE
B16_Sphingomonas	B135_Sphingomonas	-0.8546	0.0099	FALSE
B1643_uncultured eubacterium WD264	B135_Sphingomonas	0.5023	0.0297	TRUE
B13_Aureimonas	B135_Sphingomonas	0.5903	0.0495	TRUE
B737_Pseudomonas	B135_Sphingomonas	0.6098	0.0099	TRUE
B1_Pantoea	B135_Sphingomonas	-0.861	0.0198	FALSE
B3_Sphingomonas	B135_Sphingomonas	0.8068	0.0099	TRUE
B4_Pantoea	B135_Sphingomonas	-0.7846	0.0099	FALSE
F106_unidentified	B135_Sphingomonas	0.8908	0.0099	TRUE
F8_unidentified	B135_Sphingomonas	-0.7924	0.0198	FALSE
F2_Nigrospora	B135_Sphingomonas	0.6624	0.0396	TRUE
F117_Saitozyma	B135_Sphingomonas	-0.5795	0.0495	FALSE
F3_Moesziomyces	B135_Sphingomonas	-0.74	0.0099	FALSE
F4_o_Pleosporales	B135_Sphingomonas	-0.6296	0.0396	FALSE
F47_f_Phaeosphaeriaceae	B135_Sphingomonas	-0.7317	0.0396	FALSE
F27_Curvularia	B135_Sphingomonas	-0.5926	0.0495	FALSE
F127_Papiliotrema	B135_Sphingomonas	-0.5973	0.0198	FALSE
B907_Terriglobus	B927_Tepidisphaera	0.6194	0.0198	TRUE
B31_Quadrisphaera	B927_Tepidisphaera	0.6032	0.0198	TRUE
B847_f_Fimbriimonadaceae	B927_Tepidisphaera	0.5635	0.0297	TRUE
B19_Xanthomonas	B927_Tepidisphaera	-0.566	0.0396	FALSE
B78_Sphingomonas	B927_Tepidisphaera	0.5782	0.0198	TRUE
B7_Curtobacterium	B927_Tepidisphaera	0.5923	0.0198	TRUE
B12_Novosphingobium	B927_Tepidisphaera	-0.6415	0.0198	FALSE
F114_unidentified	B927_Tepidisphaera	-0.5548	0.0198	FALSE
F4_o_Pleosporales	B927_Tepidisphaera	0.598	0.0297	TRUE
F147_o_Pleosporales	B927_Tepidisphaera	0.611	0.0198	TRUE
F18_f_Phaeosphaeriaceae	B927_Tepidisphaera	0.5535	0.0396	TRUE
F12_o_Pleosporales	B927_Tepidisphaera	0.6368	0.0099	TRUE
F27_Curvularia	B927_Tepidisphaera	0.4656	0.0396	TRUE
F116_Curvularia	B927_Tepidisphaera	0.5662	0.0297	TRUE
F32_Tilletia	B927_Tepidisphaera	0.6461	0.0297	TRUE
F72_unidentified	B927_Tepidisphaera	0.6301	0.0099	TRUE
B776_Lactococcus	B329_Paenibacillus	0.4733	0.005	TRUE
B448_Lactococcus	B329_Paenibacillus	0.4593	0.0137	TRUE
B467_Lactococcus	B329_Paenibacillus	0.4753	0.0334	TRUE
F458_Endoxyla	B329_Paenibacillus	0.5281	0.005	TRUE
F1139_o_Helotiales	B329_Paenibacillus	0.5222	0.005	TRUE
F5159_unidentified	B329_Paenibacillus	0.5031	0.005	TRUE
F5162_o_NA	B329_Paenibacillus	0.4373	0.0433	TRUE
B31_Quadrisphaera	B907_Terriglobus	0.7182	0.0198	TRUE
B847_f_Fimbriimonadaceae	B907_Terriglobus	0.7421	0.0099	TRUE
B19_Xanthomonas	B907_Terriglobus	-0.7498	0.0099	FALSE
B78_Sphingomonas	B907_Terriglobus	0.7603	0.0198	TRUE
B7_Curtobacterium	B907_Terriglobus	0.8127	0.0099	TRUE
B12_Novosphingobium	B907_Terriglobus	-0.7972	0.0099	FALSE
F61_o_Pleosporales	B907_Terriglobus	0.6092	0.0099	TRUE
F469_unidentified	B907_Terriglobus	0.5941	0.0099	TRUE
F8_unidentified	B907_Terriglobus	0.6681	0.0297	TRUE
F4_o_Pleosporales	B907_Terriglobus	0.7755	0.0297	TRUE
F147_o_Pleosporales	B907_Terriglobus	0.7576	0.0198	TRUE
F18_f_Phaeosphaeriaceae	B907_Terriglobus	0.6968	0.0297	TRUE
F12_o_Pleosporales	B907_Terriglobus	0.8242	0.0198	TRUE
F47_f_Phaeosphaeriaceae	B907_Terriglobus	0.64	0.0198	TRUE
F116_Curvularia	B907_Terriglobus	0.6724	0.0099	TRUE
F74_f_Tilletiaceae	B907_Terriglobus	0.6246	0.0297	TRUE
F32_Tilletia	B907_Terriglobus	0.7744	0.0099	TRUE
F72_unidentified	B907_Terriglobus	0.8212	0.0099	TRUE
B2747_Dolosigranulum	B503_Escherichia.Shigella	0.6697	0.0197	TRUE
B77_Allorhizobium-Neorhizobium-Pararhizobium-Rhizobium	B503_Escherichia.Shigella	0.5855	0.0297	TRUE
B164_f_Burkholderiaceae	B503_Escherichia.Shigella	0.6679	0.0099	TRUE
B338_uncultured bacterium	B503_Escherichia.Shigella	0.5471	0.0396	TRUE
B32_Bradyrhizobium	B503_Escherichia.Shigella	0.6058	0.0198	TRUE
B16_Sphingomonas	B503_Escherichia.Shigella	-0.5939	0.0297	FALSE
B902_Escherichia-Shigella	B503_Escherichia.Shigella	0.5274	0.0098	TRUE
B1_Pantoea	B503_Escherichia.Shigella	-0.7119	0.0297	FALSE
B3_Sphingomonas	B503_Escherichia.Shigella	0.5536	0.0297	TRUE
B4_Pantoea	B503_Escherichia.Shigella	-0.5495	0.0495	FALSE
F106_unidentified	B503_Escherichia.Shigella	0.7038	0.0099	TRUE
F8_unidentified	B503_Escherichia.Shigella	-0.5884	0.0297	FALSE
F2_Nigrospora	B503_Escherichia.Shigella	0.6528	0.0396	TRUE
F3_Moesziomyces	B503_Escherichia.Shigella	-0.6311	0.0198	FALSE
F47_f_Phaeosphaeriaceae	B503_Escherichia.Shigella	-0.6533	0.0297	FALSE
F6_Cladosporium	B6374_Staphylococcus	-0.5052	0.0495	FALSE
F301_o_NA	B6374_Staphylococcus	0.5339	0.0235	TRUE
B31_Quadrisphaera	B29_Methylobacterium	0.727	0.0099	TRUE
B847_f_Fimbriimonadaceae	B29_Methylobacterium	0.6147	0.0198	TRUE
B17_Methylobacterium	B29_Methylobacterium	0.9226	0.0099	TRUE
B1477_Candidatus Paracaedibacter	B29_Methylobacterium	-0.4239	0.0495	FALSE
B453_Allorhizobium-Neorhizobium-Pararhizobium-Rhizobium	B29_Methylobacterium	-0.705	0.0297	FALSE
B19_Xanthomonas	B29_Methylobacterium	-0.6832	0.0099	FALSE
B18_Herbaspirillum	B29_Methylobacterium	-0.8575	0.0099	FALSE
B13_Aureimonas	B29_Methylobacterium	0.8212	0.0099	TRUE
B486_Mycobacterium	B29_Methylobacterium	-0.8384	0.0099	FALSE
B35_Methylobacterium	B29_Methylobacterium	-0.6484	0.0495	FALSE
B1378_Mycobacterium	B29_Methylobacterium	-0.7207	0.0099	FALSE
F48_unidentified	B29_Methylobacterium	-0.6663	0.0198	FALSE
F418_Hannaella	B29_Methylobacterium	-0.7729	0.0099	FALSE
F190_Irpex	B29_Methylobacterium	-0.5321	0.0495	FALSE
F116_Curvularia	B29_Methylobacterium	0.5631	0.0495	TRUE
F74_f_Tilletiaceae	B29_Methylobacterium	0.6214	0.0198	TRUE
F120_Sporobolomyces	B29_Methylobacterium	-0.6347	0.0297	FALSE
F72_unidentified	B29_Methylobacterium	0.5657	0.0198	TRUE
F71_Papiliotrema	B29_Methylobacterium	-0.8317	0.0198	FALSE
F36_Moesziomyces	B29_Methylobacterium	-0.7429	0.0396	FALSE
F11_Sarocladium	B29_Methylobacterium	-0.8838	0.0099	FALSE
F6_Cladosporium	B29_Methylobacterium	-0.6717	0.0297	FALSE
F81_Cladosporium	B29_Methylobacterium	-0.7492	0.0297	FALSE
F194_Hannaella	B29_Methylobacterium	-0.8346	0.0099	FALSE
F260_Schizopora	B29_Methylobacterium	-0.7686	0.0099	FALSE
F353_Diaporthe	B29_Methylobacterium	-0.7899	0.0198	FALSE
B847_f_Fimbriimonadaceae	B31_Quadrisphaera	0.6912	0.0198	TRUE
B17_Methylobacterium	B31_Quadrisphaera	0.601	0.0396	TRUE
B453_Allorhizobium-Neorhizobium-Pararhizobium-Rhizobium	B31_Quadrisphaera	-0.5088	0.0396	FALSE
B19_Xanthomonas	B31_Quadrisphaera	-0.8082	0.0099	FALSE
B18_Herbaspirillum	B31_Quadrisphaera	-0.6386	0.0495	FALSE
B35_Methylobacterium	B31_Quadrisphaera	-0.5785	0.0396	FALSE
B78_Sphingomonas	B31_Quadrisphaera	0.7448	0.0099	TRUE
B7_Curtobacterium	B31_Quadrisphaera	0.781	0.0198	TRUE
B1378_Mycobacterium	B31_Quadrisphaera	-0.5649	0.0198	FALSE
B12_Novosphingobium	B31_Quadrisphaera	-0.8088	0.0099	FALSE
F61_o_Pleosporales	B31_Quadrisphaera	0.6592	0.0198	TRUE
F469_unidentified	B31_Quadrisphaera	0.4908	0.0495	TRUE
F4_o_Pleosporales	B31_Quadrisphaera	0.7287	0.0198	TRUE
F147_o_Pleosporales	B31_Quadrisphaera	0.7269	0.0198	TRUE
F12_o_Pleosporales	B31_Quadrisphaera	0.8165	0.0099	TRUE
F116_Curvularia	B31_Quadrisphaera	0.7377	0.0099	TRUE
F74_f_Tilletiaceae	B31_Quadrisphaera	0.743	0.0297	TRUE
F32_Tilletia	B31_Quadrisphaera	0.7122	0.0495	TRUE
F72_unidentified	B31_Quadrisphaera	0.8096	0.0099	TRUE
F353_Diaporthe	B31_Quadrisphaera	-0.6076	0.0198	FALSE
B19_Xanthomonas	B847_f_Fimbriimonadaceae	-0.7583	0.0099	FALSE
B78_Sphingomonas	B847_f_Fimbriimonadaceae	0.7338	0.0099	TRUE
B7_Curtobacterium	B847_f_Fimbriimonadaceae	0.7724	0.0099	TRUE
B1592_f_Microbacteriaceae	B847_f_Fimbriimonadaceae	0.5103	0.0495	TRUE
B12_Novosphingobium	B847_f_Fimbriimonadaceae	-0.7343	0.0297	FALSE
F61_o_Pleosporales	B847_f_Fimbriimonadaceae	0.5631	0.0396	TRUE
F469_unidentified	B847_f_Fimbriimonadaceae	0.4998	0.0495	TRUE
F8_unidentified	B847_f_Fimbriimonadaceae	0.6263	0.0495	TRUE
F114_unidentified	B847_f_Fimbriimonadaceae	-0.6253	0.0495	FALSE
F4_o_Pleosporales	B847_f_Fimbriimonadaceae	0.7318	0.0297	TRUE
F147_o_Pleosporales	B847_f_Fimbriimonadaceae	0.7146	0.0099	TRUE
F18_f_Phaeosphaeriaceae	B847_f_Fimbriimonadaceae	0.6528	0.0099	TRUE
F12_o_Pleosporales	B847_f_Fimbriimonadaceae	0.804	0.0099	TRUE
F47_f_Phaeosphaeriaceae	B847_f_Fimbriimonadaceae	0.5926	0.0396	TRUE
F27_Curvularia	B847_f_Fimbriimonadaceae	0.5172	0.0396	TRUE
F116_Curvularia	B847_f_Fimbriimonadaceae	0.6754	0.0198	TRUE
F74_f_Tilletiaceae	B847_f_Fimbriimonadaceae	0.589	0.0297	TRUE
F32_Tilletia	B847_f_Fimbriimonadaceae	0.7418	0.0198	TRUE
F72_unidentified	B847_f_Fimbriimonadaceae	0.7365	0.0198	TRUE
F71_Papiliotrema	B847_f_Fimbriimonadaceae	-0.574	0.0495	FALSE
B453_Allorhizobium-Neorhizobium-Pararhizobium-Rhizobium	B17_Methylobacterium	-0.6703	0.0297	FALSE
B18_Herbaspirillum	B17_Methylobacterium	-0.8277	0.0198	FALSE
B13_Aureimonas	B17_Methylobacterium	0.8391	0.0198	TRUE
B486_Mycobacterium	B17_Methylobacterium	-0.8363	0.0099	FALSE
B35_Methylobacterium	B17_Methylobacterium	-0.623	0.0396	FALSE
B3_Sphingomonas	B17_Methylobacterium	0.6229	0.0297	TRUE
B1378_Mycobacterium	B17_Methylobacterium	-0.7218	0.0099	FALSE
F48_unidentified	B17_Methylobacterium	-0.7246	0.0099	FALSE
F418_Hannaella	B17_Methylobacterium	-0.783	0.0198	FALSE
F3_Moesziomyces	B17_Methylobacterium	-0.6198	0.0495	FALSE
F177_unidentified	B17_Methylobacterium	-0.6457	0.0297	FALSE
F120_Sporobolomyces	B17_Methylobacterium	-0.6444	0.0297	FALSE
F71_Papiliotrema	B17_Methylobacterium	-0.8096	0.0198	FALSE
F127_Papiliotrema	B17_Methylobacterium	-0.6691	0.0495	FALSE
F36_Moesziomyces	B17_Methylobacterium	-0.8471	0.0099	FALSE
F11_Sarocladium	B17_Methylobacterium	-0.8855	0.0099	FALSE
F297_Coniothyrium	B17_Methylobacterium	-0.5728	0.0396	FALSE
F6_Cladosporium	B17_Methylobacterium	-0.7391	0.0099	FALSE
F81_Cladosporium	B17_Methylobacterium	-0.8303	0.0099	FALSE
F194_Hannaella	B17_Methylobacterium	-0.8302	0.0099	FALSE
F260_Schizopora	B17_Methylobacterium	-0.7735	0.0099	FALSE
F178_Schizopora	B17_Methylobacterium	-0.6738	0.0495	FALSE
F353_Diaporthe	B17_Methylobacterium	-0.8005	0.0099	FALSE
B77_Allorhizobium-Neorhizobium-Pararhizobium-Rhizobium	B2747_Dolosigranulum	0.615	0.0099	TRUE
B164_f_Burkholderiaceae	B2747_Dolosigranulum	0.5617	0.0495	TRUE
B338_uncultured bacterium	B2747_Dolosigranulum	0.5655	0.0099	TRUE
B32_Bradyrhizobium	B2747_Dolosigranulum	0.6605	0.0198	TRUE
B16_Sphingomonas	B2747_Dolosigranulum	-0.5879	0.0495	FALSE
B902_Escherichia-Shigella	B2747_Dolosigranulum	0.5612	0.0197	TRUE
B1_Pantoea	B2747_Dolosigranulum	-0.6918	0.0099	FALSE
B3_Sphingomonas	B2747_Dolosigranulum	0.6526	0.0198	TRUE
B4_Pantoea	B2747_Dolosigranulum	-0.5692	0.0495	FALSE
F106_unidentified	B2747_Dolosigranulum	0.6119	0.0495	TRUE
F137_Malassezia	B2747_Dolosigranulum	0.4695	0.019	TRUE
F2_Nigrospora	B2747_Dolosigranulum	0.6515	0.0198	TRUE
F3_Moesziomyces	B2747_Dolosigranulum	-0.6844	0.0396	FALSE
F47_f_Phaeosphaeriaceae	B2747_Dolosigranulum	-0.6335	0.0297	FALSE
F482_Pichia	B2747_Dolosigranulum	0.4458	0.0487	TRUE
B164_f_Burkholderiaceae	B77_Allorhizobium.Neorhizobium.Pararhizobium.Rhizobium	0.7937	0.0099	TRUE
B338_uncultured bacterium	B77_Allorhizobium.Neorhizobium.Pararhizobium.Rhizobium	0.6467	0.0099	TRUE
B16_Sphingomonas	B77_Allorhizobium.Neorhizobium.Pararhizobium.Rhizobium	-0.8185	0.0099	FALSE
B13_Aureimonas	B77_Allorhizobium.Neorhizobium.Pararhizobium.Rhizobium	0.5879	0.0495	TRUE
B737_Pseudomonas	B77_Allorhizobium.Neorhizobium.Pararhizobium.Rhizobium	0.5941	0.0099	TRUE
B1_Pantoea	B77_Allorhizobium.Neorhizobium.Pararhizobium.Rhizobium	-0.8547	0.0099	FALSE
B3_Sphingomonas	B77_Allorhizobium.Neorhizobium.Pararhizobium.Rhizobium	0.7649	0.0099	TRUE
B4_Pantoea	B77_Allorhizobium.Neorhizobium.Pararhizobium.Rhizobium	-0.7549	0.0099	FALSE
F106_unidentified	B77_Allorhizobium.Neorhizobium.Pararhizobium.Rhizobium	0.8625	0.0099	TRUE
F8_unidentified	B77_Allorhizobium.Neorhizobium.Pararhizobium.Rhizobium	-0.7531	0.0099	FALSE
F117_Saitozyma	B77_Allorhizobium.Neorhizobium.Pararhizobium.Rhizobium	-0.5949	0.0495	FALSE
F3_Moesziomyces	B77_Allorhizobium.Neorhizobium.Pararhizobium.Rhizobium	-0.7283	0.0198	FALSE
F47_f_Phaeosphaeriaceae	B77_Allorhizobium.Neorhizobium.Pararhizobium.Rhizobium	-0.6731	0.0198	FALSE
F27_Curvularia	B77_Allorhizobium.Neorhizobium.Pararhizobium.Rhizobium	-0.5948	0.0297	FALSE
F6_Cladosporium	B77_Allorhizobium.Neorhizobium.Pararhizobium.Rhizobium	-0.579	0.0396	FALSE
B338_uncultured bacterium	B164_f_Burkholderiaceae	0.6863	0.0099	TRUE
B32_Bradyrhizobium	B164_f_Burkholderiaceae	0.6008	0.0198	TRUE
B16_Sphingomonas	B164_f_Burkholderiaceae	-0.8266	0.0099	FALSE
B737_Pseudomonas	B164_f_Burkholderiaceae	0.5862	0.0198	TRUE
B1_Pantoea	B164_f_Burkholderiaceae	-0.8634	0.0099	FALSE
B3_Sphingomonas	B164_f_Burkholderiaceae	0.7521	0.0099	TRUE
B4_Pantoea	B164_f_Burkholderiaceae	-0.7433	0.0099	FALSE
F106_unidentified	B164_f_Burkholderiaceae	0.8707	0.0099	TRUE
F8_unidentified	B164_f_Burkholderiaceae	-0.7379	0.0198	FALSE
F2_Nigrospora	B164_f_Burkholderiaceae	0.6436	0.0297	TRUE
F117_Saitozyma	B164_f_Burkholderiaceae	-0.58	0.0297	FALSE
F3_Moesziomyces	B164_f_Burkholderiaceae	-0.7344	0.0099	FALSE
F47_f_Phaeosphaeriaceae	B164_f_Burkholderiaceae	-0.7263	0.0198	FALSE
F127_Papiliotrema	B164_f_Burkholderiaceae	-0.5937	0.0495	FALSE
F36_Moesziomyces	B164_f_Burkholderiaceae	-0.6407	0.0495	FALSE
F6_Cladosporium	B164_f_Burkholderiaceae	-0.6103	0.0495	FALSE
B16_Sphingomonas	B338_uncultured.bacterium	-0.7145	0.0099	FALSE
B1_Pantoea	B338_uncultured.bacterium	-0.7636	0.0099	FALSE
B3_Sphingomonas	B338_uncultured.bacterium	0.6525	0.0099	TRUE
B4_Pantoea	B338_uncultured.bacterium	-0.6808	0.0099	FALSE
B27_Mucilaginibacter	B338_uncultured.bacterium	0.5239	0.0495	TRUE
F106_unidentified	B338_uncultured.bacterium	0.7336	0.0099	TRUE
F8_unidentified	B338_uncultured.bacterium	-0.6831	0.0099	FALSE
F16_Pyricularia	B338_uncultured.bacterium	0.5469	0.0297	TRUE
F2_Nigrospora	B338_uncultured.bacterium	0.6296	0.0198	TRUE
F3_Moesziomyces	B338_uncultured.bacterium	-0.6117	0.0198	FALSE
F47_f_Phaeosphaeriaceae	B338_uncultured.bacterium	-0.6436	0.0297	FALSE
F27_Curvularia	B338_uncultured.bacterium	-0.5495	0.0099	FALSE
B467_Lactococcus	B541_Achromobacter	0.4415	0.0334	TRUE
B154_f_Micrococcaceae	B541_Achromobacter	0.4057	0.0433	TRUE
F1139_o_Helotiales	B541_Achromobacter	0.4885	0.0433	TRUE
F418_Hannaella	B1477_Candidatus.Paracaedibacter	0.4621	0.0198	TRUE
B902_Escherichia-Shigella	B32_Bradyrhizobium	0.5372	0.0297	TRUE
B1_Pantoea	B32_Bradyrhizobium	-0.6287	0.0297	FALSE
B3_Sphingomonas	B32_Bradyrhizobium	0.5953	0.0396	TRUE
F106_unidentified	B32_Bradyrhizobium	0.5748	0.0297	TRUE
F3_Moesziomyces	B32_Bradyrhizobium	-0.6682	0.0396	FALSE
F47_f_Phaeosphaeriaceae	B32_Bradyrhizobium	-0.5585	0.0495	FALSE
F6_Cladosporium	B32_Bradyrhizobium	-0.5508	0.0396	FALSE
B1643_uncultured eubacterium WD264	B16_Sphingomonas	-0.3953	0.0495	FALSE
B737_Pseudomonas	B16_Sphingomonas	-0.5919	0.0099	FALSE
B1_Pantoea	B16_Sphingomonas	0.9314	0.0099	TRUE
B3_Sphingomonas	B16_Sphingomonas	-0.7381	0.0099	FALSE
B4_Pantoea	B16_Sphingomonas	0.8224	0.0099	TRUE
F106_unidentified	B16_Sphingomonas	-0.9033	0.0099	FALSE
F8_unidentified	B16_Sphingomonas	0.8749	0.0099	TRUE
F16_Pyricularia	B16_Sphingomonas	-0.6532	0.0297	FALSE
F117_Saitozyma	B16_Sphingomonas	0.632	0.0198	TRUE
F3_Moesziomyces	B16_Sphingomonas	0.7063	0.0297	TRUE
F4_o_Pleosporales	B16_Sphingomonas	0.688	0.0198	TRUE
F47_f_Phaeosphaeriaceae	B16_Sphingomonas	0.771	0.0297	TRUE
F27_Curvularia	B16_Sphingomonas	0.6556	0.0297	TRUE
F51_Papiliotrema	B3736_1174.901.12	0.4414	0.0296	TRUE
F5_Alternaria	B3712_Fimbriiglobus	-0.4276	0.0297	FALSE
B18_Herbaspirillum	B453_Allorhizobium.Neorhizobium.Pararhizobium.Rhizobium	0.633	0.0099	TRUE
B13_Aureimonas	B453_Allorhizobium.Neorhizobium.Pararhizobium.Rhizobium	-0.6182	0.0495	FALSE
B486_Mycobacterium	B453_Allorhizobium.Neorhizobium.Pararhizobium.Rhizobium	0.6044	0.0198	TRUE
B1378_Mycobacterium	B453_Allorhizobium.Neorhizobium.Pararhizobium.Rhizobium	0.5392	0.0297	TRUE
F418_Hannaella	B453_Allorhizobium.Neorhizobium.Pararhizobium.Rhizobium	0.6643	0.0099	TRUE
F71_Papiliotrema	B453_Allorhizobium.Neorhizobium.Pararhizobium.Rhizobium	0.5395	0.0396	TRUE
F127_Papiliotrema	B453_Allorhizobium.Neorhizobium.Pararhizobium.Rhizobium	0.5404	0.0396	TRUE
F11_Sarocladium	B453_Allorhizobium.Neorhizobium.Pararhizobium.Rhizobium	0.6939	0.0099	TRUE
F81_Cladosporium	B453_Allorhizobium.Neorhizobium.Pararhizobium.Rhizobium	0.6275	0.0099	TRUE
F194_Hannaella	B453_Allorhizobium.Neorhizobium.Pararhizobium.Rhizobium	0.6353	0.0099	TRUE
F260_Schizopora	B453_Allorhizobium.Neorhizobium.Pararhizobium.Rhizobium	0.6529	0.0495	TRUE
F353_Diaporthe	B453_Allorhizobium.Neorhizobium.Pararhizobium.Rhizobium	0.5841	0.0099	TRUE
B154_f_Micrococcaceae	B776_Lactococcus	0.3898	0.0433	TRUE
F458_Endoxyla	B776_Lactococcus	0.4229	0.005	TRUE
B1_Pantoea	B902_Escherichia.Shigella	-0.6005	0.0198	FALSE
F106_unidentified	B902_Escherichia.Shigella	0.5267	0.0396	TRUE
F2_Nigrospora	B902_Escherichia.Shigella	0.5891	0.0198	TRUE
F3_Moesziomyces	B902_Escherichia.Shigella	-0.5512	0.0495	FALSE
F47_f_Phaeosphaeriaceae	B902_Escherichia.Shigella	-0.5973	0.0495	FALSE
B1628_f_Enterobacteriaceae	B448_Lactococcus	0.4588	0.0433	TRUE
B307_Bacillus	B448_Lactococcus	0.4011	0.0235	TRUE
B326_Bacillus	B448_Lactococcus	0.4331	0.0137	TRUE
B154_f_Micrococcaceae	B448_Lactococcus	0.4543	0.0433	TRUE
B928_Anaerobacillus	B448_Lactococcus	0.4887	0.0334	TRUE
F5159_unidentified	B448_Lactococcus	0.4126	0.0433	TRUE
F28_f_Hypocreales_fam_Incertae_sedis	B448_Lactococcus	0.4192	0.0388	TRUE
F16_Pyricularia	B1018_f_Burkholderiaceae	0.4414	0.0198	TRUE
B326_Bacillus	B1385_Escherichia.Shigella	0.5003	0.0235	TRUE
B646_Leuconostoc	B1385_Escherichia.Shigella	0.556	0.005	TRUE
B154_f_Micrococcaceae	B1385_Escherichia.Shigella	0.4391	0.0433	TRUE
F5162_o_NA	B1385_Escherichia.Shigella	0.4023	0.0433	TRUE
F28_f_Hypocreales_fam_Incertae_sedis	B1385_Escherichia.Shigella	0.4552	0.0487	TRUE
B18_Herbaspirillum	B19_Xanthomonas	0.5912	0.0198	TRUE
B78_Sphingomonas	B19_Xanthomonas	-0.7656	0.0099	FALSE
B7_Curtobacterium	B19_Xanthomonas	-0.7838	0.0099	FALSE
B12_Novosphingobium	B19_Xanthomonas	0.8678	0.0099	TRUE
F61_o_Pleosporales	B19_Xanthomonas	-0.6421	0.0198	FALSE
F418_Hannaella	B19_Xanthomonas	0.5515	0.0396	TRUE
F4_o_Pleosporales	B19_Xanthomonas	-0.7533	0.0198	FALSE
F147_o_Pleosporales	B19_Xanthomonas	-0.7248	0.0198	FALSE
F18_f_Phaeosphaeriaceae	B19_Xanthomonas	-0.6544	0.0495	FALSE
F12_o_Pleosporales	B19_Xanthomonas	-0.8343	0.0099	FALSE
F116_Curvularia	B19_Xanthomonas	-0.708	0.0099	FALSE
F74_f_Tilletiaceae	B19_Xanthomonas	-0.685	0.0198	FALSE
F32_Tilletia	B19_Xanthomonas	-0.7606	0.0297	FALSE
F72_unidentified	B19_Xanthomonas	-0.8387	0.0099	FALSE
F51_Papiliotrema	B19_Xanthomonas	-0.5203	0.0297	FALSE
F1361_Camptophora	B19_Xanthomonas	-0.5096	0.0396	FALSE
B13_Aureimonas	B18_Herbaspirillum	-0.7327	0.0198	FALSE
B486_Mycobacterium	B18_Herbaspirillum	0.7892	0.0198	TRUE
B35_Methylobacterium	B18_Herbaspirillum	0.5782	0.0099	TRUE
B1378_Mycobacterium	B18_Herbaspirillum	0.6453	0.0099	TRUE
F48_unidentified	B18_Herbaspirillum	0.6854	0.0297	TRUE
F418_Hannaella	B18_Herbaspirillum	0.7471	0.0099	TRUE
F177_unidentified	B18_Herbaspirillum	0.56	0.0297	TRUE
F190_Irpex	B18_Herbaspirillum	0.4776	0.0297	TRUE
F120_Sporobolomyces	B18_Herbaspirillum	0.6015	0.0297	TRUE
F71_Papiliotrema	B18_Herbaspirillum	0.7212	0.0396	TRUE
F36_Moesziomyces	B18_Herbaspirillum	0.7398	0.0198	TRUE
F11_Sarocladium	B18_Herbaspirillum	0.8369	0.0099	TRUE
F297_Coniothyrium	B18_Herbaspirillum	0.5727	0.0198	TRUE
F6_Cladosporium	B18_Herbaspirillum	0.6575	0.0198	TRUE
F81_Cladosporium	B18_Herbaspirillum	0.7563	0.0099	TRUE
F194_Hannaella	B18_Herbaspirillum	0.7753	0.0198	TRUE
F260_Schizopora	B18_Herbaspirillum	0.7166	0.0099	TRUE
F178_Schizopora	B18_Herbaspirillum	0.6166	0.0396	TRUE
F353_Diaporthe	B18_Herbaspirillum	0.7747	0.0099	TRUE
B486_Mycobacterium	B13_Aureimonas	-0.728	0.0099	FALSE
B1_Pantoea	B13_Aureimonas	-0.6383	0.0297	FALSE
B3_Sphingomonas	B13_Aureimonas	0.6785	0.0099	TRUE
B1378_Mycobacterium	B13_Aureimonas	-0.6637	0.0495	FALSE
F106_unidentified	B13_Aureimonas	0.6475	0.0396	TRUE
F48_unidentified	B13_Aureimonas	-0.6756	0.0198	FALSE
F418_Hannaella	B13_Aureimonas	-0.6724	0.0396	FALSE
F3_Moesziomyces	B13_Aureimonas	-0.7078	0.0099	FALSE
F71_Papiliotrema	B13_Aureimonas	-0.8014	0.0297	FALSE
F36_Moesziomyces	B13_Aureimonas	-0.7908	0.0099	FALSE
F11_Sarocladium	B13_Aureimonas	-0.7812	0.0099	FALSE
F6_Cladosporium	B13_Aureimonas	-0.6941	0.0297	FALSE
F81_Cladosporium	B13_Aureimonas	-0.7381	0.0297	FALSE
F194_Hannaella	B13_Aureimonas	-0.7408	0.0099	FALSE
F260_Schizopora	B13_Aureimonas	-0.728	0.0198	FALSE
F353_Diaporthe	B13_Aureimonas	-0.7006	0.0198	FALSE
B646_Leuconostoc	B1628_f_Enterobacteriaceae	0.4363	0.0334	TRUE
B154_f_Micrococcaceae	B1628_f_Enterobacteriaceae	0.4243	0.0433	TRUE
F458_Endoxyla	B1628_f_Enterobacteriaceae	0.4786	0.0334	TRUE
F1139_o_Helotiales	B1628_f_Enterobacteriaceae	0.5064	0.0137	TRUE
F5162_o_NA	B1628_f_Enterobacteriaceae	0.4953	0.0334	TRUE
B1378_Mycobacterium	B486_Mycobacterium	0.6857	0.0396	TRUE
F48_unidentified	B486_Mycobacterium	0.6115	0.0099	TRUE
F418_Hannaella	B486_Mycobacterium	0.7614	0.0099	TRUE
F190_Irpex	B486_Mycobacterium	0.5679	0.0396	TRUE
F120_Sporobolomyces	B486_Mycobacterium	0.6109	0.0198	TRUE
F71_Papiliotrema	B486_Mycobacterium	0.7082	0.0297	TRUE
F127_Papiliotrema	B486_Mycobacterium	0.5996	0.0495	TRUE
F36_Moesziomyces	B486_Mycobacterium	0.7266	0.0099	TRUE
F11_Sarocladium	B486_Mycobacterium	0.8082	0.0099	TRUE
F6_Cladosporium	B486_Mycobacterium	0.6025	0.0495	TRUE
F81_Cladosporium	B486_Mycobacterium	0.7268	0.0297	TRUE
F194_Hannaella	B486_Mycobacterium	0.7662	0.0099	TRUE
F260_Schizopora	B486_Mycobacterium	0.7329	0.0297	TRUE
F353_Diaporthe	B486_Mycobacterium	0.7305	0.0099	TRUE
B1_Pantoea	B737_Pseudomonas	-0.616	0.0297	FALSE
B3_Sphingomonas	B737_Pseudomonas	0.5673	0.0198	TRUE
F106_unidentified	B737_Pseudomonas	0.6857	0.0099	TRUE
F8_unidentified	B737_Pseudomonas	-0.5616	0.0396	FALSE
F3_Moesziomyces	B737_Pseudomonas	-0.5944	0.0396	FALSE
F18_f_Phaeosphaeriaceae	B737_Pseudomonas	-0.5372	0.0495	FALSE
F6_Cladosporium	B737_Pseudomonas	-0.5902	0.0297	FALSE
F301_o_NA	B737_Pseudomonas	0.5292	0.0487	TRUE
B3_Sphingomonas	B1_Pantoea	-0.8008	0.0198	FALSE
B4_Pantoea	B1_Pantoea	0.8573	0.0297	TRUE
F106_unidentified	B1_Pantoea	-0.9251	0.0099	FALSE
F8_unidentified	B1_Pantoea	0.842	0.0297	TRUE
F16_Pyricularia	B1_Pantoea	-0.5921	0.0495	FALSE
F117_Saitozyma	B1_Pantoea	0.6604	0.0495	TRUE
F3_Moesziomyces	B1_Pantoea	0.8059	0.0099	TRUE
F4_o_Pleosporales	B1_Pantoea	0.6635	0.0495	TRUE
F47_f_Phaeosphaeriaceae	B1_Pantoea	0.8266	0.0099	TRUE
F27_Curvularia	B1_Pantoea	0.6303	0.0099	TRUE
F127_Papiliotrema	B1_Pantoea	0.626	0.0198	TRUE
F36_Moesziomyces	B1_Pantoea	0.6545	0.0297	TRUE
F6_Cladosporium	B1_Pantoea	0.6322	0.0396	TRUE
B7_Curtobacterium	B35_Methylobacterium	-0.5722	0.0495	FALSE
F6_Cladosporium	B35_Methylobacterium	0.5653	0.0495	TRUE
F194_Hannaella	B35_Methylobacterium	0.5275	0.0495	TRUE
F353_Diaporthe	B35_Methylobacterium	0.5874	0.0495	TRUE
B7_Curtobacterium	B78_Sphingomonas	0.7555	0.0198	TRUE
B12_Novosphingobium	B78_Sphingomonas	-0.8045	0.0099	FALSE
F61_o_Pleosporales	B78_Sphingomonas	0.5702	0.0396	TRUE
F469_unidentified	B78_Sphingomonas	0.5291	0.0297	TRUE
F8_unidentified	B78_Sphingomonas	0.6829	0.0099	TRUE
F114_unidentified	B78_Sphingomonas	-0.6217	0.0495	FALSE
F2_Nigrospora	B78_Sphingomonas	-0.6075	0.0396	FALSE
F4_o_Pleosporales	B78_Sphingomonas	0.7761	0.0099	TRUE
F147_o_Pleosporales	B78_Sphingomonas	0.7544	0.0099	TRUE
F18_f_Phaeosphaeriaceae	B78_Sphingomonas	0.6085	0.0396	TRUE
F12_o_Pleosporales	B78_Sphingomonas	0.8331	0.0099	TRUE
F47_f_Phaeosphaeriaceae	B78_Sphingomonas	0.6603	0.0297	TRUE
F27_Curvularia	B78_Sphingomonas	0.6243	0.0396	TRUE
F116_Curvularia	B78_Sphingomonas	0.7189	0.0099	TRUE
F74_f_Tilletiaceae	B78_Sphingomonas	0.6463	0.0198	TRUE
F32_Tilletia	B78_Sphingomonas	0.7533	0.0099	TRUE
F1485_unidentified	B78_Sphingomonas	0.5242	0.0495	TRUE
F72_unidentified	B78_Sphingomonas	0.8201	0.0198	TRUE
B326_Bacillus	B5197_Enterococcus	0.4224	0.0235	TRUE
F1139_o_Helotiales	B5197_Enterococcus	0.4671	0.0433	TRUE
B326_Bacillus	B467_Lactococcus	0.4559	0.0235	TRUE
B154_f_Micrococcaceae	B467_Lactococcus	0.4135	0.0334	TRUE
F458_Endoxyla	B467_Lactococcus	0.5138	0.005	TRUE
F1139_o_Helotiales	B467_Lactococcus	0.5156	0.0137	TRUE
F5159_unidentified	B467_Lactococcus	0.456	0.0433	TRUE
F28_f_Hypocreales_fam_Incertae_sedis	B467_Lactococcus	0.5573	0.0091	TRUE
B1378_Mycobacterium	B7_Curtobacterium	-0.5184	0.0297	FALSE
B12_Novosphingobium	B7_Curtobacterium	-0.7874	0.0198	FALSE
F61_o_Pleosporales	B7_Curtobacterium	0.6871	0.0396	TRUE
F469_unidentified	B7_Curtobacterium	0.5507	0.0495	TRUE
F114_unidentified	B7_Curtobacterium	-0.6022	0.0495	FALSE
F4_o_Pleosporales	B7_Curtobacterium	0.7282	0.0297	TRUE
F147_o_Pleosporales	B7_Curtobacterium	0.84	0.0099	TRUE
F18_f_Phaeosphaeriaceae	B7_Curtobacterium	0.7215	0.0198	TRUE
F12_o_Pleosporales	B7_Curtobacterium	0.8693	0.0198	TRUE
F116_Curvularia	B7_Curtobacterium	0.7422	0.0099	TRUE
F32_Tilletia	B7_Curtobacterium	0.7624	0.0099	TRUE
F72_unidentified	B7_Curtobacterium	0.8269	0.0099	TRUE
F71_Papiliotrema	B7_Curtobacterium	-0.6878	0.0297	FALSE
B4_Pantoea	B3_Sphingomonas	-0.7249	0.0396	FALSE
F106_unidentified	B3_Sphingomonas	0.8227	0.0099	TRUE
F8_unidentified	B3_Sphingomonas	-0.6213	0.0198	FALSE
F48_unidentified	B3_Sphingomonas	-0.5693	0.0396	FALSE
F3_Moesziomyces	B3_Sphingomonas	-0.8058	0.0099	FALSE
F47_f_Phaeosphaeriaceae	B3_Sphingomonas	-0.6042	0.0198	FALSE
F127_Papiliotrema	B3_Sphingomonas	-0.624	0.0198	FALSE
F36_Moesziomyces	B3_Sphingomonas	-0.6769	0.0297	FALSE
F6_Cladosporium	B3_Sphingomonas	-0.7064	0.0297	FALSE
F260_Schizopora	B3_Sphingomonas	-0.6005	0.0297	FALSE
F301_o_NA	B3_Sphingomonas	0.553	0.0396	TRUE
F137_Malassezia	B429_f_Micrococcaceae	0.4902	0.0137	TRUE
F199_Aureobasidium	B429_f_Micrococcaceae	0.5378	0.019	TRUE
F418_Hannaella	B1378_Mycobacterium	0.5814	0.0297	TRUE
F190_Irpex	B1378_Mycobacterium	0.4368	0.0297	TRUE
F120_Sporobolomyces	B1378_Mycobacterium	0.5059	0.0297	TRUE
F71_Papiliotrema	B1378_Mycobacterium	0.638	0.0297	TRUE
F11_Sarocladium	B1378_Mycobacterium	0.713	0.0297	TRUE
F81_Cladosporium	B1378_Mycobacterium	0.6464	0.0198	TRUE
F194_Hannaella	B1378_Mycobacterium	0.6679	0.0297	TRUE
F260_Schizopora	B1378_Mycobacterium	0.6284	0.0198	TRUE
F353_Diaporthe	B1378_Mycobacterium	0.6147	0.0099	TRUE
B646_Leuconostoc	B326_Bacillus	0.4528	0.0433	TRUE
B725_Lactococcus	B326_Bacillus	0.39	0.0334	TRUE
B928_Anaerobacillus	B326_Bacillus	0.4306	0.0433	TRUE
F458_Endoxyla	B326_Bacillus	0.511	0.0433	TRUE
F5162_o_NA	B326_Bacillus	0.4673	0.0235	TRUE
F28_f_Hypocreales_fam_Incertae_sedis	B326_Bacillus	0.5277	0.0487	TRUE
B835_Spirosoma	B1592_f_Microbacteriaceae	0.4783	0.0494	TRUE
B12_Novosphingobium	B1592_f_Microbacteriaceae	-0.5819	0.0297	FALSE
F8_unidentified	B1592_f_Microbacteriaceae	0.5366	0.0396	TRUE
F133_Cyphellophora	B1592_f_Microbacteriaceae	0.4363	0.0296	TRUE
F202_Pseudozyma	B1592_f_Microbacteriaceae	0.4962	0.0197	TRUE
F12_o_Pleosporales	B1592_f_Microbacteriaceae	0.5838	0.0495	TRUE
F32_Tilletia	B1592_f_Microbacteriaceae	0.5963	0.0297	TRUE
F1485_unidentified	B1592_f_Microbacteriaceae	0.5885	0.0296	TRUE
F72_unidentified	B1592_f_Microbacteriaceae	0.5475	0.0198	TRUE
B154_f_Micrococcaceae	B646_Leuconostoc	0.4617	0.0235	TRUE
F458_Endoxyla	B646_Leuconostoc	0.4945	0.0235	TRUE
F5159_unidentified	B646_Leuconostoc	0.4098	0.0334	TRUE
F458_Endoxyla	B154_f_Micrococcaceae	0.4238	0.0235	TRUE
F5159_unidentified	B725_Lactococcus	0.4486	0.0235	TRUE
F1485_unidentified	B835_Spirosoma	0.5439	0.0494	TRUE
F61_o_Pleosporales	B12_Novosphingobium	-0.663	0.0099	FALSE
F131_unidentified	B12_Novosphingobium	-0.4354	0.0396	FALSE
F469_unidentified	B12_Novosphingobium	-0.5471	0.0198	FALSE
F8_unidentified	B12_Novosphingobium	-0.7348	0.0396	FALSE
F114_unidentified	B12_Novosphingobium	0.7249	0.0099	TRUE
F2_Nigrospora	B12_Novosphingobium	0.7497	0.0495	TRUE
F202_Pseudozyma	B12_Novosphingobium	-0.5936	0.0396	FALSE
F4_o_Pleosporales	B12_Novosphingobium	-0.8294	0.0099	FALSE
F147_o_Pleosporales	B12_Novosphingobium	-0.8031	0.0099	FALSE
F12_o_Pleosporales	B12_Novosphingobium	-0.8904	0.0198	FALSE
F47_f_Phaeosphaeriaceae	B12_Novosphingobium	-0.7494	0.0198	FALSE
F116_Curvularia	B12_Novosphingobium	-0.7612	0.0099	FALSE
F74_f_Tilletiaceae	B12_Novosphingobium	-0.6931	0.0198	FALSE
F32_Tilletia	B12_Novosphingobium	-0.8299	0.0099	FALSE
F1485_unidentified	B12_Novosphingobium	-0.6552	0.0099	FALSE
F72_unidentified	B12_Novosphingobium	-0.862	0.0099	FALSE
F458_Endoxyla	B928_Anaerobacillus	0.4479	0.0433	TRUE
F5159_unidentified	B928_Anaerobacillus	0.5215	0.0235	TRUE
B27_Mucilaginibacter	B4_Pantoea	-0.6032	0.0396	FALSE
F106_unidentified	B4_Pantoea	-0.8051	0.0099	FALSE
F8_unidentified	B4_Pantoea	0.7404	0.0099	TRUE
F117_Saitozyma	B4_Pantoea	0.6113	0.0099	TRUE
F3_Moesziomyces	B4_Pantoea	0.7136	0.0198	TRUE
F4_o_Pleosporales	B4_Pantoea	0.5497	0.0396	TRUE
F47_f_Phaeosphaeriaceae	B4_Pantoea	0.6846	0.0297	TRUE
F27_Curvularia	B4_Pantoea	0.586	0.0396	TRUE
F6_Cladosporium	B4_Pantoea	0.6198	0.0495	TRUE
F106_unidentified	B27_Mucilaginibacter	0.59	0.0396	TRUE
F16_Pyricularia	B27_Mucilaginibacter	0.7083	0.0297	TRUE
F5_Alternaria	B27_Mucilaginibacter	-0.7065	0.0198	FALSE
F1139_o_Helotiales	F458_Endoxyla	0.5246	0.0334	TRUE
F5159_unidentified	F458_Endoxyla	0.4702	0.0235	TRUE
F469_unidentified	F61_o_Pleosporales	0.5189	0.0396	TRUE
F8_unidentified	F61_o_Pleosporales	0.5724	0.0495	TRUE
F4_o_Pleosporales	F61_o_Pleosporales	0.6316	0.0198	TRUE
F147_o_Pleosporales	F61_o_Pleosporales	0.6705	0.0099	TRUE
F18_f_Phaeosphaeriaceae	F61_o_Pleosporales	0.5436	0.0495	TRUE
F12_o_Pleosporales	F61_o_Pleosporales	0.7313	0.0099	TRUE
F47_f_Phaeosphaeriaceae	F61_o_Pleosporales	0.5503	0.0297	TRUE
F116_Curvularia	F61_o_Pleosporales	0.5825	0.0297	TRUE
F32_Tilletia	F61_o_Pleosporales	0.6087	0.0396	TRUE
F72_unidentified	F61_o_Pleosporales	0.7059	0.0198	TRUE
F8_unidentified	F106_unidentified	-0.8161	0.0198	FALSE
F114_unidentified	F106_unidentified	0.6157	0.0396	TRUE
F2_Nigrospora	F106_unidentified	0.6885	0.0396	TRUE
F117_Saitozyma	F106_unidentified	-0.638	0.0297	FALSE
F3_Moesziomyces	F106_unidentified	-0.7984	0.0396	FALSE
F4_o_Pleosporales	F106_unidentified	-0.6298	0.0396	FALSE
F47_f_Phaeosphaeriaceae	F106_unidentified	-0.7623	0.0297	FALSE
F27_Curvularia	F106_unidentified	-0.6382	0.0198	FALSE
F36_Moesziomyces	F106_unidentified	-0.7086	0.0297	FALSE
F6_Cladosporium	F106_unidentified	-0.661	0.0297	FALSE
F5159_unidentified	F1139_o_Helotiales	0.4892	0.0235	TRUE
F28_f_Hypocreales_fam_Incertae_sedis	F1139_o_Helotiales	0.5484	0.019	TRUE
F147_o_Pleosporales	F469_unidentified	0.5526	0.0297	TRUE
F18_f_Phaeosphaeriaceae	F469_unidentified	0.5759	0.0396	TRUE
F12_o_Pleosporales	F469_unidentified	0.5782	0.0396	TRUE
F47_f_Phaeosphaeriaceae	F469_unidentified	0.5931	0.0495	TRUE
F32_Tilletia	F469_unidentified	0.5207	0.0495	TRUE
F72_unidentified	F469_unidentified	0.6338	0.0198	TRUE
F114_unidentified	F8_unidentified	-0.7443	0.0297	FALSE
F2_Nigrospora	F8_unidentified	-0.7881	0.0297	FALSE
F4_o_Pleosporales	F8_unidentified	0.8587	0.0099	TRUE
F147_o_Pleosporales	F8_unidentified	0.6803	0.0198	TRUE
F18_f_Phaeosphaeriaceae	F8_unidentified	0.6885	0.0297	TRUE
F12_o_Pleosporales	F8_unidentified	0.7607	0.0198	TRUE
F47_f_Phaeosphaeriaceae	F8_unidentified	0.8777	0.0099	TRUE
F27_Curvularia	F8_unidentified	0.7353	0.0099	TRUE
F32_Tilletia	F8_unidentified	0.7939	0.0099	TRUE
F72_unidentified	F8_unidentified	0.7566	0.0099	TRUE
F45_f_Didymellaceae	F921_unidentified	0.5045	0.0296	TRUE
F2_Nigrospora	F114_unidentified	0.6873	0.0495	TRUE
F4_o_Pleosporales	F114_unidentified	-0.6846	0.0495	FALSE
F147_o_Pleosporales	F114_unidentified	-0.7029	0.0396	FALSE
F18_f_Phaeosphaeriaceae	F114_unidentified	-0.8444	0.0099	FALSE
F12_o_Pleosporales	F114_unidentified	-0.7059	0.0198	FALSE
F47_f_Phaeosphaeriaceae	F114_unidentified	-0.7498	0.0198	FALSE
F27_Curvularia	F114_unidentified	-0.6498	0.0396	FALSE
F116_Curvularia	F114_unidentified	-0.594	0.0495	FALSE
F32_Tilletia	F114_unidentified	-0.7106	0.0297	FALSE
F72_unidentified	F114_unidentified	-0.6781	0.0297	FALSE
F301_o_NA	F114_unidentified	0.5931	0.0297	TRUE
F418_Hannaella	F48_unidentified	0.6393	0.0297	TRUE
F177_unidentified	F48_unidentified	0.6659	0.0099	TRUE
F190_Irpex	F48_unidentified	0.4971	0.0099	TRUE
F36_Moesziomyces	F48_unidentified	0.7156	0.0198	TRUE
F11_Sarocladium	F48_unidentified	0.6494	0.0198	TRUE
F6_Cladosporium	F48_unidentified	0.583	0.0495	TRUE
F194_Hannaella	F48_unidentified	0.6252	0.0495	TRUE
F260_Schizopora	F48_unidentified	0.6048	0.0396	TRUE
F89_Aureobasidium	F48_unidentified	0.5307	0.0297	TRUE
F353_Diaporthe	F48_unidentified	0.6643	0.0198	TRUE
F322_Penicillium	F16_Pyricularia	0.501	0.0396	TRUE
F5_Alternaria	F16_Pyricularia	-0.7733	0.0198	FALSE
F482_Pichia	F137_Malassezia	0.5484	0.0235	TRUE
F202_Pseudozyma	F2_Nigrospora	-0.4893	0.0396	FALSE
F4_o_Pleosporales	F2_Nigrospora	-0.6811	0.0495	FALSE
F47_f_Phaeosphaeriaceae	F2_Nigrospora	-0.9128	0.0099	FALSE
F27_Curvularia	F2_Nigrospora	-0.7628	0.0198	FALSE
F32_Tilletia	F2_Nigrospora	-0.62	0.0396	FALSE
F177_unidentified	F418_Hannaella	0.5659	0.0396	TRUE
F190_Irpex	F418_Hannaella	0.5149	0.0495	TRUE
F74_f_Tilletiaceae	F418_Hannaella	-0.5559	0.0396	FALSE
F120_Sporobolomyces	F418_Hannaella	0.5601	0.0297	TRUE
F71_Papiliotrema	F418_Hannaella	0.6848	0.0198	TRUE
F127_Papiliotrema	F418_Hannaella	0.5971	0.0396	TRUE
F36_Moesziomyces	F418_Hannaella	0.7177	0.0396	TRUE
F11_Sarocladium	F418_Hannaella	0.7882	0.0297	TRUE
F6_Cladosporium	F418_Hannaella	0.5672	0.0495	TRUE
F81_Cladosporium	F418_Hannaella	0.7005	0.0198	TRUE
F194_Hannaella	F418_Hannaella	0.7829	0.0099	TRUE
F260_Schizopora	F418_Hannaella	0.6471	0.0198	TRUE
F353_Diaporthe	F418_Hannaella	0.7512	0.0099	TRUE
F745_Penicillium	F204_Hannaella	0.4049	0.0388	TRUE
F27_Curvularia	F117_Saitozyma	0.597	0.0396	TRUE
F4_o_Pleosporales	F202_Pseudozyma	0.5174	0.0495	TRUE
F147_o_Pleosporales	F202_Pseudozyma	0.5301	0.0297	TRUE
F12_o_Pleosporales	F202_Pseudozyma	0.5852	0.0396	TRUE
F32_Tilletia	F202_Pseudozyma	0.558	0.0495	TRUE
F1485_unidentified	F202_Pseudozyma	0.5737	0.0395	TRUE
F47_f_Phaeosphaeriaceae	F3_Moesziomyces	0.6291	0.0396	TRUE
F127_Papiliotrema	F3_Moesziomyces	0.5963	0.0297	TRUE
F36_Moesziomyces	F3_Moesziomyces	0.6957	0.0099	TRUE
F6_Cladosporium	F3_Moesziomyces	0.9189	0.0099	TRUE
F301_o_NA	F3_Moesziomyces	-0.774	0.0297	FALSE
F147_o_Pleosporales	F4_o_Pleosporales	0.7946	0.0099	TRUE
F18_f_Phaeosphaeriaceae	F4_o_Pleosporales	0.6762	0.0297	TRUE
F12_o_Pleosporales	F4_o_Pleosporales	0.8565	0.0099	TRUE
F47_f_Phaeosphaeriaceae	F4_o_Pleosporales	0.8099	0.0198	TRUE
F27_Curvularia	F4_o_Pleosporales	0.6655	0.0396	TRUE
F116_Curvularia	F4_o_Pleosporales	0.7195	0.0297	TRUE
F32_Tilletia	F4_o_Pleosporales	0.8562	0.0099	TRUE
F72_unidentified	F4_o_Pleosporales	0.8297	0.0099	TRUE
F51_Papiliotrema	F4_o_Pleosporales	0.4321	0.0495	TRUE
F18_f_Phaeosphaeriaceae	F147_o_Pleosporales	0.6397	0.0297	TRUE
F12_o_Pleosporales	F147_o_Pleosporales	0.8402	0.0198	TRUE
F47_f_Phaeosphaeriaceae	F147_o_Pleosporales	0.6661	0.0396	TRUE
F27_Curvularia	F147_o_Pleosporales	0.6154	0.0396	TRUE
F116_Curvularia	F147_o_Pleosporales	0.7633	0.0198	TRUE
F32_Tilletia	F147_o_Pleosporales	0.7552	0.0297	TRUE
F72_unidentified	F147_o_Pleosporales	0.8119	0.0198	TRUE
F12_o_Pleosporales	F18_f_Phaeosphaeriaceae	0.7527	0.0099	TRUE
F116_Curvularia	F18_f_Phaeosphaeriaceae	0.6576	0.0198	TRUE
F32_Tilletia	F18_f_Phaeosphaeriaceae	0.7997	0.0099	TRUE
F72_unidentified	F18_f_Phaeosphaeriaceae	0.6997	0.0297	TRUE
F47_f_Phaeosphaeriaceae	F12_o_Pleosporales	0.7435	0.0099	TRUE
F27_Curvularia	F12_o_Pleosporales	0.6584	0.0396	TRUE
F116_Curvularia	F12_o_Pleosporales	0.8092	0.0099	TRUE
F74_f_Tilletiaceae	F12_o_Pleosporales	0.6547	0.0297	TRUE
F32_Tilletia	F12_o_Pleosporales	0.8427	0.0099	TRUE
F1485_unidentified	F12_o_Pleosporales	0.6137	0.0396	TRUE
F72_unidentified	F12_o_Pleosporales	0.8787	0.0099	TRUE
F27_Curvularia	F47_f_Phaeosphaeriaceae	0.7237	0.0099	TRUE
F32_Tilletia	F47_f_Phaeosphaeriaceae	0.7423	0.0198	TRUE
F72_unidentified	F47_f_Phaeosphaeriaceae	0.7263	0.0198	TRUE
F190_Irpex	F177_unidentified	0.5512	0.0396	TRUE
F280_o_Polyporales	F177_unidentified	0.6314	0.0099	TRUE
F277_Peniophora	F177_unidentified	0.5424	0.0396	TRUE
F297_Coniothyrium	F177_unidentified	0.6302	0.0099	TRUE
F89_Aureobasidium	F177_unidentified	0.6373	0.0198	TRUE
F353_Diaporthe	F177_unidentified	0.6058	0.0297	TRUE
F280_o_Polyporales	F190_Irpex	0.5122	0.0198	TRUE
F36_Moesziomyces	F190_Irpex	0.4907	0.0495	TRUE
F11_Sarocladium	F190_Irpex	0.5833	0.0396	TRUE
F6_Cladosporium	F190_Irpex	0.4652	0.0396	TRUE
F81_Cladosporium	F190_Irpex	0.5002	0.0297	TRUE
F194_Hannaella	F190_Irpex	0.5342	0.0495	TRUE
F89_Aureobasidium	F190_Irpex	0.4696	0.0495	TRUE
F116_Curvularia	F27_Curvularia	0.5224	0.0198	TRUE
F1485_unidentified	F27_Curvularia	0.5441	0.0495	TRUE
F72_unidentified	F27_Curvularia	0.6562	0.0297	TRUE
F32_Tilletia	F116_Curvularia	0.7161	0.0099	TRUE
F72_unidentified	F116_Curvularia	0.7576	0.0198	TRUE
F51_Papiliotrema	F116_Curvularia	0.4031	0.0495	TRUE
F297_Coniothyrium	F280_o_Polyporales	0.5588	0.0396	TRUE
F89_Aureobasidium	F280_o_Polyporales	0.5416	0.0396	TRUE
F297_Coniothyrium	F277_Peniophora	0.5331	0.0297	TRUE
F72_unidentified	F74_f_Tilletiaceae	0.6419	0.0198	TRUE
F72_unidentified	F32_Tilletia	0.8397	0.0099	TRUE
F72_unidentified	F1485_unidentified	0.6404	0.0198	TRUE
F36_Moesziomyces	F120_Sporobolomyces	0.5774	0.0495	TRUE
F11_Sarocladium	F120_Sporobolomyces	0.6316	0.0099	TRUE
F194_Hannaella	F120_Sporobolomyces	0.5826	0.0099	TRUE
F260_Schizopora	F120_Sporobolomyces	0.634	0.0198	TRUE
F71_Papiliotrema	F72_unidentified	-0.5534	0.0495	FALSE
F51_Papiliotrema	F72_unidentified	0.4962	0.0198	TRUE
F36_Moesziomyces	F71_Papiliotrema	0.6124	0.0495	TRUE
F11_Sarocladium	F71_Papiliotrema	0.7592	0.0198	TRUE
F81_Cladosporium	F71_Papiliotrema	0.7002	0.0396	TRUE
F194_Hannaella	F71_Papiliotrema	0.709	0.0198	TRUE
F260_Schizopora	F71_Papiliotrema	0.6082	0.0396	TRUE
F11_Sarocladium	F127_Papiliotrema	0.6589	0.0297	TRUE
F6_Cladosporium	F127_Papiliotrema	0.666	0.0198	TRUE
F194_Hannaella	F127_Papiliotrema	0.6013	0.0396	TRUE
F260_Schizopora	F127_Papiliotrema	0.6243	0.0297	TRUE
F353_Diaporthe	F127_Papiliotrema	0.6031	0.0297	TRUE
F93_Gaeumannomyces	F29_f_Didymellaceae	0.4715	0.0296	TRUE
F11_Sarocladium	F36_Moesziomyces	0.7902	0.0198	TRUE
F6_Cladosporium	F36_Moesziomyces	0.7374	0.0198	TRUE
F81_Cladosporium	F36_Moesziomyces	0.8215	0.0198	TRUE
F194_Hannaella	F36_Moesziomyces	0.7351	0.0198	TRUE
F260_Schizopora	F36_Moesziomyces	0.7899	0.0099	TRUE
F178_Schizopora	F36_Moesziomyces	0.7747	0.0099	TRUE
F353_Diaporthe	F36_Moesziomyces	0.7447	0.0297	TRUE
F6_Cladosporium	F11_Sarocladium	0.6757	0.0099	TRUE
F81_Cladosporium	F11_Sarocladium	0.8114	0.0099	TRUE
F194_Hannaella	F11_Sarocladium	0.8253	0.0099	TRUE
F260_Schizopora	F11_Sarocladium	0.7368	0.0099	TRUE
F178_Schizopora	F11_Sarocladium	0.6472	0.0297	TRUE
F353_Diaporthe	F11_Sarocladium	0.7819	0.0297	TRUE
F89_Aureobasidium	F297_Coniothyrium	0.4745	0.0198	TRUE
F353_Diaporthe	F297_Coniothyrium	0.5985	0.0495	TRUE
F81_Cladosporium	F6_Cladosporium	0.6569	0.0099	TRUE
F194_Hannaella	F6_Cladosporium	0.6592	0.0396	TRUE
F260_Schizopora	F6_Cladosporium	0.6927	0.0198	TRUE
F178_Schizopora	F6_Cladosporium	0.7208	0.0495	TRUE
F301_o_NA	F6_Cladosporium	-0.6887	0.0297	FALSE
F353_Diaporthe	F6_Cladosporium	0.6435	0.0495	TRUE
F194_Hannaella	F81_Cladosporium	0.7609	0.0198	TRUE
F260_Schizopora	F81_Cladosporium	0.6974	0.0297	TRUE
F178_Schizopora	F81_Cladosporium	0.6862	0.0198	TRUE
F353_Diaporthe	F81_Cladosporium	0.7014	0.0198	TRUE
F260_Schizopora	F194_Hannaella	0.7104	0.0099	TRUE
F353_Diaporthe	F194_Hannaella	0.744	0.0099	TRUE
F178_Schizopora	F260_Schizopora	0.6617	0.0099	TRUE
F353_Diaporthe	F260_Schizopora	0.6327	0.0198	TRUE
F353_Diaporthe	F178_Schizopora	0.6399	0.0495	TRUE
F353_Diaporthe	F89_Aureobasidium	0.5004	0.0396	TRUE
