Source	Target	Cor	pseudo_p	positive
B2179_f_JG30-KF-CM45	B315_uncultured.Gemmatimonadetes.bacterium	0.5154	0.0137	TRUE
B691_uncultured Caldilineaceae bacterium	B315_uncultured.Gemmatimonadetes.bacterium	0.5756	0.0137	TRUE
B124_Ellin6067	B315_uncultured.Gemmatimonadetes.bacterium	0.5364	0.005	TRUE
B388_Mycobacterium	B315_uncultured.Gemmatimonadetes.bacterium	0.4977	0.0334	TRUE
B7907_uncultured bacterium	B315_uncultured.Gemmatimonadetes.bacterium	0.5867	0.005	TRUE
B1708_f_uncultured	B315_uncultured.Gemmatimonadetes.bacterium	0.4927	0.0334	TRUE
F913_Auriporia	B315_uncultured.Gemmatimonadetes.bacterium	0.5462	0.0197	TRUE
F16_Pyricularia	B315_uncultured.Gemmatimonadetes.bacterium	0.6505	0.0396	TRUE
F4534_Candida	B315_uncultured.Gemmatimonadetes.bacterium	0.5295	0.0433	TRUE
F304_Sphaerulina	B315_uncultured.Gemmatimonadetes.bacterium	0.5746	0.0334	TRUE
B6981_Opitutus	B2179_f_JG30.KF.CM45	0.4742	0.0235	TRUE
B124_Ellin6067	B2179_f_JG30.KF.CM45	0.5494	0.0235	TRUE
B464_Pseudomonas	B2179_f_JG30.KF.CM45	0.4491	0.0487	TRUE
B388_Mycobacterium	B2179_f_JG30.KF.CM45	0.5256	0.0137	TRUE
B7907_uncultured bacterium	B2179_f_JG30.KF.CM45	0.4745	0.0235	TRUE
B1708_f_uncultured	B2179_f_JG30.KF.CM45	0.4984	0.0433	TRUE
F4534_Candida	B2179_f_JG30.KF.CM45	0.5115	0.0137	TRUE
B124_Ellin6067	B691_uncultured.Caldilineaceae.bacterium	0.5181	0.0235	TRUE
B388_Mycobacterium	B691_uncultured.Caldilineaceae.bacterium	0.5251	0.0334	TRUE
B7907_uncultured bacterium	B691_uncultured.Caldilineaceae.bacterium	0.5656	0.005	TRUE
B1708_f_uncultured	B691_uncultured.Caldilineaceae.bacterium	0.4467	0.0433	TRUE
F16_Pyricularia	B691_uncultured.Caldilineaceae.bacterium	0.6022	0.0396	TRUE
F304_Sphaerulina	B691_uncultured.Caldilineaceae.bacterium	0.532	0.0433	TRUE
B23_f_Burkholderiaceae	B282_Acinetobacter	0.6294	0.0297	TRUE
F2_Nigrospora	B282_Acinetobacter	0.7284	0.0099	TRUE
F3_Moesziomyces	B282_Acinetobacter	0.6648	0.0099	TRUE
F280_o_Polyporales	B282_Acinetobacter	-0.6635	0.0198	FALSE
F575_Trametes	B282_Acinetobacter	0.5082	0.0396	TRUE
F100_Talaromyces	B282_Acinetobacter	-0.5675	0.0396	FALSE
B6_Sphingomonas	B5832_Acinetobacter	0.6898	0.005	TRUE
B260_Pseudomonas	B5832_Acinetobacter	0.666	0.005	TRUE
B1077_Ralstonia	B5832_Acinetobacter	0.6668	0.0235	TRUE
B2149_f_SB-5	B5832_Acinetobacter	0.5575	0.0235	TRUE
B12_Novosphingobium	B5832_Acinetobacter	0.6395	0.0137	TRUE
F106_unidentified	B5832_Acinetobacter	0.4991	0.0334	TRUE
F449_unidentified	B5832_Acinetobacter	0.538	0.0235	TRUE
F153_unidentified	B5832_Acinetobacter	0.5125	0.0334	TRUE
F3080_unidentified	B5832_Acinetobacter	0.5608	0.0334	TRUE
F931_o_NA	B5832_Acinetobacter	0.6043	0.0137	TRUE
F1106_Penicillium	B5832_Acinetobacter	0.6796	0.0137	TRUE
F233_Periconia	B5832_Acinetobacter	0.5928	0.0334	TRUE
F136_f_Didymosphaeriaceae	B5832_Acinetobacter	0.7213	0.0137	TRUE
F315_Trametes	B5832_Acinetobacter	0.5705	0.0334	TRUE
F693_Aspergillus	B5832_Acinetobacter	0.5727	0.0334	TRUE
F1511_Candida	B5832_Acinetobacter	0.5772	0.0235	TRUE
F580_Psathyrella	B5832_Acinetobacter	0.5552	0.005	TRUE
F578_Ophiostoma	B5832_Acinetobacter	0.7317	0.005	TRUE
F90_Pseudogymnoascus	B5832_Acinetobacter	0.563	0.0334	TRUE
B15771_Cephaloticoccus	B22_uncultured.Roseobacter.sp.	0.6075	0.0396	TRUE
B2120_f_Burkholderiaceae	B22_uncultured.Roseobacter.sp.	0.6829	0.0198	TRUE
B503_Escherichia-Shigella	B22_uncultured.Roseobacter.sp.	0.8048	0.0198	TRUE
F1032_unidentified	B22_uncultured.Roseobacter.sp.	0.738	0.0297	TRUE
F1108_Kondoa	B22_uncultured.Roseobacter.sp.	0.6065	0.0198	TRUE
F1783_unidentified	B22_uncultured.Roseobacter.sp.	0.6331	0.0495	TRUE
F246_Aspergillus	B22_uncultured.Roseobacter.sp.	0.5971	0.0297	TRUE
F362_Porostereum	B22_uncultured.Roseobacter.sp.	0.6554	0.0396	TRUE
B54_uncultured	B2833_Methylobacterium	-0.72	0.0198	FALSE
B269_Pseudomonas	B2833_Methylobacterium	0.5935	0.0137	TRUE
B1738_uncultured Termite group 1 bacterium	B2833_Methylobacterium	0.6125	0.005	TRUE
B7397_f_Burkholderiaceae	B2833_Methylobacterium	0.6187	0.005	TRUE
B3_Sphingomonas	B2833_Methylobacterium	0.4934	0.0487	TRUE
F3915_unidentified	B2833_Methylobacterium	0.5593	0.005	TRUE
F1314_Abundisporus	B2833_Methylobacterium	0.6696	0.005	TRUE
F441_o_Hypocreales	B2833_Methylobacterium	0.5012	0.0494	TRUE
F745_Penicillium	B2833_Methylobacterium	0.5839	0.0289	TRUE
B2467_Pseudomonas	B2077_o_NA	0.5446	0.0334	TRUE
B2217_Streptococcus	B2077_o_NA	0.5584	0.0235	TRUE
B15_Sphingomonas	B2077_o_NA	0.5566	0.0433	TRUE
B1776_Cloacibacterium	B2077_o_NA	0.5559	0.0137	TRUE
F2228_unidentified	B2077_o_NA	0.4732	0.0235	TRUE
F698_unidentified	B2077_o_NA	0.4668	0.005	TRUE
F2137_unidentified	B2077_o_NA	0.4102	0.0433	TRUE
F2710_Exidia	B2077_o_NA	0.4599	0.0334	TRUE
F258_Nigrospora	B2077_o_NA	0.5575	0.0137	TRUE
F2127_f_Meruliaceae	B2077_o_NA	0.5657	0.0235	TRUE
B2217_Streptococcus	B2467_Pseudomonas	0.6787	0.0334	TRUE
B15_Sphingomonas	B2467_Pseudomonas	0.7475	0.0433	TRUE
B1776_Cloacibacterium	B2467_Pseudomonas	0.6837	0.0137	TRUE
F1725_Psathyrella	B2467_Pseudomonas	0.6871	0.0137	TRUE
F2228_unidentified	B2467_Pseudomonas	0.5669	0.0235	TRUE
F698_unidentified	B2467_Pseudomonas	0.5537	0.0433	TRUE
F96_unidentified	B2467_Pseudomonas	0.51	0.0487	TRUE
F2137_unidentified	B2467_Pseudomonas	0.529	0.0137	TRUE
F2710_Exidia	B2467_Pseudomonas	0.5508	0.0235	TRUE
F258_Nigrospora	B2467_Pseudomonas	0.7451	0.005	TRUE
F2127_f_Meruliaceae	B2467_Pseudomonas	0.7313	0.005	TRUE
F292_Engyodontium	B2467_Pseudomonas	0.5451	0.0494	TRUE
B1708_f_uncultured	B6981_Opitutus	0.4131	0.0433	TRUE
B933_Pseudomonas	B13730_Nocardioides	0.5371	0.0137	TRUE
B8900_Staphylococcus	B13730_Nocardioides	0.5117	0.0235	TRUE
F3351_o_NA	B13730_Nocardioides	0.4801	0.0334	TRUE
F1845_unidentified	B13730_Nocardioides	0.5474	0.0137	TRUE
F2120_unidentified	B13730_Nocardioides	0.4823	0.0433	TRUE
F3009_unidentified	B13730_Nocardioides	0.4082	0.0433	TRUE
F81_Cladosporium	B13730_Nocardioides	0.5706	0.0137	TRUE
F251_Alternaria	B13730_Nocardioides	0.5494	0.0334	TRUE
B933_Pseudomonas	B71_Methylobacterium	0.6776	0.0137	TRUE
B8900_Staphylococcus	B71_Methylobacterium	0.655	0.005	TRUE
F3351_o_NA	B71_Methylobacterium	0.5844	0.0137	TRUE
F1482_Hyphoderma	B71_Methylobacterium	0.4286	0.0433	TRUE
F1845_unidentified	B71_Methylobacterium	0.6266	0.0137	TRUE
F2120_unidentified	B71_Methylobacterium	0.5823	0.0235	TRUE
F3009_unidentified	B71_Methylobacterium	0.4935	0.0334	TRUE
F190_Irpex	B71_Methylobacterium	0.5154	0.0137	TRUE
F633_Mucor	B71_Methylobacterium	0.5162	0.0235	TRUE
F410_Schizophyllum	B71_Methylobacterium	0.581	0.0137	TRUE
F25_Dimorphospora	B71_Methylobacterium	0.4906	0.0433	TRUE
F81_Cladosporium	B71_Methylobacterium	0.6186	0.005	TRUE
F251_Alternaria	B71_Methylobacterium	0.6605	0.0235	TRUE
F250_Pseudopithomyces	B71_Methylobacterium	0.5536	0.0296	TRUE
B260_Pseudomonas	B6_Sphingomonas	0.7379	0.0235	TRUE
B1077_Ralstonia	B6_Sphingomonas	0.6594	0.0235	TRUE
B2149_f_SB-5	B6_Sphingomonas	0.6347	0.0137	TRUE
B12_Novosphingobium	B6_Sphingomonas	0.6655	0.0235	TRUE
F106_unidentified	B6_Sphingomonas	0.578	0.0334	TRUE
F449_unidentified	B6_Sphingomonas	0.5706	0.0235	TRUE
F3080_unidentified	B6_Sphingomonas	0.5399	0.0235	TRUE
F931_o_NA	B6_Sphingomonas	0.6067	0.0334	TRUE
F1106_Penicillium	B6_Sphingomonas	0.6964	0.005	TRUE
F136_f_Didymosphaeriaceae	B6_Sphingomonas	0.7438	0.0137	TRUE
F315_Trametes	B6_Sphingomonas	0.5916	0.0334	TRUE
F837_Candida	B6_Sphingomonas	0.4988	0.0235	TRUE
F693_Aspergillus	B6_Sphingomonas	0.6373	0.005	TRUE
F1511_Candida	B6_Sphingomonas	0.5846	0.0137	TRUE
F578_Ophiostoma	B6_Sphingomonas	0.7866	0.005	TRUE
F90_Pseudogymnoascus	B6_Sphingomonas	0.5855	0.0433	TRUE
B838_Pseudomonas	B23_f_Burkholderiaceae	0.6363	0.0289	TRUE
B6072_Pantoea	B23_f_Burkholderiaceae	0.6126	0.0388	TRUE
B11519_Kocuria	B23_f_Burkholderiaceae	0.6035	0.0388	TRUE
F48_unidentified	B23_f_Burkholderiaceae	0.6111	0.019	TRUE
F653_Penicillium	B23_f_Burkholderiaceae	0.5396	0.0388	TRUE
F689_Botryosphaeria	B23_f_Burkholderiaceae	0.5786	0.0487	TRUE
F89_Aureobasidium	B23_f_Burkholderiaceae	0.6394	0.0388	TRUE
B1738_uncultured Termite group 1 bacterium	B735_uncultured.bacterium	0.503	0.0487	TRUE
B7397_f_Burkholderiaceae	B735_uncultured.bacterium	0.4954	0.0388	TRUE
F3915_unidentified	B735_uncultured.bacterium	0.4356	0.0487	TRUE
F1314_Abundisporus	B735_uncultured.bacterium	0.5487	0.0289	TRUE
F2_Nigrospora	B735_uncultured.bacterium	0.6502	0.0495	TRUE
F3_Moesziomyces	B735_uncultured.bacterium	0.6661	0.0198	TRUE
F1164_Antrodiella	B735_uncultured.bacterium	0.4471	0.0388	TRUE
F575_Trametes	B735_uncultured.bacterium	0.7371	0.0098	TRUE
F100_Talaromyces	B735_uncultured.bacterium	-0.7448	0.0099	FALSE
B388_Mycobacterium	B124_Ellin6067	0.577	0.0137	TRUE
B7907_uncultured bacterium	B124_Ellin6067	0.5051	0.0433	TRUE
F16_Pyricularia	B124_Ellin6067	0.5998	0.0396	TRUE
F4534_Candida	B124_Ellin6067	0.5577	0.0334	TRUE
F260_Schizopora	B124_Ellin6067	0.506	0.0289	TRUE
F178_Schizopora	B124_Ellin6067	0.4626	0.0494	TRUE
B24_Bradyrhizobium	B26_Bradyrhizobium	-0.6958	0.0495	FALSE
F1108_Kondoa	B26_Bradyrhizobium	0.5348	0.0388	TRUE
F1596_Peniophorella	B26_Bradyrhizobium	0.571	0.0388	TRUE
F17_o_Pleosporales	B26_Bradyrhizobium	0.5529	0.0388	TRUE
F246_Aspergillus	B26_Bradyrhizobium	0.579	0.019	TRUE
F10_Guehomyces	B26_Bradyrhizobium	0.8431	0.0098	TRUE
B1_Pantoea	B464_Pseudomonas	0.5394	0.0487	TRUE
F5085_unidentified	B464_Pseudomonas	0.4328	0.0289	TRUE
F169_Naganishia	B464_Pseudomonas	0.4652	0.0388	TRUE
B4165_f_Burkholderiaceae	B6117_f_Unknown.Family	0.6144	0.005	TRUE
B11829_Acinetobacter	B6117_f_Unknown.Family	0.5533	0.0433	TRUE
B1658_Staphylococcus	B6117_f_Unknown.Family	0.657	0.0235	TRUE
B2373_Flavobacterium	B6117_f_Unknown.Family	0.4535	0.0235	TRUE
F2518_Megacollybia	B6117_f_Unknown.Family	0.4654	0.0433	TRUE
F407_Phanerochaete	B6117_f_Unknown.Family	0.4713	0.0334	TRUE
F772_Spegazzinia	B6117_f_Unknown.Family	0.6242	0.0334	TRUE
F2131_Erysiphe	B6117_f_Unknown.Family	0.5729	0.0137	TRUE
F448_Perenniporia	B6117_f_Unknown.Family	0.4877	0.0137	TRUE
F199_Aureobasidium	B6117_f_Unknown.Family	0.5599	0.0289	TRUE
B1077_Ralstonia	B260_Pseudomonas	0.6539	0.0235	TRUE
B2149_f_SB-5	B260_Pseudomonas	0.577	0.005	TRUE
B12_Novosphingobium	B260_Pseudomonas	0.6509	0.005	TRUE
F449_unidentified	B260_Pseudomonas	0.5665	0.0235	TRUE
F153_unidentified	B260_Pseudomonas	0.5188	0.0137	TRUE
F3080_unidentified	B260_Pseudomonas	0.5981	0.005	TRUE
F931_o_NA	B260_Pseudomonas	0.5874	0.005	TRUE
F1106_Penicillium	B260_Pseudomonas	0.7328	0.005	TRUE
F213_Yarrowia	B260_Pseudomonas	-0.6138	0.0297	FALSE
F233_Periconia	B260_Pseudomonas	0.5572	0.0433	TRUE
F136_f_Didymosphaeriaceae	B260_Pseudomonas	0.7563	0.0235	TRUE
F315_Trametes	B260_Pseudomonas	0.5564	0.0235	TRUE
F837_Candida	B260_Pseudomonas	0.4901	0.0137	TRUE
F693_Aspergillus	B260_Pseudomonas	0.6401	0.005	TRUE
F1511_Candida	B260_Pseudomonas	0.5856	0.0137	TRUE
F580_Psathyrella	B260_Pseudomonas	0.487	0.0433	TRUE
F578_Ophiostoma	B260_Pseudomonas	0.7631	0.005	TRUE
F90_Pseudogymnoascus	B260_Pseudomonas	0.5668	0.0235	TRUE
B838_Pseudomonas	B1093_Methylobacterium	0.5157	0.0334	TRUE
B6072_Pantoea	B1093_Methylobacterium	0.5598	0.005	TRUE
B11519_Kocuria	B1093_Methylobacterium	0.4345	0.0433	TRUE
F48_unidentified	B1093_Methylobacterium	0.5329	0.005	TRUE
B4165_f_Burkholderiaceae	B210_Ralstonia	0.5302	0.0487	TRUE
B2_Methylobacterium	B210_Ralstonia	0.6286	0.0396	TRUE
B269_Pseudomonas	B210_Ralstonia	0.5826	0.019	TRUE
B7397_f_Burkholderiaceae	B210_Ralstonia	0.506	0.0388	TRUE
F61_o_Pleosporales	B210_Ralstonia	-0.6794	0.0099	FALSE
F441_o_Hypocreales	B210_Ralstonia	0.6514	0.0396	TRUE
F772_Spegazzinia	B210_Ralstonia	0.5131	0.0388	TRUE
B838_Pseudomonas	B153_Ralstonia	0.7046	0.005	TRUE
B6072_Pantoea	B153_Ralstonia	0.7286	0.0137	TRUE
B11519_Kocuria	B153_Ralstonia	0.713	0.0137	TRUE
F48_unidentified	B153_Ralstonia	0.7428	0.0137	TRUE
F653_Penicillium	B153_Ralstonia	0.659	0.0235	TRUE
F50_Thanatephorus	B153_Ralstonia	0.456	0.0334	TRUE
F689_Botryosphaeria	B153_Ralstonia	0.608	0.0235	TRUE
F89_Aureobasidium	B153_Ralstonia	0.7264	0.0137	TRUE
B1_Pantoea	B919_f_Burkholderiaceae	0.6501	0.0388	TRUE
B4_Pantoea	B919_f_Burkholderiaceae	0.6172	0.0487	TRUE
F431_Coprinopsis	B919_f_Burkholderiaceae	0.4815	0.0494	TRUE
F2516_Hypoxylon	B919_f_Burkholderiaceae	0.5218	0.019	TRUE
F778_Phlebiopsis	B919_f_Burkholderiaceae	0.4732	0.0487	TRUE
B11829_Acinetobacter	B4165_f_Burkholderiaceae	0.6979	0.0235	TRUE
B1658_Staphylococcus	B4165_f_Burkholderiaceae	0.675	0.0137	TRUE
B2373_Flavobacterium	B4165_f_Burkholderiaceae	0.5283	0.0137	TRUE
F2518_Megacollybia	B4165_f_Burkholderiaceae	0.5996	0.0137	TRUE
F407_Phanerochaete	B4165_f_Burkholderiaceae	0.5416	0.0137	TRUE
F772_Spegazzinia	B4165_f_Burkholderiaceae	0.7505	0.0137	TRUE
F36_Moesziomyces	B4165_f_Burkholderiaceae	0.6594	0.019	TRUE
F2131_Erysiphe	B4165_f_Burkholderiaceae	0.6962	0.0137	TRUE
F448_Perenniporia	B4165_f_Burkholderiaceae	0.596	0.005	TRUE
F482_Pichia	B4165_f_Burkholderiaceae	0.5297	0.0395	TRUE
F199_Aureobasidium	B4165_f_Burkholderiaceae	0.6426	0.019	TRUE
B8900_Staphylococcus	B2_Methylobacterium	0.5273	0.0197	TRUE
B3_Sphingomonas	B2_Methylobacterium	0.6473	0.0396	TRUE
F190_Irpex	B2_Methylobacterium	0.4144	0.0494	TRUE
B2120_f_Burkholderiaceae	B15771_Cephaloticoccus	0.5784	0.0235	TRUE
F1032_unidentified	B15771_Cephaloticoccus	0.6206	0.0235	TRUE
F1108_Kondoa	B15771_Cephaloticoccus	0.5019	0.0433	TRUE
F1783_unidentified	B15771_Cephaloticoccus	0.5979	0.005	TRUE
F3367_unidentified	B15771_Cephaloticoccus	0.3978	0.0235	TRUE
F1596_Peniophorella	B15771_Cephaloticoccus	0.5049	0.0334	TRUE
F560_unidentified	B15771_Cephaloticoccus	0.5836	0.005	TRUE
F17_o_Pleosporales	B15771_Cephaloticoccus	0.5552	0.0334	TRUE
F4_o_Pleosporales	B15771_Cephaloticoccus	0.5036	0.0433	TRUE
F1339_Wickerhamomyces	B15771_Cephaloticoccus	0.57	0.0137	TRUE
F1518_Ceriporia	B15771_Cephaloticoccus	0.475	0.0235	TRUE
F246_Aspergillus	B15771_Cephaloticoccus	0.4821	0.0137	TRUE
F362_Porostereum	B15771_Cephaloticoccus	0.5397	0.0334	TRUE
F1032_unidentified	B2120_f_Burkholderiaceae	0.7237	0.005	TRUE
F1108_Kondoa	B2120_f_Burkholderiaceae	0.5565	0.0334	TRUE
F1783_unidentified	B2120_f_Burkholderiaceae	0.7134	0.005	TRUE
F3367_unidentified	B2120_f_Burkholderiaceae	0.5083	0.0137	TRUE
F1596_Peniophorella	B2120_f_Burkholderiaceae	0.672	0.0235	TRUE
F560_unidentified	B2120_f_Burkholderiaceae	0.6139	0.005	TRUE
F17_o_Pleosporales	B2120_f_Burkholderiaceae	0.6776	0.0137	TRUE
F57_Trichoderma	B2120_f_Burkholderiaceae	0.5777	0.0433	TRUE
F4_o_Pleosporales	B2120_f_Burkholderiaceae	0.641	0.0334	TRUE
F1339_Wickerhamomyces	B2120_f_Burkholderiaceae	0.6508	0.0137	TRUE
F1518_Ceriporia	B2120_f_Burkholderiaceae	0.5656	0.005	TRUE
F246_Aspergillus	B2120_f_Burkholderiaceae	0.6076	0.0235	TRUE
F362_Porostereum	B2120_f_Burkholderiaceae	0.7152	0.005	TRUE
F10_Guehomyces	B2120_f_Burkholderiaceae	0.5267	0.019	TRUE
B4401_Gaiella	B388_Mycobacterium	0.4039	0.0433	TRUE
B7907_uncultured bacterium	B388_Mycobacterium	0.533	0.0235	TRUE
F16_Pyricularia	B388_Mycobacterium	0.6572	0.0099	TRUE
F4534_Candida	B388_Mycobacterium	0.5626	0.0433	TRUE
F304_Sphaerulina	B388_Mycobacterium	0.5426	0.0334	TRUE
B269_Pseudomonas	B54_uncultured	-0.8253	0.0297	FALSE
B1738_uncultured Termite group 1 bacterium	B54_uncultured	-0.7542	0.0297	FALSE
B7397_f_Burkholderiaceae	B54_uncultured	-0.7579	0.0297	FALSE
B3_Sphingomonas	B54_uncultured	-0.6691	0.0495	FALSE
F458_Endoxyla	B54_uncultured	-0.6954	0.0099	FALSE
F3915_unidentified	B54_uncultured	-0.6885	0.0198	FALSE
F1314_Abundisporus	B54_uncultured	-0.8411	0.0198	FALSE
F3_Moesziomyces	B54_uncultured	-0.6196	0.0495	FALSE
F1164_Antrodiella	B54_uncultured	-0.587	0.0198	FALSE
F575_Trametes	B54_uncultured	-0.7342	0.0198	FALSE
F100_Talaromyces	B54_uncultured	0.6384	0.0495	TRUE
F745_Penicillium	B54_uncultured	-0.7216	0.0198	FALSE
B1738_uncultured Termite group 1 bacterium	B269_Pseudomonas	0.6484	0.005	TRUE
B7397_f_Burkholderiaceae	B269_Pseudomonas	0.6819	0.0137	TRUE
B3_Sphingomonas	B269_Pseudomonas	0.5904	0.0388	TRUE
F3915_unidentified	B269_Pseudomonas	0.639	0.0235	TRUE
F1314_Abundisporus	B269_Pseudomonas	0.7895	0.0137	TRUE
F1164_Antrodiella	B269_Pseudomonas	0.6057	0.005	TRUE
F441_o_Hypocreales	B269_Pseudomonas	0.5524	0.0494	TRUE
F745_Penicillium	B269_Pseudomonas	0.6268	0.0289	TRUE
B15_Sphingomonas	B2217_Streptococcus	0.6888	0.0235	TRUE
B1776_Cloacibacterium	B2217_Streptococcus	0.6769	0.0137	TRUE
F1725_Psathyrella	B2217_Streptococcus	0.6808	0.0137	TRUE
F96_unidentified	B2217_Streptococcus	0.5275	0.0289	TRUE
F2137_unidentified	B2217_Streptococcus	0.496	0.0334	TRUE
F2710_Exidia	B2217_Streptococcus	0.5925	0.0235	TRUE
F258_Nigrospora	B2217_Streptococcus	0.7719	0.005	TRUE
F2127_f_Meruliaceae	B2217_Streptococcus	0.6986	0.005	TRUE
B6072_Pantoea	B838_Pseudomonas	0.7254	0.0137	TRUE
B11519_Kocuria	B838_Pseudomonas	0.6537	0.0137	TRUE
F48_unidentified	B838_Pseudomonas	0.736	0.005	TRUE
F653_Penicillium	B838_Pseudomonas	0.6677	0.0137	TRUE
F50_Thanatephorus	B838_Pseudomonas	0.4669	0.0334	TRUE
F689_Botryosphaeria	B838_Pseudomonas	0.7089	0.005	TRUE
F89_Aureobasidium	B838_Pseudomonas	0.738	0.0137	TRUE
F16_Pyricularia	B4401_Gaiella	0.5491	0.0396	TRUE
F4534_Candida	B4401_Gaiella	0.4801	0.0235	TRUE
F10_Guehomyces	B24_Bradyrhizobium	-0.678	0.0297	FALSE
F1783_unidentified	B503_Escherichia.Shigella	0.4753	0.0494	TRUE
F1339_Wickerhamomyces	B503_Escherichia.Shigella	0.5037	0.0395	TRUE
B1708_f_uncultured	B7907_uncultured.bacterium	0.4868	0.0334	TRUE
F131_unidentified	B7907_uncultured.bacterium	-0.5444	0.0495	FALSE
F913_Auriporia	B7907_uncultured.bacterium	0.5211	0.0395	TRUE
F16_Pyricularia	B7907_uncultured.bacterium	0.6627	0.0198	TRUE
F4534_Candida	B7907_uncultured.bacterium	0.6201	0.0137	TRUE
F260_Schizopora	B7907_uncultured.bacterium	0.5046	0.0388	TRUE
B8900_Staphylococcus	B933_Pseudomonas	0.6739	0.0334	TRUE
F1482_Hyphoderma	B933_Pseudomonas	0.4887	0.0334	TRUE
F3514_unidentified	B933_Pseudomonas	0.6024	0.005	TRUE
F1845_unidentified	B933_Pseudomonas	0.6812	0.0235	TRUE
F2120_unidentified	B933_Pseudomonas	0.6651	0.0137	TRUE
F3009_unidentified	B933_Pseudomonas	0.5813	0.0334	TRUE
F190_Irpex	B933_Pseudomonas	0.5719	0.0137	TRUE
F633_Mucor	B933_Pseudomonas	0.5613	0.0137	TRUE
F410_Schizophyllum	B933_Pseudomonas	0.6066	0.0137	TRUE
F25_Dimorphospora	B933_Pseudomonas	0.5613	0.0137	TRUE
F81_Cladosporium	B933_Pseudomonas	0.6507	0.005	TRUE
F251_Alternaria	B933_Pseudomonas	0.6197	0.0137	TRUE
F166_Aspergillus	B933_Pseudomonas	0.5491	0.0091	TRUE
F250_Pseudopithomyces	B933_Pseudomonas	0.5767	0.0395	TRUE
B1658_Staphylococcus	B11829_Acinetobacter	0.6131	0.005	TRUE
F2518_Megacollybia	B11829_Acinetobacter	0.6056	0.0235	TRUE
F407_Phanerochaete	B11829_Acinetobacter	0.5333	0.0235	TRUE
F772_Spegazzinia	B11829_Acinetobacter	0.7461	0.005	TRUE
F36_Moesziomyces	B11829_Acinetobacter	0.636	0.0091	TRUE
F2131_Erysiphe	B11829_Acinetobacter	0.5875	0.0137	TRUE
F448_Perenniporia	B11829_Acinetobacter	0.5627	0.0433	TRUE
F482_Pichia	B11829_Acinetobacter	0.5487	0.0296	TRUE
F199_Aureobasidium	B11829_Acinetobacter	0.6517	0.0289	TRUE
B7397_f_Burkholderiaceae	B1738_uncultured.Termite.group.1.bacterium	0.6272	0.0235	TRUE
F458_Endoxyla	B1738_uncultured.Termite.group.1.bacterium	0.5354	0.0395	TRUE
F3915_unidentified	B1738_uncultured.Termite.group.1.bacterium	0.6181	0.005	TRUE
F1314_Abundisporus	B1738_uncultured.Termite.group.1.bacterium	0.7076	0.005	TRUE
F2_Nigrospora	B1738_uncultured.Termite.group.1.bacterium	0.5248	0.0495	TRUE
F1164_Antrodiella	B1738_uncultured.Termite.group.1.bacterium	0.4944	0.0235	TRUE
F441_o_Hypocreales	B1738_uncultured.Termite.group.1.bacterium	0.57	0.0395	TRUE
F575_Trametes	B1738_uncultured.Termite.group.1.bacterium	0.649	0.019	TRUE
F745_Penicillium	B1738_uncultured.Termite.group.1.bacterium	0.5641	0.0487	TRUE
B3_Sphingomonas	B8900_Staphylococcus	0.5391	0.0487	TRUE
F3351_o_NA	B8900_Staphylococcus	0.5814	0.0235	TRUE
F3514_unidentified	B8900_Staphylococcus	0.5975	0.0334	TRUE
F1845_unidentified	B8900_Staphylococcus	0.6758	0.005	TRUE
F2120_unidentified	B8900_Staphylococcus	0.5931	0.0334	TRUE
F3009_unidentified	B8900_Staphylococcus	0.6434	0.005	TRUE
F190_Irpex	B8900_Staphylococcus	0.5902	0.0235	TRUE
F633_Mucor	B8900_Staphylococcus	0.5892	0.0137	TRUE
F410_Schizophyllum	B8900_Staphylococcus	0.6388	0.0137	TRUE
F25_Dimorphospora	B8900_Staphylococcus	0.5008	0.0235	TRUE
F251_Alternaria	B8900_Staphylococcus	0.6198	0.0433	TRUE
B11519_Kocuria	B6072_Pantoea	0.6803	0.0137	TRUE
F48_unidentified	B6072_Pantoea	0.729	0.005	TRUE
F606_unidentified	B6072_Pantoea	0.5307	0.0289	TRUE
F653_Penicillium	B6072_Pantoea	0.6285	0.0235	TRUE
F50_Thanatephorus	B6072_Pantoea	0.4975	0.0334	TRUE
F100_Talaromyces	B6072_Pantoea	-0.5914	0.0297	FALSE
F689_Botryosphaeria	B6072_Pantoea	0.6648	0.0137	TRUE
F89_Aureobasidium	B6072_Pantoea	0.7922	0.0137	TRUE
B1776_Cloacibacterium	B15_Sphingomonas	0.7242	0.0235	TRUE
F1725_Psathyrella	B15_Sphingomonas	0.7402	0.0137	TRUE
F2228_unidentified	B15_Sphingomonas	0.5365	0.0137	TRUE
F698_unidentified	B15_Sphingomonas	0.5587	0.0334	TRUE
F96_unidentified	B15_Sphingomonas	0.4657	0.0487	TRUE
F2137_unidentified	B15_Sphingomonas	0.5982	0.0137	TRUE
F1179_unidentified	B15_Sphingomonas	0.5172	0.0235	TRUE
F258_Nigrospora	B15_Sphingomonas	0.756	0.0235	TRUE
F2127_f_Meruliaceae	B15_Sphingomonas	0.6735	0.0137	TRUE
F292_Engyodontium	B15_Sphingomonas	0.5904	0.0197	TRUE
B2149_f_SB-5	B1077_Ralstonia	0.6015	0.0235	TRUE
B12_Novosphingobium	B1077_Ralstonia	0.6128	0.005	TRUE
F106_unidentified	B1077_Ralstonia	0.4818	0.0235	TRUE
F449_unidentified	B1077_Ralstonia	0.4521	0.0334	TRUE
F153_unidentified	B1077_Ralstonia	0.4729	0.0433	TRUE
F3080_unidentified	B1077_Ralstonia	0.5631	0.0433	TRUE
F931_o_NA	B1077_Ralstonia	0.5891	0.005	TRUE
F1106_Penicillium	B1077_Ralstonia	0.6811	0.0235	TRUE
F213_Yarrowia	B1077_Ralstonia	-0.609	0.0495	FALSE
F136_f_Didymosphaeriaceae	B1077_Ralstonia	0.7293	0.0137	TRUE
F315_Trametes	B1077_Ralstonia	0.5766	0.0137	TRUE
F693_Aspergillus	B1077_Ralstonia	0.5927	0.0334	TRUE
F1511_Candida	B1077_Ralstonia	0.5475	0.0235	TRUE
F580_Psathyrella	B1077_Ralstonia	0.4976	0.0433	TRUE
F578_Ophiostoma	B1077_Ralstonia	0.758	0.005	TRUE
F1725_Psathyrella	B1776_Cloacibacterium	0.6727	0.0334	TRUE
F2228_unidentified	B1776_Cloacibacterium	0.553	0.0235	TRUE
F698_unidentified	B1776_Cloacibacterium	0.5539	0.0235	TRUE
F2137_unidentified	B1776_Cloacibacterium	0.4564	0.0334	TRUE
F2710_Exidia	B1776_Cloacibacterium	0.598	0.0334	TRUE
F1179_unidentified	B1776_Cloacibacterium	0.4382	0.0334	TRUE
F258_Nigrospora	B1776_Cloacibacterium	0.7392	0.0433	TRUE
F2127_f_Meruliaceae	B1776_Cloacibacterium	0.6503	0.0235	TRUE
B3_Sphingomonas	B7397_f_Burkholderiaceae	0.4923	0.0487	TRUE
F458_Endoxyla	B7397_f_Burkholderiaceae	0.5002	0.0494	TRUE
F3915_unidentified	B7397_f_Burkholderiaceae	0.5894	0.0433	TRUE
F1314_Abundisporus	B7397_f_Burkholderiaceae	0.6843	0.0137	TRUE
F1164_Antrodiella	B7397_f_Burkholderiaceae	0.5388	0.0334	TRUE
F441_o_Hypocreales	B7397_f_Burkholderiaceae	0.5512	0.0098	TRUE
F575_Trametes	B7397_f_Burkholderiaceae	0.6197	0.019	TRUE
F745_Penicillium	B7397_f_Burkholderiaceae	0.5657	0.0289	TRUE
B2373_Flavobacterium	B1658_Staphylococcus	0.5086	0.0235	TRUE
F2518_Megacollybia	B1658_Staphylococcus	0.5444	0.0137	TRUE
F407_Phanerochaete	B1658_Staphylococcus	0.541	0.0433	TRUE
F772_Spegazzinia	B1658_Staphylococcus	0.6825	0.005	TRUE
F448_Perenniporia	B1658_Staphylococcus	0.58	0.005	TRUE
F199_Aureobasidium	B1658_Staphylococcus	0.6173	0.019	TRUE
B1_Pantoea	B902_Escherichia.Shigella	0.7888	0.0334	TRUE
B4_Pantoea	B902_Escherichia.Shigella	0.7837	0.0334	TRUE
F431_Coprinopsis	B902_Escherichia.Shigella	0.7276	0.0091	TRUE
F5085_unidentified	B902_Escherichia.Shigella	0.507	0.0235	TRUE
F4785_Ascobolus	B902_Escherichia.Shigella	0.5169	0.0235	TRUE
F169_Naganishia	B902_Escherichia.Shigella	0.5872	0.0137	TRUE
F137_Malassezia	B902_Escherichia.Shigella	0.4845	0.0396	TRUE
F1230_o_Pleosporales	B902_Escherichia.Shigella	0.599	0.005	TRUE
F120_Sporobolomyces	B902_Escherichia.Shigella	0.5759	0.0137	TRUE
F778_Phlebiopsis	B902_Escherichia.Shigella	0.6212	0.0137	TRUE
F1104_Periconia	B902_Escherichia.Shigella	0.6383	0.005	TRUE
B12_Novosphingobium	B2149_f_SB.5	0.6058	0.005	TRUE
F931_o_NA	B2149_f_SB.5	0.5298	0.0235	TRUE
F2803_unidentified	B2149_f_SB.5	0.4581	0.0433	TRUE
F1106_Penicillium	B2149_f_SB.5	0.6303	0.005	TRUE
F213_Yarrowia	B2149_f_SB.5	-0.6126	0.0198	FALSE
F233_Periconia	B2149_f_SB.5	0.4847	0.0433	TRUE
F136_f_Didymosphaeriaceae	B2149_f_SB.5	0.5898	0.0137	TRUE
F315_Trametes	B2149_f_SB.5	0.5558	0.0137	TRUE
F693_Aspergillus	B2149_f_SB.5	0.5259	0.0137	TRUE
F580_Psathyrella	B2149_f_SB.5	0.4588	0.0334	TRUE
F578_Ophiostoma	B2149_f_SB.5	0.6542	0.0137	TRUE
F90_Pseudogymnoascus	B2149_f_SB.5	0.5284	0.0433	TRUE
F2518_Megacollybia	B2373_Flavobacterium	0.5085	0.0137	TRUE
F772_Spegazzinia	B2373_Flavobacterium	0.5631	0.0137	TRUE
F36_Moesziomyces	B2373_Flavobacterium	0.5592	0.0487	TRUE
F199_Aureobasidium	B2373_Flavobacterium	0.4968	0.0289	TRUE
B814_Sediminibacterium	B1_Pantoea	0.5853	0.0334	TRUE
B4_Pantoea	B1_Pantoea	0.8367	0.005	TRUE
F431_Coprinopsis	B1_Pantoea	0.7735	0.019	TRUE
F5085_unidentified	B1_Pantoea	0.5333	0.0235	TRUE
F4785_Ascobolus	B1_Pantoea	0.5907	0.0334	TRUE
F169_Naganishia	B1_Pantoea	0.6394	0.0137	TRUE
F1230_o_Pleosporales	B1_Pantoea	0.6242	0.0137	TRUE
F2516_Hypoxylon	B1_Pantoea	0.6428	0.005	TRUE
F120_Sporobolomyces	B1_Pantoea	0.5861	0.0235	TRUE
F778_Phlebiopsis	B1_Pantoea	0.654	0.0235	TRUE
F1104_Periconia	B1_Pantoea	0.672	0.005	TRUE
B4_Pantoea	B814_Sediminibacterium	0.5835	0.0137	TRUE
F431_Coprinopsis	B814_Sediminibacterium	0.5705	0.0289	TRUE
F4785_Ascobolus	B814_Sediminibacterium	0.4355	0.0433	TRUE
F169_Naganishia	B814_Sediminibacterium	0.4991	0.0137	TRUE
F1230_o_Pleosporales	B814_Sediminibacterium	0.4497	0.0235	TRUE
F2516_Hypoxylon	B814_Sediminibacterium	0.4321	0.0433	TRUE
F778_Phlebiopsis	B814_Sediminibacterium	0.4786	0.0235	TRUE
F1104_Periconia	B814_Sediminibacterium	0.4859	0.0235	TRUE
F178_Schizopora	B209_Escherichia.Shigella	0.5876	0.0396	TRUE
F250_Pseudopithomyces	B209_Escherichia.Shigella	0.6685	0.0198	TRUE
F1314_Abundisporus	B3_Sphingomonas	0.5304	0.0487	TRUE
F6_Cladosporium	B3_Sphingomonas	-0.6618	0.0198	FALSE
F16_Pyricularia	B1708_f_uncultured	0.5587	0.0495	TRUE
F4534_Candida	B1708_f_uncultured	0.5094	0.0235	TRUE
F260_Schizopora	B1708_f_uncultured	0.4286	0.0487	TRUE
F449_unidentified	B12_Novosphingobium	0.4914	0.0137	TRUE
F153_unidentified	B12_Novosphingobium	0.5056	0.0433	TRUE
F3080_unidentified	B12_Novosphingobium	0.5639	0.005	TRUE
F931_o_NA	B12_Novosphingobium	0.5145	0.0334	TRUE
F2803_unidentified	B12_Novosphingobium	0.4943	0.0137	TRUE
F1106_Penicillium	B12_Novosphingobium	0.6253	0.0137	TRUE
F213_Yarrowia	B12_Novosphingobium	-0.5319	0.0495	FALSE
F233_Periconia	B12_Novosphingobium	0.5347	0.0334	TRUE
F136_f_Didymosphaeriaceae	B12_Novosphingobium	0.71	0.0433	TRUE
F315_Trametes	B12_Novosphingobium	0.5227	0.0137	TRUE
F837_Candida	B12_Novosphingobium	0.4629	0.0334	TRUE
F693_Aspergillus	B12_Novosphingobium	0.5659	0.0334	TRUE
F1511_Candida	B12_Novosphingobium	0.4901	0.005	TRUE
F578_Ophiostoma	B12_Novosphingobium	0.7063	0.0334	TRUE
F90_Pseudogymnoascus	B12_Novosphingobium	0.5224	0.0334	TRUE
F48_unidentified	B11519_Kocuria	0.6699	0.0137	TRUE
F653_Penicillium	B11519_Kocuria	0.6005	0.0137	TRUE
F50_Thanatephorus	B11519_Kocuria	0.4293	0.0433	TRUE
F689_Botryosphaeria	B11519_Kocuria	0.6076	0.0235	TRUE
F89_Aureobasidium	B11519_Kocuria	0.6713	0.0137	TRUE
F431_Coprinopsis	B4_Pantoea	0.7268	0.0091	TRUE
F5085_unidentified	B4_Pantoea	0.5358	0.0433	TRUE
F4785_Ascobolus	B4_Pantoea	0.6166	0.0137	TRUE
F169_Naganishia	B4_Pantoea	0.6536	0.0235	TRUE
F1230_o_Pleosporales	B4_Pantoea	0.5886	0.005	TRUE
F2516_Hypoxylon	B4_Pantoea	0.656	0.005	TRUE
F120_Sporobolomyces	B4_Pantoea	0.5863	0.0137	TRUE
F778_Phlebiopsis	B4_Pantoea	0.63	0.005	TRUE
F1104_Periconia	B4_Pantoea	0.619	0.005	TRUE
F61_o_Pleosporales	F458_Endoxyla	-0.6294	0.0495	FALSE
F1314_Abundisporus	F458_Endoxyla	0.6564	0.0197	TRUE
F3_Moesziomyces	F458_Endoxyla	0.6155	0.0297	TRUE
F137_Malassezia	F723_unidentified	0.8053	0.0099	TRUE
F441_o_Hypocreales	F723_unidentified	0.6067	0.0198	TRUE
F178_Schizopora	F723_unidentified	-0.5793	0.0396	FALSE
F3514_unidentified	F3351_o_NA	0.4841	0.0433	TRUE
F410_Schizophyllum	F3351_o_NA	0.5103	0.0433	TRUE
F81_Cladosporium	F3351_o_NA	0.5649	0.0235	TRUE
F251_Alternaria	F3351_o_NA	0.5662	0.0137	TRUE
F2228_unidentified	F1725_Psathyrella	0.5088	0.0433	TRUE
F698_unidentified	F1725_Psathyrella	0.5293	0.005	TRUE
F2137_unidentified	F1725_Psathyrella	0.5335	0.0137	TRUE
F2710_Exidia	F1725_Psathyrella	0.5804	0.0235	TRUE
F1179_unidentified	F1725_Psathyrella	0.4701	0.0334	TRUE
F258_Nigrospora	F1725_Psathyrella	0.7027	0.0137	TRUE
F2127_f_Meruliaceae	F1725_Psathyrella	0.5974	0.0137	TRUE
F931_o_NA	F106_unidentified	0.4754	0.0235	TRUE
F1106_Penicillium	F106_unidentified	0.4756	0.0433	TRUE
F136_f_Didymosphaeriaceae	F106_unidentified	0.4948	0.0433	TRUE
F837_Candida	F106_unidentified	0.385	0.0433	TRUE
F693_Aspergillus	F106_unidentified	0.4397	0.0334	TRUE
F318_Saccharomyces	F131_unidentified	-0.5931	0.0396	FALSE
F482_Pichia	F131_unidentified	-0.7167	0.0396	FALSE
F698_unidentified	F2228_unidentified	0.427	0.0433	TRUE
F258_Nigrospora	F2228_unidentified	0.6446	0.0235	TRUE
F2127_f_Meruliaceae	F2228_unidentified	0.5312	0.0137	TRUE
F1108_Kondoa	F1032_unidentified	0.6569	0.0235	TRUE
F1783_unidentified	F1032_unidentified	0.7007	0.0433	TRUE
F1596_Peniophorella	F1032_unidentified	0.6601	0.0137	TRUE
F560_unidentified	F1032_unidentified	0.6398	0.005	TRUE
F17_o_Pleosporales	F1032_unidentified	0.6802	0.0137	TRUE
F57_Trichoderma	F1032_unidentified	0.6299	0.0235	TRUE
F4_o_Pleosporales	F1032_unidentified	0.6541	0.0334	TRUE
F1339_Wickerhamomyces	F1032_unidentified	0.6804	0.0137	TRUE
F1518_Ceriporia	F1032_unidentified	0.6031	0.005	TRUE
F708_Elmerina	F1032_unidentified	0.5294	0.0487	TRUE
F246_Aspergillus	F1032_unidentified	0.6335	0.0137	TRUE
F362_Porostereum	F1032_unidentified	0.7042	0.005	TRUE
F10_Guehomyces	F1032_unidentified	0.5595	0.0388	TRUE
F503_Sordaria	F1032_unidentified	0.6027	0.019	TRUE
F3080_unidentified	F449_unidentified	0.4572	0.0235	TRUE
F1106_Penicillium	F449_unidentified	0.5219	0.0433	TRUE
F233_Periconia	F449_unidentified	0.4511	0.0334	TRUE
F136_f_Didymosphaeriaceae	F449_unidentified	0.6276	0.0137	TRUE
F1511_Candida	F449_unidentified	0.4415	0.0334	TRUE
F578_Ophiostoma	F449_unidentified	0.5835	0.0235	TRUE
F90_Pseudogymnoascus	F449_unidentified	0.459	0.0235	TRUE
F1783_unidentified	F1108_Kondoa	0.5913	0.005	TRUE
F1596_Peniophorella	F1108_Kondoa	0.6521	0.0334	TRUE
F560_unidentified	F1108_Kondoa	0.5438	0.0433	TRUE
F17_o_Pleosporales	F1108_Kondoa	0.5514	0.0137	TRUE
F57_Trichoderma	F1108_Kondoa	0.5251	0.0137	TRUE
F4_o_Pleosporales	F1108_Kondoa	0.5899	0.0137	TRUE
F1339_Wickerhamomyces	F1108_Kondoa	0.5696	0.0137	TRUE
F1518_Ceriporia	F1108_Kondoa	0.4618	0.0137	TRUE
F362_Porostereum	F1108_Kondoa	0.6379	0.005	TRUE
F10_Guehomyces	F1108_Kondoa	0.5124	0.0487	TRUE
F3080_unidentified	F153_unidentified	0.452	0.0235	TRUE
F931_o_NA	F153_unidentified	0.4806	0.0433	TRUE
F1106_Penicillium	F153_unidentified	0.5606	0.0334	TRUE
F136_f_Didymosphaeriaceae	F153_unidentified	0.5869	0.0334	TRUE
F693_Aspergillus	F153_unidentified	0.5214	0.005	TRUE
F1511_Candida	F153_unidentified	0.4513	0.0433	TRUE
F578_Ophiostoma	F153_unidentified	0.5596	0.005	TRUE
F2710_Exidia	F698_unidentified	0.4878	0.0334	TRUE
F258_Nigrospora	F698_unidentified	0.5586	0.0235	TRUE
F2127_f_Meruliaceae	F698_unidentified	0.547	0.0137	TRUE
F1596_Peniophorella	F1783_unidentified	0.638	0.0235	TRUE
F560_unidentified	F1783_unidentified	0.5876	0.0235	TRUE
F17_o_Pleosporales	F1783_unidentified	0.6256	0.005	TRUE
F57_Trichoderma	F1783_unidentified	0.6498	0.0137	TRUE
F4_o_Pleosporales	F1783_unidentified	0.6294	0.005	TRUE
F1339_Wickerhamomyces	F1783_unidentified	0.6888	0.005	TRUE
F1518_Ceriporia	F1783_unidentified	0.5906	0.005	TRUE
F708_Elmerina	F1783_unidentified	0.5798	0.0487	TRUE
F246_Aspergillus	F1783_unidentified	0.616	0.0137	TRUE
F362_Porostereum	F1783_unidentified	0.6228	0.0137	TRUE
F2710_Exidia	F96_unidentified	0.441	0.0487	TRUE
F258_Nigrospora	F96_unidentified	0.5551	0.0091	TRUE
F2127_f_Meruliaceae	F96_unidentified	0.4838	0.0388	TRUE
F250_Pseudopithomyces	F96_unidentified	0.4977	0.0396	TRUE
F17_o_Pleosporales	F3367_unidentified	0.4389	0.0433	TRUE
F57_Trichoderma	F3367_unidentified	0.4454	0.0334	TRUE
F4_o_Pleosporales	F3367_unidentified	0.4393	0.0334	TRUE
F1339_Wickerhamomyces	F3367_unidentified	0.4666	0.0334	TRUE
F362_Porostereum	F3367_unidentified	0.4508	0.0433	TRUE
F258_Nigrospora	F2137_unidentified	0.514	0.0334	TRUE
F2127_f_Meruliaceae	F2137_unidentified	0.4974	0.0235	TRUE
F560_unidentified	F1596_Peniophorella	0.5709	0.0334	TRUE
F17_o_Pleosporales	F1596_Peniophorella	0.6375	0.0137	TRUE
F57_Trichoderma	F1596_Peniophorella	0.5759	0.0235	TRUE
F4_o_Pleosporales	F1596_Peniophorella	0.5836	0.0137	TRUE
F1339_Wickerhamomyces	F1596_Peniophorella	0.6608	0.005	TRUE
F1518_Ceriporia	F1596_Peniophorella	0.5107	0.0334	TRUE
F708_Elmerina	F1596_Peniophorella	0.4827	0.0487	TRUE
F246_Aspergillus	F1596_Peniophorella	0.5322	0.0137	TRUE
F362_Porostereum	F1596_Peniophorella	0.6649	0.0235	TRUE
F503_Sordaria	F1596_Peniophorella	0.5572	0.0289	TRUE
F258_Nigrospora	F2710_Exidia	0.6434	0.0137	TRUE
F2127_f_Meruliaceae	F2710_Exidia	0.52	0.0235	TRUE
F258_Nigrospora	F1179_unidentified	0.5087	0.0235	TRUE
F2127_f_Meruliaceae	F1179_unidentified	0.4491	0.0433	TRUE
F251_Alternaria	F1482_Hyphoderma	0.4887	0.0334	TRUE
F5085_unidentified	F431_Coprinopsis	0.4759	0.0388	TRUE
F169_Naganishia	F431_Coprinopsis	0.591	0.0289	TRUE
F137_Malassezia	F431_Coprinopsis	0.637	0.0495	TRUE
F1230_o_Pleosporales	F431_Coprinopsis	0.5284	0.0487	TRUE
F2516_Hypoxylon	F431_Coprinopsis	0.5126	0.0388	TRUE
F120_Sporobolomyces	F431_Coprinopsis	0.5431	0.0487	TRUE
F778_Phlebiopsis	F431_Coprinopsis	0.5864	0.0388	TRUE
F1104_Periconia	F431_Coprinopsis	0.5735	0.0388	TRUE
F1845_unidentified	F3514_unidentified	0.5239	0.0235	TRUE
F2120_unidentified	F3514_unidentified	0.5753	0.0137	TRUE
F3009_unidentified	F3514_unidentified	0.5779	0.0235	TRUE
F633_Mucor	F3514_unidentified	0.5367	0.0235	TRUE
F410_Schizophyllum	F3514_unidentified	0.5264	0.005	TRUE
F265_Helicodendron	F3514_unidentified	0.3988	0.0433	TRUE
F81_Cladosporium	F3514_unidentified	0.5907	0.005	TRUE
F251_Alternaria	F3514_unidentified	0.4726	0.0137	TRUE
F250_Pseudopithomyces	F3514_unidentified	0.4588	0.0395	TRUE
F6_Cladosporium	F832_f_Stereaceae	-0.5975	0.0495	FALSE
F166_Aspergillus	F832_f_Stereaceae	0.595	0.0494	TRUE
F931_o_NA	F3080_unidentified	0.4713	0.0334	TRUE
F1106_Penicillium	F3080_unidentified	0.5954	0.0137	TRUE
F136_f_Didymosphaeriaceae	F3080_unidentified	0.6216	0.005	TRUE
F315_Trametes	F3080_unidentified	0.4809	0.0433	TRUE
F693_Aspergillus	F3080_unidentified	0.5246	0.0235	TRUE
F4785_Ascobolus	F5085_unidentified	0.457	0.0235	TRUE
F778_Phlebiopsis	F5085_unidentified	0.4544	0.0334	TRUE
F17_o_Pleosporales	F560_unidentified	0.6175	0.005	TRUE
F57_Trichoderma	F560_unidentified	0.5979	0.0137	TRUE
F4_o_Pleosporales	F560_unidentified	0.5621	0.005	TRUE
F1339_Wickerhamomyces	F560_unidentified	0.5797	0.005	TRUE
F1518_Ceriporia	F560_unidentified	0.5208	0.005	TRUE
F708_Elmerina	F560_unidentified	0.5025	0.0388	TRUE
F362_Porostereum	F560_unidentified	0.6146	0.0137	TRUE
F318_Saccharomyces	F913_Auriporia	0.5347	0.0396	TRUE
F16_Pyricularia	F913_Auriporia	0.5836	0.0495	TRUE
F4534_Candida	F913_Auriporia	0.5305	0.0098	TRUE
F2120_unidentified	F1845_unidentified	0.6539	0.0137	TRUE
F3009_unidentified	F1845_unidentified	0.6227	0.0137	TRUE
F190_Irpex	F1845_unidentified	0.6002	0.0235	TRUE
F410_Schizophyllum	F1845_unidentified	0.5732	0.0235	TRUE
F25_Dimorphospora	F1845_unidentified	0.5441	0.0235	TRUE
F81_Cladosporium	F1845_unidentified	0.6288	0.0235	TRUE
F251_Alternaria	F1845_unidentified	0.6353	0.0137	TRUE
F57_Trichoderma	F17_o_Pleosporales	0.5101	0.0433	TRUE
F4_o_Pleosporales	F17_o_Pleosporales	0.576	0.0235	TRUE
F1339_Wickerhamomyces	F17_o_Pleosporales	0.6129	0.0137	TRUE
F246_Aspergillus	F17_o_Pleosporales	0.5495	0.0433	TRUE
F362_Porostereum	F17_o_Pleosporales	0.6584	0.005	TRUE
F10_Guehomyces	F17_o_Pleosporales	0.5321	0.0487	TRUE
F503_Sordaria	F17_o_Pleosporales	0.5018	0.0388	TRUE
F3009_unidentified	F2120_unidentified	0.5964	0.005	TRUE
F633_Mucor	F2120_unidentified	0.5392	0.0137	TRUE
F410_Schizophyllum	F2120_unidentified	0.5777	0.0137	TRUE
F251_Alternaria	F2120_unidentified	0.6145	0.005	TRUE
F1314_Abundisporus	F3915_unidentified	0.656	0.0137	TRUE
F441_o_Hypocreales	F3915_unidentified	0.5122	0.0494	TRUE
F575_Trametes	F3915_unidentified	0.5933	0.019	TRUE
F29_f_Didymellaceae	F3915_unidentified	0.4454	0.0494	TRUE
F100_Talaromyces	F3915_unidentified	-0.5221	0.0495	FALSE
F745_Penicillium	F3915_unidentified	0.5446	0.0388	TRUE
F606_unidentified	F48_unidentified	0.5192	0.0487	TRUE
F653_Penicillium	F48_unidentified	0.6206	0.0137	TRUE
F50_Thanatephorus	F48_unidentified	0.4859	0.0235	TRUE
F689_Botryosphaeria	F48_unidentified	0.6661	0.005	TRUE
F89_Aureobasidium	F48_unidentified	0.7341	0.0137	TRUE
F689_Botryosphaeria	F606_unidentified	0.4647	0.0487	TRUE
F1230_o_Pleosporales	F4785_Ascobolus	0.4455	0.0334	TRUE
F120_Sporobolomyces	F4785_Ascobolus	0.5219	0.0334	TRUE
F778_Phlebiopsis	F4785_Ascobolus	0.4973	0.0137	TRUE
F633_Mucor	F3009_unidentified	0.4908	0.0433	TRUE
F81_Cladosporium	F3009_unidentified	0.6004	0.0334	TRUE
F251_Alternaria	F3009_unidentified	0.5753	0.0235	TRUE
F1106_Penicillium	F931_o_NA	0.6315	0.0137	TRUE
F233_Periconia	F931_o_NA	0.5018	0.0334	TRUE
F136_f_Didymosphaeriaceae	F931_o_NA	0.6108	0.0235	TRUE
F693_Aspergillus	F931_o_NA	0.5335	0.005	TRUE
F1511_Candida	F931_o_NA	0.5046	0.0137	TRUE
F578_Ophiostoma	F931_o_NA	0.624	0.0433	TRUE
F90_Pseudogymnoascus	F931_o_NA	0.4194	0.0433	TRUE
F136_f_Didymosphaeriaceae	F2803_unidentified	0.4974	0.0235	TRUE
F578_Ophiostoma	F2803_unidentified	0.5496	0.0235	TRUE
F29_f_Didymellaceae	F318_Saccharomyces	-0.5064	0.0297	FALSE
F4534_Candida	F318_Saccharomyces	0.5551	0.0198	TRUE
F304_Sphaerulina	F318_Saccharomyces	0.5085	0.0495	TRUE
F50_Thanatephorus	F653_Penicillium	0.5029	0.0334	TRUE
F100_Talaromyces	F653_Penicillium	-0.4692	0.0396	FALSE
F689_Botryosphaeria	F653_Penicillium	0.6286	0.005	TRUE
F89_Aureobasidium	F653_Penicillium	0.6503	0.005	TRUE
F1230_o_Pleosporales	F169_Naganishia	0.5001	0.0235	TRUE
F2516_Hypoxylon	F169_Naganishia	0.5317	0.0235	TRUE
F120_Sporobolomyces	F169_Naganishia	0.5091	0.0235	TRUE
F778_Phlebiopsis	F169_Naganishia	0.481	0.0235	TRUE
F1104_Periconia	F169_Naganishia	0.4846	0.0334	TRUE
F233_Periconia	F1106_Penicillium	0.5691	0.005	TRUE
F136_f_Didymosphaeriaceae	F1106_Penicillium	0.7615	0.005	TRUE
F837_Candida	F1106_Penicillium	0.4979	0.0334	TRUE
F1511_Candida	F1106_Penicillium	0.6434	0.0137	TRUE
F580_Psathyrella	F1106_Penicillium	0.4936	0.005	TRUE
F578_Ophiostoma	F1106_Penicillium	0.7917	0.005	TRUE
F90_Pseudogymnoascus	F1106_Penicillium	0.6008	0.005	TRUE
F4534_Candida	F16_Pyricularia	0.5936	0.0099	TRUE
F260_Schizopora	F16_Pyricularia	0.6886	0.0198	TRUE
F178_Schizopora	F16_Pyricularia	0.6535	0.0297	TRUE
F304_Sphaerulina	F16_Pyricularia	0.661	0.0099	TRUE
F2_Nigrospora	F1314_Abundisporus	0.5341	0.0396	TRUE
F1164_Antrodiella	F1314_Abundisporus	0.5731	0.0235	TRUE
F441_o_Hypocreales	F1314_Abundisporus	0.5801	0.0296	TRUE
F575_Trametes	F1314_Abundisporus	0.7104	0.0091	TRUE
F228_Purpureocillium	F1314_Abundisporus	-0.4771	0.0495	FALSE
F100_Talaromyces	F1314_Abundisporus	-0.6483	0.0297	FALSE
F178_Schizopora	F137_Malassezia	-0.6345	0.0396	FALSE
F441_o_Hypocreales	F2_Nigrospora	0.5622	0.0396	TRUE
F575_Trametes	F2_Nigrospora	0.6913	0.0198	TRUE
F100_Talaromyces	F2_Nigrospora	-0.7492	0.0198	FALSE
F2127_f_Meruliaceae	F258_Nigrospora	0.7455	0.0137	TRUE
F292_Engyodontium	F258_Nigrospora	0.5339	0.0296	TRUE
F4_o_Pleosporales	F57_Trichoderma	0.5549	0.0137	TRUE
F1339_Wickerhamomyces	F57_Trichoderma	0.5879	0.0137	TRUE
F246_Aspergillus	F57_Trichoderma	0.4715	0.0235	TRUE
F362_Porostereum	F57_Trichoderma	0.6085	0.0137	TRUE
F136_f_Didymosphaeriaceae	F213_Yarrowia	-0.5943	0.0198	FALSE
F1511_Candida	F213_Yarrowia	-0.4784	0.0495	FALSE
F578_Ophiostoma	F213_Yarrowia	-0.6041	0.0198	FALSE
F136_f_Didymosphaeriaceae	F233_Periconia	0.6011	0.0137	TRUE
F693_Aspergillus	F233_Periconia	0.4891	0.0334	TRUE
F1511_Candida	F233_Periconia	0.5158	0.0137	TRUE
F578_Ophiostoma	F233_Periconia	0.5728	0.005	TRUE
F90_Pseudogymnoascus	F233_Periconia	0.5347	0.0334	TRUE
F575_Trametes	F3_Moesziomyces	0.723	0.0099	TRUE
F100_Talaromyces	F3_Moesziomyces	-0.6748	0.0396	FALSE
F1339_Wickerhamomyces	F4_o_Pleosporales	0.5312	0.0235	TRUE
F246_Aspergillus	F4_o_Pleosporales	0.6055	0.005	TRUE
F362_Porostereum	F4_o_Pleosporales	0.6079	0.005	TRUE
F10_Guehomyces	F4_o_Pleosporales	0.5062	0.0388	TRUE
F1104_Periconia	F1230_o_Pleosporales	0.5698	0.005	TRUE
F689_Botryosphaeria	F50_Thanatephorus	0.5101	0.0334	TRUE
F89_Aureobasidium	F50_Thanatephorus	0.569	0.0137	TRUE
F1518_Ceriporia	F1339_Wickerhamomyces	0.5137	0.0334	TRUE
F362_Porostereum	F1339_Wickerhamomyces	0.637	0.0137	TRUE
F10_Guehomyces	F1339_Wickerhamomyces	0.5074	0.0487	TRUE
F441_o_Hypocreales	F1164_Antrodiella	0.4363	0.0395	TRUE
F575_Trametes	F1164_Antrodiella	0.5282	0.0091	TRUE
F410_Schizophyllum	F190_Irpex	0.5243	0.005	TRUE
F81_Cladosporium	F190_Irpex	0.5602	0.0433	TRUE
F166_Aspergillus	F190_Irpex	0.5412	0.0091	TRUE
F246_Aspergillus	F1518_Ceriporia	0.5219	0.0433	TRUE
F362_Porostereum	F1518_Ceriporia	0.536	0.0137	TRUE
F315_Trametes	F136_f_Didymosphaeriaceae	0.6138	0.0137	TRUE
F837_Candida	F136_f_Didymosphaeriaceae	0.5337	0.005	TRUE
F693_Aspergillus	F136_f_Didymosphaeriaceae	0.6278	0.0235	TRUE
F1511_Candida	F136_f_Didymosphaeriaceae	0.6483	0.005	TRUE
F580_Psathyrella	F136_f_Didymosphaeriaceae	0.5383	0.0137	TRUE
F578_Ophiostoma	F136_f_Didymosphaeriaceae	0.8056	0.005	TRUE
F90_Pseudogymnoascus	F136_f_Didymosphaeriaceae	0.5915	0.005	TRUE
F410_Schizophyllum	F633_Mucor	0.4654	0.0334	TRUE
F81_Cladosporium	F633_Mucor	0.4863	0.0334	TRUE
F120_Sporobolomyces	F2516_Hypoxylon	0.4515	0.0137	TRUE
F778_Phlebiopsis	F2516_Hypoxylon	0.4974	0.0334	TRUE
F1104_Periconia	F2516_Hypoxylon	0.4904	0.0235	TRUE
F503_Sordaria	F280_o_Polyporales	0.5294	0.0297	TRUE
F292_Engyodontium	F277_Peniophora	0.6573	0.0297	TRUE
F25_Dimorphospora	F410_Schizophyllum	0.5198	0.0334	TRUE
F81_Cladosporium	F410_Schizophyllum	0.5774	0.005	TRUE
F407_Phanerochaete	F2518_Megacollybia	0.4622	0.0433	TRUE
F772_Spegazzinia	F2518_Megacollybia	0.6306	0.0137	TRUE
F36_Moesziomyces	F2518_Megacollybia	0.6326	0.0091	TRUE
F2131_Erysiphe	F2518_Megacollybia	0.5678	0.005	TRUE
F448_Perenniporia	F2518_Megacollybia	0.4665	0.0334	TRUE
F199_Aureobasidium	F2518_Megacollybia	0.5687	0.0388	TRUE
F772_Spegazzinia	F407_Phanerochaete	0.6099	0.0235	TRUE
F2131_Erysiphe	F407_Phanerochaete	0.5234	0.0235	TRUE
F199_Aureobasidium	F407_Phanerochaete	0.5465	0.0487	TRUE
F693_Aspergillus	F315_Trametes	0.5387	0.0433	TRUE
F1511_Candida	F315_Trametes	0.5061	0.0334	TRUE
F580_Psathyrella	F315_Trametes	0.4888	0.0334	TRUE
F578_Ophiostoma	F315_Trametes	0.6928	0.0235	TRUE
F745_Penicillium	F441_o_Hypocreales	0.6219	0.0198	TRUE
F778_Phlebiopsis	F120_Sporobolomyces	0.5661	0.0137	TRUE
F100_Talaromyces	F575_Trametes	-0.8015	0.0099	FALSE
F745_Penicillium	F575_Trametes	0.5702	0.0098	TRUE
F693_Aspergillus	F837_Candida	0.4898	0.0433	TRUE
F90_Pseudogymnoascus	F837_Candida	0.4875	0.0235	TRUE
F362_Porostereum	F246_Aspergillus	0.63	0.0334	TRUE
F1511_Candida	F693_Aspergillus	0.5515	0.0433	TRUE
F580_Psathyrella	F693_Aspergillus	0.4083	0.0433	TRUE
F578_Ophiostoma	F693_Aspergillus	0.6876	0.0137	TRUE
F90_Pseudogymnoascus	F693_Aspergillus	0.4673	0.0235	TRUE
F1104_Periconia	F778_Phlebiopsis	0.4912	0.0235	TRUE
F199_Aureobasidium	F778_Phlebiopsis	0.4032	0.0487	TRUE
F503_Sordaria	F362_Porostereum	0.5176	0.0289	TRUE
F578_Ophiostoma	F1511_Candida	0.6024	0.0137	TRUE
F251_Alternaria	F46_Microscypha	0.4313	0.0433	TRUE
F578_Ophiostoma	F29_f_Didymellaceae	0.5199	0.0494	TRUE
F36_Moesziomyces	F45_f_Didymellaceae	0.6021	0.0495	TRUE
F199_Aureobasidium	F45_f_Didymellaceae	0.6235	0.0495	TRUE
F36_Moesziomyces	F772_Spegazzinia	0.7013	0.0388	TRUE
F2131_Erysiphe	F772_Spegazzinia	0.6638	0.0334	TRUE
F448_Perenniporia	F772_Spegazzinia	0.5898	0.005	TRUE
F482_Pichia	F772_Spegazzinia	0.5965	0.0098	TRUE
F199_Aureobasidium	F772_Spegazzinia	0.6573	0.0289	TRUE
F2131_Erysiphe	F36_Moesziomyces	0.5761	0.0289	TRUE
F448_Perenniporia	F36_Moesziomyces	0.5493	0.0487	TRUE
F199_Aureobasidium	F36_Moesziomyces	0.8276	0.0098	TRUE
F251_Alternaria	F81_Cladosporium	0.5607	0.0235	TRUE
F250_Pseudopithomyces	F251_Alternaria	0.5138	0.0395	TRUE
F178_Schizopora	F260_Schizopora	0.634	0.0297	TRUE
F90_Pseudogymnoascus	F578_Ophiostoma	0.6136	0.0137	TRUE
F448_Perenniporia	F2131_Erysiphe	0.5222	0.0137	TRUE
F482_Pichia	F2131_Erysiphe	0.4866	0.0494	TRUE
F199_Aureobasidium	F2131_Erysiphe	0.6155	0.0091	TRUE
F89_Aureobasidium	F689_Botryosphaeria	0.6633	0.0235	TRUE
F482_Pichia	F448_Perenniporia	0.4585	0.0197	TRUE
F199_Aureobasidium	F448_Perenniporia	0.471	0.0487	TRUE
