Source	Target	Cor	pseudo_p	positive
B3822_o_NA	B278_o_NA	0.5697	0.0197	TRUE
B76_Methylobacterium	B278_o_NA	0.4776	0.019	TRUE
B17_Methylobacterium	B278_o_NA	0.5835	0.0396	TRUE
B154_f_Micrococcaceae	B278_o_NA	0.4379	0.0388	TRUE
F78_unidentified	B278_o_NA	0.5476	0.0198	TRUE
F716_unidentified	B278_o_NA	0.4073	0.0487	TRUE
F16_Pyricularia	B278_o_NA	0.6257	0.0099	TRUE
F2_Nigrospora	B278_o_NA	0.6614	0.0198	TRUE
F20_Edenia	B278_o_NA	-0.6982	0.0099	FALSE
F6_Cladosporium	B278_o_NA	0.591	0.0396	TRUE
B222_Kineococcus	B1055_o_Acetobacterales	0.4458	0.0334	TRUE
B974_f_Burkholderiaceae	B1055_o_Acetobacterales	0.4776	0.019	TRUE
F1936_unidentified	B1055_o_Acetobacterales	0.4355	0.0334	TRUE
F25_Dimorphospora	B1055_o_Acetobacterales	0.4276	0.0433	TRUE
F372_Schizothecium	B1055_o_Acetobacterales	0.4094	0.0433	TRUE
F38_Pseudeurotium	B1055_o_Acetobacterales	0.4812	0.019	TRUE
B143_Bradyrhizobium	B4106_metagenome	0.4868	0.0334	TRUE
B1511_Stenotrophomonas	B1275_o_NA	0.4038	0.0433	TRUE
B5033_f_Planococcaceae	B1275_o_NA	0.487	0.0433	TRUE
F972_o_Pleosporales	B1275_o_NA	0.476	0.0235	TRUE
B1450_Acinetobacter	B6403_Thioalkalispira	0.3863	0.0433	TRUE
F157_unidentified	B6403_Thioalkalispira	0.4322	0.0487	TRUE
B1914_Massilia	B4495_uncultured	0.5083	0.0495	TRUE
B162_Asticcacaulis	B4495_uncultured	0.494	0.0396	TRUE
B317_Brevundimonas	B4495_uncultured	0.6205	0.0098	TRUE
F222_o_NA	B4495_uncultured	0.5448	0.0395	TRUE
F48_unidentified	B4495_uncultured	-0.6422	0.0198	FALSE
F51_Papiliotrema	B4495_uncultured	0.4733	0.0495	TRUE
F178_Schizopora	B4495_uncultured	0.4617	0.0495	TRUE
B54_uncultured	B14216_metagenome	-0.4945	0.0297	FALSE
F69_o_Pleosporales	B14216_metagenome	0.4249	0.0433	TRUE
F4391_o_Tremellales	B14216_metagenome	0.4255	0.0235	TRUE
F183_Curvularia	B14216_metagenome	0.4805	0.0433	TRUE
F990_f_Pleosporaceae	B14216_metagenome	0.4895	0.0235	TRUE
B41_uncultured	B3822_o_NA	0.5586	0.0099	TRUE
B1450_Acinetobacter	B3822_o_NA	0.4689	0.0487	TRUE
B110_Roseateles	B3822_o_NA	0.521	0.0388	TRUE
F1698_Moesziomyces	B3822_o_NA	0.4417	0.019	TRUE
F78_unidentified	B3822_o_NA	0.5611	0.0099	TRUE
F2_Nigrospora	B3822_o_NA	0.6082	0.0396	TRUE
F20_Edenia	B3822_o_NA	-0.6059	0.0396	FALSE
F598_Rhodosporidiobolus	B3822_o_NA	0.5012	0.0388	TRUE
F93_Gaeumannomyces	B3822_o_NA	-0.4529	0.0495	FALSE
B894_f_BIrii41	B13585_Desulfatiglans	0.422	0.0235	TRUE
F575_Trametes	B13585_Desulfatiglans	0.4185	0.0334	TRUE
F220_Acremonium	B13585_Desulfatiglans	0.4346	0.0334	TRUE
F191_f_Didymellaceae	B13585_Desulfatiglans	0.456	0.0235	TRUE
B76_Methylobacterium	B1229_Roseomonas	0.4937	0.0137	TRUE
B973_Flavobacterium	B1229_Roseomonas	0.4121	0.0433	TRUE
B110_Roseateles	B1229_Roseomonas	0.5466	0.0137	TRUE
B154_f_Micrococcaceae	B1229_Roseomonas	0.5375	0.0433	TRUE
F1698_Moesziomyces	B1229_Roseomonas	0.4966	0.0235	TRUE
F157_unidentified	B1229_Roseomonas	0.5351	0.0487	TRUE
F1461_unidentified	B1229_Roseomonas	0.4801	0.0235	TRUE
F136_f_Didymosphaeriaceae	B1229_Roseomonas	0.4074	0.0334	TRUE
F277_Peniophora	B1229_Roseomonas	0.4704	0.0433	TRUE
F922_Phlebia	B1229_Roseomonas	0.457	0.0388	TRUE
F598_Rhodosporidiobolus	B1229_Roseomonas	0.553	0.005	TRUE
B120_uncultured Anaerolineaceae bacterium	B282_Acinetobacter	0.413	0.0235	TRUE
B54_uncultured	B282_Acinetobacter	-0.5849	0.0099	FALSE
B657_f_Xanthomonadaceae	B282_Acinetobacter	0.4525	0.0334	TRUE
F69_o_Pleosporales	B282_Acinetobacter	0.4682	0.0433	TRUE
F2110_unidentified	B282_Acinetobacter	0.4596	0.0433	TRUE
F59_Podospora	B282_Acinetobacter	0.3947	0.0388	TRUE
F1523_unidentified	B282_Acinetobacter	0.4256	0.0433	TRUE
F233_Periconia	B282_Acinetobacter	0.4502	0.0137	TRUE
F111_Geomyces	B282_Acinetobacter	0.4671	0.0334	TRUE
F1045_unidentified	B282_Acinetobacter	0.4366	0.0388	TRUE
F970_Resupinatus	B282_Acinetobacter	0.456	0.0334	TRUE
B381_Rhodopseudomonas	B22_uncultured.Roseobacter.sp.	-0.7984	0.0198	FALSE
B37_Allorhizobium-Neorhizobium-Pararhizobium-Rhizobium	B22_uncultured.Roseobacter.sp.	-0.5755	0.0198	FALSE
B36_Stenotrophomonas	B22_uncultured.Roseobacter.sp.	-0.7985	0.0099	FALSE
B1761_Sphingobacterium	B22_uncultured.Roseobacter.sp.	-0.7002	0.0198	FALSE
B100_Chitinophaga	B22_uncultured.Roseobacter.sp.	-0.8289	0.0099	FALSE
B20_Pseudomonas	B22_uncultured.Roseobacter.sp.	-0.5624	0.0396	FALSE
B5902_Bacillus	B22_uncultured.Roseobacter.sp.	-0.468	0.0495	FALSE
B127_Sphingobacterium	B22_uncultured.Roseobacter.sp.	-0.6773	0.0297	FALSE
B58_Rhodanobacter	B22_uncultured.Roseobacter.sp.	-0.7693	0.0297	FALSE
B633_f_Xanthomonadaceae	B22_uncultured.Roseobacter.sp.	-0.7984	0.0198	FALSE
B2581_Flavobacterium	B22_uncultured.Roseobacter.sp.	-0.7846	0.0099	FALSE
B408_Pseudomonas	B22_uncultured.Roseobacter.sp.	-0.8358	0.0198	FALSE
B1_Pantoea	B22_uncultured.Roseobacter.sp.	0.8484	0.0297	TRUE
B2021_Acidisoma	B22_uncultured.Roseobacter.sp.	-0.7035	0.0198	FALSE
B1091_Dyella	B22_uncultured.Roseobacter.sp.	-0.7564	0.0099	FALSE
B118_Oxalicibacterium	B22_uncultured.Roseobacter.sp.	-0.8132	0.0099	FALSE
B2161_Devosia	B22_uncultured.Roseobacter.sp.	-0.6699	0.0297	FALSE
F109_o_Pleosporales	B22_uncultured.Roseobacter.sp.	-0.6126	0.0198	FALSE
F37_unidentified	B22_uncultured.Roseobacter.sp.	-0.7658	0.0099	FALSE
F95_o_NA	B22_uncultured.Roseobacter.sp.	-0.7999	0.0198	FALSE
F16_Pyricularia	B22_uncultured.Roseobacter.sp.	0.7973	0.0099	TRUE
F116_Curvularia	B22_uncultured.Roseobacter.sp.	0.5881	0.0297	TRUE
F20_Edenia	B22_uncultured.Roseobacter.sp.	-0.7623	0.0099	FALSE
F376_Gibellulopsis	B22_uncultured.Roseobacter.sp.	-0.7834	0.0099	FALSE
F53_Pyrenochaetopsis	B22_uncultured.Roseobacter.sp.	-0.7337	0.0198	FALSE
F65_Sarocladium	B22_uncultured.Roseobacter.sp.	0.9297	0.0099	TRUE
F6_Cladosporium	B22_uncultured.Roseobacter.sp.	0.737	0.0198	TRUE
F93_Gaeumannomyces	B22_uncultured.Roseobacter.sp.	-0.5842	0.0495	FALSE
B222_Kineococcus	B61_Rhodanobacter	0.5267	0.0334	TRUE
B8058_Novosphingobium	B61_Rhodanobacter	0.4917	0.0235	TRUE
F61_o_Pleosporales	B61_Rhodanobacter	0.5208	0.0198	TRUE
F107_o_Helotiales	B61_Rhodanobacter	0.48	0.0334	TRUE
F23_Solicoccozyma	B61_Rhodanobacter	0.4997	0.0334	TRUE
F103_unidentified	B61_Rhodanobacter	0.4945	0.0137	TRUE
B143_Bradyrhizobium	B3515_Melittangium	0.523	0.0235	TRUE
B8012_Legionella	B3515_Melittangium	0.5119	0.0235	TRUE
B373_Niastella	B3515_Melittangium	0.4657	0.0433	TRUE
B1937_Singulisphaera	B3515_Melittangium	0.4506	0.0235	TRUE
B103_Burkholderia-Caballeronia-Paraburkholderia	B3515_Melittangium	0.5299	0.0235	TRUE
B120_uncultured Anaerolineaceae bacterium	B1051_Desulfovibrio	0.4915	0.0137	TRUE
B54_uncultured	B1051_Desulfovibrio	-0.5732	0.0396	FALSE
F2110_unidentified	B1051_Desulfovibrio	0.435	0.0433	TRUE
F54_Pyrenochaetopsis	B1051_Desulfovibrio	-0.492	0.0396	FALSE
F973_Phanerochaete	B1051_Desulfovibrio	0.4158	0.0433	TRUE
F990_f_Pleosporaceae	B1051_Desulfovibrio	0.5532	0.0137	TRUE
F580_Psathyrella	B1051_Desulfovibrio	0.4003	0.0334	TRUE
F970_Resupinatus	B1051_Desulfovibrio	0.4319	0.0433	TRUE
B58_Rhodanobacter	B134_Pseudomonas	0.6737	0.0297	TRUE
B1029_Massilia	B41_uncultured	0.8816	0.0099	TRUE
B17_Methylobacterium	B41_uncultured	0.892	0.0099	TRUE
B7_Curtobacterium	B41_uncultured	-0.717	0.0297	FALSE
F78_unidentified	B41_uncultured	0.7785	0.0099	TRUE
F16_Pyricularia	B41_uncultured	0.7772	0.0099	TRUE
F2_Nigrospora	B41_uncultured	0.8959	0.0099	TRUE
F20_Edenia	B41_uncultured	-0.7043	0.0198	FALSE
F36_Moesziomyces	B41_uncultured	0.7431	0.0198	TRUE
F28_f_Hypocreales_fam_Incertae_sedis	B41_uncultured	0.7495	0.0198	TRUE
F6_Cladosporium	B41_uncultured	0.7648	0.0099	TRUE
B4477_Cohnella	B1201_Mycobacterium	0.4523	0.0433	TRUE
B26_Bradyrhizobium	B1201_Mycobacterium	0.5237	0.0334	TRUE
B3802_Chryseobacterium	B1201_Mycobacterium	0.5106	0.0433	TRUE
B1161_Mucilaginibacter	B1201_Mycobacterium	0.5194	0.0433	TRUE
B3573_Cupriavidus	B1201_Mycobacterium	0.4416	0.0334	TRUE
B20_Pseudomonas	B521_Peredibacter	-0.4706	0.0396	FALSE
B973_Flavobacterium	B893_o_NA	0.394	0.0334	TRUE
F1698_Moesziomyces	B893_o_NA	0.4059	0.0433	TRUE
F157_unidentified	B893_o_NA	0.4919	0.0388	TRUE
F598_Rhodosporidiobolus	B893_o_NA	0.5237	0.0137	TRUE
F362_Porostereum	B893_o_NA	0.45	0.0495	TRUE
B71_Methylobacterium	B498_Terrimicrobium	0.488	0.0091	TRUE
B11_Xanthomonas	B498_Terrimicrobium	0.4614	0.0388	TRUE
B36_Stenotrophomonas	B381_Rhodopseudomonas	0.8574	0.0099	TRUE
B10_Allorhizobium-Neorhizobium-Pararhizobium-Rhizobium	B381_Rhodopseudomonas	0.6843	0.0099	TRUE
B1761_Sphingobacterium	B381_Rhodopseudomonas	0.7061	0.0099	TRUE
B265_Deinococcus	B381_Rhodopseudomonas	0.5253	0.0495	TRUE
B100_Chitinophaga	B381_Rhodopseudomonas	0.8262	0.0099	TRUE
B58_Rhodanobacter	B381_Rhodopseudomonas	0.7482	0.0297	TRUE
B159_Chryseobacterium	B381_Rhodopseudomonas	0.6738	0.0198	TRUE
B633_f_Xanthomonadaceae	B381_Rhodopseudomonas	0.8365	0.0099	TRUE
B2581_Flavobacterium	B381_Rhodopseudomonas	0.8007	0.0099	TRUE
B408_Pseudomonas	B381_Rhodopseudomonas	0.8619	0.0099	TRUE
B1_Pantoea	B381_Rhodopseudomonas	-0.6885	0.0396	FALSE
B2021_Acidisoma	B381_Rhodopseudomonas	0.7273	0.0099	TRUE
B1091_Dyella	B381_Rhodopseudomonas	0.8446	0.0198	TRUE
B118_Oxalicibacterium	B381_Rhodopseudomonas	0.8444	0.0099	TRUE
F109_o_Pleosporales	B381_Rhodopseudomonas	0.6668	0.0198	TRUE
F37_unidentified	B381_Rhodopseudomonas	0.8244	0.0198	TRUE
F76_o_Sordariales	B381_Rhodopseudomonas	0.5891	0.0396	TRUE
F95_o_NA	B381_Rhodopseudomonas	0.8661	0.0099	TRUE
F16_Pyricularia	B381_Rhodopseudomonas	-0.657	0.0297	FALSE
F3_Moesziomyces	B381_Rhodopseudomonas	-0.7295	0.0297	FALSE
F4_o_Pleosporales	B381_Rhodopseudomonas	0.5764	0.0396	TRUE
F20_Edenia	B381_Rhodopseudomonas	0.7317	0.0198	TRUE
F376_Gibellulopsis	B381_Rhodopseudomonas	0.8325	0.0099	TRUE
F53_Pyrenochaetopsis	B381_Rhodopseudomonas	0.7223	0.0495	TRUE
F65_Sarocladium	B381_Rhodopseudomonas	-0.7851	0.0099	FALSE
B1447_Achromobacter	B9402_Paenibacillus	0.4334	0.0137	TRUE
B11_Xanthomonas	B71_Methylobacterium	0.5769	0.0235	TRUE
B303_Methylotenera	B71_Methylobacterium	0.5127	0.0433	TRUE
B1447_Achromobacter	B71_Methylobacterium	0.5792	0.0137	TRUE
F4_o_Pleosporales	B71_Methylobacterium	0.4833	0.0395	TRUE
F989_Trametes	B71_Methylobacterium	0.5016	0.0433	TRUE
F280_o_Polyporales	B71_Methylobacterium	0.5529	0.0137	TRUE
F725_Cabalodontia	B71_Methylobacterium	0.4489	0.0334	TRUE
B4477_Cohnella	B37_Allorhizobium.Neorhizobium.Pararhizobium.Rhizobium	0.5124	0.0433	TRUE
B430_Pseudonocardia	B37_Allorhizobium.Neorhizobium.Pararhizobium.Rhizobium	0.4702	0.0235	TRUE
B5902_Bacillus	B37_Allorhizobium.Neorhizobium.Pararhizobium.Rhizobium	0.4921	0.005	TRUE
B1321_Emticicia	B37_Allorhizobium.Neorhizobium.Pararhizobium.Rhizobium	0.4988	0.019	TRUE
B3802_Chryseobacterium	B37_Allorhizobium.Neorhizobium.Pararhizobium.Rhizobium	0.7019	0.0137	TRUE
B1_Pantoea	B37_Allorhizobium.Neorhizobium.Pararhizobium.Rhizobium	-0.6062	0.0297	FALSE
B3573_Cupriavidus	B37_Allorhizobium.Neorhizobium.Pararhizobium.Rhizobium	0.4763	0.0334	TRUE
B2161_Devosia	B37_Allorhizobium.Neorhizobium.Pararhizobium.Rhizobium	0.5592	0.0289	TRUE
F501_unidentified	B37_Allorhizobium.Neorhizobium.Pararhizobium.Rhizobium	0.6031	0.005	TRUE
F318_Saccharomyces	B37_Allorhizobium.Neorhizobium.Pararhizobium.Rhizobium	0.5765	0.0235	TRUE
F404_Curvularia	B37_Allorhizobium.Neorhizobium.Pararhizobium.Rhizobium	0.6129	0.005	TRUE
F65_Sarocladium	B37_Allorhizobium.Neorhizobium.Pararhizobium.Rhizobium	-0.6177	0.0198	FALSE
F662_Sarocladium	B37_Allorhizobium.Neorhizobium.Pararhizobium.Rhizobium	0.4706	0.0235	TRUE
B127_Sphingobacterium	B23_f_Burkholderiaceae	0.6807	0.0297	TRUE
B1_Pantoea	B23_f_Burkholderiaceae	-0.6976	0.0396	FALSE
B2161_Devosia	B23_f_Burkholderiaceae	0.6716	0.0099	TRUE
F318_Saccharomyces	B23_f_Burkholderiaceae	0.4727	0.0494	TRUE
B26_Bradyrhizobium	B4477_Cohnella	0.5097	0.0433	TRUE
B1161_Mucilaginibacter	B4477_Cohnella	0.422	0.0433	TRUE
F318_Saccharomyces	B4477_Cohnella	0.4087	0.0334	TRUE
F404_Curvularia	B4477_Cohnella	0.4521	0.0334	TRUE
B54_uncultured	B120_uncultured.Anaerolineaceae.bacterium	-0.6413	0.0099	FALSE
B657_f_Xanthomonadaceae	B120_uncultured.Anaerolineaceae.bacterium	0.4476	0.0433	TRUE
F69_o_Pleosporales	B120_uncultured.Anaerolineaceae.bacterium	0.5045	0.0235	TRUE
F2110_unidentified	B120_uncultured.Anaerolineaceae.bacterium	0.4889	0.0433	TRUE
F4124_o_Eurotiales	B120_uncultured.Anaerolineaceae.bacterium	0.4536	0.0433	TRUE
F4391_o_Tremellales	B120_uncultured.Anaerolineaceae.bacterium	0.4217	0.0433	TRUE
F111_Geomyces	B120_uncultured.Anaerolineaceae.bacterium	0.5213	0.0137	TRUE
F183_Curvularia	B120_uncultured.Anaerolineaceae.bacterium	0.4943	0.0235	TRUE
F973_Phanerochaete	B120_uncultured.Anaerolineaceae.bacterium	0.4683	0.0235	TRUE
F990_f_Pleosporaceae	B120_uncultured.Anaerolineaceae.bacterium	0.5302	0.005	TRUE
F970_Resupinatus	B120_uncultured.Anaerolineaceae.bacterium	0.4479	0.0334	TRUE
B143_Bradyrhizobium	B14503_o_NA	0.4217	0.005	TRUE
B8012_Legionella	B143_Bradyrhizobium	0.5683	0.0235	TRUE
B14555_o_Saccharimonadales	B143_Bradyrhizobium	0.4023	0.0137	TRUE
B373_Niastella	B143_Bradyrhizobium	0.6227	0.005	TRUE
B2347_Bacillus	B143_Bradyrhizobium	0.6083	0.0433	TRUE
B1937_Singulisphaera	B143_Bradyrhizobium	0.5315	0.0433	TRUE
B428_f_Enterobacteriaceae	B143_Bradyrhizobium	0.5867	0.0334	TRUE
B1160_Pseudoxanthomonas	B143_Bradyrhizobium	0.5063	0.0235	TRUE
B489_f_Micrococcaceae	B143_Bradyrhizobium	0.5561	0.0433	TRUE
B103_Burkholderia-Caballeronia-Paraburkholderia	B143_Bradyrhizobium	0.6894	0.0137	TRUE
F801_o_NA	B143_Bradyrhizobium	0.5149	0.0235	TRUE
F814_Xylodon	B143_Bradyrhizobium	0.4565	0.0433	TRUE
B5902_Bacillus	B26_Bradyrhizobium	0.4814	0.0433	TRUE
B3802_Chryseobacterium	B26_Bradyrhizobium	0.5622	0.0137	TRUE
B10876_Taibaiella	B26_Bradyrhizobium	0.4419	0.0433	TRUE
B1161_Mucilaginibacter	B26_Bradyrhizobium	0.5895	0.0235	TRUE
B3573_Cupriavidus	B26_Bradyrhizobium	0.4317	0.0433	TRUE
F318_Saccharomyces	B26_Bradyrhizobium	0.5432	0.0235	TRUE
B919_f_Burkholderiaceae	B8562_uncultured	0.6197	0.005	TRUE
B31_Quadrisphaera	B8562_uncultured	0.6096	0.0137	TRUE
B894_f_BIrii41	B8562_uncultured	0.5441	0.005	TRUE
F1349_unidentified	B8562_uncultured	0.5328	0.005	TRUE
F312_unidentified	B8562_uncultured	0.5843	0.005	TRUE
F202_Pseudozyma	B8562_uncultured	0.5574	0.0334	TRUE
F686_Malassezia	B8562_uncultured	0.5455	0.005	TRUE
F717_Sistotremastrum	B8562_uncultured	0.4945	0.0334	TRUE
F328_Phaeosphaeria	B8562_uncultured	0.5411	0.0235	TRUE
F36_Moesziomyces	B8562_uncultured	0.5247	0.0495	TRUE
F220_Acremonium	B8562_uncultured	0.5329	0.0235	TRUE
F191_f_Didymellaceae	B8562_uncultured	0.5988	0.0235	TRUE
F1309_Sphaerulina	B8562_uncultured	0.5744	0.005	TRUE
F106_unidentified	B5_Pseudomonas	-0.5166	0.0495	FALSE
F48_unidentified	B5_Pseudomonas	0.5945	0.0396	TRUE
F312_unidentified	B5_Pseudomonas	0.4669	0.0197	TRUE
F137_Malassezia	B5_Pseudomonas	-0.6198	0.0297	FALSE
F686_Malassezia	B5_Pseudomonas	0.5315	0.0494	TRUE
F191_f_Didymellaceae	B5_Pseudomonas	0.5585	0.0494	TRUE
F1309_Sphaerulina	B5_Pseudomonas	0.4819	0.0197	TRUE
B1761_Sphingobacterium	B36_Stenotrophomonas	0.6798	0.0099	TRUE
B265_Deinococcus	B36_Stenotrophomonas	0.5386	0.0297	TRUE
B100_Chitinophaga	B36_Stenotrophomonas	0.8355	0.0099	TRUE
B127_Sphingobacterium	B36_Stenotrophomonas	0.5959	0.0198	TRUE
B58_Rhodanobacter	B36_Stenotrophomonas	0.7324	0.0099	TRUE
B159_Chryseobacterium	B36_Stenotrophomonas	0.6698	0.0297	TRUE
B633_f_Xanthomonadaceae	B36_Stenotrophomonas	0.7832	0.0198	TRUE
B2581_Flavobacterium	B36_Stenotrophomonas	0.7882	0.0099	TRUE
B408_Pseudomonas	B36_Stenotrophomonas	0.8438	0.0099	TRUE
B2021_Acidisoma	B36_Stenotrophomonas	0.7132	0.0198	TRUE
B1091_Dyella	B36_Stenotrophomonas	0.8288	0.0198	TRUE
B118_Oxalicibacterium	B36_Stenotrophomonas	0.8475	0.0099	TRUE
F109_o_Pleosporales	B36_Stenotrophomonas	0.6475	0.0099	TRUE
F37_unidentified	B36_Stenotrophomonas	0.8118	0.0099	TRUE
F76_o_Sordariales	B36_Stenotrophomonas	0.6216	0.0099	TRUE
F95_o_NA	B36_Stenotrophomonas	0.8577	0.0198	TRUE
F16_Pyricularia	B36_Stenotrophomonas	-0.698	0.0396	FALSE
F3_Moesziomyces	B36_Stenotrophomonas	-0.7222	0.0099	FALSE
F116_Curvularia	B36_Stenotrophomonas	-0.6379	0.0297	FALSE
F20_Edenia	B36_Stenotrophomonas	0.705	0.0297	TRUE
F376_Gibellulopsis	B36_Stenotrophomonas	0.8185	0.0099	TRUE
F53_Pyrenochaetopsis	B36_Stenotrophomonas	0.7114	0.0099	TRUE
F65_Sarocladium	B36_Stenotrophomonas	-0.7937	0.0099	FALSE
B42_Pseudomonas	B683_Ancylobacter	0.4958	0.0334	TRUE
B1582_Pedobacter	B683_Ancylobacter	0.5371	0.0137	TRUE
B7676_uncultured	B683_Ancylobacter	0.5345	0.0334	TRUE
B4155_Anaerococcus	B683_Ancylobacter	0.4088	0.0334	TRUE
B408_Pseudomonas	B683_Ancylobacter	0.4066	0.0494	TRUE
B1513_Niveispirillum	B683_Ancylobacter	0.4712	0.0235	TRUE
F12_o_Pleosporales	B683_Ancylobacter	0.479	0.0296	TRUE
B76_Methylobacterium	B342_Herbaspirillum	0.6013	0.0235	TRUE
B1450_Acinetobacter	B342_Herbaspirillum	0.5546	0.0137	TRUE
B711_uncultured proteobacterium	B342_Herbaspirillum	0.4612	0.0433	TRUE
B110_Roseateles	B342_Herbaspirillum	0.5943	0.0235	TRUE
B888_Chryseobacterium	B342_Herbaspirillum	0.517	0.0433	TRUE
B154_f_Micrococcaceae	B342_Herbaspirillum	0.5308	0.0433	TRUE
B477_o_NA	B342_Herbaspirillum	0.4377	0.0433	TRUE
F1698_Moesziomyces	B342_Herbaspirillum	0.5052	0.0433	TRUE
F21_Acremonium	B342_Herbaspirillum	0.4997	0.0289	TRUE
F157_unidentified	B342_Herbaspirillum	0.5827	0.0388	TRUE
F700_Trechispora	B342_Herbaspirillum	0.4692	0.0433	TRUE
F277_Peniophora	B342_Herbaspirillum	0.5299	0.0137	TRUE
F407_Phanerochaete	B342_Herbaspirillum	0.5313	0.0487	TRUE
F292_Engyodontium	B342_Herbaspirillum	0.4423	0.0494	TRUE
F598_Rhodosporidiobolus	B342_Herbaspirillum	0.6264	0.0137	TRUE
F674_Cystobasidium	B342_Herbaspirillum	0.5767	0.0137	TRUE
F362_Porostereum	B342_Herbaspirillum	0.458	0.0495	TRUE
B2664_Singulisphaera	B9032_uncultured.bacterium.259	0.3927	0.0334	TRUE
B33_Kineococcus	B9032_uncultured.bacterium.259	0.5572	0.0137	TRUE
B5194_SH-PL14	B9032_uncultured.bacterium.259	0.4399	0.0433	TRUE
F759_unidentified	B9032_uncultured.bacterium.259	0.4519	0.0235	TRUE
F1333_Rhizopus	B9032_uncultured.bacterium.259	0.4247	0.0433	TRUE
B303_Methylotenera	B10_Allorhizobium.Neorhizobium.Pararhizobium.Rhizobium	0.4353	0.0487	TRUE
B100_Chitinophaga	B10_Allorhizobium.Neorhizobium.Pararhizobium.Rhizobium	0.6112	0.0198	TRUE
B159_Chryseobacterium	B10_Allorhizobium.Neorhizobium.Pararhizobium.Rhizobium	0.7983	0.0098	TRUE
B633_f_Xanthomonadaceae	B10_Allorhizobium.Neorhizobium.Pararhizobium.Rhizobium	0.6626	0.0099	TRUE
B200_Flavobacterium	B10_Allorhizobium.Neorhizobium.Pararhizobium.Rhizobium	0.6906	0.0098	TRUE
B1091_Dyella	B10_Allorhizobium.Neorhizobium.Pararhizobium.Rhizobium	0.6553	0.0198	TRUE
B118_Oxalicibacterium	B10_Allorhizobium.Neorhizobium.Pararhizobium.Rhizobium	0.6664	0.0198	TRUE
B12_Novosphingobium	B10_Allorhizobium.Neorhizobium.Pararhizobium.Rhizobium	0.6045	0.0297	TRUE
F37_unidentified	B10_Allorhizobium.Neorhizobium.Pararhizobium.Rhizobium	0.6118	0.0495	TRUE
F76_o_Sordariales	B10_Allorhizobium.Neorhizobium.Pararhizobium.Rhizobium	0.5251	0.0396	TRUE
F95_o_NA	B10_Allorhizobium.Neorhizobium.Pararhizobium.Rhizobium	0.6601	0.0198	TRUE
F4_o_Pleosporales	B10_Allorhizobium.Neorhizobium.Pararhizobium.Rhizobium	0.5705	0.0198	TRUE
F12_o_Pleosporales	B10_Allorhizobium.Neorhizobium.Pararhizobium.Rhizobium	0.6429	0.0396	TRUE
F376_Gibellulopsis	B10_Allorhizobium.Neorhizobium.Pararhizobium.Rhizobium	0.6441	0.0396	TRUE
B1447_Achromobacter	B11_Xanthomonas	0.5802	0.0334	TRUE
B40_Caulobacter	B11_Xanthomonas	0.4356	0.0433	TRUE
F4_o_Pleosporales	B11_Xanthomonas	0.5105	0.0296	TRUE
F989_Trametes	B11_Xanthomonas	0.5576	0.005	TRUE
F280_o_Polyporales	B11_Xanthomonas	0.539	0.0235	TRUE
B1414_o_uncultured	B919_f_Burkholderiaceae	0.4677	0.0235	TRUE
B31_Quadrisphaera	B919_f_Burkholderiaceae	0.6131	0.0137	TRUE
B11144_o_Saccharimonadales	B919_f_Burkholderiaceae	0.4742	0.0433	TRUE
F3824_unidentified	B919_f_Burkholderiaceae	0.4978	0.0334	TRUE
F1349_unidentified	B919_f_Burkholderiaceae	0.6253	0.0235	TRUE
F312_unidentified	B919_f_Burkholderiaceae	0.6129	0.0137	TRUE
F686_Malassezia	B919_f_Burkholderiaceae	0.549	0.005	TRUE
F660_Simplicillium	B919_f_Burkholderiaceae	0.4441	0.0334	TRUE
F575_Trametes	B919_f_Burkholderiaceae	0.5595	0.0235	TRUE
F717_Sistotremastrum	B919_f_Burkholderiaceae	0.5657	0.0334	TRUE
F328_Phaeosphaeria	B919_f_Burkholderiaceae	0.5584	0.0334	TRUE
F36_Moesziomyces	B919_f_Burkholderiaceae	0.5719	0.0198	TRUE
F220_Acremonium	B919_f_Burkholderiaceae	0.585	0.005	TRUE
F191_f_Didymellaceae	B919_f_Burkholderiaceae	0.6789	0.005	TRUE
F1309_Sphaerulina	B919_f_Burkholderiaceae	0.5721	0.0235	TRUE
B373_Niastella	B8012_Legionella	0.5064	0.0137	TRUE
B2347_Bacillus	B8012_Legionella	0.5612	0.005	TRUE
B428_f_Enterobacteriaceae	B8012_Legionella	0.4641	0.0433	TRUE
B1160_Pseudoxanthomonas	B8012_Legionella	0.5055	0.0137	TRUE
B1828_metagenome	B8012_Legionella	0.4797	0.0433	TRUE
B489_f_Micrococcaceae	B8012_Legionella	0.4445	0.0433	TRUE
B103_Burkholderia-Caballeronia-Paraburkholderia	B8012_Legionella	0.5328	0.0235	TRUE
F315_Trametes	B8012_Legionella	0.4572	0.0235	TRUE
B265_Deinococcus	B2_Methylobacterium	-0.7067	0.0099	FALSE
B20_Pseudomonas	B2_Methylobacterium	-0.7372	0.0198	FALSE
B15_Sphingomonas	B2_Methylobacterium	-0.6528	0.0396	FALSE
B162_Asticcacaulis	B2_Methylobacterium	0.6099	0.0396	TRUE
F606_unidentified	B2_Methylobacterium	-0.6665	0.0297	FALSE
F1440_Xenasmatella	B2_Methylobacterium	-0.55	0.0099	FALSE
F3_Moesziomyces	B2_Methylobacterium	0.7679	0.0198	TRUE
F190_Irpex	B2_Methylobacterium	0.5888	0.0396	TRUE
F27_Curvularia	B2_Methylobacterium	0.6109	0.0495	TRUE
F116_Curvularia	B2_Methylobacterium	0.8282	0.0099	TRUE
F53_Pyrenochaetopsis	B2_Methylobacterium	-0.671	0.0198	FALSE
F663_Hymenochaetopsis	B2_Methylobacterium	-0.5803	0.0198	FALSE
F44_Zopfiella	B2_Methylobacterium	0.6582	0.0495	TRUE
B3802_Chryseobacterium	B430_Pseudonocardia	0.4468	0.0334	TRUE
B15_Sphingomonas	B9_Methylobacterium	-0.6037	0.0396	FALSE
F27_Curvularia	B9_Methylobacterium	0.6641	0.0198	TRUE
F44_Zopfiella	B9_Methylobacterium	0.6255	0.0495	TRUE
F93_Gaeumannomyces	B9_Methylobacterium	0.5497	0.0297	TRUE
B1582_Pedobacter	B42_Pseudomonas	0.5124	0.0137	TRUE
B159_Chryseobacterium	B42_Pseudomonas	0.4508	0.0487	TRUE
B1810_Fluviicola	B42_Pseudomonas	0.4699	0.0334	TRUE
F337_Myrmecridium	B42_Pseudomonas	0.5094	0.0137	TRUE
B1450_Acinetobacter	B76_Methylobacterium	0.584	0.0137	TRUE
B711_uncultured proteobacterium	B76_Methylobacterium	0.4763	0.0334	TRUE
B110_Roseateles	B76_Methylobacterium	0.6661	0.0137	TRUE
B888_Chryseobacterium	B76_Methylobacterium	0.5832	0.005	TRUE
B154_f_Micrococcaceae	B76_Methylobacterium	0.6097	0.0334	TRUE
B3325_Hymenobacter	B76_Methylobacterium	0.461	0.0433	TRUE
F1629_o_NA	B76_Methylobacterium	0.5587	0.0137	TRUE
F1698_Moesziomyces	B76_Methylobacterium	0.5505	0.0137	TRUE
F21_Acremonium	B76_Methylobacterium	0.6091	0.0388	TRUE
F157_unidentified	B76_Methylobacterium	0.6064	0.019	TRUE
F1461_unidentified	B76_Methylobacterium	0.5344	0.005	TRUE
F190_Irpex	B76_Methylobacterium	-0.4452	0.0495	FALSE
F277_Peniophora	B76_Methylobacterium	0.5522	0.0137	TRUE
F1433_Penicillium	B76_Methylobacterium	0.5367	0.0487	TRUE
F407_Phanerochaete	B76_Methylobacterium	0.547	0.0289	TRUE
F922_Phlebia	B76_Methylobacterium	0.4888	0.0487	TRUE
F598_Rhodosporidiobolus	B76_Methylobacterium	0.6905	0.0235	TRUE
F674_Cystobasidium	B76_Methylobacterium	0.4952	0.0433	TRUE
F362_Porostereum	B76_Methylobacterium	0.5297	0.0396	TRUE
B100_Chitinophaga	B1761_Sphingobacterium	0.7395	0.0099	TRUE
B58_Rhodanobacter	B1761_Sphingobacterium	0.5702	0.0396	TRUE
B633_f_Xanthomonadaceae	B1761_Sphingobacterium	0.6726	0.0198	TRUE
B2581_Flavobacterium	B1761_Sphingobacterium	0.6435	0.0099	TRUE
B408_Pseudomonas	B1761_Sphingobacterium	0.7239	0.0099	TRUE
B2021_Acidisoma	B1761_Sphingobacterium	0.6151	0.0099	TRUE
B1091_Dyella	B1761_Sphingobacterium	0.6909	0.0198	TRUE
B118_Oxalicibacterium	B1761_Sphingobacterium	0.7089	0.0099	TRUE
F109_o_Pleosporales	B1761_Sphingobacterium	0.6117	0.0099	TRUE
F37_unidentified	B1761_Sphingobacterium	0.6813	0.0396	TRUE
F95_o_NA	B1761_Sphingobacterium	0.7421	0.0099	TRUE
F16_Pyricularia	B1761_Sphingobacterium	-0.5945	0.0297	FALSE
F3_Moesziomyces	B1761_Sphingobacterium	-0.6421	0.0099	FALSE
F20_Edenia	B1761_Sphingobacterium	0.5849	0.0297	TRUE
F376_Gibellulopsis	B1761_Sphingobacterium	0.7012	0.0099	TRUE
F53_Pyrenochaetopsis	B1761_Sphingobacterium	0.6413	0.0099	TRUE
F65_Sarocladium	B1761_Sphingobacterium	-0.6945	0.0099	FALSE
B154_f_Micrococcaceae	B973_Flavobacterium	0.4686	0.0235	TRUE
F157_unidentified	B973_Flavobacterium	0.4621	0.019	TRUE
F598_Rhodosporidiobolus	B973_Flavobacterium	0.5211	0.0433	TRUE
F362_Porostereum	B973_Flavobacterium	0.4844	0.0198	TRUE
B2347_Bacillus	B373_Niastella	0.5348	0.0334	TRUE
B1937_Singulisphaera	B373_Niastella	0.4359	0.0334	TRUE
B1160_Pseudoxanthomonas	B373_Niastella	0.5222	0.0235	TRUE
B103_Burkholderia-Caballeronia-Paraburkholderia	B373_Niastella	0.5553	0.0334	TRUE
F280_o_Polyporales	B303_Methylotenera	0.4572	0.0433	TRUE
B31_Quadrisphaera	B171_uncultured.prokaryote	0.5067	0.0137	TRUE
B894_f_BIrii41	B171_uncultured.prokaryote	0.413	0.0334	TRUE
F1349_unidentified	B171_uncultured.prokaryote	0.4641	0.0235	TRUE
F54_Pyrenochaetopsis	B171_uncultured.prokaryote	-0.459	0.0198	FALSE
F312_unidentified	B171_uncultured.prokaryote	0.486	0.0334	TRUE
F686_Malassezia	B171_uncultured.prokaryote	0.5393	0.0235	TRUE
F191_f_Didymellaceae	B171_uncultured.prokaryote	0.4887	0.0137	TRUE
B15_Sphingomonas	B8_f_Rhizobiaceae	-0.6043	0.0297	FALSE
B1914_Massilia	B8_f_Rhizobiaceae	0.6047	0.0396	TRUE
B162_Asticcacaulis	B8_f_Rhizobiaceae	0.662	0.0297	TRUE
F114_unidentified	B8_f_Rhizobiaceae	0.6276	0.0297	TRUE
F48_unidentified	B8_f_Rhizobiaceae	-0.6844	0.0495	FALSE
F3_Moesziomyces	B8_f_Rhizobiaceae	0.6607	0.0495	TRUE
F51_Papiliotrema	B8_f_Rhizobiaceae	0.557	0.0396	TRUE
F5_Alternaria	B8_f_Rhizobiaceae	0.6137	0.0495	TRUE
B711_uncultured proteobacterium	B1450_Acinetobacter	0.4822	0.0235	TRUE
B110_Roseateles	B1450_Acinetobacter	0.5863	0.0235	TRUE
B888_Chryseobacterium	B1450_Acinetobacter	0.5089	0.0137	TRUE
B154_f_Micrococcaceae	B1450_Acinetobacter	0.4833	0.0235	TRUE
F1629_o_NA	B1450_Acinetobacter	0.4766	0.0235	TRUE
F21_Acremonium	B1450_Acinetobacter	0.5105	0.019	TRUE
F157_unidentified	B1450_Acinetobacter	0.5698	0.0487	TRUE
F1461_unidentified	B1450_Acinetobacter	0.4355	0.0235	TRUE
F2124_Penicillium	B1450_Acinetobacter	0.4847	0.0433	TRUE
F277_Peniophora	B1450_Acinetobacter	0.4718	0.0235	TRUE
F1433_Penicillium	B1450_Acinetobacter	0.5035	0.0289	TRUE
F598_Rhodosporidiobolus	B1450_Acinetobacter	0.6674	0.005	TRUE
F674_Cystobasidium	B1450_Acinetobacter	0.467	0.0433	TRUE
B20_Pseudomonas	B265_Deinococcus	0.691	0.0099	TRUE
B408_Pseudomonas	B265_Deinococcus	0.5265	0.0396	TRUE
F37_unidentified	B265_Deinococcus	0.5638	0.0396	TRUE
F95_o_NA	B265_Deinococcus	0.5637	0.0495	TRUE
F117_Saitozyma	B265_Deinococcus	-0.55	0.0495	FALSE
F3_Moesziomyces	B265_Deinococcus	-0.7229	0.0198	FALSE
F190_Irpex	B265_Deinococcus	-0.6064	0.0495	FALSE
F116_Curvularia	B265_Deinococcus	-0.6854	0.0099	FALSE
F178_Schizopora	B265_Deinococcus	-0.6312	0.0396	FALSE
F5_Alternaria	B265_Deinococcus	-0.6806	0.0099	FALSE
B7676_uncultured	B1582_Pedobacter	0.4604	0.0334	TRUE
B159_Chryseobacterium	B1582_Pedobacter	0.4762	0.0388	TRUE
B1810_Fluviicola	B1582_Pedobacter	0.4256	0.0334	TRUE
B4155_Anaerococcus	B1582_Pedobacter	0.4468	0.0137	TRUE
B1513_Niveispirillum	B1582_Pedobacter	0.4649	0.0334	TRUE
B127_Sphingobacterium	B2954_Sphingobacterium	0.573	0.0495	TRUE
B1_Pantoea	B2954_Sphingobacterium	-0.6564	0.0396	FALSE
B2161_Devosia	B2954_Sphingobacterium	0.6044	0.0099	TRUE
B974_f_Burkholderiaceae	B222_Kineococcus	0.4996	0.019	TRUE
F61_o_Pleosporales	B222_Kineococcus	0.4671	0.0297	TRUE
F1936_unidentified	B222_Kineococcus	0.3922	0.0334	TRUE
F848_unidentified	B222_Kineococcus	0.4959	0.0334	TRUE
F25_Dimorphospora	B222_Kineococcus	0.5889	0.0235	TRUE
F539_Cenococcum	B222_Kineococcus	0.3874	0.0289	TRUE
F90_Pseudogymnoascus	B222_Kineococcus	0.4632	0.0433	TRUE
F103_unidentified	B222_Kineococcus	0.5345	0.005	TRUE
B127_Sphingobacterium	B100_Chitinophaga	0.6401	0.0297	TRUE
B58_Rhodanobacter	B100_Chitinophaga	0.7902	0.0297	TRUE
B633_f_Xanthomonadaceae	B100_Chitinophaga	0.7933	0.0198	TRUE
B2581_Flavobacterium	B100_Chitinophaga	0.7878	0.0099	TRUE
B408_Pseudomonas	B100_Chitinophaga	0.8673	0.0099	TRUE
B1_Pantoea	B100_Chitinophaga	-0.774	0.0198	FALSE
B2021_Acidisoma	B100_Chitinophaga	0.7251	0.0099	TRUE
B1091_Dyella	B100_Chitinophaga	0.8269	0.0099	TRUE
B118_Oxalicibacterium	B100_Chitinophaga	0.8533	0.0099	TRUE
B2161_Devosia	B100_Chitinophaga	0.6561	0.0099	TRUE
F109_o_Pleosporales	B100_Chitinophaga	0.6209	0.0198	TRUE
F37_unidentified	B100_Chitinophaga	0.7806	0.0099	TRUE
F76_o_Sordariales	B100_Chitinophaga	0.5627	0.0297	TRUE
F95_o_NA	B100_Chitinophaga	0.8658	0.0099	TRUE
F16_Pyricularia	B100_Chitinophaga	-0.7123	0.0198	FALSE
F3_Moesziomyces	B100_Chitinophaga	-0.6987	0.0396	FALSE
F4_o_Pleosporales	B100_Chitinophaga	0.583	0.0297	TRUE
F20_Edenia	B100_Chitinophaga	0.7385	0.0198	TRUE
F376_Gibellulopsis	B100_Chitinophaga	0.8104	0.0099	TRUE
F53_Pyrenochaetopsis	B100_Chitinophaga	0.7063	0.0198	TRUE
F65_Sarocladium	B100_Chitinophaga	-0.8244	0.0198	FALSE
B17_Methylobacterium	B1029_Massilia	0.888	0.0099	TRUE
B7_Curtobacterium	B1029_Massilia	-0.679	0.0297	FALSE
F54_Pyrenochaetopsis	B1029_Massilia	-0.6534	0.0396	FALSE
F78_unidentified	B1029_Massilia	0.7777	0.0198	TRUE
F16_Pyricularia	B1029_Massilia	0.7464	0.0198	TRUE
F2_Nigrospora	B1029_Massilia	0.898	0.0198	TRUE
F20_Edenia	B1029_Massilia	-0.7167	0.0297	FALSE
F36_Moesziomyces	B1029_Massilia	0.7047	0.0297	TRUE
F28_f_Hypocreales_fam_Incertae_sedis	B1029_Massilia	0.781	0.0099	TRUE
F6_Cladosporium	B1029_Massilia	0.7569	0.0198	TRUE
F93_Gaeumannomyces	B1029_Massilia	-0.6226	0.0297	FALSE
B13865_Corynebacterium	B54_uncultured	-0.5472	0.0396	FALSE
B10336_Fimbriiglobus	B54_uncultured	-0.5672	0.0495	FALSE
B657_f_Xanthomonadaceae	B54_uncultured	-0.6626	0.0198	FALSE
B12_Novosphingobium	B54_uncultured	-0.5815	0.0495	FALSE
F69_o_Pleosporales	B54_uncultured	-0.6908	0.0297	FALSE
F2110_unidentified	B54_uncultured	-0.6348	0.0396	FALSE
F4124_o_Eurotiales	B54_uncultured	-0.5024	0.0495	FALSE
F4391_o_Tremellales	B54_uncultured	-0.5092	0.0297	FALSE
F1523_unidentified	B54_uncultured	-0.5481	0.0495	FALSE
F233_Periconia	B54_uncultured	-0.6385	0.0099	FALSE
F111_Geomyces	B54_uncultured	-0.6529	0.0198	FALSE
F183_Curvularia	B54_uncultured	-0.675	0.0297	FALSE
F973_Phanerochaete	B54_uncultured	-0.532	0.0495	FALSE
F990_f_Pleosporaceae	B54_uncultured	-0.7235	0.0198	FALSE
F268_Sarocladium	B54_uncultured	0.6268	0.0495	TRUE
F580_Psathyrella	B54_uncultured	-0.5762	0.0198	FALSE
F970_Resupinatus	B54_uncultured	-0.6439	0.0396	FALSE
B13_Aureimonas	B20_Pseudomonas	-0.719	0.0396	FALSE
F37_unidentified	B20_Pseudomonas	0.7511	0.0099	TRUE
F190_Irpex	B20_Pseudomonas	-0.7638	0.0099	FALSE
F116_Curvularia	B20_Pseudomonas	-0.8161	0.0099	FALSE
F53_Pyrenochaetopsis	B20_Pseudomonas	0.8747	0.0099	TRUE
F1045_unidentified	B20_Pseudomonas	-0.5235	0.0297	FALSE
F89_Aureobasidium	B20_Pseudomonas	0.5815	0.0396	TRUE
B1161_Mucilaginibacter	B5902_Bacillus	0.4744	0.0433	TRUE
B3573_Cupriavidus	B5902_Bacillus	0.393	0.0334	TRUE
F501_unidentified	B5902_Bacillus	0.4055	0.0433	TRUE
F404_Curvularia	B5902_Bacillus	0.4651	0.0334	TRUE
F312_unidentified	B1407_Niveispirillum	0.4404	0.0433	TRUE
F686_Malassezia	B1407_Niveispirillum	0.4004	0.0433	TRUE
F220_Acremonium	B1407_Niveispirillum	0.508	0.005	TRUE
F1309_Sphaerulina	B1407_Niveispirillum	0.4878	0.0235	TRUE
B1603_Nakamurella	B974_f_Burkholderiaceae	0.6686	0.0197	TRUE
B1914_Massilia	B974_f_Burkholderiaceae	0.6316	0.0297	TRUE
B27_Mucilaginibacter	B974_f_Burkholderiaceae	0.5538	0.0396	TRUE
F61_o_Pleosporales	B974_f_Burkholderiaceae	0.5859	0.0396	TRUE
F117_Saitozyma	B974_f_Burkholderiaceae	0.6415	0.0198	TRUE
F3_Moesziomyces	B974_f_Burkholderiaceae	0.7033	0.0297	TRUE
F51_Papiliotrema	B974_f_Burkholderiaceae	0.5571	0.0297	TRUE
F130_Ramichloridium	B974_f_Burkholderiaceae	0.5821	0.0396	TRUE
F44_Zopfiella	B974_f_Burkholderiaceae	0.6313	0.0297	TRUE
B125_Niveispirillum	B127_Sphingobacterium	0.5348	0.0495	TRUE
B633_f_Xanthomonadaceae	B127_Sphingobacterium	0.601	0.0297	TRUE
B408_Pseudomonas	B127_Sphingobacterium	0.6313	0.0396	TRUE
B1_Pantoea	B127_Sphingobacterium	-0.8347	0.0099	FALSE
B2021_Acidisoma	B127_Sphingobacterium	0.5646	0.0297	TRUE
B1091_Dyella	B127_Sphingobacterium	0.572	0.0297	TRUE
B2161_Devosia	B127_Sphingobacterium	0.7889	0.0098	TRUE
F501_unidentified	B127_Sphingobacterium	0.5023	0.0388	TRUE
F95_o_NA	B127_Sphingobacterium	0.5936	0.0297	TRUE
F4_o_Pleosporales	B127_Sphingobacterium	0.4714	0.0198	TRUE
F20_Edenia	B127_Sphingobacterium	0.5583	0.0495	TRUE
F53_Pyrenochaetopsis	B127_Sphingobacterium	0.5646	0.0495	TRUE
F65_Sarocladium	B127_Sphingobacterium	-0.7371	0.0198	FALSE
B33_Kineococcus	B2664_Singulisphaera	0.5647	0.0137	TRUE
B5033_f_Planococcaceae	B2664_Singulisphaera	0.4549	0.0334	TRUE
F258_Nigrospora	B2664_Singulisphaera	0.5141	0.0433	TRUE
F1333_Rhizopus	B2664_Singulisphaera	0.4009	0.0334	TRUE
F157_unidentified	B1834_f_Ruminococcaceae	0.4565	0.0388	TRUE
F598_Rhodosporidiobolus	B1834_f_Ruminococcaceae	0.4628	0.0433	TRUE
B159_Chryseobacterium	B58_Rhodanobacter	0.5584	0.0495	TRUE
B2581_Flavobacterium	B58_Rhodanobacter	0.6935	0.0297	TRUE
B408_Pseudomonas	B58_Rhodanobacter	0.7401	0.0297	TRUE
B2021_Acidisoma	B58_Rhodanobacter	0.6287	0.0198	TRUE
B1091_Dyella	B58_Rhodanobacter	0.6959	0.0297	TRUE
B118_Oxalicibacterium	B58_Rhodanobacter	0.7308	0.0099	TRUE
B2161_Devosia	B58_Rhodanobacter	0.5498	0.0495	TRUE
F109_o_Pleosporales	B58_Rhodanobacter	0.5785	0.0198	TRUE
F37_unidentified	B58_Rhodanobacter	0.6916	0.0495	TRUE
F95_o_NA	B58_Rhodanobacter	0.7564	0.0297	TRUE
F16_Pyricularia	B58_Rhodanobacter	-0.6195	0.0495	FALSE
F20_Edenia	B58_Rhodanobacter	0.6436	0.0495	TRUE
F376_Gibellulopsis	B58_Rhodanobacter	0.6804	0.0396	TRUE
F65_Sarocladium	B58_Rhodanobacter	-0.7347	0.0297	FALSE
F6_Cladosporium	B58_Rhodanobacter	-0.7239	0.0099	FALSE
F178_Schizopora	B58_Rhodanobacter	-0.6701	0.0396	FALSE
F93_Gaeumannomyces	B58_Rhodanobacter	0.5821	0.0495	TRUE
B1937_Singulisphaera	B2347_Bacillus	0.5109	0.0137	TRUE
B428_f_Enterobacteriaceae	B2347_Bacillus	0.545	0.0235	TRUE
B1160_Pseudoxanthomonas	B2347_Bacillus	0.4617	0.0334	TRUE
B1828_metagenome	B2347_Bacillus	0.4232	0.0433	TRUE
B489_f_Micrococcaceae	B2347_Bacillus	0.5596	0.005	TRUE
B103_Burkholderia-Caballeronia-Paraburkholderia	B2347_Bacillus	0.6152	0.0235	TRUE
B317_Brevundimonas	B2347_Bacillus	0.5029	0.0388	TRUE
F315_Trametes	B2347_Bacillus	0.5219	0.0334	TRUE
F814_Xylodon	B2347_Bacillus	0.5099	0.0137	TRUE
B31_Quadrisphaera	B1414_o_uncultured	0.5008	0.0137	TRUE
B894_f_BIrii41	B1414_o_uncultured	0.4843	0.0235	TRUE
F3824_unidentified	B1414_o_uncultured	0.4257	0.0334	TRUE
F698_unidentified	B1414_o_uncultured	0.4248	0.0433	TRUE
F1349_unidentified	B1414_o_uncultured	0.4874	0.0433	TRUE
F312_unidentified	B1414_o_uncultured	0.4628	0.0334	TRUE
F686_Malassezia	B1414_o_uncultured	0.414	0.0334	TRUE
F328_Phaeosphaeria	B1414_o_uncultured	0.5122	0.0137	TRUE
F191_f_Didymellaceae	B1414_o_uncultured	0.5161	0.0137	TRUE
F1309_Sphaerulina	B1414_o_uncultured	0.4532	0.0235	TRUE
B633_f_Xanthomonadaceae	B24_Bradyrhizobium	-0.5774	0.0495	FALSE
B408_Pseudomonas	B24_Bradyrhizobium	-0.5894	0.0396	FALSE
B2021_Acidisoma	B24_Bradyrhizobium	-0.5355	0.0396	FALSE
B118_Oxalicibacterium	B24_Bradyrhizobium	-0.5816	0.0396	FALSE
B27_Mucilaginibacter	B24_Bradyrhizobium	0.5755	0.0396	TRUE
F36_Moesziomyces	B24_Bradyrhizobium	0.6367	0.0297	TRUE
F65_Sarocladium	B24_Bradyrhizobium	0.6313	0.0297	TRUE
B4155_Anaerococcus	B7676_uncultured	0.3957	0.0334	TRUE
B1513_Niveispirillum	B7676_uncultured	0.4928	0.0235	TRUE
F1135_Burgoa	B7676_uncultured	0.3575	0.0433	TRUE
F12_o_Pleosporales	B7676_uncultured	0.4932	0.0494	TRUE
B103_Burkholderia-Caballeronia-Paraburkholderia	B3015_Pajaroellobacter	0.4827	0.0137	TRUE
B11144_o_Saccharimonadales	B31_Quadrisphaera	0.5181	0.0137	TRUE
B894_f_BIrii41	B31_Quadrisphaera	0.5541	0.0235	TRUE
F3824_unidentified	B31_Quadrisphaera	0.5363	0.0137	TRUE
F698_unidentified	B31_Quadrisphaera	0.4987	0.0433	TRUE
F329_o_NA	B31_Quadrisphaera	0.4833	0.005	TRUE
F202_Pseudozyma	B31_Quadrisphaera	0.4978	0.0334	TRUE
F635_unidentified	B31_Quadrisphaera	0.4834	0.0137	TRUE
F686_Malassezia	B31_Quadrisphaera	0.561	0.0433	TRUE
F575_Trametes	B31_Quadrisphaera	0.4225	0.0334	TRUE
F328_Phaeosphaeria	B31_Quadrisphaera	0.5696	0.0235	TRUE
F220_Acremonium	B31_Quadrisphaera	0.5725	0.0235	TRUE
F191_f_Didymellaceae	B31_Quadrisphaera	0.6953	0.005	TRUE
F1309_Sphaerulina	B31_Quadrisphaera	0.6089	0.0235	TRUE
B428_f_Enterobacteriaceae	B1937_Singulisphaera	0.5107	0.0334	TRUE
B1603_Nakamurella	B33_Kineococcus	0.4513	0.0487	TRUE
B5194_SH-PL14	B33_Kineococcus	0.4765	0.0433	TRUE
B14_Burkholderia-Caballeronia-Paraburkholderia	B33_Kineococcus	0.4696	0.0395	TRUE
B5033_f_Planococcaceae	B33_Kineococcus	0.5698	0.0137	TRUE
F759_unidentified	B33_Kineococcus	0.5151	0.0235	TRUE
F258_Nigrospora	B33_Kineococcus	0.4956	0.005	TRUE
F972_o_Pleosporales	B33_Kineococcus	0.4915	0.0235	TRUE
B7_Curtobacterium	B17_Methylobacterium	-0.6874	0.0495	FALSE
F54_Pyrenochaetopsis	B17_Methylobacterium	-0.7033	0.0198	FALSE
F78_unidentified	B17_Methylobacterium	0.777	0.0099	TRUE
F16_Pyricularia	B17_Methylobacterium	0.7577	0.0099	TRUE
F2_Nigrospora	B17_Methylobacterium	0.8741	0.0099	TRUE
F20_Edenia	B17_Methylobacterium	-0.685	0.0495	FALSE
F36_Moesziomyces	B17_Methylobacterium	0.7273	0.0198	TRUE
F28_f_Hypocreales_fam_Incertae_sedis	B17_Methylobacterium	0.7647	0.0198	TRUE
F6_Cladosporium	B17_Methylobacterium	0.7939	0.0198	TRUE
F580_Psathyrella	B17_Methylobacterium	0.4693	0.0494	TRUE
F93_Gaeumannomyces	B17_Methylobacterium	-0.6559	0.0198	FALSE
B633_f_Xanthomonadaceae	B159_Chryseobacterium	0.6197	0.0198	TRUE
B2581_Flavobacterium	B159_Chryseobacterium	0.6289	0.0198	TRUE
B408_Pseudomonas	B159_Chryseobacterium	0.6834	0.0396	TRUE
B1513_Niveispirillum	B159_Chryseobacterium	0.5061	0.0487	TRUE
B200_Flavobacterium	B159_Chryseobacterium	0.6222	0.0197	TRUE
B2021_Acidisoma	B159_Chryseobacterium	0.5605	0.0396	TRUE
B118_Oxalicibacterium	B159_Chryseobacterium	0.667	0.0198	TRUE
B12_Novosphingobium	B159_Chryseobacterium	0.6375	0.0297	TRUE
F95_o_NA	B159_Chryseobacterium	0.6906	0.0198	TRUE
F12_o_Pleosporales	B159_Chryseobacterium	0.6378	0.0396	TRUE
F376_Gibellulopsis	B159_Chryseobacterium	0.6459	0.0198	TRUE
B154_f_Micrococcaceae	B711_uncultured.proteobacterium	0.4683	0.0433	TRUE
F1629_o_NA	B711_uncultured.proteobacterium	0.4086	0.0433	TRUE
F1698_Moesziomyces	B711_uncultured.proteobacterium	0.4646	0.0334	TRUE
F277_Peniophora	B711_uncultured.proteobacterium	0.392	0.0433	TRUE
F922_Phlebia	B711_uncultured.proteobacterium	0.3931	0.0487	TRUE
F598_Rhodosporidiobolus	B711_uncultured.proteobacterium	0.5023	0.0334	TRUE
F674_Cystobasidium	B711_uncultured.proteobacterium	0.425	0.0334	TRUE
F202_Pseudozyma	B11144_o_Saccharimonadales	0.4435	0.0433	TRUE
F190_Irpex	B11144_o_Saccharimonadales	0.4823	0.0297	TRUE
F36_Moesziomyces	B11144_o_Saccharimonadales	0.5799	0.0297	TRUE
F191_f_Didymellaceae	B11144_o_Saccharimonadales	0.5056	0.0235	TRUE
F1309_Sphaerulina	B11144_o_Saccharimonadales	0.4836	0.005	TRUE
F66_Trichoderma	B4915_uncultured.prokaryote	0.4394	0.0334	TRUE
B14_Burkholderia-Caballeronia-Paraburkholderia	B125_Niveispirillum	0.6339	0.0198	TRUE
B3_Sphingomonas	B125_Niveispirillum	-0.6571	0.0297	FALSE
F16_Pyricularia	B125_Niveispirillum	-0.5112	0.0495	FALSE
F2_Nigrospora	B125_Niveispirillum	-0.6594	0.0297	FALSE
F93_Gaeumannomyces	B125_Niveispirillum	0.705	0.0198	TRUE
F501_unidentified	B1321_Emticicia	0.3868	0.0487	TRUE
B3_Sphingomonas	B338_uncultured.bacterium	-0.7435	0.0099	FALSE
B27_Mucilaginibacter	B338_uncultured.bacterium	0.5838	0.0495	TRUE
F131_unidentified	B338_uncultured.bacterium	-0.5764	0.0495	FALSE
F57_Trichoderma	B338_uncultured.bacterium	0.5432	0.0297	TRUE
F312_unidentified	B894_f_BIrii41	0.5162	0.0334	TRUE
F686_Malassezia	B894_f_BIrii41	0.4915	0.0137	TRUE
F660_Simplicillium	B894_f_BIrii41	0.4762	0.0235	TRUE
F328_Phaeosphaeria	B894_f_BIrii41	0.4853	0.0235	TRUE
F36_Moesziomyces	B894_f_BIrii41	0.5183	0.0495	TRUE
F191_f_Didymellaceae	B894_f_BIrii41	0.6079	0.005	TRUE
F1309_Sphaerulina	B894_f_BIrii41	0.5358	0.0235	TRUE
F2110_unidentified	B13865_Corynebacterium	0.4185	0.0334	TRUE
F111_Geomyces	B13865_Corynebacterium	0.4661	0.0334	TRUE
F970_Resupinatus	B13865_Corynebacterium	0.4568	0.0334	TRUE
B162_Asticcacaulis	B1603_Nakamurella	0.5763	0.0297	TRUE
B27_Mucilaginibacter	B1603_Nakamurella	0.5428	0.0495	TRUE
F75_unidentified	B1603_Nakamurella	0.5534	0.0396	TRUE
F117_Saitozyma	B1603_Nakamurella	0.6162	0.0198	TRUE
F3_Moesziomyces	B1603_Nakamurella	0.6706	0.0297	TRUE
F51_Papiliotrema	B1603_Nakamurella	0.4938	0.0198	TRUE
F130_Ramichloridium	B1603_Nakamurella	0.5625	0.0198	TRUE
F44_Zopfiella	B1603_Nakamurella	0.5789	0.0198	TRUE
B1513_Niveispirillum	B1646_Asinibacterium	0.5515	0.005	TRUE
B2581_Flavobacterium	B633_f_Xanthomonadaceae	0.7413	0.0099	TRUE
B408_Pseudomonas	B633_f_Xanthomonadaceae	0.823	0.0099	TRUE
B200_Flavobacterium	B633_f_Xanthomonadaceae	0.5774	0.0297	TRUE
B1_Pantoea	B633_f_Xanthomonadaceae	-0.7397	0.0396	FALSE
B2021_Acidisoma	B633_f_Xanthomonadaceae	0.6701	0.0198	TRUE
B1091_Dyella	B633_f_Xanthomonadaceae	0.7919	0.0099	TRUE
B118_Oxalicibacterium	B633_f_Xanthomonadaceae	0.8253	0.0099	TRUE
B2161_Devosia	B633_f_Xanthomonadaceae	0.6068	0.0396	TRUE
F109_o_Pleosporales	B633_f_Xanthomonadaceae	0.6624	0.0099	TRUE
F37_unidentified	B633_f_Xanthomonadaceae	0.8035	0.0099	TRUE
F76_o_Sordariales	B633_f_Xanthomonadaceae	0.5867	0.0297	TRUE
F95_o_NA	B633_f_Xanthomonadaceae	0.8361	0.0099	TRUE
F16_Pyricularia	B633_f_Xanthomonadaceae	-0.6933	0.0198	FALSE
F4_o_Pleosporales	B633_f_Xanthomonadaceae	0.5377	0.0396	TRUE
F20_Edenia	B633_f_Xanthomonadaceae	0.711	0.0198	TRUE
F376_Gibellulopsis	B633_f_Xanthomonadaceae	0.8061	0.0099	TRUE
F53_Pyrenochaetopsis	B633_f_Xanthomonadaceae	0.7128	0.0198	TRUE
F65_Sarocladium	B633_f_Xanthomonadaceae	-0.7919	0.0099	FALSE
F6_Cladosporium	B633_f_Xanthomonadaceae	-0.5574	0.0495	FALSE
B888_Chryseobacterium	B110_Roseateles	0.5658	0.0137	TRUE
B154_f_Micrococcaceae	B110_Roseateles	0.6801	0.005	TRUE
F1629_o_NA	B110_Roseateles	0.5985	0.005	TRUE
F1698_Moesziomyces	B110_Roseateles	0.5355	0.0235	TRUE
F21_Acremonium	B110_Roseateles	0.6119	0.0289	TRUE
F157_unidentified	B110_Roseateles	0.6021	0.019	TRUE
F716_unidentified	B110_Roseateles	0.5024	0.0235	TRUE
F2124_Penicillium	B110_Roseateles	0.6122	0.0137	TRUE
F407_Phanerochaete	B110_Roseateles	0.5579	0.0289	TRUE
F598_Rhodosporidiobolus	B110_Roseateles	0.7074	0.0137	TRUE
F120_Sporobolomyces	B110_Roseateles	0.4309	0.0396	TRUE
F362_Porostereum	B110_Roseateles	0.5476	0.0297	TRUE
B1161_Mucilaginibacter	B3802_Chryseobacterium	0.5564	0.005	TRUE
B3573_Cupriavidus	B3802_Chryseobacterium	0.4627	0.0433	TRUE
B2161_Devosia	B3802_Chryseobacterium	0.4835	0.0388	TRUE
F501_unidentified	B3802_Chryseobacterium	0.5958	0.0235	TRUE
F318_Saccharomyces	B3802_Chryseobacterium	0.5272	0.0235	TRUE
F404_Curvularia	B3802_Chryseobacterium	0.5811	0.0137	TRUE
B657_f_Xanthomonadaceae	B10336_Fimbriiglobus	0.4301	0.0334	TRUE
F990_f_Pleosporaceae	B10336_Fimbriiglobus	0.4822	0.0137	TRUE
F580_Psathyrella	B10336_Fimbriiglobus	0.4186	0.0433	TRUE
B1160_Pseudoxanthomonas	B428_f_Enterobacteriaceae	0.4933	0.0433	TRUE
B489_f_Micrococcaceae	B428_f_Enterobacteriaceae	0.4881	0.0235	TRUE
B103_Burkholderia-Caballeronia-Paraburkholderia	B428_f_Enterobacteriaceae	0.6038	0.005	TRUE
B5033_f_Planococcaceae	B385_o_Gastranaerophilales	0.486	0.0137	TRUE
F258_Nigrospora	B385_o_Gastranaerophilales	0.4474	0.0235	TRUE
F1045_unidentified	B385_o_Gastranaerophilales	0.4228	0.0388	TRUE
F1333_Rhizopus	B385_o_Gastranaerophilales	0.4122	0.0334	TRUE
B154_f_Micrococcaceae	B15_Sphingomonas	0.4239	0.0495	TRUE
F48_unidentified	B15_Sphingomonas	0.6303	0.0297	TRUE
F27_Curvularia	B15_Sphingomonas	-0.73	0.0495	FALSE
F44_Zopfiella	B15_Sphingomonas	-0.6417	0.0396	FALSE
B408_Pseudomonas	B2581_Flavobacterium	0.7867	0.0198	TRUE
B200_Flavobacterium	B2581_Flavobacterium	0.5131	0.0099	TRUE
B1_Pantoea	B2581_Flavobacterium	-0.6814	0.0495	FALSE
B2021_Acidisoma	B2581_Flavobacterium	0.6932	0.0099	TRUE
B1091_Dyella	B2581_Flavobacterium	0.758	0.0099	TRUE
B118_Oxalicibacterium	B2581_Flavobacterium	0.7996	0.0099	TRUE
B2161_Devosia	B2581_Flavobacterium	0.5417	0.0495	TRUE
F109_o_Pleosporales	B2581_Flavobacterium	0.6027	0.0198	TRUE
F37_unidentified	B2581_Flavobacterium	0.7745	0.0099	TRUE
F76_o_Sordariales	B2581_Flavobacterium	0.5579	0.0198	TRUE
F95_o_NA	B2581_Flavobacterium	0.7836	0.0099	TRUE
F16_Pyricularia	B2581_Flavobacterium	-0.6407	0.0297	FALSE
F3_Moesziomyces	B2581_Flavobacterium	-0.6783	0.0198	FALSE
F4_o_Pleosporales	B2581_Flavobacterium	0.5286	0.0495	TRUE
F116_Curvularia	B2581_Flavobacterium	-0.6044	0.0297	FALSE
F20_Edenia	B2581_Flavobacterium	0.6548	0.0198	TRUE
F376_Gibellulopsis	B2581_Flavobacterium	0.8041	0.0198	TRUE
F53_Pyrenochaetopsis	B2581_Flavobacterium	0.6938	0.0099	TRUE
F65_Sarocladium	B2581_Flavobacterium	-0.7808	0.0099	FALSE
F759_unidentified	B1511_Stenotrophomonas	0.4615	0.0433	TRUE
F972_o_Pleosporales	B1511_Stenotrophomonas	0.4031	0.0235	TRUE
B162_Asticcacaulis	B1914_Massilia	0.8802	0.0099	TRUE
B317_Brevundimonas	B1914_Massilia	0.6234	0.0198	TRUE
F222_o_NA	B1914_Massilia	0.5953	0.0198	TRUE
F75_unidentified	B1914_Massilia	0.7143	0.0198	TRUE
F114_unidentified	B1914_Massilia	0.8089	0.0198	TRUE
F48_unidentified	B1914_Massilia	-0.8378	0.0099	FALSE
F117_Saitozyma	B1914_Massilia	0.9032	0.0099	TRUE
F3_Moesziomyces	B1914_Massilia	0.7895	0.0297	TRUE
F27_Curvularia	B1914_Massilia	0.7189	0.0198	TRUE
F51_Papiliotrema	B1914_Massilia	0.7931	0.0099	TRUE
F28_f_Hypocreales_fam_Incertae_sedis	B1914_Massilia	-0.7717	0.0099	FALSE
F130_Ramichloridium	B1914_Massilia	0.7326	0.0099	TRUE
F44_Zopfiella	B1914_Massilia	0.8533	0.0099	TRUE
B3787_Roseomonas	B1160_Pseudoxanthomonas	0.4166	0.0235	TRUE
B103_Burkholderia-Caballeronia-Paraburkholderia	B1160_Pseudoxanthomonas	0.4662	0.0334	TRUE
F315_Trametes	B1160_Pseudoxanthomonas	0.4346	0.0235	TRUE
F69_o_Pleosporales	B657_f_Xanthomonadaceae	0.6025	0.0137	TRUE
F2110_unidentified	B657_f_Xanthomonadaceae	0.583	0.005	TRUE
F4124_o_Eurotiales	B657_f_Xanthomonadaceae	0.4647	0.0433	TRUE
F233_Periconia	B657_f_Xanthomonadaceae	0.4767	0.0235	TRUE
F111_Geomyces	B657_f_Xanthomonadaceae	0.4988	0.0334	TRUE
F183_Curvularia	B657_f_Xanthomonadaceae	0.5588	0.0235	TRUE
F990_f_Pleosporaceae	B657_f_Xanthomonadaceae	0.5631	0.0235	TRUE
F580_Psathyrella	B657_f_Xanthomonadaceae	0.4637	0.0235	TRUE
F970_Resupinatus	B657_f_Xanthomonadaceae	0.4891	0.0235	TRUE
F190_Irpex	B13_Aureimonas	0.7198	0.0099	TRUE
F116_Curvularia	B13_Aureimonas	0.7006	0.0198	TRUE
F53_Pyrenochaetopsis	B13_Aureimonas	-0.6895	0.0198	FALSE
B200_Flavobacterium	B408_Pseudomonas	0.5349	0.0396	TRUE
B1_Pantoea	B408_Pseudomonas	-0.7541	0.0396	FALSE
B2021_Acidisoma	B408_Pseudomonas	0.7149	0.0099	TRUE
B1091_Dyella	B408_Pseudomonas	0.839	0.0099	TRUE
B118_Oxalicibacterium	B408_Pseudomonas	0.877	0.0099	TRUE
B2161_Devosia	B408_Pseudomonas	0.6252	0.0495	TRUE
F109_o_Pleosporales	B408_Pseudomonas	0.6586	0.0099	TRUE
F37_unidentified	B408_Pseudomonas	0.8075	0.0198	TRUE
F76_o_Sordariales	B408_Pseudomonas	0.5994	0.0495	TRUE
F95_o_NA	B408_Pseudomonas	0.8626	0.0099	TRUE
F16_Pyricularia	B408_Pseudomonas	-0.7053	0.0198	FALSE
F3_Moesziomyces	B408_Pseudomonas	-0.7301	0.0297	FALSE
F4_o_Pleosporales	B408_Pseudomonas	0.5704	0.0495	TRUE
F116_Curvularia	B408_Pseudomonas	-0.5957	0.0495	FALSE
F20_Edenia	B408_Pseudomonas	0.7127	0.0297	TRUE
F376_Gibellulopsis	B408_Pseudomonas	0.8296	0.0099	TRUE
F53_Pyrenochaetopsis	B408_Pseudomonas	0.7302	0.0297	TRUE
F65_Sarocladium	B408_Pseudomonas	-0.8341	0.0099	FALSE
B532_Siphonobacter	B1513_Niveispirillum	0.4014	0.0433	TRUE
F501_unidentified	B1161_Mucilaginibacter	0.519	0.0235	TRUE
F318_Saccharomyces	B1161_Mucilaginibacter	0.5139	0.0235	TRUE
F404_Curvularia	B1161_Mucilaginibacter	0.5403	0.0137	TRUE
B118_Oxalicibacterium	B200_Flavobacterium	0.6053	0.0495	TRUE
B2021_Acidisoma	B1_Pantoea	-0.6425	0.0099	FALSE
B1091_Dyella	B1_Pantoea	-0.7073	0.0198	FALSE
B118_Oxalicibacterium	B1_Pantoea	-0.7481	0.0198	FALSE
B2161_Devosia	B1_Pantoea	-0.8417	0.0099	FALSE
F37_unidentified	B1_Pantoea	-0.7479	0.0297	FALSE
F95_o_NA	B1_Pantoea	-0.7383	0.0099	FALSE
F16_Pyricularia	B1_Pantoea	0.7487	0.0495	TRUE
F4_o_Pleosporales	B1_Pantoea	-0.5819	0.0297	FALSE
F404_Curvularia	B1_Pantoea	-0.5304	0.0495	FALSE
F20_Edenia	B1_Pantoea	-0.7277	0.0495	FALSE
F53_Pyrenochaetopsis	B1_Pantoea	-0.6829	0.0396	FALSE
F65_Sarocladium	B1_Pantoea	0.8904	0.0099	TRUE
F6_Cladosporium	B1_Pantoea	0.7124	0.0198	TRUE
B317_Brevundimonas	B162_Asticcacaulis	0.6188	0.0099	TRUE
F222_o_NA	B162_Asticcacaulis	0.5359	0.0297	TRUE
F75_unidentified	B162_Asticcacaulis	0.731	0.0099	TRUE
F114_unidentified	B162_Asticcacaulis	0.8654	0.0099	TRUE
F48_unidentified	B162_Asticcacaulis	-0.852	0.0198	FALSE
F117_Saitozyma	B162_Asticcacaulis	0.9043	0.0099	TRUE
F3_Moesziomyces	B162_Asticcacaulis	0.8406	0.0099	TRUE
F51_Papiliotrema	B162_Asticcacaulis	0.7777	0.0099	TRUE
F28_f_Hypocreales_fam_Incertae_sedis	B162_Asticcacaulis	-0.7544	0.0099	FALSE
F130_Ramichloridium	B162_Asticcacaulis	0.7274	0.0297	TRUE
F44_Zopfiella	B162_Asticcacaulis	0.8273	0.0099	TRUE
F4_o_Pleosporales	B1447_Achromobacter	0.435	0.0098	TRUE
F273_Ascochyta	B1447_Achromobacter	0.4594	0.0433	TRUE
B1091_Dyella	B2021_Acidisoma	0.7352	0.0099	TRUE
B118_Oxalicibacterium	B2021_Acidisoma	0.7009	0.0198	TRUE
F37_unidentified	B2021_Acidisoma	0.7347	0.0198	TRUE
F95_o_NA	B2021_Acidisoma	0.7797	0.0099	TRUE
F16_Pyricularia	B2021_Acidisoma	-0.6372	0.0396	FALSE
F4_o_Pleosporales	B2021_Acidisoma	0.5016	0.0297	TRUE
F20_Edenia	B2021_Acidisoma	0.6607	0.0495	TRUE
F376_Gibellulopsis	B2021_Acidisoma	0.6973	0.0099	TRUE
F53_Pyrenochaetopsis	B2021_Acidisoma	0.577	0.0198	TRUE
F65_Sarocladium	B2021_Acidisoma	-0.7255	0.0099	FALSE
F6_Cladosporium	B2021_Acidisoma	-0.5635	0.0495	FALSE
B118_Oxalicibacterium	B1091_Dyella	0.8445	0.0099	TRUE
B2161_Devosia	B1091_Dyella	0.5781	0.0297	TRUE
F109_o_Pleosporales	B1091_Dyella	0.5828	0.0495	TRUE
F37_unidentified	B1091_Dyella	0.7959	0.0099	TRUE
F76_o_Sordariales	B1091_Dyella	0.5833	0.0198	TRUE
F95_o_NA	B1091_Dyella	0.8544	0.0198	TRUE
F16_Pyricularia	B1091_Dyella	-0.7277	0.0198	FALSE
F3_Moesziomyces	B1091_Dyella	-0.7271	0.0396	FALSE
F20_Edenia	B1091_Dyella	0.748	0.0099	TRUE
F376_Gibellulopsis	B1091_Dyella	0.812	0.0099	TRUE
F53_Pyrenochaetopsis	B1091_Dyella	0.6608	0.0297	TRUE
F65_Sarocladium	B1091_Dyella	-0.7924	0.0198	FALSE
F93_Gaeumannomyces	B14_Burkholderia.Caballeronia.Paraburkholderia	0.6026	0.0495	TRUE
B154_f_Micrococcaceae	B888_Chryseobacterium	0.4851	0.0433	TRUE
F21_Acremonium	B888_Chryseobacterium	0.464	0.0388	TRUE
F157_unidentified	B888_Chryseobacterium	0.4884	0.0487	TRUE
F136_f_Didymosphaeriaceae	B888_Chryseobacterium	0.4578	0.0137	TRUE
F1433_Penicillium	B888_Chryseobacterium	0.4045	0.0487	TRUE
F407_Phanerochaete	B888_Chryseobacterium	0.5446	0.019	TRUE
F598_Rhodosporidiobolus	B888_Chryseobacterium	0.59	0.0137	TRUE
F75_unidentified	B7_Curtobacterium	0.5929	0.0297	TRUE
F54_Pyrenochaetopsis	B7_Curtobacterium	0.6816	0.0297	TRUE
F78_unidentified	B7_Curtobacterium	-0.572	0.0495	FALSE
F117_Saitozyma	B7_Curtobacterium	0.6082	0.0495	TRUE
F27_Curvularia	B7_Curtobacterium	0.8204	0.0099	TRUE
F51_Papiliotrema	B7_Curtobacterium	0.5318	0.0198	TRUE
F28_f_Hypocreales_fam_Incertae_sedis	B7_Curtobacterium	-0.7702	0.0099	FALSE
F44_Zopfiella	B7_Curtobacterium	0.6825	0.0198	TRUE
F131_unidentified	B3_Sphingomonas	0.6627	0.0297	TRUE
F93_Gaeumannomyces	B3_Sphingomonas	-0.6093	0.0495	FALSE
B2161_Devosia	B118_Oxalicibacterium	0.6596	0.0198	TRUE
F109_o_Pleosporales	B118_Oxalicibacterium	0.6624	0.0396	TRUE
F37_unidentified	B118_Oxalicibacterium	0.8236	0.0297	TRUE
F76_o_Sordariales	B118_Oxalicibacterium	0.6218	0.0198	TRUE
F95_o_NA	B118_Oxalicibacterium	0.8904	0.0099	TRUE
F16_Pyricularia	B118_Oxalicibacterium	-0.691	0.0495	FALSE
F3_Moesziomyces	B118_Oxalicibacterium	-0.7294	0.0495	FALSE
F4_o_Pleosporales	B118_Oxalicibacterium	0.592	0.0495	TRUE
F20_Edenia	B118_Oxalicibacterium	0.7478	0.0198	TRUE
F376_Gibellulopsis	B118_Oxalicibacterium	0.8195	0.0099	TRUE
F53_Pyrenochaetopsis	B118_Oxalicibacterium	0.7548	0.0099	TRUE
F65_Sarocladium	B118_Oxalicibacterium	-0.8349	0.0099	FALSE
F283_unidentified	B149_Mucilaginibacter	0.441	0.0494	TRUE
F410_Schizophyllum	B149_Mucilaginibacter	0.5583	0.0296	TRUE
F1629_o_NA	B154_f_Micrococcaceae	0.4282	0.0235	TRUE
F1698_Moesziomyces	B154_f_Micrococcaceae	0.5139	0.0137	TRUE
F157_unidentified	B154_f_Micrococcaceae	0.5776	0.0388	TRUE
F1461_unidentified	B154_f_Micrococcaceae	0.4608	0.0334	TRUE
F2124_Penicillium	B154_f_Micrococcaceae	0.5277	0.0433	TRUE
F277_Peniophora	B154_f_Micrococcaceae	0.5729	0.005	TRUE
F407_Phanerochaete	B154_f_Micrococcaceae	0.5028	0.019	TRUE
F598_Rhodosporidiobolus	B154_f_Micrococcaceae	0.6311	0.005	TRUE
F674_Cystobasidium	B154_f_Micrococcaceae	0.4213	0.0433	TRUE
F362_Porostereum	B154_f_Micrococcaceae	0.4844	0.0297	TRUE
F716_unidentified	B477_o_NA	0.4385	0.0137	TRUE
F2124_Penicillium	B477_o_NA	0.418	0.0334	TRUE
F407_Phanerochaete	B477_o_NA	0.4602	0.0388	TRUE
F71_Papiliotrema	B477_o_NA	0.3723	0.0433	TRUE
B103_Burkholderia-Caballeronia-Paraburkholderia	B489_f_Micrococcaceae	0.6615	0.005	TRUE
F801_o_NA	B489_f_Micrococcaceae	0.5277	0.0334	TRUE
F114_unidentified	B489_f_Micrococcaceae	0.4135	0.0494	TRUE
F759_unidentified	B5033_f_Planococcaceae	0.5696	0.0235	TRUE
F258_Nigrospora	B5033_f_Planococcaceae	0.5545	0.0137	TRUE
F972_o_Pleosporales	B5033_f_Planococcaceae	0.421	0.0433	TRUE
F1045_unidentified	B5033_f_Planococcaceae	0.4378	0.0487	TRUE
F1333_Rhizopus	B5033_f_Planococcaceae	0.4152	0.0433	TRUE
F801_o_NA	B103_Burkholderia.Caballeronia.Paraburkholderia	0.4789	0.0235	TRUE
F315_Trametes	B103_Burkholderia.Caballeronia.Paraburkholderia	0.5772	0.0235	TRUE
F814_Xylodon	B103_Burkholderia.Caballeronia.Paraburkholderia	0.4899	0.0334	TRUE
F222_o_NA	B317_Brevundimonas	0.6352	0.0296	TRUE
F75_unidentified	B317_Brevundimonas	0.6168	0.0099	TRUE
F107_o_Helotiales	B317_Brevundimonas	0.4627	0.0487	TRUE
F114_unidentified	B317_Brevundimonas	0.5875	0.0297	TRUE
F48_unidentified	B317_Brevundimonas	-0.7476	0.0099	FALSE
F70_unidentified	B317_Brevundimonas	0.4438	0.019	TRUE
F117_Saitozyma	B317_Brevundimonas	0.6311	0.0198	TRUE
F3_Moesziomyces	B317_Brevundimonas	0.6032	0.0297	TRUE
F51_Papiliotrema	B317_Brevundimonas	0.5987	0.0198	TRUE
F28_f_Hypocreales_fam_Incertae_sedis	B317_Brevundimonas	-0.697	0.0099	FALSE
F44_Zopfiella	B317_Brevundimonas	0.6508	0.0198	TRUE
F106_unidentified	B12_Novosphingobium	-0.6123	0.0495	FALSE
F12_o_Pleosporales	B12_Novosphingobium	0.7959	0.0099	TRUE
F76_o_Sordariales	B2161_Devosia	0.4978	0.0495	TRUE
F16_Pyricularia	B2161_Devosia	-0.5814	0.0396	FALSE
F4_o_Pleosporales	B2161_Devosia	0.5072	0.0495	TRUE
F20_Edenia	B2161_Devosia	0.6224	0.0396	TRUE
F376_Gibellulopsis	B2161_Devosia	0.5785	0.0396	TRUE
F65_Sarocladium	B2161_Devosia	-0.7172	0.0297	FALSE
F107_o_Helotiales	B8058_Novosphingobium	0.5015	0.0433	TRUE
F52_Psilocybe	B8058_Novosphingobium	0.4224	0.0334	TRUE
F326_Mortierella	B8058_Novosphingobium	0.4566	0.0137	TRUE
F25_Dimorphospora	B8058_Novosphingobium	0.5136	0.0433	TRUE
F13_Zopfiella	B8058_Novosphingobium	0.4442	0.0487	TRUE
F4391_o_Tremellales	B4489_Hymenobacter	0.3975	0.0433	TRUE
F1461_unidentified	B3325_Hymenobacter	0.4231	0.0235	TRUE
F76_o_Sordariales	B27_Mucilaginibacter	-0.4688	0.0495	FALSE
F57_Trichoderma	B27_Mucilaginibacter	0.5485	0.0198	TRUE
F576_Malassezia	B27_Mucilaginibacter	0.5125	0.0297	TRUE
F1433_Penicillium	B27_Mucilaginibacter	0.5565	0.0396	TRUE
F81_Cladosporium	B27_Mucilaginibacter	0.5813	0.0198	TRUE
F13_Zopfiella	B27_Mucilaginibacter	0.5139	0.0495	TRUE
F23_Solicoccozyma	F61_o_Pleosporales	0.525	0.0495	TRUE
F44_Zopfiella	F61_o_Pleosporales	0.5688	0.0495	TRUE
F107_o_Helotiales	F2833_unidentified	0.4459	0.0334	TRUE
F48_unidentified	F2833_unidentified	-0.4507	0.0495	FALSE
F23_Solicoccozyma	F2833_unidentified	0.4216	0.0433	TRUE
F1698_Moesziomyces	F1629_o_NA	0.4547	0.0433	TRUE
F21_Acremonium	F1629_o_NA	0.468	0.0487	TRUE
F700_Trechispora	F1629_o_NA	0.4007	0.0334	TRUE
F716_unidentified	F1629_o_NA	0.4587	0.0433	TRUE
F2124_Penicillium	F1629_o_NA	0.5056	0.0137	TRUE
F277_Peniophora	F1629_o_NA	0.4652	0.0433	TRUE
F407_Phanerochaete	F1629_o_NA	0.4782	0.019	TRUE
F598_Rhodosporidiobolus	F1629_o_NA	0.6413	0.0137	TRUE
F131_unidentified	F106_unidentified	-0.7219	0.0099	FALSE
F137_Malassezia	F106_unidentified	0.8101	0.0099	TRUE
F54_Pyrenochaetopsis	F131_unidentified	-0.5947	0.0297	FALSE
F137_Malassezia	F131_unidentified	-0.6508	0.0396	FALSE
F28_f_Hypocreales_fam_Incertae_sedis	F131_unidentified	0.5219	0.0495	TRUE
F2110_unidentified	F69_o_Pleosporales	0.4827	0.0433	TRUE
F4124_o_Eurotiales	F69_o_Pleosporales	0.5052	0.0137	TRUE
F233_Periconia	F69_o_Pleosporales	0.4818	0.0137	TRUE
F111_Geomyces	F69_o_Pleosporales	0.5336	0.0137	TRUE
F183_Curvularia	F69_o_Pleosporales	0.556	0.0137	TRUE
F74_f_Tilletiaceae	F69_o_Pleosporales	0.4396	0.0433	TRUE
F970_Resupinatus	F69_o_Pleosporales	0.4712	0.0137	TRUE
F37_unidentified	F109_o_Pleosporales	0.6153	0.0396	TRUE
F95_o_NA	F109_o_Pleosporales	0.6299	0.0099	TRUE
F3_Moesziomyces	F109_o_Pleosporales	-0.5835	0.0297	FALSE
F376_Gibellulopsis	F109_o_Pleosporales	0.5755	0.0396	TRUE
F65_Sarocladium	F109_o_Pleosporales	-0.6458	0.0099	FALSE
F410_Schizophyllum	F449_unidentified	0.5395	0.0296	TRUE
F1461_unidentified	F1698_Moesziomyces	0.4289	0.0433	TRUE
F716_unidentified	F1698_Moesziomyces	0.438	0.0235	TRUE
F2124_Penicillium	F1698_Moesziomyces	0.4627	0.0433	TRUE
F105_Clonostachys	F1698_Moesziomyces	0.4402	0.0433	TRUE
F136_f_Didymosphaeriaceae	F1698_Moesziomyces	0.4143	0.0334	TRUE
F407_Phanerochaete	F1698_Moesziomyces	0.5134	0.0487	TRUE
F598_Rhodosporidiobolus	F1698_Moesziomyces	0.5724	0.0334	TRUE
F312_unidentified	F3824_unidentified	0.4371	0.0235	TRUE
F202_Pseudozyma	F3824_unidentified	0.4867	0.0235	TRUE
F686_Malassezia	F3824_unidentified	0.4566	0.0235	TRUE
F328_Phaeosphaeria	F3824_unidentified	0.4635	0.0433	TRUE
F1349_unidentified	F698_unidentified	0.3855	0.0334	TRUE
F312_unidentified	F698_unidentified	0.4692	0.0334	TRUE
F328_Phaeosphaeria	F698_unidentified	0.4501	0.0235	TRUE
F220_Acremonium	F698_unidentified	0.4891	0.0235	TRUE
F191_f_Didymellaceae	F698_unidentified	0.5299	0.0235	TRUE
F1309_Sphaerulina	F698_unidentified	0.4669	0.005	TRUE
F48_unidentified	F222_o_NA	-0.6661	0.0198	FALSE
F117_Saitozyma	F222_o_NA	0.5496	0.0396	TRUE
F3_Moesziomyces	F222_o_NA	0.5386	0.0396	TRUE
F23_Solicoccozyma	F222_o_NA	0.4358	0.0487	TRUE
F51_Papiliotrema	F222_o_NA	0.5581	0.0396	TRUE
F157_unidentified	F21_Acremonium	0.5036	0.0395	TRUE
F716_unidentified	F21_Acremonium	0.45	0.0388	TRUE
F277_Peniophora	F21_Acremonium	0.5149	0.0289	TRUE
F922_Phlebia	F21_Acremonium	0.6078	0.0197	TRUE
F598_Rhodosporidiobolus	F21_Acremonium	0.5557	0.0487	TRUE
F674_Cystobasidium	F21_Acremonium	0.4783	0.0289	TRUE
F404_Curvularia	F501_unidentified	0.511	0.0334	TRUE
F114_unidentified	F75_unidentified	0.7198	0.0099	TRUE
F48_unidentified	F75_unidentified	-0.7731	0.0198	FALSE
F117_Saitozyma	F75_unidentified	0.8143	0.0099	TRUE
F3_Moesziomyces	F75_unidentified	0.7635	0.0297	TRUE
F27_Curvularia	F75_unidentified	0.5968	0.0396	TRUE
F51_Papiliotrema	F75_unidentified	0.6954	0.0198	TRUE
F28_f_Hypocreales_fam_Incertae_sedis	F75_unidentified	-0.69	0.0396	FALSE
F130_Ramichloridium	F75_unidentified	0.6638	0.0198	TRUE
F44_Zopfiella	F75_unidentified	0.771	0.0099	TRUE
F70_unidentified	F848_unidentified	0.4576	0.0235	TRUE
F202_Pseudozyma	F1349_unidentified	0.4962	0.0334	TRUE
F686_Malassezia	F1349_unidentified	0.4846	0.0235	TRUE
F660_Simplicillium	F1349_unidentified	0.4229	0.0433	TRUE
F328_Phaeosphaeria	F1349_unidentified	0.4635	0.0334	TRUE
F36_Moesziomyces	F1349_unidentified	0.5129	0.0198	TRUE
F191_f_Didymellaceae	F1349_unidentified	0.5843	0.0433	TRUE
F1309_Sphaerulina	F1349_unidentified	0.4521	0.0235	TRUE
F70_unidentified	F107_o_Helotiales	0.4661	0.0235	TRUE
F1461_unidentified	F157_unidentified	0.5021	0.0388	TRUE
F716_unidentified	F157_unidentified	0.537	0.0289	TRUE
F277_Peniophora	F157_unidentified	0.5784	0.019	TRUE
F1433_Penicillium	F157_unidentified	0.6634	0.0197	TRUE
F407_Phanerochaete	F157_unidentified	0.5173	0.0296	TRUE
F292_Engyodontium	F157_unidentified	0.5397	0.0198	TRUE
F598_Rhodosporidiobolus	F157_unidentified	0.6514	0.0091	TRUE
F81_Cladosporium	F157_unidentified	0.6048	0.0395	TRUE
F2124_Penicillium	F700_Trechispora	0.4552	0.0433	TRUE
F598_Rhodosporidiobolus	F700_Trechispora	0.526	0.0235	TRUE
F25_Dimorphospora	F283_unidentified	0.4337	0.0487	TRUE
F4124_o_Eurotiales	F2110_unidentified	0.4102	0.0334	TRUE
F4391_o_Tremellales	F2110_unidentified	0.4555	0.0334	TRUE
F233_Periconia	F2110_unidentified	0.4899	0.0334	TRUE
F111_Geomyces	F2110_unidentified	0.5089	0.0137	TRUE
F183_Curvularia	F2110_unidentified	0.5386	0.005	TRUE
F973_Phanerochaete	F2110_unidentified	0.4166	0.0334	TRUE
F990_f_Pleosporaceae	F2110_unidentified	0.5981	0.005	TRUE
F970_Resupinatus	F2110_unidentified	0.5233	0.0235	TRUE
F258_Nigrospora	F759_unidentified	0.5036	0.0334	TRUE
F972_o_Pleosporales	F759_unidentified	0.4328	0.0334	TRUE
F111_Geomyces	F59_Podospora	0.4096	0.0388	TRUE
F5_Alternaria	F59_Podospora	0.5578	0.0396	TRUE
F970_Resupinatus	F59_Podospora	0.4642	0.0289	TRUE
F111_Geomyces	F4124_o_Eurotiales	0.4764	0.0433	TRUE
F183_Curvularia	F4124_o_Eurotiales	0.4924	0.0235	TRUE
F970_Resupinatus	F4124_o_Eurotiales	0.4517	0.0433	TRUE
F111_Geomyces	F4391_o_Tremellales	0.4768	0.0334	TRUE
F990_f_Pleosporaceae	F4391_o_Tremellales	0.4618	0.0433	TRUE
F580_Psathyrella	F4391_o_Tremellales	0.4861	0.0235	TRUE
F76_o_Sordariales	F37_unidentified	0.588	0.0297	TRUE
F95_o_NA	F37_unidentified	0.822	0.0099	TRUE
F16_Pyricularia	F37_unidentified	-0.8167	0.0297	FALSE
F20_Edenia	F37_unidentified	0.7528	0.0297	TRUE
F376_Gibellulopsis	F37_unidentified	0.7725	0.0099	TRUE
F53_Pyrenochaetopsis	F37_unidentified	0.8467	0.0099	TRUE
F36_Moesziomyces	F37_unidentified	-0.846	0.0099	FALSE
F65_Sarocladium	F37_unidentified	-0.8606	0.0099	FALSE
F6_Cladosporium	F37_unidentified	-0.7192	0.0297	FALSE
F5_Alternaria	F37_unidentified	-0.6482	0.0396	FALSE
F38_Pseudeurotium	F52_Psilocybe	0.4616	0.0388	TRUE
F717_Sistotremastrum	F329_o_NA	0.4062	0.0235	TRUE
F6_Cladosporium	F329_o_NA	0.415	0.0396	TRUE
F1309_Sphaerulina	F329_o_NA	0.4262	0.0235	TRUE
F2_Nigrospora	F54_Pyrenochaetopsis	-0.5989	0.0495	FALSE
F202_Pseudozyma	F54_Pyrenochaetopsis	-0.4363	0.0495	FALSE
F686_Malassezia	F54_Pyrenochaetopsis	-0.4654	0.0396	FALSE
F990_f_Pleosporaceae	F54_Pyrenochaetopsis	-0.5612	0.0297	FALSE
F36_Moesziomyces	F54_Pyrenochaetopsis	-0.7677	0.0297	FALSE
F28_f_Hypocreales_fam_Incertae_sedis	F54_Pyrenochaetopsis	-0.6446	0.0495	FALSE
F580_Psathyrella	F54_Pyrenochaetopsis	-0.477	0.0495	FALSE
F970_Resupinatus	F54_Pyrenochaetopsis	-0.5051	0.0495	FALSE
F57_Trichoderma	F17_o_Pleosporales	0.6225	0.0198	TRUE
F1433_Penicillium	F17_o_Pleosporales	0.5631	0.0197	TRUE
F292_Engyodontium	F17_o_Pleosporales	0.4824	0.0396	TRUE
F598_Rhodosporidiobolus	F17_o_Pleosporales	0.4198	0.0487	TRUE
F46_Microscypha	F17_o_Pleosporales	0.6004	0.0395	TRUE
F81_Cladosporium	F17_o_Pleosporales	0.6643	0.0098	TRUE
F48_unidentified	F114_unidentified	-0.8073	0.0297	FALSE
F117_Saitozyma	F114_unidentified	0.8703	0.0099	TRUE
F3_Moesziomyces	F114_unidentified	0.8168	0.0099	TRUE
F27_Curvularia	F114_unidentified	0.6452	0.0198	TRUE
F51_Papiliotrema	F114_unidentified	0.7439	0.0099	TRUE
F28_f_Hypocreales_fam_Incertae_sedis	F114_unidentified	-0.7359	0.0297	FALSE
F130_Ramichloridium	F114_unidentified	0.7384	0.0099	TRUE
F44_Zopfiella	F114_unidentified	0.8003	0.0099	TRUE
F598_Rhodosporidiobolus	F1461_unidentified	0.4913	0.0433	TRUE
F117_Saitozyma	F48_unidentified	-0.8631	0.0099	FALSE
F3_Moesziomyces	F48_unidentified	-0.7817	0.0297	FALSE
F51_Papiliotrema	F48_unidentified	-0.7937	0.0099	FALSE
F28_f_Hypocreales_fam_Incertae_sedis	F48_unidentified	0.8169	0.0198	TRUE
F130_Ramichloridium	F48_unidentified	-0.6992	0.0099	FALSE
F44_Zopfiella	F48_unidentified	-0.8232	0.0099	FALSE
F95_o_NA	F76_o_Sordariales	0.6207	0.0198	TRUE
F3_Moesziomyces	F76_o_Sordariales	-0.5983	0.0198	FALSE
F376_Gibellulopsis	F76_o_Sordariales	0.58	0.0495	TRUE
F116_Curvularia	F606_unidentified	-0.533	0.0396	FALSE
F89_Aureobasidium	F606_unidentified	0.5478	0.0297	TRUE
F16_Pyricularia	F78_unidentified	0.6998	0.0099	TRUE
F2_Nigrospora	F78_unidentified	0.8205	0.0099	TRUE
F20_Edenia	F78_unidentified	-0.6973	0.0198	FALSE
F36_Moesziomyces	F78_unidentified	0.6491	0.0198	TRUE
F28_f_Hypocreales_fam_Incertae_sedis	F78_unidentified	0.695	0.0198	TRUE
F6_Cladosporium	F78_unidentified	0.7169	0.0198	TRUE
F16_Pyricularia	F95_o_NA	-0.6647	0.0396	FALSE
F3_Moesziomyces	F95_o_NA	-0.7705	0.0198	FALSE
F4_o_Pleosporales	F95_o_NA	0.6115	0.0198	TRUE
F20_Edenia	F95_o_NA	0.72	0.0297	TRUE
F376_Gibellulopsis	F95_o_NA	0.8376	0.0099	TRUE
F53_Pyrenochaetopsis	F95_o_NA	0.7412	0.0198	TRUE
F65_Sarocladium	F95_o_NA	-0.8257	0.0198	FALSE
F136_f_Didymosphaeriaceae	F716_unidentified	0.3579	0.0433	TRUE
F277_Peniophora	F716_unidentified	0.4462	0.0334	TRUE
F407_Phanerochaete	F716_unidentified	0.5278	0.0289	TRUE
F598_Rhodosporidiobolus	F716_unidentified	0.4877	0.0334	TRUE
F23_Solicoccozyma	F70_unidentified	0.4595	0.0433	TRUE
F202_Pseudozyma	F312_unidentified	0.5482	0.005	TRUE
F686_Malassezia	F312_unidentified	0.5626	0.005	TRUE
F190_Irpex	F312_unidentified	0.4589	0.0495	TRUE
F717_Sistotremastrum	F312_unidentified	0.474	0.0433	TRUE
F328_Phaeosphaeria	F312_unidentified	0.5346	0.0235	TRUE
F36_Moesziomyces	F312_unidentified	0.5735	0.0099	TRUE
F220_Acremonium	F312_unidentified	0.6123	0.0137	TRUE
F191_f_Didymellaceae	F312_unidentified	0.6748	0.0235	TRUE
F404_Curvularia	F318_Saccharomyces	0.5973	0.0334	TRUE
F277_Peniophora	F2124_Penicillium	0.5205	0.0137	TRUE
F1433_Penicillium	F2124_Penicillium	0.4419	0.0388	TRUE
F407_Phanerochaete	F2124_Penicillium	0.4793	0.0487	TRUE
F598_Rhodosporidiobolus	F2124_Penicillium	0.5845	0.005	TRUE
F2_Nigrospora	F16_Pyricularia	0.8365	0.0198	TRUE
F20_Edenia	F16_Pyricularia	-0.9089	0.0099	FALSE
F376_Gibellulopsis	F16_Pyricularia	-0.6664	0.0198	FALSE
F53_Pyrenochaetopsis	F16_Pyricularia	-0.7208	0.0297	FALSE
F36_Moesziomyces	F16_Pyricularia	0.7579	0.0198	TRUE
F65_Sarocladium	F16_Pyricularia	0.7948	0.0099	TRUE
F6_Cladosporium	F16_Pyricularia	0.8201	0.0099	TRUE
F1309_Sphaerulina	F16_Pyricularia	0.4602	0.0297	TRUE
F20_Edenia	F2_Nigrospora	-0.7789	0.0297	FALSE
F36_Moesziomyces	F2_Nigrospora	0.6588	0.0396	TRUE
F28_f_Hypocreales_fam_Incertae_sedis	F2_Nigrospora	0.8249	0.0297	TRUE
F6_Cladosporium	F2_Nigrospora	0.8124	0.0198	TRUE
F93_Gaeumannomyces	F2_Nigrospora	-0.7232	0.0099	FALSE
F576_Malassezia	F57_Trichoderma	0.4999	0.0396	TRUE
F1433_Penicillium	F57_Trichoderma	0.5161	0.0396	TRUE
F292_Engyodontium	F57_Trichoderma	0.491	0.0495	TRUE
F46_Microscypha	F57_Trichoderma	0.5801	0.0396	TRUE
F81_Cladosporium	F57_Trichoderma	0.6539	0.0198	TRUE
F111_Geomyces	F1523_unidentified	0.4887	0.0137	TRUE
F183_Curvularia	F1523_unidentified	0.4801	0.0433	TRUE
F990_f_Pleosporaceae	F1523_unidentified	0.5063	0.0137	TRUE
F970_Resupinatus	F1523_unidentified	0.4542	0.0235	TRUE
F111_Geomyces	F233_Periconia	0.431	0.0137	TRUE
F183_Curvularia	F233_Periconia	0.507	0.0235	TRUE
F990_f_Pleosporaceae	F233_Periconia	0.5775	0.0235	TRUE
F5_Alternaria	F233_Periconia	0.4823	0.0396	TRUE
F3_Moesziomyces	F117_Saitozyma	0.8593	0.0099	TRUE
F27_Curvularia	F117_Saitozyma	0.675	0.0297	TRUE
F51_Papiliotrema	F117_Saitozyma	0.806	0.0198	TRUE
F28_f_Hypocreales_fam_Incertae_sedis	F117_Saitozyma	-0.7843	0.0198	FALSE
F130_Ramichloridium	F117_Saitozyma	0.7673	0.0099	TRUE
F44_Zopfiella	F117_Saitozyma	0.8604	0.0099	TRUE
F575_Trametes	F202_Pseudozyma	0.4155	0.0334	TRUE
F717_Sistotremastrum	F202_Pseudozyma	0.4689	0.0433	TRUE
F328_Phaeosphaeria	F202_Pseudozyma	0.5159	0.0334	TRUE
F36_Moesziomyces	F202_Pseudozyma	0.5283	0.0495	TRUE
F191_f_Didymellaceae	F202_Pseudozyma	0.5748	0.0334	TRUE
F1309_Sphaerulina	F202_Pseudozyma	0.4571	0.0433	TRUE
F598_Rhodosporidiobolus	F105_Clonostachys	0.549	0.0334	TRUE
F116_Curvularia	F3_Moesziomyces	0.756	0.0297	TRUE
F376_Gibellulopsis	F3_Moesziomyces	-0.7197	0.0198	FALSE
F53_Pyrenochaetopsis	F3_Moesziomyces	-0.6862	0.0297	FALSE
F51_Papiliotrema	F3_Moesziomyces	0.775	0.0099	TRUE
F130_Ramichloridium	F3_Moesziomyces	0.722	0.0099	TRUE
F44_Zopfiella	F3_Moesziomyces	0.7982	0.0396	TRUE
F717_Sistotremastrum	F635_unidentified	0.4535	0.0235	TRUE
F191_f_Didymellaceae	F635_unidentified	0.3887	0.0235	TRUE
F989_Trametes	F4_o_Pleosporales	0.5047	0.0296	TRUE
F280_o_Polyporales	F4_o_Pleosporales	0.4664	0.0197	TRUE
F183_Curvularia	F111_Geomyces	0.5682	0.0137	TRUE
F990_f_Pleosporaceae	F111_Geomyces	0.5609	0.0433	TRUE
F268_Sarocladium	F111_Geomyces	-0.4724	0.0396	FALSE
F580_Psathyrella	F111_Geomyces	0.4868	0.005	TRUE
F5_Alternaria	F111_Geomyces	0.4857	0.0495	TRUE
F328_Phaeosphaeria	F686_Malassezia	0.5243	0.005	TRUE
F36_Moesziomyces	F686_Malassezia	0.5278	0.0495	TRUE
F220_Acremonium	F686_Malassezia	0.4518	0.0235	TRUE
F191_f_Didymellaceae	F686_Malassezia	0.5393	0.0137	TRUE
F1309_Sphaerulina	F686_Malassezia	0.5399	0.0137	TRUE
F81_Cladosporium	F576_Malassezia	0.5408	0.0296	TRUE
F13_Zopfiella	F576_Malassezia	0.4637	0.0296	TRUE
F280_o_Polyporales	F989_Trametes	0.497	0.0334	TRUE
F116_Curvularia	F190_Irpex	0.6937	0.0198	TRUE
F53_Pyrenochaetopsis	F190_Irpex	-0.6493	0.0396	FALSE
F20_Edenia	F136_f_Didymosphaeriaceae	-0.4169	0.0495	FALSE
F598_Rhodosporidiobolus	F136_f_Didymosphaeriaceae	0.4818	0.0334	TRUE
F362_Porostereum	F27_Curvularia	-0.548	0.0495	FALSE
F51_Papiliotrema	F27_Curvularia	0.5791	0.0396	TRUE
F28_f_Hypocreales_fam_Incertae_sedis	F27_Curvularia	-0.7529	0.0099	FALSE
F130_Ramichloridium	F27_Curvularia	0.5681	0.0495	TRUE
F44_Zopfiella	F27_Curvularia	0.779	0.0099	TRUE
F376_Gibellulopsis	F116_Curvularia	-0.6661	0.0099	FALSE
F53_Pyrenochaetopsis	F116_Curvularia	-0.8183	0.0099	FALSE
F36_Moesziomyces	F116_Curvularia	0.5363	0.0396	TRUE
F65_Sarocladium	F116_Curvularia	0.64	0.0396	TRUE
F178_Schizopora	F116_Curvularia	0.5979	0.0495	TRUE
F89_Aureobasidium	F116_Curvularia	-0.5728	0.0396	FALSE
F65_Sarocladium	F404_Curvularia	-0.5345	0.0396	FALSE
F74_f_Tilletiaceae	F183_Curvularia	0.5286	0.0137	TRUE
F973_Phanerochaete	F183_Curvularia	0.4543	0.0433	TRUE
F990_f_Pleosporaceae	F183_Curvularia	0.6258	0.0137	TRUE
F580_Psathyrella	F183_Curvularia	0.6047	0.005	TRUE
F970_Resupinatus	F183_Curvularia	0.472	0.0334	TRUE
F376_Gibellulopsis	F20_Edenia	0.6823	0.0297	TRUE
F53_Pyrenochaetopsis	F20_Edenia	0.6499	0.0396	TRUE
F65_Sarocladium	F20_Edenia	-0.78	0.0099	FALSE
F6_Cladosporium	F20_Edenia	-0.8108	0.0099	FALSE
F725_Cabalodontia	F280_o_Polyporales	0.4532	0.005	TRUE
F407_Phanerochaete	F277_Peniophora	0.5314	0.019	TRUE
F922_Phlebia	F277_Peniophora	0.4051	0.0487	TRUE
F598_Rhodosporidiobolus	F277_Peniophora	0.5872	0.0235	TRUE
F674_Cystobasidium	F277_Peniophora	0.5235	0.0137	TRUE
F25_Dimorphospora	F23_Solicoccozyma	0.5804	0.0137	TRUE
F90_Pseudogymnoascus	F23_Solicoccozyma	0.5056	0.0235	TRUE
F292_Engyodontium	F1433_Penicillium	0.5623	0.0396	TRUE
F598_Rhodosporidiobolus	F1433_Penicillium	0.5556	0.0388	TRUE
F674_Cystobasidium	F1433_Penicillium	0.4654	0.0487	TRUE
F46_Microscypha	F1433_Penicillium	0.5238	0.0395	TRUE
F81_Cladosporium	F1433_Penicillium	0.6527	0.0197	TRUE
F53_Pyrenochaetopsis	F376_Gibellulopsis	0.7157	0.0198	TRUE
F65_Sarocladium	F376_Gibellulopsis	-0.7939	0.0099	FALSE
F160_Cladosporium	F376_Gibellulopsis	0.3581	0.0296	TRUE
F220_Acremonium	F660_Simplicillium	0.4398	0.0334	TRUE
F191_f_Didymellaceae	F660_Simplicillium	0.5068	0.0137	TRUE
F598_Rhodosporidiobolus	F407_Phanerochaete	0.5793	0.0289	TRUE
F990_f_Pleosporaceae	F74_f_Tilletiaceae	0.5064	0.0235	TRUE
F990_f_Pleosporaceae	F973_Phanerochaete	0.4385	0.0235	TRUE
F598_Rhodosporidiobolus	F292_Engyodontium	0.5146	0.0494	TRUE
F46_Microscypha	F292_Engyodontium	0.4728	0.0495	TRUE
F81_Cladosporium	F292_Engyodontium	0.5321	0.0495	TRUE
F580_Psathyrella	F990_f_Pleosporaceae	0.5462	0.0137	TRUE
F970_Resupinatus	F990_f_Pleosporaceae	0.5839	0.0235	TRUE
F674_Cystobasidium	F598_Rhodosporidiobolus	0.584	0.0334	TRUE
F362_Porostereum	F598_Rhodosporidiobolus	0.5334	0.0198	TRUE
F71_Papiliotrema	F598_Rhodosporidiobolus	0.443	0.0433	TRUE
F362_Porostereum	F120_Sporobolomyces	0.658	0.0297	TRUE
F44_Zopfiella	F120_Sporobolomyces	-0.5045	0.0495	FALSE
F36_Moesziomyces	F575_Trametes	0.4952	0.0495	TRUE
F36_Moesziomyces	F53_Pyrenochaetopsis	-0.6647	0.0297	FALSE
F65_Sarocladium	F53_Pyrenochaetopsis	-0.7692	0.0198	FALSE
F6_Cladosporium	F53_Pyrenochaetopsis	-0.6104	0.0495	FALSE
F328_Phaeosphaeria	F717_Sistotremastrum	0.4379	0.0334	TRUE
F220_Acremonium	F717_Sistotremastrum	0.4151	0.0433	TRUE
F191_f_Didymellaceae	F717_Sistotremastrum	0.4899	0.0433	TRUE
F663_Hymenochaetopsis	F362_Porostereum	0.5063	0.0495	TRUE
F81_Cladosporium	F46_Microscypha	0.597	0.0296	TRUE
F161_Paraphoma	F25_Dimorphospora	0.424	0.0433	TRUE
F38_Pseudeurotium	F25_Dimorphospora	0.4333	0.0487	TRUE
F5_Alternaria	F73_Tetracladium	0.5964	0.0297	TRUE
F28_f_Hypocreales_fam_Incertae_sedis	F51_Papiliotrema	-0.6805	0.0297	FALSE
F130_Ramichloridium	F51_Papiliotrema	0.7019	0.0099	TRUE
F44_Zopfiella	F51_Papiliotrema	0.7579	0.0099	TRUE
F36_Moesziomyces	F328_Phaeosphaeria	0.542	0.0396	TRUE
F220_Acremonium	F328_Phaeosphaeria	0.5059	0.0137	TRUE
F191_f_Didymellaceae	F328_Phaeosphaeria	0.6439	0.005	TRUE
F1309_Sphaerulina	F328_Phaeosphaeria	0.4733	0.0433	TRUE
F65_Sarocladium	F36_Moesziomyces	0.6547	0.0099	TRUE
F6_Cladosporium	F36_Moesziomyces	0.7345	0.0297	TRUE
F10_Guehomyces	F36_Moesziomyces	0.7314	0.0297	TRUE
F191_f_Didymellaceae	F36_Moesziomyces	0.57	0.0297	TRUE
F1309_Sphaerulina	F36_Moesziomyces	0.5525	0.0396	TRUE
F5_Alternaria	F36_Moesziomyces	0.6675	0.0495	TRUE
F6_Cladosporium	F65_Sarocladium	0.7939	0.0099	TRUE
F44_Zopfiella	F28_f_Hypocreales_fam_Incertae_sedis	-0.8071	0.0297	FALSE
F93_Gaeumannomyces	F6_Cladosporium	-0.6927	0.0099	FALSE
F1045_unidentified	F310_unidentified	0.4764	0.0297	TRUE
F539_Cenococcum	F10_Guehomyces	0.6257	0.0297	TRUE
F191_f_Didymellaceae	F220_Acremonium	0.6027	0.0137	TRUE
F1309_Sphaerulina	F220_Acremonium	0.5355	0.0137	TRUE
F191_f_Didymellaceae	F539_Cenococcum	0.4322	0.0487	TRUE
F13_Zopfiella	F81_Cladosporium	0.599	0.0197	TRUE
F1309_Sphaerulina	F191_f_Didymellaceae	0.6032	0.005	TRUE
F5_Alternaria	F178_Schizopora	0.7125	0.0099	TRUE
F38_Pseudeurotium	F66_Trichoderma	0.4177	0.0487	TRUE
F44_Zopfiella	F130_Ramichloridium	0.7394	0.0099	TRUE
