Source	Target	Cor	pseudo_p	positive
B282_Acinetobacter	B5975_uncultured.soil.bacterium	0.4719	0.0198	TRUE
B2731_f_Rhizobiaceae	B5975_uncultured.soil.bacterium	0.5533	0.0334	TRUE
B9_Methylobacterium	B5975_uncultured.soil.bacterium	-0.6861	0.0198	FALSE
B4539_Ohtaekwangia	B5975_uncultured.soil.bacterium	0.4684	0.0235	TRUE
B33_Kineococcus	B5975_uncultured.soil.bacterium	0.5412	0.0297	TRUE
B1603_Nakamurella	B5975_uncultured.soil.bacterium	0.6025	0.0137	TRUE
B32_Bradyrhizobium	B5975_uncultured.soil.bacterium	0.582	0.0334	TRUE
B1646_Asinibacterium	B5975_uncultured.soil.bacterium	0.5967	0.0137	TRUE
B8612_Caulobacter	B5975_uncultured.soil.bacterium	0.4942	0.0433	TRUE
B7201_Pseudomonas	B5975_uncultured.soil.bacterium	0.5685	0.0137	TRUE
B5081_Bacillus	B5975_uncultured.soil.bacterium	0.5607	0.005	TRUE
B209_Escherichia-Shigella	B5975_uncultured.soil.bacterium	0.5806	0.0433	TRUE
F54_Pyrenochaetopsis	B5975_uncultured.soil.bacterium	0.4707	0.0495	TRUE
F95_o_NA	B5975_uncultured.soil.bacterium	0.4626	0.0198	TRUE
F1118_Periconia	B5975_uncultured.soil.bacterium	0.4246	0.0235	TRUE
F45_f_Didymellaceae	B5975_uncultured.soil.bacterium	0.5374	0.0396	TRUE
F55_f_Nectriaceae	B5975_uncultured.soil.bacterium	-0.5274	0.0297	FALSE
B10_Allorhizobium-Neorhizobium-Pararhizobium-Rhizobium	B9964_Singulisphaera	0.4639	0.0334	TRUE
B3279_Comamonas	B9964_Singulisphaera	0.437	0.0235	TRUE
B1027_Staphylococcus	B9964_Singulisphaera	0.441	0.0388	TRUE
F133_Cyphellophora	B1229_Roseomonas	-0.5397	0.0495	FALSE
F48_unidentified	B1229_Roseomonas	0.4983	0.0396	TRUE
F117_Saitozyma	B1229_Roseomonas	0.5211	0.0297	TRUE
B22_uncultured Roseobacter sp.	B282_Acinetobacter	0.6542	0.0198	TRUE
B2731_f_Rhizobiaceae	B282_Acinetobacter	0.6335	0.0297	TRUE
B9_Methylobacterium	B282_Acinetobacter	-0.667	0.0198	FALSE
B1603_Nakamurella	B282_Acinetobacter	0.6059	0.0396	TRUE
B1646_Asinibacterium	B282_Acinetobacter	0.5302	0.0297	TRUE
B7201_Pseudomonas	B282_Acinetobacter	0.5685	0.0297	TRUE
B5081_Bacillus	B282_Acinetobacter	0.5637	0.0495	TRUE
B209_Escherichia-Shigella	B282_Acinetobacter	0.5916	0.0198	TRUE
F61_o_Pleosporales	B282_Acinetobacter	-0.6347	0.0198	FALSE
F45_f_Didymellaceae	B282_Acinetobacter	0.6443	0.0099	TRUE
F28_f_Hypocreales_fam_Incertae_sedis	B282_Acinetobacter	0.6229	0.0495	TRUE
F55_f_Nectriaceae	B282_Acinetobacter	-0.596	0.0198	FALSE
F89_Aureobasidium	B282_Acinetobacter	-0.5647	0.0396	FALSE
B10_Allorhizobium-Neorhizobium-Pararhizobium-Rhizobium	B1559_Terrimicrobium	0.4488	0.0235	TRUE
B9679_Reyranella	B1559_Terrimicrobium	0.4058	0.0433	TRUE
B1027_Staphylococcus	B1559_Terrimicrobium	0.41	0.0388	TRUE
B27_Mucilaginibacter	B1559_Terrimicrobium	0.4195	0.0433	TRUE
F71_Papiliotrema	B1559_Terrimicrobium	-0.4926	0.0198	FALSE
B500_Pseudomonas	B22_uncultured.Roseobacter.sp.	-0.6797	0.0396	FALSE
B626_Pseudomonas	B22_uncultured.Roseobacter.sp.	-0.7154	0.0198	FALSE
B6_Sphingomonas	B22_uncultured.Roseobacter.sp.	0.8812	0.0099	TRUE
B260_Pseudomonas	B22_uncultured.Roseobacter.sp.	-0.7298	0.0198	FALSE
B187_Clostridium sensu stricto 8	B22_uncultured.Roseobacter.sp.	-0.6987	0.0495	FALSE
B1151_Pseudomonas	B22_uncultured.Roseobacter.sp.	-0.6263	0.0297	FALSE
B1556_Pseudomonas	B22_uncultured.Roseobacter.sp.	-0.6508	0.0198	FALSE
B269_Pseudomonas	B22_uncultured.Roseobacter.sp.	-0.7196	0.0099	FALSE
B329_Paenibacillus	B22_uncultured.Roseobacter.sp.	-0.6911	0.0099	FALSE
B333_metagenome	B22_uncultured.Roseobacter.sp.	-0.6013	0.0198	FALSE
B933_Pseudomonas	B22_uncultured.Roseobacter.sp.	-0.5843	0.0396	FALSE
B776_Lactococcus	B22_uncultured.Roseobacter.sp.	-0.6686	0.0297	FALSE
B2681_Lactobacillus	B22_uncultured.Roseobacter.sp.	-0.552	0.0396	FALSE
B448_Lactococcus	B22_uncultured.Roseobacter.sp.	-0.6898	0.0198	FALSE
B1649_f_Enterobacteriaceae	B22_uncultured.Roseobacter.sp.	-0.7101	0.0198	FALSE
B3417_Brevibacillus	B22_uncultured.Roseobacter.sp.	-0.5437	0.0198	FALSE
B3_Sphingomonas	B22_uncultured.Roseobacter.sp.	0.7602	0.0099	TRUE
B326_Bacillus	B22_uncultured.Roseobacter.sp.	-0.7145	0.0198	FALSE
B646_Leuconostoc	B22_uncultured.Roseobacter.sp.	-0.6658	0.0099	FALSE
B725_Lactococcus	B22_uncultured.Roseobacter.sp.	-0.6225	0.0297	FALSE
F61_o_Pleosporales	B22_uncultured.Roseobacter.sp.	-0.6713	0.0297	FALSE
F106_unidentified	B22_uncultured.Roseobacter.sp.	0.5633	0.0396	TRUE
F299_Cladosporium	B22_uncultured.Roseobacter.sp.	-0.6692	0.0495	FALSE
F1133_unidentified	B22_uncultured.Roseobacter.sp.	-0.5251	0.0297	FALSE
F27_Curvularia	B22_uncultured.Roseobacter.sp.	0.6011	0.0495	TRUE
F729_Stemphylium	B22_uncultured.Roseobacter.sp.	-0.6212	0.0099	FALSE
F33_unidentified	B22_uncultured.Roseobacter.sp.	0.5561	0.0495	TRUE
F28_f_Hypocreales_fam_Incertae_sedis	B22_uncultured.Roseobacter.sp.	0.7081	0.0396	TRUE
F231_Bullera	B22_uncultured.Roseobacter.sp.	0.5058	0.0495	TRUE
B12_Novosphingobium	B252_Spirosoma	-0.5231	0.0198	FALSE
F204_Hannaella	B252_Spirosoma	-0.538	0.0297	FALSE
F71_Papiliotrema	B252_Spirosoma	-0.5468	0.0495	FALSE
B626_Pseudomonas	B500_Pseudomonas	0.7262	0.0098	TRUE
B6_Sphingomonas	B500_Pseudomonas	-0.7899	0.0099	FALSE
B260_Pseudomonas	B500_Pseudomonas	0.7369	0.0098	TRUE
B187_Clostridium sensu stricto 8	B500_Pseudomonas	0.7429	0.0197	TRUE
B1151_Pseudomonas	B500_Pseudomonas	0.6686	0.0197	TRUE
B1556_Pseudomonas	B500_Pseudomonas	0.6293	0.0197	TRUE
B269_Pseudomonas	B500_Pseudomonas	0.7536	0.0098	TRUE
B329_Paenibacillus	B500_Pseudomonas	0.7394	0.0197	TRUE
B333_metagenome	B500_Pseudomonas	0.6221	0.0296	TRUE
B933_Pseudomonas	B500_Pseudomonas	0.613	0.0296	TRUE
B776_Lactococcus	B500_Pseudomonas	0.7344	0.0098	TRUE
B2681_Lactobacillus	B500_Pseudomonas	0.5722	0.0098	TRUE
B448_Lactococcus	B500_Pseudomonas	0.7495	0.0098	TRUE
B1649_f_Enterobacteriaceae	B500_Pseudomonas	0.7396	0.0296	TRUE
B737_Pseudomonas	B500_Pseudomonas	0.662	0.0197	TRUE
B1_Pantoea	B500_Pseudomonas	-0.5974	0.0495	FALSE
B3417_Brevibacillus	B500_Pseudomonas	0.5433	0.0098	TRUE
B3_Sphingomonas	B500_Pseudomonas	-0.7925	0.0099	FALSE
B326_Bacillus	B500_Pseudomonas	0.756	0.0197	TRUE
B646_Leuconostoc	B500_Pseudomonas	0.6761	0.0197	TRUE
B725_Lactococcus	B500_Pseudomonas	0.6438	0.0197	TRUE
B4_Pantoea	B500_Pseudomonas	-0.526	0.0495	FALSE
F299_Cladosporium	B500_Pseudomonas	0.6833	0.0098	TRUE
F1182_Suillus	B500_Pseudomonas	0.4873	0.0297	TRUE
F3_Moesziomyces	B500_Pseudomonas	-0.6203	0.0495	FALSE
F4_o_Pleosporales	B500_Pseudomonas	0.6355	0.0396	TRUE
F18_f_Phaeosphaeriaceae	B500_Pseudomonas	-0.7206	0.0198	FALSE
F1133_unidentified	B500_Pseudomonas	0.6086	0.0395	TRUE
F112_Paraphaeosphaeria	B500_Pseudomonas	0.6162	0.0198	TRUE
F27_Curvularia	B500_Pseudomonas	-0.7367	0.0099	FALSE
F729_Stemphylium	B500_Pseudomonas	0.6881	0.0197	TRUE
F29_f_Didymellaceae	B500_Pseudomonas	-0.6475	0.0198	FALSE
F28_f_Hypocreales_fam_Incertae_sedis	B500_Pseudomonas	-0.6306	0.0297	FALSE
F6_Cladosporium	B500_Pseudomonas	-0.6526	0.0396	FALSE
F220_Acremonium	B500_Pseudomonas	0.7076	0.0099	TRUE
F5_Alternaria	B500_Pseudomonas	-0.6731	0.0099	FALSE
B605_uncultured bacterium SJA-22	B547_Anaeromyxobacter	0.4585	0.0433	TRUE
B717_Acinetobacter	B547_Anaeromyxobacter	0.5109	0.0235	TRUE
B494_Brevundimonas	B547_Anaeromyxobacter	0.5071	0.0235	TRUE
F2_Nigrospora	B547_Anaeromyxobacter	0.48	0.0396	TRUE
B9_Methylobacterium	B2731_f_Rhizobiaceae	-0.7944	0.0099	FALSE
B4539_Ohtaekwangia	B2731_f_Rhizobiaceae	0.5512	0.0334	TRUE
B1603_Nakamurella	B2731_f_Rhizobiaceae	0.6622	0.005	TRUE
B32_Bradyrhizobium	B2731_f_Rhizobiaceae	0.6235	0.0137	TRUE
B1646_Asinibacterium	B2731_f_Rhizobiaceae	0.6776	0.0137	TRUE
B8612_Caulobacter	B2731_f_Rhizobiaceae	0.5876	0.0334	TRUE
B7201_Pseudomonas	B2731_f_Rhizobiaceae	0.6919	0.0137	TRUE
B5081_Bacillus	B2731_f_Rhizobiaceae	0.6954	0.0235	TRUE
B3325_Hymenobacter	B2731_f_Rhizobiaceae	0.4781	0.0296	TRUE
F75_unidentified	B2731_f_Rhizobiaceae	0.4905	0.0137	TRUE
F60_Nakataea	B2731_f_Rhizobiaceae	0.5183	0.0388	TRUE
F1118_Periconia	B2731_f_Rhizobiaceae	0.4837	0.0235	TRUE
F231_Bullera	B2731_f_Rhizobiaceae	0.4326	0.0494	TRUE
B6_Sphingomonas	B626_Pseudomonas	-0.832	0.0099	FALSE
B260_Pseudomonas	B626_Pseudomonas	0.7819	0.0098	TRUE
B187_Clostridium sensu stricto 8	B626_Pseudomonas	0.7342	0.0098	TRUE
B1151_Pseudomonas	B626_Pseudomonas	0.6866	0.0197	TRUE
B1556_Pseudomonas	B626_Pseudomonas	0.6834	0.0098	TRUE
B269_Pseudomonas	B626_Pseudomonas	0.7135	0.0197	TRUE
B329_Paenibacillus	B626_Pseudomonas	0.7574	0.0098	TRUE
B333_metagenome	B626_Pseudomonas	0.6301	0.0197	TRUE
B933_Pseudomonas	B626_Pseudomonas	0.6709	0.0098	TRUE
B776_Lactococcus	B626_Pseudomonas	0.7432	0.0197	TRUE
B2681_Lactobacillus	B626_Pseudomonas	0.6005	0.0098	TRUE
B448_Lactococcus	B626_Pseudomonas	0.7068	0.0197	TRUE
B1649_f_Enterobacteriaceae	B626_Pseudomonas	0.7407	0.0098	TRUE
B737_Pseudomonas	B626_Pseudomonas	0.6544	0.0098	TRUE
B3417_Brevibacillus	B626_Pseudomonas	0.5301	0.0395	TRUE
B14_Burkholderia-Caballeronia-Paraburkholderia	B626_Pseudomonas	0.5468	0.0297	TRUE
B3_Sphingomonas	B626_Pseudomonas	-0.7735	0.0198	FALSE
B326_Bacillus	B626_Pseudomonas	0.7723	0.0098	TRUE
B646_Leuconostoc	B626_Pseudomonas	0.6659	0.0197	TRUE
B725_Lactococcus	B626_Pseudomonas	0.6761	0.0098	TRUE
F299_Cladosporium	B626_Pseudomonas	0.6878	0.0395	TRUE
F3_Moesziomyces	B626_Pseudomonas	-0.5725	0.0396	FALSE
F4_o_Pleosporales	B626_Pseudomonas	0.6089	0.0495	TRUE
F18_f_Phaeosphaeriaceae	B626_Pseudomonas	-0.6653	0.0198	FALSE
F1133_unidentified	B626_Pseudomonas	0.5883	0.0296	TRUE
F112_Paraphaeosphaeria	B626_Pseudomonas	0.5652	0.0099	TRUE
F27_Curvularia	B626_Pseudomonas	-0.6681	0.0099	FALSE
F729_Stemphylium	B626_Pseudomonas	0.6731	0.0098	TRUE
F29_f_Didymellaceae	B626_Pseudomonas	-0.6022	0.0099	FALSE
F28_f_Hypocreales_fam_Incertae_sedis	B626_Pseudomonas	-0.6817	0.0099	FALSE
F6_Cladosporium	B626_Pseudomonas	-0.6432	0.0297	FALSE
F220_Acremonium	B626_Pseudomonas	0.6829	0.0297	TRUE
F131_unidentified	B2605_f_Unknown.Family	-0.3858	0.0495	FALSE
B260_Pseudomonas	B6_Sphingomonas	-0.8462	0.0099	FALSE
B187_Clostridium sensu stricto 8	B6_Sphingomonas	-0.8346	0.0099	FALSE
B1151_Pseudomonas	B6_Sphingomonas	-0.7669	0.0198	FALSE
B1556_Pseudomonas	B6_Sphingomonas	-0.7387	0.0099	FALSE
B269_Pseudomonas	B6_Sphingomonas	-0.8542	0.0198	FALSE
B329_Paenibacillus	B6_Sphingomonas	-0.8467	0.0099	FALSE
B333_metagenome	B6_Sphingomonas	-0.719	0.0198	FALSE
B933_Pseudomonas	B6_Sphingomonas	-0.6944	0.0099	FALSE
B776_Lactococcus	B6_Sphingomonas	-0.8139	0.0099	FALSE
B2681_Lactobacillus	B6_Sphingomonas	-0.6765	0.0396	FALSE
B448_Lactococcus	B6_Sphingomonas	-0.8116	0.0099	FALSE
B1649_f_Enterobacteriaceae	B6_Sphingomonas	-0.8273	0.0099	FALSE
B737_Pseudomonas	B6_Sphingomonas	-0.7201	0.0198	FALSE
B3417_Brevibacillus	B6_Sphingomonas	-0.6281	0.0099	FALSE
B14_Burkholderia-Caballeronia-Paraburkholderia	B6_Sphingomonas	-0.5902	0.0495	FALSE
B3_Sphingomonas	B6_Sphingomonas	0.9004	0.0099	TRUE
B326_Bacillus	B6_Sphingomonas	-0.8444	0.0099	FALSE
B646_Leuconostoc	B6_Sphingomonas	-0.761	0.0198	FALSE
B725_Lactococcus	B6_Sphingomonas	-0.7571	0.0198	FALSE
F131_unidentified	B6_Sphingomonas	-0.6216	0.0396	FALSE
F299_Cladosporium	B6_Sphingomonas	-0.7943	0.0198	FALSE
F1182_Suillus	B6_Sphingomonas	-0.513	0.0495	FALSE
F18_f_Phaeosphaeriaceae	B6_Sphingomonas	0.7713	0.0099	TRUE
F1133_unidentified	B6_Sphingomonas	-0.6495	0.0099	FALSE
F27_Curvularia	B6_Sphingomonas	0.7528	0.0198	TRUE
F729_Stemphylium	B6_Sphingomonas	-0.7219	0.0198	FALSE
F29_f_Didymellaceae	B6_Sphingomonas	0.6578	0.0396	TRUE
F28_f_Hypocreales_fam_Incertae_sedis	B6_Sphingomonas	0.7486	0.0099	TRUE
F220_Acremonium	B6_Sphingomonas	-0.7278	0.0099	FALSE
F81_Cladosporium	B6_Sphingomonas	0.6249	0.0297	TRUE
F5_Alternaria	B6_Sphingomonas	0.6497	0.0396	TRUE
B494_Brevundimonas	B605_uncultured.bacterium.SJA.22	0.4633	0.0433	TRUE
B31_Quadrisphaera	B605_uncultured.bacterium.SJA.22	0.4482	0.0235	TRUE
F223_Curvularia	B605_uncultured.bacterium.SJA.22	0.3743	0.0433	TRUE
B10_Allorhizobium-Neorhizobium-Pararhizobium-Rhizobium	B4534_uncultured.Rubrobacteraceae.bacterium	0.4308	0.0433	TRUE
B10_Allorhizobium-Neorhizobium-Pararhizobium-Rhizobium	B583_Acinetobacter	0.5215	0.0137	TRUE
B1313_Escherichia-Shigella	B583_Acinetobacter	0.5375	0.0235	TRUE
B3279_Comamonas	B583_Acinetobacter	0.4461	0.0334	TRUE
B1027_Staphylococcus	B583_Acinetobacter	0.5052	0.0289	TRUE
F71_Papiliotrema	B583_Acinetobacter	-0.4902	0.0495	FALSE
F321_Curvularia	B464_Pseudomonas	0.4874	0.0334	TRUE
B827_Stenotrophomonas	B5_Pseudomonas	0.572	0.0297	TRUE
B1591_Allorhizobium-Neorhizobium-Pararhizobium-Rhizobium	B5_Pseudomonas	0.68	0.0297	TRUE
B68_Chryseobacterium	B5_Pseudomonas	0.7257	0.0099	TRUE
B7_Curtobacterium	B5_Pseudomonas	0.6978	0.0198	TRUE
F21_Acremonium	B5_Pseudomonas	0.7614	0.0198	TRUE
F152_unidentified	B5_Pseudomonas	-0.4986	0.0495	FALSE
F8_unidentified	B5_Pseudomonas	0.6084	0.0198	TRUE
F48_unidentified	B5_Pseudomonas	0.7662	0.0099	TRUE
F187_o_Chaetothyriales	B5_Pseudomonas	0.5503	0.0495	TRUE
F132_Phaeosphaeria	B5_Pseudomonas	0.5232	0.0396	TRUE
F117_Saitozyma	B5_Pseudomonas	0.6281	0.0099	TRUE
F209_unidentified	B5_Pseudomonas	0.7735	0.0099	TRUE
F105_Clonostachys	B5_Pseudomonas	0.7676	0.0099	TRUE
F12_o_Pleosporales	B5_Pseudomonas	-0.6124	0.0099	FALSE
F36_Moesziomyces	B5_Pseudomonas	0.6927	0.0495	TRUE
B187_Clostridium sensu stricto 8	B260_Pseudomonas	0.7629	0.0098	TRUE
B1151_Pseudomonas	B260_Pseudomonas	0.7322	0.0098	TRUE
B1556_Pseudomonas	B260_Pseudomonas	0.6929	0.0098	TRUE
B269_Pseudomonas	B260_Pseudomonas	0.7937	0.0197	TRUE
B329_Paenibacillus	B260_Pseudomonas	0.7808	0.0098	TRUE
B333_metagenome	B260_Pseudomonas	0.6692	0.0098	TRUE
B933_Pseudomonas	B260_Pseudomonas	0.6406	0.0098	TRUE
B776_Lactococcus	B260_Pseudomonas	0.7492	0.0098	TRUE
B2681_Lactobacillus	B260_Pseudomonas	0.6805	0.0296	TRUE
B448_Lactococcus	B260_Pseudomonas	0.7859	0.0098	TRUE
B1649_f_Enterobacteriaceae	B260_Pseudomonas	0.7733	0.0098	TRUE
B737_Pseudomonas	B260_Pseudomonas	0.6734	0.0098	TRUE
B1_Pantoea	B260_Pseudomonas	-0.6369	0.0297	FALSE
B3_Sphingomonas	B260_Pseudomonas	-0.853	0.0099	FALSE
B326_Bacillus	B260_Pseudomonas	0.8131	0.0098	TRUE
B646_Leuconostoc	B260_Pseudomonas	0.6997	0.0098	TRUE
B725_Lactococcus	B260_Pseudomonas	0.7533	0.0296	TRUE
F106_unidentified	B260_Pseudomonas	-0.5435	0.0495	FALSE
F131_unidentified	B260_Pseudomonas	0.5903	0.0495	TRUE
F299_Cladosporium	B260_Pseudomonas	0.7159	0.0296	TRUE
F1182_Suillus	B260_Pseudomonas	0.5766	0.0297	TRUE
F3_Moesziomyces	B260_Pseudomonas	-0.6367	0.0198	FALSE
F4_o_Pleosporales	B260_Pseudomonas	0.6632	0.0297	TRUE
F18_f_Phaeosphaeriaceae	B260_Pseudomonas	-0.723	0.0099	FALSE
F47_f_Phaeosphaeriaceae	B260_Pseudomonas	-0.5459	0.0198	FALSE
F1133_unidentified	B260_Pseudomonas	0.6088	0.0098	TRUE
F112_Paraphaeosphaeria	B260_Pseudomonas	0.6404	0.0297	TRUE
F27_Curvularia	B260_Pseudomonas	-0.7342	0.0198	FALSE
F20_Edenia	B260_Pseudomonas	-0.6225	0.0297	FALSE
F729_Stemphylium	B260_Pseudomonas	0.7526	0.0098	TRUE
F29_f_Didymellaceae	B260_Pseudomonas	-0.6692	0.0297	FALSE
F28_f_Hypocreales_fam_Incertae_sedis	B260_Pseudomonas	-0.7215	0.0198	FALSE
F220_Acremonium	B260_Pseudomonas	0.7023	0.0099	TRUE
F5_Alternaria	B260_Pseudomonas	-0.6775	0.0297	FALSE
B11811_Fimbriiglobus	B116_Geodermatophilus	0.3825	0.0388	TRUE
F21_Acremonium	B116_Geodermatophilus	0.5973	0.0198	TRUE
F48_unidentified	B116_Geodermatophilus	0.5127	0.0495	TRUE
F78_unidentified	B116_Geodermatophilus	0.5846	0.0495	TRUE
B302_Acinetobacter	B10_Allorhizobium.Neorhizobium.Pararhizobium.Rhizobium	0.4834	0.0433	TRUE
B9857_f_Beijerinckiaceae	B10_Allorhizobium.Neorhizobium.Pararhizobium.Rhizobium	0.45	0.0334	TRUE
B7798_Corynebacterium 1	B10_Allorhizobium.Neorhizobium.Pararhizobium.Rhizobium	0.4296	0.0334	TRUE
B3472_Nocardioides	B10_Allorhizobium.Neorhizobium.Pararhizobium.Rhizobium	0.4886	0.0334	TRUE
B3193_Dysgonomonas	B10_Allorhizobium.Neorhizobium.Pararhizobium.Rhizobium	0.454	0.0487	TRUE
B25_uncultured prokaryote	B10_Allorhizobium.Neorhizobium.Pararhizobium.Rhizobium	0.4681	0.019	TRUE
B1313_Escherichia-Shigella	B10_Allorhizobium.Neorhizobium.Pararhizobium.Rhizobium	0.6147	0.0334	TRUE
B1649_f_Enterobacteriaceae	B10_Allorhizobium.Neorhizobium.Pararhizobium.Rhizobium	0.4483	0.0487	TRUE
B3279_Comamonas	B10_Allorhizobium.Neorhizobium.Pararhizobium.Rhizobium	0.5582	0.005	TRUE
B1027_Staphylococcus	B10_Allorhizobium.Neorhizobium.Pararhizobium.Rhizobium	0.5443	0.0388	TRUE
B27_Mucilaginibacter	B10_Allorhizobium.Neorhizobium.Pararhizobium.Rhizobium	0.5491	0.0235	TRUE
F29_f_Didymellaceae	B10_Allorhizobium.Neorhizobium.Pararhizobium.Rhizobium	-0.4894	0.0495	FALSE
F33_unidentified	B10_Allorhizobium.Neorhizobium.Pararhizobium.Rhizobium	-0.5701	0.0198	FALSE
B948_Mucilaginibacter	B153_Ralstonia	0.4354	0.0137	TRUE
B83_Bradyrhizobium	B153_Ralstonia	0.4892	0.0433	TRUE
B24_Bradyrhizobium	B1388_Lawsonella	0.5009	0.0395	TRUE
B138_Nakamurella	B2_Methylobacterium	-0.6811	0.0198	FALSE
B17_Methylobacterium	B2_Methylobacterium	0.6196	0.0198	TRUE
B835_Spirosoma	B2_Methylobacterium	-0.5556	0.0495	FALSE
F16_Pyricularia	B2_Methylobacterium	0.8439	0.0099	TRUE
F3_Moesziomyces	B2_Methylobacterium	-0.595	0.0396	FALSE
F12_o_Pleosporales	B2_Methylobacterium	-0.7481	0.0099	FALSE
F47_f_Phaeosphaeriaceae	B2_Methylobacterium	-0.675	0.0297	FALSE
F50_Thanatephorus	B2_Methylobacterium	0.509	0.0198	TRUE
F744_o_Microstromatales	B2_Methylobacterium	-0.7529	0.0198	FALSE
F20_Edenia	B2_Methylobacterium	-0.7214	0.0297	FALSE
F509_Bipolaris	B2_Methylobacterium	-0.6696	0.0198	FALSE
F81_Cladosporium	B2_Methylobacterium	-0.671	0.0198	FALSE
F181_f_Didymellaceae	B2_Methylobacterium	0.6124	0.0495	TRUE
F5_Alternaria	B2_Methylobacterium	-0.803	0.0297	FALSE
F553_Trichomerium	B2_Methylobacterium	-0.8106	0.0099	FALSE
F30_unidentified	B2_Methylobacterium	-0.7948	0.0099	FALSE
B717_Acinetobacter	B430_Pseudonocardia	0.4685	0.0334	TRUE
B31_Quadrisphaera	B430_Pseudonocardia	0.4634	0.0433	TRUE
B81_Stenotrophomonas	B430_Pseudonocardia	0.5164	0.0235	TRUE
F2_Nigrospora	B430_Pseudonocardia	0.5539	0.0297	TRUE
F27_Curvularia	B430_Pseudonocardia	-0.5236	0.0396	FALSE
B494_Brevundimonas	B717_Acinetobacter	0.5943	0.0433	TRUE
B1151_Pseudomonas	B717_Acinetobacter	0.4424	0.0388	TRUE
B171_uncultured prokaryote	B717_Acinetobacter	0.4267	0.0433	TRUE
B411_uncultured prokaryote	B717_Acinetobacter	0.4386	0.0235	TRUE
B269_Pseudomonas	B717_Acinetobacter	0.4633	0.0487	TRUE
B48_Luteibacter	B717_Acinetobacter	0.4327	0.0433	TRUE
B31_Quadrisphaera	B717_Acinetobacter	0.5441	0.0235	TRUE
B737_Pseudomonas	B717_Acinetobacter	0.5162	0.0388	TRUE
B7_Curtobacterium	B717_Acinetobacter	-0.4929	0.0396	FALSE
B81_Stenotrophomonas	B717_Acinetobacter	0.5612	0.0235	TRUE
F1182_Suillus	B717_Acinetobacter	0.4607	0.0495	TRUE
F1012_Antrodiella	B717_Acinetobacter	0.4357	0.0433	TRUE
F27_Curvularia	B717_Acinetobacter	-0.6065	0.0297	FALSE
F1986_Plenodomus	B717_Acinetobacter	0.4552	0.0137	TRUE
B4539_Ohtaekwangia	B9_Methylobacterium	-0.6672	0.0198	FALSE
B33_Kineococcus	B9_Methylobacterium	-0.6755	0.0297	FALSE
B1603_Nakamurella	B9_Methylobacterium	-0.7694	0.0099	FALSE
B32_Bradyrhizobium	B9_Methylobacterium	-0.8139	0.0198	FALSE
B1646_Asinibacterium	B9_Methylobacterium	-0.7264	0.0297	FALSE
B8612_Caulobacter	B9_Methylobacterium	-0.7273	0.0099	FALSE
B7201_Pseudomonas	B9_Methylobacterium	-0.7883	0.0198	FALSE
B5081_Bacillus	B9_Methylobacterium	-0.8202	0.0099	FALSE
B209_Escherichia-Shigella	B9_Methylobacterium	-0.8238	0.0099	FALSE
B7_Curtobacterium	B9_Methylobacterium	0.64	0.0396	TRUE
F95_o_NA	B9_Methylobacterium	-0.59	0.0198	FALSE
F60_Nakataea	B9_Methylobacterium	-0.6198	0.0198	FALSE
F1118_Periconia	B9_Methylobacterium	-0.5406	0.0198	FALSE
F45_f_Didymellaceae	B9_Methylobacterium	-0.6681	0.0396	FALSE
F539_Cenococcum	B9_Methylobacterium	-0.5281	0.0297	FALSE
F55_f_Nectriaceae	B9_Methylobacterium	0.7761	0.0198	TRUE
F101_Curvularia	B9_Methylobacterium	-0.4463	0.0297	FALSE
F89_Aureobasidium	B9_Methylobacterium	0.6036	0.0396	TRUE
B1151_Pseudomonas	B187_Clostridium.sensu.stricto.8	0.7043	0.0296	TRUE
B1556_Pseudomonas	B187_Clostridium.sensu.stricto.8	0.7107	0.0098	TRUE
B269_Pseudomonas	B187_Clostridium.sensu.stricto.8	0.775	0.0098	TRUE
B329_Paenibacillus	B187_Clostridium.sensu.stricto.8	0.7758	0.0098	TRUE
B333_metagenome	B187_Clostridium.sensu.stricto.8	0.6755	0.0098	TRUE
B933_Pseudomonas	B187_Clostridium.sensu.stricto.8	0.6418	0.0098	TRUE
B3193_Dysgonomonas	B187_Clostridium.sensu.stricto.8	0.4752	0.0395	TRUE
B776_Lactococcus	B187_Clostridium.sensu.stricto.8	0.7546	0.0098	TRUE
B2681_Lactobacillus	B187_Clostridium.sensu.stricto.8	0.6507	0.0197	TRUE
B448_Lactococcus	B187_Clostridium.sensu.stricto.8	0.7822	0.0197	TRUE
B1649_f_Enterobacteriaceae	B187_Clostridium.sensu.stricto.8	0.7437	0.0197	TRUE
B737_Pseudomonas	B187_Clostridium.sensu.stricto.8	0.701	0.0197	TRUE
B1_Pantoea	B187_Clostridium.sensu.stricto.8	-0.6369	0.0495	FALSE
B3417_Brevibacillus	B187_Clostridium.sensu.stricto.8	0.5403	0.0395	TRUE
B3_Sphingomonas	B187_Clostridium.sensu.stricto.8	-0.8333	0.0099	FALSE
B326_Bacillus	B187_Clostridium.sensu.stricto.8	0.7966	0.0098	TRUE
B646_Leuconostoc	B187_Clostridium.sensu.stricto.8	0.7108	0.0098	TRUE
B725_Lactococcus	B187_Clostridium.sensu.stricto.8	0.687	0.0197	TRUE
F131_unidentified	B187_Clostridium.sensu.stricto.8	0.595	0.0297	TRUE
F133_Cyphellophora	B187_Clostridium.sensu.stricto.8	0.5929	0.0495	TRUE
F187_o_Chaetothyriales	B187_Clostridium.sensu.stricto.8	-0.5088	0.0297	FALSE
F299_Cladosporium	B187_Clostridium.sensu.stricto.8	0.7016	0.0098	TRUE
F3_Moesziomyces	B187_Clostridium.sensu.stricto.8	-0.6529	0.0297	FALSE
F4_o_Pleosporales	B187_Clostridium.sensu.stricto.8	0.7026	0.0396	TRUE
F18_f_Phaeosphaeriaceae	B187_Clostridium.sensu.stricto.8	-0.7434	0.0198	FALSE
F47_f_Phaeosphaeriaceae	B187_Clostridium.sensu.stricto.8	-0.5468	0.0495	FALSE
F1133_unidentified	B187_Clostridium.sensu.stricto.8	0.6388	0.0098	TRUE
F112_Paraphaeosphaeria	B187_Clostridium.sensu.stricto.8	0.666	0.0297	TRUE
F27_Curvularia	B187_Clostridium.sensu.stricto.8	-0.7544	0.0099	FALSE
F20_Edenia	B187_Clostridium.sensu.stricto.8	-0.6171	0.0198	FALSE
F429_Bjerkandera	B187_Clostridium.sensu.stricto.8	0.4317	0.0495	TRUE
F729_Stemphylium	B187_Clostridium.sensu.stricto.8	0.7727	0.0098	TRUE
F174_unidentified	B187_Clostridium.sensu.stricto.8	0.4909	0.0495	TRUE
F29_f_Didymellaceae	B187_Clostridium.sensu.stricto.8	-0.6755	0.0396	FALSE
F33_unidentified	B187_Clostridium.sensu.stricto.8	-0.5103	0.0495	FALSE
F28_f_Hypocreales_fam_Incertae_sedis	B187_Clostridium.sensu.stricto.8	-0.6757	0.0396	FALSE
F6_Cladosporium	B187_Clostridium.sensu.stricto.8	-0.7209	0.0198	FALSE
F220_Acremonium	B187_Clostridium.sensu.stricto.8	0.6941	0.0099	TRUE
F5_Alternaria	B187_Clostridium.sensu.stricto.8	-0.693	0.0099	FALSE
B269_Pseudomonas	B494_Brevundimonas	0.5484	0.0487	TRUE
B31_Quadrisphaera	B494_Brevundimonas	0.5285	0.0334	TRUE
B5437_Janthinobacterium	B494_Brevundimonas	0.4599	0.0433	TRUE
B737_Pseudomonas	B494_Brevundimonas	0.484	0.0487	TRUE
B40_Caulobacter	B494_Brevundimonas	0.449	0.0137	TRUE
B7_Curtobacterium	B494_Brevundimonas	-0.4932	0.0495	FALSE
B326_Bacillus	B494_Brevundimonas	0.4709	0.0487	TRUE
B81_Stenotrophomonas	B494_Brevundimonas	0.5901	0.0137	TRUE
B646_Leuconostoc	B494_Brevundimonas	0.4706	0.0289	TRUE
F299_Cladosporium	B494_Brevundimonas	0.5006	0.0487	TRUE
F1182_Suillus	B494_Brevundimonas	0.4535	0.0495	TRUE
F2_Nigrospora	B494_Brevundimonas	0.5642	0.0495	TRUE
F3_Moesziomyces	B494_Brevundimonas	-0.5596	0.0297	FALSE
F127_Papiliotrema	B494_Brevundimonas	-0.4622	0.0297	FALSE
F28_f_Hypocreales_fam_Incertae_sedis	B494_Brevundimonas	-0.4548	0.0495	FALSE
B1556_Pseudomonas	B1151_Pseudomonas	0.6551	0.0098	TRUE
B269_Pseudomonas	B1151_Pseudomonas	0.6908	0.0197	TRUE
B329_Paenibacillus	B1151_Pseudomonas	0.7169	0.0197	TRUE
B333_metagenome	B1151_Pseudomonas	0.6059	0.0296	TRUE
B933_Pseudomonas	B1151_Pseudomonas	0.6036	0.0395	TRUE
B776_Lactococcus	B1151_Pseudomonas	0.701	0.0098	TRUE
B2681_Lactobacillus	B1151_Pseudomonas	0.5918	0.0098	TRUE
B448_Lactococcus	B1151_Pseudomonas	0.7224	0.0098	TRUE
B1649_f_Enterobacteriaceae	B1151_Pseudomonas	0.7191	0.0098	TRUE
B737_Pseudomonas	B1151_Pseudomonas	0.6356	0.0098	TRUE
B1_Pantoea	B1151_Pseudomonas	-0.5904	0.0198	FALSE
B3_Sphingomonas	B1151_Pseudomonas	-0.7643	0.0099	FALSE
B326_Bacillus	B1151_Pseudomonas	0.7182	0.0098	TRUE
B646_Leuconostoc	B1151_Pseudomonas	0.6042	0.0494	TRUE
B725_Lactococcus	B1151_Pseudomonas	0.648	0.0098	TRUE
B4_Pantoea	B1151_Pseudomonas	-0.5372	0.0495	FALSE
F131_unidentified	B1151_Pseudomonas	0.5303	0.0396	TRUE
F133_Cyphellophora	B1151_Pseudomonas	0.5319	0.0396	TRUE
F299_Cladosporium	B1151_Pseudomonas	0.6627	0.0296	TRUE
F4_o_Pleosporales	B1151_Pseudomonas	0.6199	0.0495	TRUE
F18_f_Phaeosphaeriaceae	B1151_Pseudomonas	-0.6859	0.0198	FALSE
F1133_unidentified	B1151_Pseudomonas	0.6121	0.0197	TRUE
F112_Paraphaeosphaeria	B1151_Pseudomonas	0.5972	0.0396	TRUE
F27_Curvularia	B1151_Pseudomonas	-0.7068	0.0198	FALSE
F429_Bjerkandera	B1151_Pseudomonas	0.5137	0.0297	TRUE
F729_Stemphylium	B1151_Pseudomonas	0.6125	0.0098	TRUE
F28_f_Hypocreales_fam_Incertae_sedis	B1151_Pseudomonas	-0.6472	0.0099	FALSE
F6_Cladosporium	B1151_Pseudomonas	-0.6606	0.0198	FALSE
F220_Acremonium	B1151_Pseudomonas	0.688	0.0198	TRUE
F5_Alternaria	B1151_Pseudomonas	-0.6486	0.0198	FALSE
B581_Devosia	B947_Verticia	0.5283	0.0137	TRUE
B1132_Brevundimonas	B947_Verticia	0.4056	0.0433	TRUE
F169_Naganishia	B947_Verticia	0.537	0.0235	TRUE
F16_Pyricularia	B947_Verticia	-0.4738	0.0198	FALSE
F45_f_Didymellaceae	B947_Verticia	-0.5037	0.0396	FALSE
B1027_Staphylococcus	B7173_Gemmata	0.4503	0.0289	TRUE
F169_Naganishia	B4999_uncultured.bacterium	0.4968	0.0334	TRUE
F16_Pyricularia	B4999_uncultured.bacterium	-0.4378	0.0396	FALSE
B33_Kineococcus	B373_Niastella	0.6812	0.0297	TRUE
B17_Methylobacterium	B373_Niastella	0.5603	0.0495	TRUE
B1_Pantoea	B373_Niastella	-0.8295	0.0099	FALSE
B7_Curtobacterium	B373_Niastella	-0.784	0.0297	FALSE
B3325_Hymenobacter	B373_Niastella	0.8036	0.0198	TRUE
B4_Pantoea	B373_Niastella	-0.796	0.0297	FALSE
F21_Acremonium	B373_Niastella	-0.612	0.0198	FALSE
F54_Pyrenochaetopsis	B373_Niastella	0.8323	0.0099	TRUE
F133_Cyphellophora	B373_Niastella	0.768	0.0396	TRUE
F3_Moesziomyces	B373_Niastella	-0.8517	0.0099	FALSE
F4_o_Pleosporales	B373_Niastella	0.6843	0.0495	TRUE
F18_f_Phaeosphaeriaceae	B373_Niastella	-0.6777	0.0396	FALSE
F652_Trichomerium	B373_Niastella	0.4366	0.0495	TRUE
F112_Paraphaeosphaeria	B373_Niastella	0.8188	0.0099	TRUE
F27_Curvularia	B373_Niastella	-0.6199	0.0297	FALSE
F20_Edenia	B373_Niastella	-0.5901	0.0297	FALSE
F120_Sporobolomyces	B373_Niastella	-0.5243	0.0396	FALSE
F29_f_Didymellaceae	B373_Niastella	-0.6009	0.0495	FALSE
F6_Cladosporium	B373_Niastella	-0.7737	0.0099	FALSE
F55_f_Nectriaceae	B373_Niastella	-0.6124	0.0297	FALSE
F289_Aspergillus	B373_Niastella	0.7071	0.0198	TRUE
F44_Zopfiella	B373_Niastella	0.8072	0.0099	TRUE
F85_Fusarium	B373_Niastella	-0.5222	0.0297	FALSE
F30_unidentified	B373_Niastella	-0.6533	0.0297	FALSE
B1603_Nakamurella	B4539_Ohtaekwangia	0.5534	0.0137	TRUE
B32_Bradyrhizobium	B4539_Ohtaekwangia	0.5713	0.005	TRUE
B1646_Asinibacterium	B4539_Ohtaekwangia	0.5204	0.0235	TRUE
B8612_Caulobacter	B4539_Ohtaekwangia	0.5283	0.005	TRUE
B7201_Pseudomonas	B4539_Ohtaekwangia	0.6029	0.0137	TRUE
B5081_Bacillus	B4539_Ohtaekwangia	0.5747	0.0235	TRUE
B209_Escherichia-Shigella	B4539_Ohtaekwangia	0.6268	0.0137	TRUE
F45_f_Didymellaceae	B4539_Ohtaekwangia	0.5213	0.0297	TRUE
F55_f_Nectriaceae	B4539_Ohtaekwangia	-0.517	0.0297	FALSE
B68_Chryseobacterium	B637_Terrimicrobium	0.4485	0.0396	TRUE
F78_unidentified	B637_Terrimicrobium	0.4626	0.0495	TRUE
B19_Xanthomonas	B267_f_Burkholderiaceae	0.5864	0.0137	TRUE
B12732_uncultured	B267_f_Burkholderiaceae	0.4049	0.0433	TRUE
F1605_unidentified	B267_f_Burkholderiaceae	0.4399	0.0334	TRUE
B269_Pseudomonas	B171_uncultured.prokaryote	0.43	0.0487	TRUE
B81_Stenotrophomonas	B171_uncultured.prokaryote	0.4182	0.0433	TRUE
F147_o_Pleosporales	B265_Deinococcus	-0.5254	0.0495	FALSE
F45_f_Didymellaceae	B265_Deinococcus	0.6486	0.0297	TRUE
F40_unidentified	B265_Deinococcus	0.4751	0.0495	TRUE
F424_unidentified	B332_Actinomycetospora	0.5945	0.0297	TRUE
F204_Hannaella	B332_Actinomycetospora	-0.6632	0.0099	FALSE
B1597_Staphylococcus	B581_Devosia	0.4946	0.0289	TRUE
B1256_Sphingomonas	B581_Devosia	0.4921	0.0334	TRUE
F169_Naganishia	B581_Devosia	0.6132	0.005	TRUE
F172_unidentified	B581_Devosia	0.3741	0.0487	TRUE
F341_Pyricularia	B581_Devosia	0.4767	0.0297	TRUE
F40_unidentified	B581_Devosia	-0.4004	0.0495	FALSE
B329_Paenibacillus	B302_Acinetobacter	0.4045	0.0388	TRUE
B1027_Staphylococcus	B302_Acinetobacter	0.4947	0.0388	TRUE
B27_Mucilaginibacter	B302_Acinetobacter	0.4401	0.0433	TRUE
B269_Pseudomonas	B1556_Pseudomonas	0.7442	0.0197	TRUE
B329_Paenibacillus	B1556_Pseudomonas	0.6988	0.0197	TRUE
B333_metagenome	B1556_Pseudomonas	0.5961	0.0197	TRUE
B933_Pseudomonas	B1556_Pseudomonas	0.6167	0.0494	TRUE
B3193_Dysgonomonas	B1556_Pseudomonas	0.4049	0.0494	TRUE
B776_Lactococcus	B1556_Pseudomonas	0.6803	0.0098	TRUE
B2681_Lactobacillus	B1556_Pseudomonas	0.5917	0.0098	TRUE
B448_Lactococcus	B1556_Pseudomonas	0.669	0.0197	TRUE
B1649_f_Enterobacteriaceae	B1556_Pseudomonas	0.7155	0.0098	TRUE
B737_Pseudomonas	B1556_Pseudomonas	0.6031	0.0098	TRUE
B3_Sphingomonas	B1556_Pseudomonas	-0.7452	0.0099	FALSE
B326_Bacillus	B1556_Pseudomonas	0.7034	0.0098	TRUE
B646_Leuconostoc	B1556_Pseudomonas	0.6831	0.0296	TRUE
B725_Lactococcus	B1556_Pseudomonas	0.6524	0.0197	TRUE
F299_Cladosporium	B1556_Pseudomonas	0.6443	0.0197	TRUE
F1182_Suillus	B1556_Pseudomonas	0.5027	0.0495	TRUE
F3_Moesziomyces	B1556_Pseudomonas	-0.6098	0.0495	FALSE
F4_o_Pleosporales	B1556_Pseudomonas	0.653	0.0396	TRUE
F18_f_Phaeosphaeriaceae	B1556_Pseudomonas	-0.6359	0.0495	FALSE
F1133_unidentified	B1556_Pseudomonas	0.5203	0.0197	TRUE
F27_Curvularia	B1556_Pseudomonas	-0.6889	0.0099	FALSE
F729_Stemphylium	B1556_Pseudomonas	0.6734	0.0098	TRUE
F29_f_Didymellaceae	B1556_Pseudomonas	-0.5662	0.0495	FALSE
F28_f_Hypocreales_fam_Incertae_sedis	B1556_Pseudomonas	-0.644	0.0396	FALSE
F6_Cladosporium	B1556_Pseudomonas	-0.6364	0.0495	FALSE
F220_Acremonium	B1556_Pseudomonas	0.598	0.0495	TRUE
F5_Alternaria	B1556_Pseudomonas	-0.6066	0.0396	FALSE
F152_unidentified	B54_uncultured	-0.5296	0.0297	FALSE
F4_o_Pleosporales	B54_uncultured	-0.5594	0.0396	FALSE
F308_Curvularia	B54_uncultured	-0.5479	0.0297	FALSE
B19_Xanthomonas	B10831_Acinetobacter	0.403	0.0235	TRUE
B33_Kineococcus	B138_Nakamurella	-0.5295	0.0495	FALSE
B1_Pantoea	B138_Nakamurella	0.6766	0.0396	TRUE
B835_Spirosoma	B138_Nakamurella	0.5863	0.0396	TRUE
B3325_Hymenobacter	B138_Nakamurella	-0.5188	0.0495	FALSE
B4_Pantoea	B138_Nakamurella	0.6114	0.0396	TRUE
F106_unidentified	B138_Nakamurella	0.6591	0.0198	TRUE
F16_Pyricularia	B138_Nakamurella	-0.776	0.0099	FALSE
F744_o_Microstromatales	B138_Nakamurella	0.7103	0.0198	TRUE
F509_Bipolaris	B138_Nakamurella	0.5696	0.0198	TRUE
F81_Cladosporium	B138_Nakamurella	0.6595	0.0396	TRUE
F5_Alternaria	B138_Nakamurella	0.758	0.0198	TRUE
F250_Pseudopithomyces	B138_Nakamurella	0.4554	0.0396	TRUE
F553_Trichomerium	B138_Nakamurella	0.6524	0.0099	TRUE
F30_unidentified	B138_Nakamurella	0.7234	0.0198	TRUE
B329_Paenibacillus	B269_Pseudomonas	0.7814	0.0197	TRUE
B333_metagenome	B269_Pseudomonas	0.6615	0.0098	TRUE
B933_Pseudomonas	B269_Pseudomonas	0.6617	0.0296	TRUE
B776_Lactococcus	B269_Pseudomonas	0.7665	0.0098	TRUE
B2681_Lactobacillus	B269_Pseudomonas	0.6451	0.0296	TRUE
B448_Lactococcus	B269_Pseudomonas	0.7733	0.0197	TRUE
B1649_f_Enterobacteriaceae	B269_Pseudomonas	0.7742	0.0098	TRUE
B737_Pseudomonas	B269_Pseudomonas	0.6847	0.0197	TRUE
B3417_Brevibacillus	B269_Pseudomonas	0.4982	0.0395	TRUE
B3_Sphingomonas	B269_Pseudomonas	-0.8057	0.0099	FALSE
B326_Bacillus	B269_Pseudomonas	0.7966	0.0098	TRUE
B646_Leuconostoc	B269_Pseudomonas	0.7247	0.0098	TRUE
B725_Lactococcus	B269_Pseudomonas	0.7314	0.0098	TRUE
F131_unidentified	B269_Pseudomonas	0.5742	0.0297	TRUE
F133_Cyphellophora	B269_Pseudomonas	0.5904	0.0297	TRUE
F299_Cladosporium	B269_Pseudomonas	0.7464	0.0098	TRUE
F1182_Suillus	B269_Pseudomonas	0.5045	0.0495	TRUE
F3_Moesziomyces	B269_Pseudomonas	-0.6343	0.0495	FALSE
F4_o_Pleosporales	B269_Pseudomonas	0.6895	0.0297	TRUE
F18_f_Phaeosphaeriaceae	B269_Pseudomonas	-0.7393	0.0198	FALSE
F47_f_Phaeosphaeriaceae	B269_Pseudomonas	-0.5097	0.0495	FALSE
F1133_unidentified	B269_Pseudomonas	0.562	0.0296	TRUE
F27_Curvularia	B269_Pseudomonas	-0.7639	0.0198	FALSE
F308_Curvularia	B269_Pseudomonas	0.5554	0.0297	TRUE
F20_Edenia	B269_Pseudomonas	-0.5961	0.0297	FALSE
F729_Stemphylium	B269_Pseudomonas	0.7364	0.0098	TRUE
F29_f_Didymellaceae	B269_Pseudomonas	-0.6411	0.0297	FALSE
F28_f_Hypocreales_fam_Incertae_sedis	B269_Pseudomonas	-0.6881	0.0099	FALSE
F220_Acremonium	B269_Pseudomonas	0.6722	0.0099	TRUE
F5_Alternaria	B269_Pseudomonas	-0.6179	0.0396	FALSE
F2_Nigrospora	B48_Luteibacter	0.4867	0.0495	TRUE
B3472_Nocardioides	B9857_f_Beijerinckiaceae	0.4068	0.0433	TRUE
B3279_Comamonas	B9857_f_Beijerinckiaceae	0.4202	0.0433	TRUE
B1349_Mucilaginibacter	B2607_Blastocatella	0.4264	0.0334	TRUE
B333_metagenome	B329_Paenibacillus	0.6839	0.0197	TRUE
B933_Pseudomonas	B329_Paenibacillus	0.626	0.0098	TRUE
B776_Lactococcus	B329_Paenibacillus	0.7851	0.0098	TRUE
B2681_Lactobacillus	B329_Paenibacillus	0.6364	0.0197	TRUE
B448_Lactococcus	B329_Paenibacillus	0.7346	0.0098	TRUE
B1649_f_Enterobacteriaceae	B329_Paenibacillus	0.7953	0.0098	TRUE
B737_Pseudomonas	B329_Paenibacillus	0.6515	0.0296	TRUE
B3417_Brevibacillus	B329_Paenibacillus	0.6005	0.0098	TRUE
B3_Sphingomonas	B329_Paenibacillus	-0.8119	0.0198	FALSE
B326_Bacillus	B329_Paenibacillus	0.7816	0.0098	TRUE
B646_Leuconostoc	B329_Paenibacillus	0.7434	0.0197	TRUE
B725_Lactococcus	B329_Paenibacillus	0.7467	0.0296	TRUE
F131_unidentified	B329_Paenibacillus	0.6041	0.0396	TRUE
F299_Cladosporium	B329_Paenibacillus	0.7306	0.0098	TRUE
F1182_Suillus	B329_Paenibacillus	0.5298	0.0198	TRUE
F3_Moesziomyces	B329_Paenibacillus	-0.6318	0.0198	FALSE
F4_o_Pleosporales	B329_Paenibacillus	0.7058	0.0198	TRUE
F18_f_Phaeosphaeriaceae	B329_Paenibacillus	-0.6971	0.0297	FALSE
F1133_unidentified	B329_Paenibacillus	0.6316	0.0098	TRUE
F112_Paraphaeosphaeria	B329_Paenibacillus	0.6243	0.0396	TRUE
F27_Curvularia	B329_Paenibacillus	-0.7602	0.0099	FALSE
F20_Edenia	B329_Paenibacillus	-0.5944	0.0396	FALSE
F729_Stemphylium	B329_Paenibacillus	0.7287	0.0098	TRUE
F51_Papiliotrema	B329_Paenibacillus	-0.5241	0.0396	FALSE
F29_f_Didymellaceae	B329_Paenibacillus	-0.636	0.0495	FALSE
F33_unidentified	B329_Paenibacillus	-0.5225	0.0396	FALSE
F28_f_Hypocreales_fam_Incertae_sedis	B329_Paenibacillus	-0.6817	0.0396	FALSE
F6_Cladosporium	B329_Paenibacillus	-0.6798	0.0396	FALSE
F220_Acremonium	B329_Paenibacillus	0.687	0.0099	TRUE
F5_Alternaria	B329_Paenibacillus	-0.6762	0.0297	FALSE
B1591_Allorhizobium-Neorhizobium-Pararhizobium-Rhizobium	B827_Stenotrophomonas	0.7043	0.0098	TRUE
F43_o_Sebacinales	B827_Stenotrophomonas	0.5181	0.0495	TRUE
F8_unidentified	B827_Stenotrophomonas	0.6233	0.0198	TRUE
F187_o_Chaetothyriales	B827_Stenotrophomonas	0.4829	0.0396	TRUE
F137_Malassezia	B827_Stenotrophomonas	-0.535	0.0495	FALSE
F209_unidentified	B827_Stenotrophomonas	0.6098	0.0297	TRUE
F105_Clonostachys	B827_Stenotrophomonas	0.6548	0.0297	TRUE
F118_Curvularia	B24_Bradyrhizobium	0.4808	0.0396	TRUE
B1313_Escherichia-Shigella	B7798_Corynebacterium.1	0.4344	0.0334	TRUE
F169_Naganishia	B1965_Belnapia	0.4261	0.0334	TRUE
B5437_Janthinobacterium	B31_Quadrisphaera	0.4906	0.0137	TRUE
B81_Stenotrophomonas	B31_Quadrisphaera	0.5409	0.005	TRUE
F223_Curvularia	B31_Quadrisphaera	0.4766	0.0137	TRUE
F299_Cladosporium	B31_Quadrisphaera	0.5118	0.0289	TRUE
F605_o_Pleosporales	B847_f_Fimbriimonadaceae	0.3355	0.0487	TRUE
B3279_Comamonas	B3472_Nocardioides	0.5217	0.005	TRUE
B933_Pseudomonas	B333_metagenome	0.5539	0.0395	TRUE
B3193_Dysgonomonas	B333_metagenome	0.4317	0.0296	TRUE
B776_Lactococcus	B333_metagenome	0.6192	0.0098	TRUE
B448_Lactococcus	B333_metagenome	0.6613	0.0296	TRUE
B1649_f_Enterobacteriaceae	B333_metagenome	0.6918	0.0098	TRUE
B737_Pseudomonas	B333_metagenome	0.5067	0.0395	TRUE
B3_Sphingomonas	B333_metagenome	-0.6688	0.0198	FALSE
B326_Bacillus	B333_metagenome	0.6228	0.0197	TRUE
B646_Leuconostoc	B333_metagenome	0.6158	0.0296	TRUE
B725_Lactococcus	B333_metagenome	0.6604	0.0197	TRUE
F299_Cladosporium	B333_metagenome	0.6452	0.0296	TRUE
F3_Moesziomyces	B333_metagenome	-0.525	0.0396	FALSE
F4_o_Pleosporales	B333_metagenome	0.6031	0.0297	TRUE
F1133_unidentified	B333_metagenome	0.5607	0.0296	TRUE
F112_Paraphaeosphaeria	B333_metagenome	0.576	0.0396	TRUE
F27_Curvularia	B333_metagenome	-0.6458	0.0396	FALSE
F20_Edenia	B333_metagenome	-0.5612	0.0099	FALSE
F729_Stemphylium	B333_metagenome	0.6027	0.0197	TRUE
F51_Papiliotrema	B333_metagenome	-0.4758	0.0297	FALSE
F29_f_Didymellaceae	B333_metagenome	-0.6088	0.0099	FALSE
F6_Cladosporium	B333_metagenome	-0.6235	0.0297	FALSE
F220_Acremonium	B333_metagenome	0.5903	0.0198	TRUE
F5_Alternaria	B333_metagenome	-0.6301	0.0099	FALSE
F44_Zopfiella	B333_metagenome	0.4825	0.0495	TRUE
B17_Methylobacterium	B33_Kineococcus	0.6863	0.0198	TRUE
B32_Bradyrhizobium	B33_Kineococcus	0.554	0.0495	TRUE
B5081_Bacillus	B33_Kineococcus	0.5873	0.0297	TRUE
B1_Pantoea	B33_Kineococcus	-0.7483	0.0099	FALSE
B209_Escherichia-Shigella	B33_Kineococcus	0.6414	0.0099	TRUE
B835_Spirosoma	B33_Kineococcus	-0.6016	0.0396	FALSE
B3325_Hymenobacter	B33_Kineococcus	0.7197	0.0099	TRUE
B4_Pantoea	B33_Kineococcus	-0.8056	0.0099	FALSE
F54_Pyrenochaetopsis	B33_Kineococcus	0.645	0.0297	TRUE
F95_o_NA	B33_Kineococcus	0.5755	0.0396	TRUE
F16_Pyricularia	B33_Kineococcus	0.749	0.0099	TRUE
F3_Moesziomyces	B33_Kineococcus	-0.6299	0.0495	FALSE
F112_Paraphaeosphaeria	B33_Kineococcus	0.6639	0.0297	TRUE
F1118_Periconia	B33_Kineococcus	0.4934	0.0099	TRUE
F45_f_Didymellaceae	B33_Kineococcus	0.636	0.0396	TRUE
F662_Sarocladium	B33_Kineococcus	0.6149	0.0198	TRUE
F6_Cladosporium	B33_Kineococcus	-0.694	0.0495	FALSE
F55_f_Nectriaceae	B33_Kineococcus	-0.687	0.0297	FALSE
F44_Zopfiella	B33_Kineococcus	0.7083	0.0198	TRUE
F131_unidentified	B2261_Actinomycetospora	-0.448	0.0396	FALSE
F8_unidentified	B2261_Actinomycetospora	0.4735	0.0495	TRUE
F320_f_Coniochaetaceae	B2261_Actinomycetospora	0.5229	0.0137	TRUE
F16_Pyricularia	B17_Methylobacterium	0.6356	0.0297	TRUE
F45_f_Didymellaceae	B17_Methylobacterium	0.6004	0.0396	TRUE
F5_Alternaria	B17_Methylobacterium	-0.6233	0.0495	FALSE
F285_Tetraplosphaeria	B17_Methylobacterium	0.4138	0.0495	TRUE
F553_Trichomerium	B17_Methylobacterium	-0.5853	0.0396	FALSE
B5325_uncultured	B1591_Allorhizobium.Neorhizobium.Pararhizobium.Rhizobium	0.3878	0.0487	TRUE
B4002_Pseudomonas	B1591_Allorhizobium.Neorhizobium.Pararhizobium.Rhizobium	0.4761	0.0487	TRUE
F21_Acremonium	B1591_Allorhizobium.Neorhizobium.Pararhizobium.Rhizobium	0.5462	0.0297	TRUE
F43_o_Sebacinales	B1591_Allorhizobium.Neorhizobium.Pararhizobium.Rhizobium	0.5776	0.0495	TRUE
F8_unidentified	B1591_Allorhizobium.Neorhizobium.Pararhizobium.Rhizobium	0.6337	0.0297	TRUE
F137_Malassezia	B1591_Allorhizobium.Neorhizobium.Pararhizobium.Rhizobium	-0.6227	0.0198	FALSE
F209_unidentified	B1591_Allorhizobium.Neorhizobium.Pararhizobium.Rhizobium	0.6311	0.0495	TRUE
F105_Clonostachys	B1591_Allorhizobium.Neorhizobium.Pararhizobium.Rhizobium	0.7188	0.0198	TRUE
F320_f_Coniochaetaceae	B1591_Allorhizobium.Neorhizobium.Pararhizobium.Rhizobium	0.4682	0.0289	TRUE
F36_Moesziomyces	B1591_Allorhizobium.Neorhizobium.Pararhizobium.Rhizobium	0.5615	0.0396	TRUE
B3193_Dysgonomonas	B933_Pseudomonas	0.4338	0.0395	TRUE
B776_Lactococcus	B933_Pseudomonas	0.6751	0.0098	TRUE
B2681_Lactobacillus	B933_Pseudomonas	0.5298	0.0395	TRUE
B448_Lactococcus	B933_Pseudomonas	0.6555	0.0197	TRUE
B1649_f_Enterobacteriaceae	B933_Pseudomonas	0.6812	0.0098	TRUE
B737_Pseudomonas	B933_Pseudomonas	0.6278	0.0197	TRUE
B3417_Brevibacillus	B933_Pseudomonas	0.4778	0.0494	TRUE
B3_Sphingomonas	B933_Pseudomonas	-0.7035	0.0099	FALSE
B326_Bacillus	B933_Pseudomonas	0.6346	0.0197	TRUE
B646_Leuconostoc	B933_Pseudomonas	0.5993	0.0296	TRUE
B725_Lactococcus	B933_Pseudomonas	0.5702	0.0197	TRUE
F106_unidentified	B933_Pseudomonas	-0.4707	0.0396	FALSE
F299_Cladosporium	B933_Pseudomonas	0.6317	0.0098	TRUE
F1182_Suillus	B933_Pseudomonas	0.4779	0.0495	TRUE
F4_o_Pleosporales	B933_Pseudomonas	0.6232	0.0198	TRUE
F18_f_Phaeosphaeriaceae	B933_Pseudomonas	-0.6129	0.0198	FALSE
F1133_unidentified	B933_Pseudomonas	0.5061	0.0296	TRUE
F112_Paraphaeosphaeria	B933_Pseudomonas	0.5203	0.0396	TRUE
F27_Curvularia	B933_Pseudomonas	-0.6395	0.0198	FALSE
F729_Stemphylium	B933_Pseudomonas	0.618	0.0098	TRUE
F174_unidentified	B933_Pseudomonas	0.4761	0.0495	TRUE
F29_f_Didymellaceae	B933_Pseudomonas	-0.5575	0.0198	FALSE
F28_f_Hypocreales_fam_Incertae_sedis	B933_Pseudomonas	-0.543	0.0297	FALSE
F6_Cladosporium	B933_Pseudomonas	-0.6102	0.0198	FALSE
F220_Acremonium	B933_Pseudomonas	0.6272	0.0198	TRUE
F44_Zopfiella	B933_Pseudomonas	0.5259	0.0297	TRUE
B209_Escherichia-Shigella	B1738_uncultured.Termite.group.1.bacterium	0.4311	0.0433	TRUE
F18_f_Phaeosphaeriaceae	B4366_Actinomyces	-0.4695	0.0396	FALSE
B776_Lactococcus	B3193_Dysgonomonas	0.4478	0.0395	TRUE
B1_Pantoea	B3193_Dysgonomonas	-0.4794	0.0396	FALSE
B3417_Brevibacillus	B3193_Dysgonomonas	0.4349	0.0494	TRUE
B725_Lactococcus	B3193_Dysgonomonas	0.4329	0.0296	TRUE
F112_Paraphaeosphaeria	B3193_Dysgonomonas	0.4124	0.0396	TRUE
F320_f_Coniochaetaceae	B424_Williamsia	0.4936	0.0334	TRUE
B32_Bradyrhizobium	B1603_Nakamurella	0.6516	0.0137	TRUE
B1646_Asinibacterium	B1603_Nakamurella	0.5838	0.0137	TRUE
B8612_Caulobacter	B1603_Nakamurella	0.5963	0.0334	TRUE
B7201_Pseudomonas	B1603_Nakamurella	0.6486	0.0334	TRUE
B5081_Bacillus	B1603_Nakamurella	0.7057	0.0334	TRUE
B209_Escherichia-Shigella	B1603_Nakamurella	0.6759	0.0235	TRUE
B3325_Hymenobacter	B1603_Nakamurella	0.5253	0.0296	TRUE
F60_Nakataea	B1603_Nakamurella	0.4745	0.0388	TRUE
F45_f_Didymellaceae	B1603_Nakamurella	0.614	0.0297	TRUE
F40_unidentified	B1603_Nakamurella	0.4939	0.0396	TRUE
F539_Cenococcum	B1603_Nakamurella	0.4397	0.0137	TRUE
F89_Aureobasidium	B1603_Nakamurella	-0.4598	0.0396	FALSE
F177_unidentified	B956_Corynebacterium.1	0.3859	0.0433	TRUE
B1646_Asinibacterium	B32_Bradyrhizobium	0.6559	0.0433	TRUE
B8612_Caulobacter	B32_Bradyrhizobium	0.6275	0.0137	TRUE
B7201_Pseudomonas	B32_Bradyrhizobium	0.6756	0.005	TRUE
B5081_Bacillus	B32_Bradyrhizobium	0.6957	0.005	TRUE
B209_Escherichia-Shigella	B32_Bradyrhizobium	0.7029	0.005	TRUE
F54_Pyrenochaetopsis	B32_Bradyrhizobium	0.5253	0.0396	TRUE
F285_Tetraplosphaeria	B32_Bradyrhizobium	0.4559	0.0289	TRUE
B8612_Caulobacter	B1646_Asinibacterium	0.5342	0.0334	TRUE
B7201_Pseudomonas	B1646_Asinibacterium	0.6395	0.0137	TRUE
B5081_Bacillus	B1646_Asinibacterium	0.6503	0.005	TRUE
B209_Escherichia-Shigella	B1646_Asinibacterium	0.6095	0.0137	TRUE
F190_Irpex	B1646_Asinibacterium	0.3628	0.0487	TRUE
F55_f_Nectriaceae	B1646_Asinibacterium	-0.541	0.0495	FALSE
F27_Curvularia	B5437_Janthinobacterium	-0.4647	0.0396	FALSE
B7201_Pseudomonas	B8612_Caulobacter	0.63	0.005	TRUE
B5081_Bacillus	B8612_Caulobacter	0.6289	0.0137	TRUE
B209_Escherichia-Shigella	B8612_Caulobacter	0.6749	0.0137	TRUE
F55_f_Nectriaceae	B8612_Caulobacter	-0.5703	0.0297	FALSE
B5081_Bacillus	B7201_Pseudomonas	0.6891	0.0235	TRUE
B209_Escherichia-Shigella	B7201_Pseudomonas	0.6703	0.0137	TRUE
B3325_Hymenobacter	B7201_Pseudomonas	0.4797	0.0296	TRUE
F95_o_NA	B7201_Pseudomonas	0.4899	0.0495	TRUE
F1118_Periconia	B7201_Pseudomonas	0.4472	0.0334	TRUE
F45_f_Didymellaceae	B7201_Pseudomonas	0.5739	0.0495	TRUE
F539_Cenococcum	B7201_Pseudomonas	0.5166	0.0137	TRUE
F55_f_Nectriaceae	B7201_Pseudomonas	-0.6268	0.0396	FALSE
B3279_Comamonas	B9679_Reyranella	0.5019	0.0235	TRUE
B27_Mucilaginibacter	B9679_Reyranella	0.4471	0.0334	TRUE
F33_unidentified	B9679_Reyranella	-0.4023	0.0396	FALSE
B2681_Lactobacillus	B776_Lactococcus	0.6356	0.0197	TRUE
B448_Lactococcus	B776_Lactococcus	0.7281	0.0098	TRUE
B1649_f_Enterobacteriaceae	B776_Lactococcus	0.7629	0.0197	TRUE
B737_Pseudomonas	B776_Lactococcus	0.6609	0.0296	TRUE
B3417_Brevibacillus	B776_Lactococcus	0.5564	0.0395	TRUE
B3_Sphingomonas	B776_Lactococcus	-0.7997	0.0297	FALSE
B326_Bacillus	B776_Lactococcus	0.7637	0.0197	TRUE
B646_Leuconostoc	B776_Lactococcus	0.6839	0.0197	TRUE
B725_Lactococcus	B776_Lactococcus	0.6695	0.0098	TRUE
F299_Cladosporium	B776_Lactococcus	0.7257	0.0098	TRUE
F4_o_Pleosporales	B776_Lactococcus	0.636	0.0495	TRUE
F18_f_Phaeosphaeriaceae	B776_Lactococcus	-0.7091	0.0198	FALSE
F112_Paraphaeosphaeria	B776_Lactococcus	0.5797	0.0297	TRUE
F27_Curvularia	B776_Lactococcus	-0.7201	0.0099	FALSE
F729_Stemphylium	B776_Lactococcus	0.6894	0.0197	TRUE
F33_unidentified	B776_Lactococcus	-0.5184	0.0297	FALSE
F28_f_Hypocreales_fam_Incertae_sedis	B776_Lactococcus	-0.6592	0.0099	FALSE
F6_Cladosporium	B776_Lactococcus	-0.6532	0.0495	FALSE
F220_Acremonium	B776_Lactococcus	0.7056	0.0198	TRUE
F5_Alternaria	B776_Lactococcus	-0.6252	0.0099	FALSE
B448_Lactococcus	B2681_Lactobacillus	0.6238	0.0098	TRUE
B1649_f_Enterobacteriaceae	B2681_Lactobacillus	0.6647	0.0098	TRUE
B737_Pseudomonas	B2681_Lactobacillus	0.5689	0.0296	TRUE
B3417_Brevibacillus	B2681_Lactobacillus	0.4287	0.0494	TRUE
B3_Sphingomonas	B2681_Lactobacillus	-0.6826	0.0099	FALSE
B326_Bacillus	B2681_Lactobacillus	0.6767	0.0197	TRUE
B646_Leuconostoc	B2681_Lactobacillus	0.6065	0.0395	TRUE
B725_Lactococcus	B2681_Lactobacillus	0.6014	0.0197	TRUE
F131_unidentified	B2681_Lactobacillus	0.469	0.0495	TRUE
F299_Cladosporium	B2681_Lactobacillus	0.5633	0.0494	TRUE
F3_Moesziomyces	B2681_Lactobacillus	-0.571	0.0396	FALSE
F4_o_Pleosporales	B2681_Lactobacillus	0.6069	0.0396	TRUE
F18_f_Phaeosphaeriaceae	B2681_Lactobacillus	-0.6395	0.0495	FALSE
F27_Curvularia	B2681_Lactobacillus	-0.6259	0.0396	FALSE
F729_Stemphylium	B2681_Lactobacillus	0.5692	0.0494	TRUE
F29_f_Didymellaceae	B2681_Lactobacillus	-0.5502	0.0396	FALSE
F6_Cladosporium	B2681_Lactobacillus	-0.6136	0.0495	FALSE
F220_Acremonium	B2681_Lactobacillus	0.6384	0.0198	TRUE
B1313_Escherichia-Shigella	B25_uncultured.prokaryote	0.4467	0.0388	TRUE
B3279_Comamonas	B25_uncultured.prokaryote	0.4986	0.0289	TRUE
F71_Papiliotrema	B25_uncultured.prokaryote	-0.514	0.0396	FALSE
B1649_f_Enterobacteriaceae	B448_Lactococcus	0.78	0.0098	TRUE
B737_Pseudomonas	B448_Lactococcus	0.6422	0.0098	TRUE
B3_Sphingomonas	B448_Lactococcus	-0.7981	0.0297	FALSE
B326_Bacillus	B448_Lactococcus	0.7178	0.0197	TRUE
B646_Leuconostoc	B448_Lactococcus	0.7019	0.0098	TRUE
B725_Lactococcus	B448_Lactococcus	0.7081	0.0098	TRUE
F131_unidentified	B448_Lactococcus	0.6108	0.0396	TRUE
F299_Cladosporium	B448_Lactococcus	0.6866	0.0296	TRUE
F4_o_Pleosporales	B448_Lactococcus	0.6434	0.0495	TRUE
F18_f_Phaeosphaeriaceae	B448_Lactococcus	-0.7043	0.0198	FALSE
F1133_unidentified	B448_Lactococcus	0.6191	0.0197	TRUE
F112_Paraphaeosphaeria	B448_Lactococcus	0.5713	0.0198	TRUE
F27_Curvularia	B448_Lactococcus	-0.7162	0.0099	FALSE
F729_Stemphylium	B448_Lactococcus	0.6749	0.0197	TRUE
F29_f_Didymellaceae	B448_Lactococcus	-0.6096	0.0198	FALSE
F33_unidentified	B448_Lactococcus	-0.474	0.0396	FALSE
F28_f_Hypocreales_fam_Incertae_sedis	B448_Lactococcus	-0.6313	0.0396	FALSE
F6_Cladosporium	B448_Lactococcus	-0.6336	0.0396	FALSE
F220_Acremonium	B448_Lactococcus	0.6402	0.0198	TRUE
B1027_Staphylococcus	B1313_Escherichia.Shigella	0.5473	0.0289	TRUE
B27_Mucilaginibacter	B1313_Escherichia.Shigella	0.4948	0.0137	TRUE
F33_unidentified	B1313_Escherichia.Shigella	-0.5158	0.0297	FALSE
B2610_Taibaiella	B657_f_Xanthomonadaceae	0.432	0.0334	TRUE
B1256_Sphingomonas	B657_f_Xanthomonadaceae	0.4505	0.0235	TRUE
F169_Naganishia	B657_f_Xanthomonadaceae	0.523	0.0137	TRUE
F1605_unidentified	B1349_Mucilaginibacter	0.4403	0.0137	TRUE
F12_o_Pleosporales	B1148_Allorhizobium.Neorhizobium.Pararhizobium.Rhizobium	0.5058	0.0495	TRUE
F321_Curvularia	B1148_Allorhizobium.Neorhizobium.Pararhizobium.Rhizobium	0.5399	0.0137	TRUE
F36_Moesziomyces	B1148_Allorhizobium.Neorhizobium.Pararhizobium.Rhizobium	-0.4479	0.0495	FALSE
B1597_Staphylococcus	B13_Aureimonas	0.4783	0.0495	TRUE
B14_Burkholderia-Caballeronia-Paraburkholderia	B68_Chryseobacterium	-0.62	0.0297	FALSE
F21_Acremonium	B68_Chryseobacterium	0.8128	0.0099	TRUE
F43_o_Sebacinales	B68_Chryseobacterium	0.6708	0.0198	TRUE
F152_unidentified	B68_Chryseobacterium	-0.6088	0.0198	FALSE
F8_unidentified	B68_Chryseobacterium	0.7253	0.0099	TRUE
F133_Cyphellophora	B68_Chryseobacterium	-0.5843	0.0297	FALSE
F48_unidentified	B68_Chryseobacterium	0.7329	0.0099	TRUE
F78_unidentified	B68_Chryseobacterium	0.7118	0.0297	TRUE
F132_Phaeosphaeria	B68_Chryseobacterium	0.5087	0.0396	TRUE
F95_o_NA	B68_Chryseobacterium	-0.5356	0.0495	FALSE
F137_Malassezia	B68_Chryseobacterium	-0.6392	0.0396	FALSE
F117_Saitozyma	B68_Chryseobacterium	0.5568	0.0396	TRUE
F209_unidentified	B68_Chryseobacterium	0.8391	0.0099	TRUE
F105_Clonostachys	B68_Chryseobacterium	0.814	0.0099	TRUE
F4_o_Pleosporales	B68_Chryseobacterium	-0.7475	0.0099	FALSE
F308_Curvularia	B68_Chryseobacterium	-0.7519	0.0198	FALSE
F36_Moesziomyces	B68_Chryseobacterium	0.8051	0.0099	TRUE
F181_f_Didymellaceae	B68_Chryseobacterium	0.6589	0.0495	TRUE
F177_unidentified	B1017_Clostridium.sensu.stricto.3	0.4384	0.0235	TRUE
B737_Pseudomonas	B1649_f_Enterobacteriaceae	0.6432	0.0395	TRUE
B1_Pantoea	B1649_f_Enterobacteriaceae	-0.602	0.0198	FALSE
B3417_Brevibacillus	B1649_f_Enterobacteriaceae	0.5862	0.0098	TRUE
B3_Sphingomonas	B1649_f_Enterobacteriaceae	-0.8206	0.0099	FALSE
B326_Bacillus	B1649_f_Enterobacteriaceae	0.7692	0.0098	TRUE
B646_Leuconostoc	B1649_f_Enterobacteriaceae	0.7224	0.0197	TRUE
B725_Lactococcus	B1649_f_Enterobacteriaceae	0.6886	0.0197	TRUE
F106_unidentified	B1649_f_Enterobacteriaceae	-0.555	0.0297	FALSE
F131_unidentified	B1649_f_Enterobacteriaceae	0.5209	0.0495	TRUE
F299_Cladosporium	B1649_f_Enterobacteriaceae	0.7378	0.0098	TRUE
F3_Moesziomyces	B1649_f_Enterobacteriaceae	-0.5898	0.0495	FALSE
F4_o_Pleosporales	B1649_f_Enterobacteriaceae	0.6561	0.0297	TRUE
F18_f_Phaeosphaeriaceae	B1649_f_Enterobacteriaceae	-0.7236	0.0099	FALSE
F1133_unidentified	B1649_f_Enterobacteriaceae	0.6279	0.0098	TRUE
F112_Paraphaeosphaeria	B1649_f_Enterobacteriaceae	0.6188	0.0396	TRUE
F27_Curvularia	B1649_f_Enterobacteriaceae	-0.7462	0.0198	FALSE
F20_Edenia	B1649_f_Enterobacteriaceae	-0.6027	0.0396	FALSE
F729_Stemphylium	B1649_f_Enterobacteriaceae	0.6486	0.0197	TRUE
F51_Papiliotrema	B1649_f_Enterobacteriaceae	-0.5096	0.0495	FALSE
F29_f_Didymellaceae	B1649_f_Enterobacteriaceae	-0.6531	0.0297	FALSE
F33_unidentified	B1649_f_Enterobacteriaceae	-0.5399	0.0297	FALSE
F28_f_Hypocreales_fam_Incertae_sedis	B1649_f_Enterobacteriaceae	-0.6349	0.0198	FALSE
F6_Cladosporium	B1649_f_Enterobacteriaceae	-0.6409	0.0297	FALSE
F220_Acremonium	B1649_f_Enterobacteriaceae	0.7235	0.0099	TRUE
F81_Cladosporium	B1649_f_Enterobacteriaceae	-0.5441	0.0396	FALSE
F5_Alternaria	B1649_f_Enterobacteriaceae	-0.6374	0.0396	FALSE
B209_Escherichia-Shigella	B5081_Bacillus	0.7088	0.0433	TRUE
B7_Curtobacterium	B5081_Bacillus	-0.5044	0.0495	FALSE
F109_o_Pleosporales	B5081_Bacillus	0.4427	0.0289	TRUE
F75_unidentified	B5081_Bacillus	0.43	0.0433	TRUE
F95_o_NA	B5081_Bacillus	0.5243	0.0396	TRUE
F60_Nakataea	B5081_Bacillus	0.5566	0.019	TRUE
F652_Trichomerium	B5081_Bacillus	0.4094	0.0487	TRUE
F1118_Periconia	B5081_Bacillus	0.4331	0.0433	TRUE
F45_f_Didymellaceae	B5081_Bacillus	0.579	0.0198	TRUE
F539_Cenococcum	B5081_Bacillus	0.4506	0.0334	TRUE
F55_f_Nectriaceae	B5081_Bacillus	-0.6439	0.0495	FALSE
F285_Tetraplosphaeria	B5081_Bacillus	0.423	0.0487	TRUE
B1_Pantoea	B737_Pseudomonas	-0.5358	0.0495	FALSE
B3417_Brevibacillus	B737_Pseudomonas	0.4817	0.0395	TRUE
B3_Sphingomonas	B737_Pseudomonas	-0.707	0.0198	FALSE
B326_Bacillus	B737_Pseudomonas	0.67	0.0197	TRUE
B646_Leuconostoc	B737_Pseudomonas	0.6322	0.0197	TRUE
B725_Lactococcus	B737_Pseudomonas	0.5263	0.0494	TRUE
F187_o_Chaetothyriales	B737_Pseudomonas	-0.4577	0.0396	FALSE
F299_Cladosporium	B737_Pseudomonas	0.6552	0.0098	TRUE
F3_Moesziomyces	B737_Pseudomonas	-0.6305	0.0198	FALSE
F4_o_Pleosporales	B737_Pseudomonas	0.6099	0.0396	TRUE
F18_f_Phaeosphaeriaceae	B737_Pseudomonas	-0.6892	0.0099	FALSE
F1133_unidentified	B737_Pseudomonas	0.514	0.0296	TRUE
F27_Curvularia	B737_Pseudomonas	-0.6786	0.0198	FALSE
F729_Stemphylium	B737_Pseudomonas	0.6006	0.0296	TRUE
F220_Acremonium	B737_Pseudomonas	0.667	0.0198	TRUE
F44_Zopfiella	B737_Pseudomonas	0.5429	0.0495	TRUE
B209_Escherichia-Shigella	B1_Pantoea	-0.4464	0.0396	FALSE
B7_Curtobacterium	B1_Pantoea	0.6871	0.0495	TRUE
B3_Sphingomonas	B1_Pantoea	0.7677	0.0297	TRUE
B326_Bacillus	B1_Pantoea	-0.6454	0.0396	FALSE
B835_Spirosoma	B1_Pantoea	0.7306	0.0495	TRUE
B3325_Hymenobacter	B1_Pantoea	-0.8087	0.0099	FALSE
B4_Pantoea	B1_Pantoea	0.9693	0.0099	TRUE
F54_Pyrenochaetopsis	B1_Pantoea	-0.8286	0.0099	FALSE
F133_Cyphellophora	B1_Pantoea	-0.7989	0.0198	FALSE
F95_o_NA	B1_Pantoea	-0.6377	0.0396	FALSE
F16_Pyricularia	B1_Pantoea	-0.7387	0.0099	FALSE
F3_Moesziomyces	B1_Pantoea	0.891	0.0297	TRUE
F4_o_Pleosporales	B1_Pantoea	-0.6909	0.0297	FALSE
F18_f_Phaeosphaeriaceae	B1_Pantoea	0.7692	0.0198	TRUE
F47_f_Phaeosphaeriaceae	B1_Pantoea	0.6	0.0297	TRUE
F112_Paraphaeosphaeria	B1_Pantoea	-0.9076	0.0099	FALSE
F27_Curvularia	B1_Pantoea	0.6958	0.0396	TRUE
F308_Curvularia	B1_Pantoea	-0.5852	0.0495	FALSE
F20_Edenia	B1_Pantoea	0.6818	0.0495	TRUE
F729_Stemphylium	B1_Pantoea	-0.5829	0.0396	FALSE
F29_f_Didymellaceae	B1_Pantoea	0.8518	0.0099	TRUE
F662_Sarocladium	B1_Pantoea	-0.641	0.0198	FALSE
F6_Cladosporium	B1_Pantoea	0.9684	0.0099	TRUE
F220_Acremonium	B1_Pantoea	-0.6684	0.0297	FALSE
F118_Curvularia	B1_Pantoea	0.5658	0.0495	TRUE
F289_Aspergillus	B1_Pantoea	-0.7479	0.0198	FALSE
F5_Alternaria	B1_Pantoea	0.879	0.0099	TRUE
F44_Zopfiella	B1_Pantoea	-0.8447	0.0099	FALSE
F30_unidentified	B1_Pantoea	0.698	0.0099	TRUE
F169_Naganishia	B1132_Brevundimonas	0.5859	0.0137	TRUE
B3_Sphingomonas	B3417_Brevibacillus	-0.5662	0.0198	FALSE
B326_Bacillus	B3417_Brevibacillus	0.5904	0.0395	TRUE
B725_Lactococcus	B3417_Brevibacillus	0.5119	0.0395	TRUE
B27_Mucilaginibacter	B3417_Brevibacillus	0.4289	0.0487	TRUE
F299_Cladosporium	B3417_Brevibacillus	0.5245	0.0197	TRUE
F18_f_Phaeosphaeriaceae	B3417_Brevibacillus	-0.4984	0.0297	FALSE
F729_Stemphylium	B3417_Brevibacillus	0.5359	0.0296	TRUE
F29_f_Didymellaceae	B3417_Brevibacillus	-0.4937	0.0495	FALSE
F220_Acremonium	B3417_Brevibacillus	0.5173	0.0297	TRUE
B769_Pseudomonas	B1597_Staphylococcus	0.6573	0.0197	TRUE
B1256_Sphingomonas	B1597_Staphylococcus	0.4576	0.0289	TRUE
F69_o_Pleosporales	B1597_Staphylococcus	-0.5782	0.0396	FALSE
F127_Papiliotrema	B1597_Staphylococcus	-0.5225	0.0396	FALSE
F22_Setophoma	B1597_Staphylococcus	-0.6312	0.0297	FALSE
F169_Naganishia	B814_Sediminibacterium	0.4246	0.0433	TRUE
F69_o_Pleosporales	B769_Pseudomonas	-0.5933	0.0396	FALSE
F207_o_Tremellales	B769_Pseudomonas	-0.4205	0.0495	FALSE
B81_Stenotrophomonas	B40_Caulobacter	0.5067	0.0433	TRUE
B3325_Hymenobacter	B209_Escherichia.Shigella	0.4632	0.0395	TRUE
F60_Nakataea	B209_Escherichia.Shigella	0.5191	0.0289	TRUE
F1118_Periconia	B209_Escherichia.Shigella	0.4811	0.0137	TRUE
F45_f_Didymellaceae	B209_Escherichia.Shigella	0.5759	0.0198	TRUE
F40_unidentified	B209_Escherichia.Shigella	0.4699	0.0297	TRUE
F55_f_Nectriaceae	B209_Escherichia.Shigella	-0.6607	0.0099	FALSE
F89_Aureobasidium	B209_Escherichia.Shigella	-0.5905	0.0396	FALSE
F131_unidentified	B14_Burkholderia.Caballeronia.Paraburkholderia	0.5221	0.0495	TRUE
F187_o_Chaetothyriales	B14_Burkholderia.Caballeronia.Paraburkholderia	-0.7669	0.0198	FALSE
F209_unidentified	B14_Burkholderia.Caballeronia.Paraburkholderia	-0.6045	0.0297	FALSE
F105_Clonostachys	B14_Burkholderia.Caballeronia.Paraburkholderia	-0.6251	0.0495	FALSE
F308_Curvularia	B14_Burkholderia.Caballeronia.Paraburkholderia	0.6392	0.0297	TRUE
F414_Sakaguchia	B14_Burkholderia.Caballeronia.Paraburkholderia	-0.503	0.0495	FALSE
F31_Fusarium	B14_Burkholderia.Caballeronia.Paraburkholderia	-0.5697	0.0297	FALSE
B3325_Hymenobacter	B7_Curtobacterium	-0.6645	0.0297	FALSE
B4_Pantoea	B7_Curtobacterium	0.6473	0.0396	TRUE
F21_Acremonium	B7_Curtobacterium	0.8103	0.0297	TRUE
F54_Pyrenochaetopsis	B7_Curtobacterium	-0.7894	0.0198	FALSE
F133_Cyphellophora	B7_Curtobacterium	-0.8302	0.0198	FALSE
F48_unidentified	B7_Curtobacterium	0.6557	0.0495	TRUE
F78_unidentified	B7_Curtobacterium	0.5569	0.0495	TRUE
F621_Nigrospora	B7_Curtobacterium	-0.504	0.0297	FALSE
F117_Saitozyma	B7_Curtobacterium	0.6128	0.0396	TRUE
F209_unidentified	B7_Curtobacterium	0.6779	0.0396	TRUE
F3_Moesziomyces	B7_Curtobacterium	0.834	0.0198	TRUE
F4_o_Pleosporales	B7_Curtobacterium	-0.7941	0.0198	FALSE
F18_f_Phaeosphaeriaceae	B7_Curtobacterium	0.6782	0.0396	TRUE
F652_Trichomerium	B7_Curtobacterium	-0.536	0.0495	FALSE
F112_Paraphaeosphaeria	B7_Curtobacterium	-0.7154	0.0198	FALSE
F120_Sporobolomyces	B7_Curtobacterium	0.6108	0.0297	TRUE
F6_Cladosporium	B7_Curtobacterium	0.7101	0.0396	TRUE
F55_f_Nectriaceae	B7_Curtobacterium	0.6399	0.0495	TRUE
F289_Aspergillus	B7_Curtobacterium	-0.6724	0.0198	FALSE
F44_Zopfiella	B7_Curtobacterium	-0.7796	0.0297	FALSE
B326_Bacillus	B3_Sphingomonas	-0.857	0.0099	FALSE
B646_Leuconostoc	B3_Sphingomonas	-0.7654	0.0099	FALSE
B725_Lactococcus	B3_Sphingomonas	-0.7984	0.0099	FALSE
B835_Spirosoma	B3_Sphingomonas	0.6716	0.0495	TRUE
F61_o_Pleosporales	B3_Sphingomonas	-0.6418	0.0495	FALSE
F106_unidentified	B3_Sphingomonas	0.6541	0.0099	TRUE
F299_Cladosporium	B3_Sphingomonas	-0.7824	0.0099	FALSE
F3_Moesziomyces	B3_Sphingomonas	0.7894	0.0099	TRUE
F18_f_Phaeosphaeriaceae	B3_Sphingomonas	0.8082	0.0198	TRUE
F47_f_Phaeosphaeriaceae	B3_Sphingomonas	0.7508	0.0297	TRUE
F1133_unidentified	B3_Sphingomonas	-0.6222	0.0297	FALSE
F112_Paraphaeosphaeria	B3_Sphingomonas	-0.723	0.0297	FALSE
F27_Curvularia	B3_Sphingomonas	0.8309	0.0198	TRUE
F20_Edenia	B3_Sphingomonas	0.8167	0.0099	TRUE
F729_Stemphylium	B3_Sphingomonas	-0.7635	0.0099	FALSE
F29_f_Didymellaceae	B3_Sphingomonas	0.8492	0.0099	TRUE
F28_f_Hypocreales_fam_Incertae_sedis	B3_Sphingomonas	0.8457	0.0099	TRUE
F6_Cladosporium	B3_Sphingomonas	0.8098	0.0396	TRUE
F220_Acremonium	B3_Sphingomonas	-0.7732	0.0099	FALSE
F81_Cladosporium	B3_Sphingomonas	0.7074	0.0099	TRUE
F5_Alternaria	B3_Sphingomonas	0.879	0.0099	TRUE
F30_unidentified	B3_Sphingomonas	0.6668	0.0198	TRUE
B646_Leuconostoc	B326_Bacillus	0.7092	0.0197	TRUE
B725_Lactococcus	B326_Bacillus	0.6968	0.0197	TRUE
F133_Cyphellophora	B326_Bacillus	0.5666	0.0495	TRUE
F299_Cladosporium	B326_Bacillus	0.7679	0.0098	TRUE
F3_Moesziomyces	B326_Bacillus	-0.6466	0.0495	FALSE
F18_f_Phaeosphaeriaceae	B326_Bacillus	-0.7133	0.0099	FALSE
F47_f_Phaeosphaeriaceae	B326_Bacillus	-0.5929	0.0297	FALSE
F1133_unidentified	B326_Bacillus	0.6233	0.0197	TRUE
F112_Paraphaeosphaeria	B326_Bacillus	0.6664	0.0198	TRUE
F27_Curvularia	B326_Bacillus	-0.7327	0.0099	FALSE
F20_Edenia	B326_Bacillus	-0.6352	0.0297	FALSE
F729_Stemphylium	B326_Bacillus	0.73	0.0098	TRUE
F29_f_Didymellaceae	B326_Bacillus	-0.7002	0.0297	FALSE
F28_f_Hypocreales_fam_Incertae_sedis	B326_Bacillus	-0.7184	0.0099	FALSE
F220_Acremonium	B326_Bacillus	0.7721	0.0099	TRUE
F5_Alternaria	B326_Bacillus	-0.6869	0.0198	FALSE
F44_Zopfiella	B326_Bacillus	0.5809	0.0495	TRUE
F1892_unidentified	B81_Stenotrophomonas	0.4338	0.0433	TRUE
F1182_Suillus	B81_Stenotrophomonas	0.4574	0.0495	TRUE
B27_Mucilaginibacter	B3279_Comamonas	0.5198	0.0334	TRUE
F71_Papiliotrema	B3279_Comamonas	-0.5652	0.0198	FALSE
F29_f_Didymellaceae	B3279_Comamonas	-0.5256	0.0495	FALSE
F6_Cladosporium	B3279_Comamonas	-0.4951	0.0495	FALSE
B725_Lactococcus	B646_Leuconostoc	0.6506	0.0197	TRUE
F131_unidentified	B646_Leuconostoc	0.569	0.0495	TRUE
F299_Cladosporium	B646_Leuconostoc	0.6723	0.0098	TRUE
F3_Moesziomyces	B646_Leuconostoc	-0.5913	0.0099	FALSE
F4_o_Pleosporales	B646_Leuconostoc	0.61	0.0495	TRUE
F18_f_Phaeosphaeriaceae	B646_Leuconostoc	-0.6679	0.0396	FALSE
F1133_unidentified	B646_Leuconostoc	0.567	0.0296	TRUE
F27_Curvularia	B646_Leuconostoc	-0.6985	0.0297	FALSE
F20_Edenia	B646_Leuconostoc	-0.5681	0.0198	FALSE
F729_Stemphylium	B646_Leuconostoc	0.6274	0.0494	TRUE
F28_f_Hypocreales_fam_Incertae_sedis	B646_Leuconostoc	-0.6483	0.0198	FALSE
F220_Acremonium	B646_Leuconostoc	0.6485	0.0099	TRUE
F299_Cladosporium	B725_Lactococcus	0.7007	0.0098	TRUE
F3_Moesziomyces	B725_Lactococcus	-0.602	0.0396	FALSE
F4_o_Pleosporales	B725_Lactococcus	0.612	0.0495	TRUE
F18_f_Phaeosphaeriaceae	B725_Lactococcus	-0.6915	0.0198	FALSE
F1133_unidentified	B725_Lactococcus	0.5576	0.0395	TRUE
F112_Paraphaeosphaeria	B725_Lactococcus	0.5891	0.0198	TRUE
F27_Curvularia	B725_Lactococcus	-0.6662	0.0198	FALSE
F20_Edenia	B725_Lactococcus	-0.5401	0.0396	FALSE
F729_Stemphylium	B725_Lactococcus	0.6633	0.0098	TRUE
F29_f_Didymellaceae	B725_Lactococcus	-0.6578	0.0198	FALSE
F33_unidentified	B725_Lactococcus	-0.5062	0.0495	FALSE
F28_f_Hypocreales_fam_Incertae_sedis	B725_Lactococcus	-0.6028	0.0297	FALSE
F662_Sarocladium	B725_Lactococcus	0.4218	0.0495	TRUE
F6_Cladosporium	B725_Lactococcus	-0.6571	0.0396	FALSE
F220_Acremonium	B725_Lactococcus	0.6791	0.0099	TRUE
F5_Alternaria	B725_Lactococcus	-0.67	0.0495	FALSE
F44_Zopfiella	B725_Lactococcus	0.53	0.0396	TRUE
B3325_Hymenobacter	B835_Spirosoma	-0.6445	0.0297	FALSE
B4_Pantoea	B835_Spirosoma	0.6774	0.0297	TRUE
F54_Pyrenochaetopsis	B835_Spirosoma	-0.6783	0.0396	FALSE
F16_Pyricularia	B835_Spirosoma	-0.6351	0.0198	FALSE
F3_Moesziomyces	B835_Spirosoma	0.7547	0.0099	TRUE
F112_Paraphaeosphaeria	B835_Spirosoma	-0.6668	0.0099	FALSE
F20_Edenia	B835_Spirosoma	0.5725	0.0495	TRUE
F29_f_Didymellaceae	B835_Spirosoma	0.6345	0.0297	TRUE
F28_f_Hypocreales_fam_Incertae_sedis	B835_Spirosoma	0.6208	0.0396	TRUE
F6_Cladosporium	B835_Spirosoma	0.7507	0.0297	TRUE
F118_Curvularia	B835_Spirosoma	0.5418	0.0495	TRUE
F5_Alternaria	B835_Spirosoma	0.7706	0.0297	TRUE
F44_Zopfiella	B835_Spirosoma	-0.6602	0.0297	FALSE
F85_Fusarium	B835_Spirosoma	0.5452	0.0495	TRUE
F30_unidentified	B835_Spirosoma	0.6605	0.0297	TRUE
F424_unidentified	B12_Novosphingobium	-0.6457	0.0297	FALSE
F60_Nakataea	B12_Novosphingobium	0.494	0.0396	TRUE
F89_Aureobasidium	B12_Novosphingobium	-0.6139	0.0297	FALSE
F30_unidentified	B12_Novosphingobium	-0.6048	0.0495	FALSE
B4_Pantoea	B3325_Hymenobacter	-0.8156	0.0099	FALSE
F54_Pyrenochaetopsis	B3325_Hymenobacter	0.7328	0.0297	TRUE
F133_Cyphellophora	B3325_Hymenobacter	0.7385	0.0297	TRUE
F95_o_NA	B3325_Hymenobacter	0.6453	0.0297	TRUE
F3_Moesziomyces	B3325_Hymenobacter	-0.7669	0.0099	FALSE
F18_f_Phaeosphaeriaceae	B3325_Hymenobacter	-0.6042	0.0297	FALSE
F112_Paraphaeosphaeria	B3325_Hymenobacter	0.7672	0.0099	TRUE
F29_f_Didymellaceae	B3325_Hymenobacter	-0.6155	0.0396	FALSE
F662_Sarocladium	B3325_Hymenobacter	0.6136	0.0198	TRUE
F6_Cladosporium	B3325_Hymenobacter	-0.7775	0.0198	FALSE
F55_f_Nectriaceae	B3325_Hymenobacter	-0.5938	0.0297	FALSE
F44_Zopfiella	B3325_Hymenobacter	0.7468	0.0198	TRUE
F71_Papiliotrema	B1027_Staphylococcus	-0.5851	0.0495	FALSE
F33_unidentified	B1027_Staphylococcus	-0.5157	0.0495	FALSE
F194_Hannaella	B1027_Staphylococcus	0.4674	0.0297	TRUE
F169_Naganishia	B1256_Sphingomonas	0.6033	0.0137	TRUE
F22_Setophoma	B1256_Sphingomonas	-0.4749	0.0495	FALSE
F54_Pyrenochaetopsis	B4_Pantoea	-0.777	0.0198	FALSE
F133_Cyphellophora	B4_Pantoea	-0.7661	0.0198	FALSE
F95_o_NA	B4_Pantoea	-0.6963	0.0297	FALSE
F16_Pyricularia	B4_Pantoea	-0.7326	0.0297	FALSE
F3_Moesziomyces	B4_Pantoea	0.8098	0.0495	TRUE
F18_f_Phaeosphaeriaceae	B4_Pantoea	0.6698	0.0495	TRUE
F112_Paraphaeosphaeria	B4_Pantoea	-0.8641	0.0099	FALSE
F308_Curvularia	B4_Pantoea	-0.5643	0.0297	FALSE
F20_Edenia	B4_Pantoea	0.5808	0.0396	TRUE
F29_f_Didymellaceae	B4_Pantoea	0.7905	0.0198	TRUE
F40_unidentified	B4_Pantoea	-0.4932	0.0495	FALSE
F662_Sarocladium	B4_Pantoea	-0.6607	0.0099	FALSE
F6_Cladosporium	B4_Pantoea	0.9389	0.0198	TRUE
F289_Aspergillus	B4_Pantoea	-0.7284	0.0198	FALSE
F5_Alternaria	B4_Pantoea	0.7868	0.0099	TRUE
F44_Zopfiella	B4_Pantoea	-0.8148	0.0297	FALSE
F222_o_NA	B27_Mucilaginibacter	0.4037	0.0395	TRUE
F33_unidentified	B27_Mucilaginibacter	-0.5364	0.0495	FALSE
F257_Papiliotrema	F88_unidentified	0.4699	0.0495	TRUE
F334_Plectosphaerella	F88_unidentified	-0.4509	0.0297	FALSE
F553_Trichomerium	F88_unidentified	-0.5255	0.0495	FALSE
F12_o_Pleosporales	F61_o_Pleosporales	-0.7022	0.0099	FALSE
F321_Curvularia	F61_o_Pleosporales	-0.5489	0.0396	FALSE
F53_Pyrenochaetopsis	F61_o_Pleosporales	0.5781	0.0396	TRUE
F28_f_Hypocreales_fam_Incertae_sedis	F61_o_Pleosporales	-0.8121	0.0099	FALSE
F297_Coniothyrium	F61_o_Pleosporales	-0.4826	0.0495	FALSE
F81_Cladosporium	F61_o_Pleosporales	-0.6343	0.0396	FALSE
F231_Bullera	F61_o_Pleosporales	-0.5027	0.0495	FALSE
F715_Kondoa	F61_o_Pleosporales	-0.4565	0.0495	FALSE
F47_f_Phaeosphaeriaceae	F106_unidentified	0.5327	0.0495	TRUE
F744_o_Microstromatales	F106_unidentified	0.6097	0.0297	TRUE
F20_Edenia	F106_unidentified	0.5853	0.0297	TRUE
F29_f_Didymellaceae	F106_unidentified	0.5625	0.0495	TRUE
F81_Cladosporium	F106_unidentified	0.6367	0.0099	TRUE
F5_Alternaria	F106_unidentified	0.6637	0.0396	TRUE
F2_Nigrospora	F131_unidentified	0.6366	0.0495	TRUE
F308_Curvularia	F131_unidentified	0.5542	0.0495	TRUE
F729_Stemphylium	F131_unidentified	0.5488	0.0495	TRUE
F220_Acremonium	F131_unidentified	0.4942	0.0495	TRUE
F574_Phlebia	F69_o_Pleosporales	-0.5614	0.0297	FALSE
F53_Pyrenochaetopsis	F69_o_Pleosporales	-0.5942	0.0495	FALSE
F50_Thanatephorus	F389_f_Sympoventuriaceae	-0.49	0.0495	FALSE
F89_Aureobasidium	F389_f_Sympoventuriaceae	0.5306	0.0396	TRUE
F33_unidentified	F222_o_NA	-0.3869	0.0495	FALSE
F43_o_Sebacinales	F21_Acremonium	0.6933	0.0099	TRUE
F152_unidentified	F21_Acremonium	-0.6968	0.0099	FALSE
F37_unidentified	F21_Acremonium	0.5048	0.0495	TRUE
F8_unidentified	F21_Acremonium	0.8166	0.0099	TRUE
F133_Cyphellophora	F21_Acremonium	-0.7908	0.0099	FALSE
F48_unidentified	F21_Acremonium	0.7893	0.0099	TRUE
F78_unidentified	F21_Acremonium	0.8288	0.0099	TRUE
F117_Saitozyma	F21_Acremonium	0.6799	0.0198	TRUE
F209_unidentified	F21_Acremonium	0.865	0.0099	TRUE
F105_Clonostachys	F21_Acremonium	0.7846	0.0297	TRUE
F4_o_Pleosporales	F21_Acremonium	-0.9061	0.0198	FALSE
F112_Paraphaeosphaeria	F21_Acremonium	-0.66	0.0495	FALSE
F308_Curvularia	F21_Acremonium	-0.7906	0.0099	FALSE
F120_Sporobolomyces	F21_Acremonium	0.5228	0.0495	TRUE
F36_Moesziomyces	F21_Acremonium	0.8008	0.0099	TRUE
F55_f_Nectriaceae	F21_Acremonium	0.7371	0.0198	TRUE
F44_Zopfiella	F21_Acremonium	-0.6719	0.0396	FALSE
F8_unidentified	F43_o_Sebacinales	0.6825	0.0198	TRUE
F48_unidentified	F43_o_Sebacinales	0.6381	0.0198	TRUE
F78_unidentified	F43_o_Sebacinales	0.6679	0.0198	TRUE
F137_Malassezia	F43_o_Sebacinales	-0.6925	0.0099	FALSE
F209_unidentified	F43_o_Sebacinales	0.6921	0.0099	TRUE
F105_Clonostachys	F43_o_Sebacinales	0.7626	0.0099	TRUE
F308_Curvularia	F43_o_Sebacinales	-0.5819	0.0198	FALSE
F53_Pyrenochaetopsis	F43_o_Sebacinales	0.5766	0.0396	TRUE
F36_Moesziomyces	F43_o_Sebacinales	0.6878	0.0099	TRUE
F181_f_Didymellaceae	F43_o_Sebacinales	0.6299	0.0396	TRUE
F334_Plectosphaerella	F43_o_Sebacinales	-0.5743	0.0198	FALSE
F276_Cercospora	F43_o_Sebacinales	-0.4484	0.0396	FALSE
F133_Cyphellophora	F152_unidentified	0.5429	0.0495	TRUE
F78_unidentified	F152_unidentified	-0.6005	0.0297	FALSE
F209_unidentified	F152_unidentified	-0.6329	0.0099	FALSE
F4_o_Pleosporales	F152_unidentified	0.6862	0.0198	TRUE
F308_Curvularia	F152_unidentified	0.582	0.0495	TRUE
F36_Moesziomyces	F152_unidentified	-0.6699	0.0198	FALSE
F78_unidentified	F1488_unidentified	0.4506	0.0495	TRUE
F78_unidentified	F37_unidentified	0.5194	0.0396	TRUE
F4_o_Pleosporales	F37_unidentified	-0.4633	0.0495	FALSE
F33_unidentified	F1460_o_Hypocreales	-0.4479	0.0495	FALSE
F424_unidentified	F54_Pyrenochaetopsis	-0.5126	0.0396	FALSE
F133_Cyphellophora	F54_Pyrenochaetopsis	0.729	0.0099	TRUE
F60_Nakataea	F54_Pyrenochaetopsis	0.6163	0.0198	TRUE
F3_Moesziomyces	F54_Pyrenochaetopsis	-0.9071	0.0099	FALSE
F18_f_Phaeosphaeriaceae	F54_Pyrenochaetopsis	-0.6339	0.0297	FALSE
F652_Trichomerium	F54_Pyrenochaetopsis	0.5351	0.0495	TRUE
F112_Paraphaeosphaeria	F54_Pyrenochaetopsis	0.7725	0.0297	TRUE
F27_Curvularia	F54_Pyrenochaetopsis	-0.5727	0.0495	FALSE
F662_Sarocladium	F54_Pyrenochaetopsis	0.557	0.0495	TRUE
F6_Cladosporium	F54_Pyrenochaetopsis	-0.7776	0.0198	FALSE
F289_Aspergillus	F54_Pyrenochaetopsis	0.7492	0.0198	TRUE
F5_Alternaria	F54_Pyrenochaetopsis	-0.7309	0.0099	FALSE
F44_Zopfiella	F54_Pyrenochaetopsis	0.8002	0.0099	TRUE
F30_unidentified	F54_Pyrenochaetopsis	-0.8094	0.0099	FALSE
F89_Aureobasidium	F424_unidentified	0.5656	0.0396	TRUE
F48_unidentified	F8_unidentified	0.7845	0.0198	TRUE
F78_unidentified	F8_unidentified	0.7203	0.0297	TRUE
F95_o_NA	F8_unidentified	-0.7006	0.0198	FALSE
F137_Malassezia	F8_unidentified	-0.7028	0.0198	FALSE
F117_Saitozyma	F8_unidentified	0.5914	0.0297	TRUE
F209_unidentified	F8_unidentified	0.7735	0.0099	TRUE
F105_Clonostachys	F8_unidentified	0.7198	0.0396	TRUE
F4_o_Pleosporales	F8_unidentified	-0.7128	0.0099	FALSE
F308_Curvularia	F8_unidentified	-0.7243	0.0297	FALSE
F320_f_Coniochaetaceae	F8_unidentified	0.4791	0.0396	TRUE
F36_Moesziomyces	F8_unidentified	0.6725	0.0495	TRUE
F6_Cladosporium	F8_unidentified	0.6581	0.0396	TRUE
F181_f_Didymellaceae	F8_unidentified	0.6709	0.0495	TRUE
F55_f_Nectriaceae	F8_unidentified	0.6661	0.0396	TRUE
F78_unidentified	F133_Cyphellophora	-0.6269	0.0297	FALSE
F95_o_NA	F133_Cyphellophora	0.6468	0.0198	TRUE
F117_Saitozyma	F133_Cyphellophora	-0.5597	0.0495	FALSE
F209_unidentified	F133_Cyphellophora	-0.6454	0.0198	FALSE
F3_Moesziomyces	F133_Cyphellophora	-0.8197	0.0198	FALSE
F4_o_Pleosporales	F133_Cyphellophora	0.8706	0.0099	TRUE
F18_f_Phaeosphaeriaceae	F133_Cyphellophora	-0.7635	0.0297	FALSE
F1133_unidentified	F133_Cyphellophora	0.5147	0.0495	TRUE
F112_Paraphaeosphaeria	F133_Cyphellophora	0.832	0.0099	TRUE
F308_Curvularia	F133_Cyphellophora	0.6287	0.0198	TRUE
F120_Sporobolomyces	F133_Cyphellophora	-0.4877	0.0495	FALSE
F729_Stemphylium	F133_Cyphellophora	0.5388	0.0495	TRUE
F51_Papiliotrema	F133_Cyphellophora	-0.542	0.0495	FALSE
F6_Cladosporium	F133_Cyphellophora	-0.8009	0.0297	FALSE
F220_Acremonium	F133_Cyphellophora	0.6171	0.0396	TRUE
F55_f_Nectriaceae	F133_Cyphellophora	-0.6301	0.0495	FALSE
F289_Aspergillus	F133_Cyphellophora	0.7286	0.0198	TRUE
F44_Zopfiella	F133_Cyphellophora	0.7947	0.0099	TRUE
F132_Phaeosphaeria	F48_unidentified	0.5667	0.0396	TRUE
F117_Saitozyma	F48_unidentified	0.6763	0.0099	TRUE
F209_unidentified	F48_unidentified	0.7807	0.0198	TRUE
F105_Clonostachys	F48_unidentified	0.7045	0.0099	TRUE
F4_o_Pleosporales	F48_unidentified	-0.6076	0.0396	FALSE
F12_o_Pleosporales	F48_unidentified	-0.5855	0.0297	FALSE
F308_Curvularia	F48_unidentified	-0.5928	0.0396	FALSE
F36_Moesziomyces	F48_unidentified	0.7459	0.0198	TRUE
F169_Naganishia	F76_o_Sordariales	-0.4428	0.0495	FALSE
F137_Malassezia	F76_o_Sordariales	-0.5849	0.0396	FALSE
F105_Clonostachys	F76_o_Sordariales	0.6221	0.0495	TRUE
F181_f_Didymellaceae	F76_o_Sordariales	0.6336	0.0297	TRUE
F334_Plectosphaerella	F76_o_Sordariales	-0.5023	0.0495	FALSE
F209_unidentified	F187_o_Chaetothyriales	0.5597	0.0495	TRUE
F105_Clonostachys	F187_o_Chaetothyriales	0.6516	0.0297	TRUE
F308_Curvularia	F187_o_Chaetothyriales	-0.6329	0.0198	FALSE
F95_o_NA	F78_unidentified	-0.6698	0.0099	FALSE
F137_Malassezia	F78_unidentified	-0.6263	0.0396	FALSE
F117_Saitozyma	F78_unidentified	0.5472	0.0495	TRUE
F209_unidentified	F78_unidentified	0.7745	0.0099	TRUE
F105_Clonostachys	F78_unidentified	0.6899	0.0495	TRUE
F4_o_Pleosporales	F78_unidentified	-0.7204	0.0495	FALSE
F308_Curvularia	F78_unidentified	-0.7551	0.0198	FALSE
F36_Moesziomyces	F78_unidentified	0.7618	0.0099	TRUE
F334_Plectosphaerella	F78_unidentified	-0.5663	0.0495	FALSE
F55_f_Nectriaceae	F78_unidentified	0.6622	0.0396	TRUE
F209_unidentified	F132_Phaeosphaeria	0.5318	0.0396	TRUE
F105_Clonostachys	F132_Phaeosphaeria	0.5494	0.0198	TRUE
F36_Moesziomyces	F132_Phaeosphaeria	0.5479	0.0396	TRUE
F308_Curvularia	F95_o_NA	0.6501	0.0297	TRUE
F6_Cladosporium	F95_o_NA	-0.6453	0.0495	FALSE
F55_f_Nectriaceae	F95_o_NA	-0.6204	0.0396	FALSE
F289_Aspergillus	F95_o_NA	0.6207	0.0396	TRUE
F44_Zopfiella	F95_o_NA	0.5807	0.0495	TRUE
F686_Malassezia	F223_Curvularia	0.3536	0.0433	TRUE
F172_unidentified	F169_Naganishia	0.5206	0.0487	TRUE
F509_Bipolaris	F169_Naganishia	0.5246	0.0296	TRUE
F304_Sphaerulina	F169_Naganishia	0.4309	0.0334	TRUE
F304_Sphaerulina	F172_unidentified	0.4066	0.0289	TRUE
F744_o_Microstromatales	F16_Pyricularia	-0.7687	0.0099	FALSE
F20_Edenia	F16_Pyricularia	-0.6628	0.0198	FALSE
F500_Leptosphaeria	F16_Pyricularia	-0.5484	0.0495	FALSE
F29_f_Didymellaceae	F16_Pyricularia	-0.7786	0.0198	FALSE
F40_unidentified	F16_Pyricularia	0.5777	0.0495	TRUE
F65_Sarocladium	F16_Pyricularia	0.5661	0.0495	TRUE
F509_Bipolaris	F16_Pyricularia	-0.616	0.0297	FALSE
F5_Alternaria	F16_Pyricularia	-0.7876	0.0198	FALSE
F553_Trichomerium	F16_Pyricularia	-0.6506	0.0495	FALSE
F30_unidentified	F16_Pyricularia	-0.6822	0.0495	FALSE
F127_Papiliotrema	F60_Nakataea	-0.5026	0.0495	FALSE
F89_Aureobasidium	F60_Nakataea	-0.4948	0.0396	FALSE
F209_unidentified	F137_Malassezia	-0.6743	0.0099	FALSE
F105_Clonostachys	F137_Malassezia	-0.7519	0.0099	FALSE
F308_Curvularia	F137_Malassezia	0.6028	0.0396	TRUE
F36_Moesziomyces	F137_Malassezia	-0.6522	0.0396	FALSE
F181_f_Didymellaceae	F137_Malassezia	-0.6754	0.0396	FALSE
F334_Plectosphaerella	F137_Malassezia	0.6405	0.0297	TRUE
F1182_Suillus	F299_Cladosporium	0.4895	0.0495	TRUE
F18_f_Phaeosphaeriaceae	F299_Cladosporium	-0.6872	0.0099	FALSE
F1133_unidentified	F299_Cladosporium	0.5646	0.0197	TRUE
F27_Curvularia	F299_Cladosporium	-0.7422	0.0198	FALSE
F729_Stemphylium	F299_Cladosporium	0.6723	0.0098	TRUE
F28_f_Hypocreales_fam_Incertae_sedis	F299_Cladosporium	-0.6895	0.0198	FALSE
F6_Cladosporium	F299_Cladosporium	-0.6193	0.0495	FALSE
F220_Acremonium	F299_Cladosporium	0.6219	0.0396	TRUE
F5_Alternaria	F299_Cladosporium	-0.6157	0.0198	FALSE
F3_Moesziomyces	F1182_Suillus	-0.5005	0.0396	FALSE
F4_o_Pleosporales	F1182_Suillus	0.5445	0.0396	TRUE
F1133_unidentified	F1182_Suillus	0.4824	0.0396	TRUE
F27_Curvularia	F1182_Suillus	-0.5273	0.0396	FALSE
F28_f_Hypocreales_fam_Incertae_sedis	F1182_Suillus	-0.4694	0.0495	FALSE
F174_unidentified	F2_Nigrospora	0.67	0.0495	TRUE
F18_f_Phaeosphaeriaceae	F418_Hannaella	0.5377	0.0495	TRUE
F27_Curvularia	F418_Hannaella	0.5424	0.0297	TRUE
F118_Curvularia	F418_Hannaella	0.4264	0.0495	TRUE
F5_Alternaria	F418_Hannaella	0.545	0.0396	TRUE
F127_Papiliotrema	F213_Yarrowia	-0.4129	0.0396	FALSE
F209_unidentified	F117_Saitozyma	0.6093	0.0198	TRUE
F105_Clonostachys	F117_Saitozyma	0.5225	0.0396	TRUE
F4_o_Pleosporales	F117_Saitozyma	-0.6058	0.0297	FALSE
F120_Sporobolomyces	F117_Saitozyma	0.4846	0.0297	TRUE
F36_Moesziomyces	F117_Saitozyma	0.5742	0.0396	TRUE
F105_Clonostachys	F209_unidentified	0.8763	0.0099	TRUE
F4_o_Pleosporales	F209_unidentified	-0.7912	0.0099	FALSE
F361_Phaeosphaeria	F209_unidentified	0.5243	0.0297	TRUE
F12_o_Pleosporales	F209_unidentified	-0.6293	0.0396	FALSE
F308_Curvularia	F209_unidentified	-0.7638	0.0198	FALSE
F36_Moesziomyces	F209_unidentified	0.8163	0.0099	TRUE
F181_f_Didymellaceae	F209_unidentified	0.652	0.0396	TRUE
F334_Plectosphaerella	F209_unidentified	-0.5794	0.0495	FALSE
F308_Curvularia	F105_Clonostachys	-0.7419	0.0396	FALSE
F36_Moesziomyces	F105_Clonostachys	0.8339	0.0099	TRUE
F181_f_Didymellaceae	F105_Clonostachys	0.7811	0.0099	TRUE
F334_Plectosphaerella	F105_Clonostachys	-0.6252	0.0099	FALSE
F31_Fusarium	F105_Clonostachys	0.5262	0.0495	TRUE
F4_o_Pleosporales	F3_Moesziomyces	-0.7079	0.0099	FALSE
F18_f_Phaeosphaeriaceae	F3_Moesziomyces	0.804	0.0099	TRUE
F47_f_Phaeosphaeriaceae	F3_Moesziomyces	0.6212	0.0495	TRUE
F652_Trichomerium	F3_Moesziomyces	-0.565	0.0198	FALSE
F112_Paraphaeosphaeria	F3_Moesziomyces	-0.8457	0.0099	FALSE
F27_Curvularia	F3_Moesziomyces	0.7817	0.0198	TRUE
F20_Edenia	F3_Moesziomyces	0.7874	0.0099	TRUE
F120_Sporobolomyces	F3_Moesziomyces	0.5828	0.0297	TRUE
F729_Stemphylium	F3_Moesziomyces	-0.5991	0.0396	FALSE
F29_f_Didymellaceae	F3_Moesziomyces	0.7141	0.0396	TRUE
F28_f_Hypocreales_fam_Incertae_sedis	F3_Moesziomyces	0.6634	0.0396	TRUE
F662_Sarocladium	F3_Moesziomyces	-0.5353	0.0297	FALSE
F6_Cladosporium	F3_Moesziomyces	0.8705	0.0099	TRUE
F220_Acremonium	F3_Moesziomyces	-0.6485	0.0396	FALSE
F118_Curvularia	F3_Moesziomyces	0.5948	0.0495	TRUE
F289_Aspergillus	F3_Moesziomyces	-0.7115	0.0198	FALSE
F5_Alternaria	F3_Moesziomyces	0.8634	0.0099	TRUE
F44_Zopfiella	F3_Moesziomyces	-0.838	0.0099	FALSE
F85_Fusarium	F3_Moesziomyces	0.6101	0.0396	TRUE
F30_unidentified	F3_Moesziomyces	0.8462	0.0099	TRUE
F18_f_Phaeosphaeriaceae	F4_o_Pleosporales	-0.7924	0.0099	FALSE
F112_Paraphaeosphaeria	F4_o_Pleosporales	0.796	0.0198	TRUE
F27_Curvularia	F4_o_Pleosporales	-0.7399	0.0099	FALSE
F308_Curvularia	F4_o_Pleosporales	0.8041	0.0198	TRUE
F120_Sporobolomyces	F4_o_Pleosporales	-0.5357	0.0396	FALSE
F51_Papiliotrema	F4_o_Pleosporales	-0.6445	0.0099	FALSE
F36_Moesziomyces	F4_o_Pleosporales	-0.6141	0.0396	FALSE
F6_Cladosporium	F4_o_Pleosporales	-0.7606	0.0198	FALSE
F220_Acremonium	F4_o_Pleosporales	0.6887	0.0297	TRUE
F289_Aspergillus	F4_o_Pleosporales	0.6857	0.0396	TRUE
F44_Zopfiella	F4_o_Pleosporales	0.7397	0.0396	TRUE
F308_Curvularia	F361_Phaeosphaeria	-0.4622	0.0495	FALSE
F47_f_Phaeosphaeriaceae	F18_f_Phaeosphaeriaceae	0.5836	0.0198	TRUE
F1133_unidentified	F18_f_Phaeosphaeriaceae	-0.5997	0.0297	FALSE
F112_Paraphaeosphaeria	F18_f_Phaeosphaeriaceae	-0.7606	0.0099	FALSE
F27_Curvularia	F18_f_Phaeosphaeriaceae	0.8438	0.0099	TRUE
F20_Edenia	F18_f_Phaeosphaeriaceae	0.6878	0.0198	TRUE
F51_Papiliotrema	F18_f_Phaeosphaeriaceae	0.6192	0.0297	TRUE
F29_f_Didymellaceae	F18_f_Phaeosphaeriaceae	0.6753	0.0396	TRUE
F6_Cladosporium	F18_f_Phaeosphaeriaceae	0.7471	0.0297	TRUE
F220_Acremonium	F18_f_Phaeosphaeriaceae	-0.7262	0.0198	FALSE
F289_Aspergillus	F18_f_Phaeosphaeriaceae	-0.7027	0.0297	FALSE
F5_Alternaria	F18_f_Phaeosphaeriaceae	0.7672	0.0198	TRUE
F44_Zopfiella	F18_f_Phaeosphaeriaceae	-0.6637	0.0396	FALSE
F47_f_Phaeosphaeriaceae	F12_o_Pleosporales	0.6568	0.0495	TRUE
F744_o_Microstromatales	F12_o_Pleosporales	0.685	0.0198	TRUE
F53_Pyrenochaetopsis	F12_o_Pleosporales	-0.6355	0.0297	FALSE
F36_Moesziomyces	F12_o_Pleosporales	-0.8442	0.0099	FALSE
F297_Coniothyrium	F12_o_Pleosporales	0.5474	0.0099	TRUE
F509_Bipolaris	F12_o_Pleosporales	0.6034	0.0099	TRUE
F181_f_Didymellaceae	F12_o_Pleosporales	-0.6382	0.0495	FALSE
F553_Trichomerium	F12_o_Pleosporales	0.6956	0.0198	TRUE
F30_unidentified	F12_o_Pleosporales	0.6138	0.0495	TRUE
F321_Curvularia	F47_f_Phaeosphaeriaceae	0.4374	0.0396	TRUE
F20_Edenia	F47_f_Phaeosphaeriaceae	0.6934	0.0198	TRUE
F729_Stemphylium	F47_f_Phaeosphaeriaceae	-0.5085	0.0495	FALSE
F29_f_Didymellaceae	F47_f_Phaeosphaeriaceae	0.7292	0.0198	TRUE
F28_f_Hypocreales_fam_Incertae_sedis	F47_f_Phaeosphaeriaceae	0.692	0.0198	TRUE
F6_Cladosporium	F47_f_Phaeosphaeriaceae	0.5873	0.0495	TRUE
F81_Cladosporium	F47_f_Phaeosphaeriaceae	0.7274	0.0099	TRUE
F5_Alternaria	F47_f_Phaeosphaeriaceae	0.7533	0.0099	TRUE
F553_Trichomerium	F47_f_Phaeosphaeriaceae	0.5707	0.0396	TRUE
F30_unidentified	F47_f_Phaeosphaeriaceae	0.7388	0.0297	TRUE
F1605_unidentified	F1230_o_Pleosporales	0.405	0.0433	TRUE
F27_Curvularia	F1133_unidentified	-0.6504	0.0198	FALSE
F20_Edenia	F1133_unidentified	-0.5131	0.0495	FALSE
F729_Stemphylium	F1133_unidentified	0.6037	0.0197	TRUE
F28_f_Hypocreales_fam_Incertae_sedis	F1133_unidentified	-0.4967	0.0396	FALSE
F220_Acremonium	F1133_unidentified	0.5609	0.0297	TRUE
F181_f_Didymellaceae	F50_Thanatephorus	0.583	0.0198	TRUE
F27_Curvularia	F112_Paraphaeosphaeria	-0.6873	0.0099	FALSE
F308_Curvularia	F112_Paraphaeosphaeria	0.62	0.0396	TRUE
F20_Edenia	F112_Paraphaeosphaeria	-0.6342	0.0198	FALSE
F729_Stemphylium	F112_Paraphaeosphaeria	0.6017	0.0396	TRUE
F29_f_Didymellaceae	F112_Paraphaeosphaeria	-0.7553	0.0198	FALSE
F662_Sarocladium	F112_Paraphaeosphaeria	0.5584	0.0396	TRUE
F6_Cladosporium	F112_Paraphaeosphaeria	-0.8839	0.0099	FALSE
F220_Acremonium	F112_Paraphaeosphaeria	0.6709	0.0198	TRUE
F289_Aspergillus	F112_Paraphaeosphaeria	0.7487	0.0099	TRUE
F5_Alternaria	F112_Paraphaeosphaeria	-0.7873	0.0099	FALSE
F44_Zopfiella	F112_Paraphaeosphaeria	0.8165	0.0099	TRUE
F30_unidentified	F112_Paraphaeosphaeria	-0.5851	0.0495	FALSE
F20_Edenia	F744_o_Microstromatales	0.6477	0.0198	TRUE
F29_f_Didymellaceae	F744_o_Microstromatales	0.6201	0.0297	TRUE
F65_Sarocladium	F744_o_Microstromatales	-0.4905	0.0396	FALSE
F268_Sarocladium	F744_o_Microstromatales	0.4712	0.0297	TRUE
F28_f_Hypocreales_fam_Incertae_sedis	F744_o_Microstromatales	0.5347	0.0495	TRUE
F509_Bipolaris	F744_o_Microstromatales	0.5242	0.0198	TRUE
F81_Cladosporium	F744_o_Microstromatales	0.6641	0.0198	TRUE
F5_Alternaria	F744_o_Microstromatales	0.7109	0.0198	TRUE
F553_Trichomerium	F744_o_Microstromatales	0.7043	0.0099	TRUE
F30_unidentified	F744_o_Microstromatales	0.6866	0.0297	TRUE
F20_Edenia	F27_Curvularia	0.6383	0.0297	TRUE
F729_Stemphylium	F27_Curvularia	-0.7085	0.0099	FALSE
F6_Cladosporium	F27_Curvularia	0.723	0.0198	TRUE
F220_Acremonium	F27_Curvularia	-0.6564	0.0297	FALSE
F5_Alternaria	F27_Curvularia	0.7453	0.0396	TRUE
F44_Zopfiella	F27_Curvularia	-0.646	0.0297	FALSE
F53_Pyrenochaetopsis	F321_Curvularia	-0.4792	0.0396	FALSE
F28_f_Hypocreales_fam_Incertae_sedis	F321_Curvularia	0.5169	0.0297	TRUE
F297_Coniothyrium	F321_Curvularia	0.5439	0.019	TRUE
F715_Kondoa	F321_Curvularia	0.406	0.0334	TRUE
F51_Papiliotrema	F308_Curvularia	-0.5531	0.0396	FALSE
F6_Cladosporium	F308_Curvularia	-0.6633	0.0396	FALSE
F220_Acremonium	F308_Curvularia	0.6202	0.0099	TRUE
F181_f_Didymellaceae	F308_Curvularia	-0.5874	0.0396	FALSE
F289_Aspergillus	F308_Curvularia	0.6141	0.0198	TRUE
F44_Zopfiella	F308_Curvularia	0.5988	0.0297	TRUE
F673_Erythrobasidium	F20_Edenia	0.449	0.0495	TRUE
F500_Leptosphaeria	F20_Edenia	0.6157	0.0297	TRUE
F29_f_Didymellaceae	F20_Edenia	0.7678	0.0099	TRUE
F28_f_Hypocreales_fam_Incertae_sedis	F20_Edenia	0.6069	0.0396	TRUE
F6_Cladosporium	F20_Edenia	0.6392	0.0396	TRUE
F509_Bipolaris	F20_Edenia	0.5129	0.0396	TRUE
F81_Cladosporium	F20_Edenia	0.6349	0.0297	TRUE
F5_Alternaria	F20_Edenia	0.8267	0.0099	TRUE
F44_Zopfiella	F20_Edenia	-0.5986	0.0495	FALSE
F553_Trichomerium	F20_Edenia	0.6372	0.0396	TRUE
F30_unidentified	F20_Edenia	0.8303	0.0198	TRUE
F500_Leptosphaeria	F673_Erythrobasidium	0.5277	0.0396	TRUE
F44_Zopfiella	F120_Sporobolomyces	-0.6446	0.0297	FALSE
F220_Acremonium	F429_Bjerkandera	0.5215	0.0297	TRUE
F36_Moesziomyces	F53_Pyrenochaetopsis	0.6569	0.0297	TRUE
F297_Coniothyrium	F53_Pyrenochaetopsis	-0.4209	0.0297	FALSE
F55_f_Nectriaceae	F53_Pyrenochaetopsis	0.6161	0.0297	TRUE
F5_Alternaria	F500_Leptosphaeria	0.6186	0.0396	TRUE
F553_Trichomerium	F500_Leptosphaeria	0.563	0.0198	TRUE
F29_f_Didymellaceae	F729_Stemphylium	-0.641	0.0198	FALSE
F28_f_Hypocreales_fam_Incertae_sedis	F729_Stemphylium	-0.6799	0.0099	FALSE
F6_Cladosporium	F729_Stemphylium	-0.6689	0.0396	FALSE
F220_Acremonium	F729_Stemphylium	0.6696	0.0198	TRUE
F5_Alternaria	F729_Stemphylium	-0.6545	0.0099	FALSE
F44_Zopfiella	F729_Stemphylium	0.5566	0.0099	TRUE
F65_Sarocladium	F174_unidentified	-0.486	0.0396	FALSE
F33_unidentified	F71_Papiliotrema	0.5554	0.0198	TRUE
F194_Hannaella	F127_Papiliotrema	0.5607	0.0297	TRUE
F220_Acremonium	F51_Papiliotrema	-0.4868	0.0495	FALSE
F33_unidentified	F29_f_Didymellaceae	0.6857	0.0396	TRUE
F28_f_Hypocreales_fam_Incertae_sedis	F29_f_Didymellaceae	0.6583	0.0198	TRUE
F6_Cladosporium	F29_f_Didymellaceae	0.8353	0.0099	TRUE
F220_Acremonium	F29_f_Didymellaceae	-0.6403	0.0198	FALSE
F81_Cladosporium	F29_f_Didymellaceae	0.734	0.0297	TRUE
F5_Alternaria	F29_f_Didymellaceae	0.8842	0.0099	TRUE
F40_unidentified	F45_f_Didymellaceae	0.6309	0.0198	TRUE
F461_unidentified	F45_f_Didymellaceae	0.4533	0.0297	TRUE
F81_Cladosporium	F33_unidentified	0.5484	0.0495	TRUE
F181_f_Didymellaceae	F36_Moesziomyces	0.7333	0.0297	TRUE
F334_Plectosphaerella	F36_Moesziomyces	-0.5768	0.0297	FALSE
F553_Trichomerium	F36_Moesziomyces	-0.6042	0.0495	FALSE
F30_unidentified	F40_unidentified	-0.5414	0.0297	FALSE
F31_Fusarium	F65_Sarocladium	0.4719	0.0495	TRUE
F6_Cladosporium	F28_f_Hypocreales_fam_Incertae_sedis	0.6811	0.0396	TRUE
F220_Acremonium	F28_f_Hypocreales_fam_Incertae_sedis	-0.6459	0.0495	FALSE
F81_Cladosporium	F28_f_Hypocreales_fam_Incertae_sedis	0.6277	0.0297	TRUE
F5_Alternaria	F28_f_Hypocreales_fam_Incertae_sedis	0.7155	0.0297	TRUE
F30_unidentified	F28_f_Hypocreales_fam_Incertae_sedis	0.6397	0.0396	TRUE
F6_Cladosporium	F662_Sarocladium	-0.6299	0.0297	FALSE
F44_Zopfiella	F662_Sarocladium	0.5623	0.0495	TRUE
F81_Cladosporium	F297_Coniothyrium	0.4436	0.0396	TRUE
F715_Kondoa	F297_Coniothyrium	0.4533	0.019	TRUE
F220_Acremonium	F6_Cladosporium	-0.7232	0.0198	FALSE
F289_Aspergillus	F6_Cladosporium	-0.6942	0.0198	FALSE
F5_Alternaria	F6_Cladosporium	0.8124	0.0198	TRUE
F44_Zopfiella	F6_Cladosporium	-0.8725	0.0198	FALSE
F44_Zopfiella	F220_Acremonium	0.58	0.0297	TRUE
F55_f_Nectriaceae	F539_Cenococcum	-0.421	0.0495	FALSE
F643_Symmetrospora	F509_Bipolaris	0.4085	0.0395	TRUE
F553_Trichomerium	F509_Bipolaris	0.5787	0.0099	TRUE
F5_Alternaria	F81_Cladosporium	0.6974	0.0495	TRUE
F334_Plectosphaerella	F181_f_Didymellaceae	-0.619	0.0099	FALSE
F89_Aureobasidium	F181_f_Didymellaceae	-0.578	0.0198	FALSE
F276_Cercospora	F181_f_Didymellaceae	-0.5349	0.0396	FALSE
F31_Fusarium	F181_f_Didymellaceae	0.5056	0.0297	TRUE
F553_Trichomerium	F181_f_Didymellaceae	-0.6794	0.0099	FALSE
F553_Trichomerium	F334_Plectosphaerella	0.5815	0.0297	TRUE
F85_Fusarium	F118_Curvularia	0.5686	0.0396	TRUE
F5_Alternaria	F289_Aspergillus	-0.599	0.0495	FALSE
F44_Zopfiella	F289_Aspergillus	0.6634	0.0297	TRUE
F85_Fusarium	F289_Aspergillus	-0.6203	0.0495	FALSE
F553_Trichomerium	F5_Alternaria	0.6732	0.0297	TRUE
F85_Fusarium	F5_Alternaria	0.6091	0.0495	TRUE
F30_unidentified	F5_Alternaria	0.8151	0.0198	TRUE
F30_unidentified	F553_Trichomerium	0.7611	0.0198	TRUE
