Source	Target	Cor	pseudo_p	positive
B510_Devosia	B5264_o_OPB56	0.4244	0.0433	TRUE
B3445_Luteolibacter	B5264_o_OPB56	0.4104	0.0433	TRUE
B6590_f_Burkholderiaceae	B2127_o_NA	0.4858	0.0235	TRUE
B1450_Acinetobacter	B2127_o_NA	0.4808	0.0433	TRUE
B2780_f_Burkholderiaceae	B2127_o_NA	0.3764	0.0487	TRUE
B1804_Corynebacterium	B2127_o_NA	0.5513	0.0137	TRUE
F8_unidentified	B2127_o_NA	0.4901	0.0297	TRUE
F567_Ceriporia	B13981_f_Pedosphaeraceae	0.3728	0.0433	TRUE
B2481_uncultured Acidobacteria bacterium	B12791_uncultured.verrucomicrobium.DEV008	0.4054	0.0433	TRUE
B1177_f_Burkholderiaceae	B780_Spirosoma	0.4487	0.0433	TRUE
B510_Devosia	B780_Spirosoma	0.4426	0.0235	TRUE
B3445_Luteolibacter	B780_Spirosoma	0.4439	0.0334	TRUE
B1530_Pseudoflavitalea	B780_Spirosoma	0.3798	0.0433	TRUE
B6590_f_Burkholderiaceae	B10625_uncultured.bacterium	0.4403	0.0433	TRUE
B1768_o_NA	B10625_uncultured.bacterium	0.3822	0.0433	TRUE
B209_Escherichia-Shigella	B10625_uncultured.bacterium	0.5371	0.0235	TRUE
B1804_Corynebacterium	B10625_uncultured.bacterium	0.4657	0.0235	TRUE
B144_Bradyrhizobium	B12366_Acidobacteria.bacterium.WX27	0.4564	0.0137	TRUE
B29_Methylobacterium	B12366_Acidobacteria.bacterium.WX27	0.4619	0.0137	TRUE
B144_Bradyrhizobium	B1778_o_SJA.15	0.4414	0.0334	TRUE
B54_uncultured	B1778_o_SJA.15	0.4506	0.0495	TRUE
B388_Mycobacterium	B10181_Moheibacter	0.4119	0.0433	TRUE
B437_Escherichia-Shigella	B10181_Moheibacter	0.4446	0.0433	TRUE
B272_Novosphingobium	B10181_Moheibacter	0.4302	0.0433	TRUE
B1567_Devosia	B10181_Moheibacter	0.4194	0.0433	TRUE
B437_Escherichia-Shigella	B5398_Spirosoma	0.4786	0.0334	TRUE
B272_Novosphingobium	B5398_Spirosoma	0.4297	0.0433	TRUE
B1281_Polaromonas	B5398_Spirosoma	0.4641	0.0433	TRUE
B110_Roseateles	B5398_Spirosoma	0.5144	0.0235	TRUE
F81_Cladosporium	B5398_Spirosoma	0.5036	0.0388	TRUE
B388_Mycobacterium	B2322_Legionella	0.5053	0.0289	TRUE
B437_Escherichia-Shigella	B2322_Legionella	0.4708	0.0388	TRUE
B272_Novosphingobium	B2322_Legionella	0.5048	0.0289	TRUE
B110_Roseateles	B2322_Legionella	0.5096	0.0388	TRUE
F648_unidentified	B2322_Legionella	0.417	0.0289	TRUE
F5_Alternaria	B2322_Legionella	-0.4913	0.0495	FALSE
B260_Pseudomonas	B282_Acinetobacter	0.5259	0.0137	TRUE
B153_Ralstonia	B282_Acinetobacter	0.3637	0.0433	TRUE
B919_f_Burkholderiaceae	B282_Acinetobacter	0.5175	0.005	TRUE
B317_Brevundimonas	B282_Acinetobacter	0.4185	0.0487	TRUE
B1804_Corynebacterium	B4701_Patulibacter	0.439	0.0334	TRUE
B1768_o_NA	B6590_f_Burkholderiaceae	0.393	0.0334	TRUE
B1862_Pajaroellobacter	B6590_f_Burkholderiaceae	0.4036	0.0433	TRUE
B5155_uncultured	B6590_f_Burkholderiaceae	0.3889	0.0433	TRUE
B6928_Neisseria	B6590_f_Burkholderiaceae	0.3928	0.0235	TRUE
B2780_f_Burkholderiaceae	B6590_f_Burkholderiaceae	0.4391	0.0388	TRUE
B1776_Cloacibacterium	B6590_f_Burkholderiaceae	0.5209	0.0388	TRUE
B227_Allorhizobium-Neorhizobium-Pararhizobium-Rhizobium	B6590_f_Burkholderiaceae	0.4241	0.0494	TRUE
B209_Escherichia-Shigella	B6590_f_Burkholderiaceae	0.6306	0.0137	TRUE
B1804_Corynebacterium	B6590_f_Burkholderiaceae	0.6522	0.005	TRUE
F187_o_Chaetothyriales	B6590_f_Burkholderiaceae	0.4054	0.0494	TRUE
F404_Curvularia	B6590_f_Burkholderiaceae	0.4821	0.0388	TRUE
F795_Colletotrichum	B6590_f_Burkholderiaceae	0.4526	0.0137	TRUE
F268_Sarocladium	B6590_f_Burkholderiaceae	0.5194	0.0289	TRUE
B138_Nakamurella	B34_Bradyrhizobium	0.4851	0.0396	TRUE
B1174_Nocardioides	B34_Bradyrhizobium	0.6152	0.0197	TRUE
F133_Cyphellophora	B34_Bradyrhizobium	0.4543	0.0388	TRUE
F33_unidentified	B34_Bradyrhizobium	0.4798	0.0388	TRUE
B1776_Cloacibacterium	B640_f_Intrasporangiaceae	0.5908	0.0395	TRUE
F389_f_Sympoventuriaceae	B640_f_Intrasporangiaceae	0.5273	0.0197	TRUE
B437_Escherichia-Shigella	B6334_Desulfovibrio	0.4607	0.0334	TRUE
B37_Allorhizobium-Neorhizobium-Pararhizobium-Rhizobium	B22_uncultured.Roseobacter.sp.	-0.7483	0.0099	FALSE
B11_Xanthomonas	B22_uncultured.Roseobacter.sp.	-0.759	0.0297	FALSE
B54_uncultured	B22_uncultured.Roseobacter.sp.	0.9157	0.0099	TRUE
B21_Methylobacterium	B22_uncultured.Roseobacter.sp.	-0.586	0.0396	FALSE
B31_Quadrisphaera	B22_uncultured.Roseobacter.sp.	0.5948	0.0297	TRUE
B33_Kineococcus	B22_uncultured.Roseobacter.sp.	-0.6556	0.0297	FALSE
B2727_Nocardioides	B22_uncultured.Roseobacter.sp.	-0.514	0.0396	FALSE
B636_Curtobacterium	B22_uncultured.Roseobacter.sp.	-0.6733	0.0198	FALSE
B19_Xanthomonas	B22_uncultured.Roseobacter.sp.	-0.657	0.0495	FALSE
B227_Allorhizobium-Neorhizobium-Pararhizobium-Rhizobium	B22_uncultured.Roseobacter.sp.	0.6922	0.0297	TRUE
F115_unidentified	B22_uncultured.Roseobacter.sp.	-0.6482	0.0396	FALSE
F8_unidentified	B22_uncultured.Roseobacter.sp.	0.8141	0.0198	TRUE
F2_Nigrospora	B22_uncultured.Roseobacter.sp.	-0.8869	0.0099	FALSE
F117_Saitozyma	B22_uncultured.Roseobacter.sp.	-0.6098	0.0396	FALSE
F50_Thanatephorus	B22_uncultured.Roseobacter.sp.	-0.6313	0.0198	FALSE
F29_f_Didymellaceae	B22_uncultured.Roseobacter.sp.	-0.7296	0.0297	FALSE
F36_Moesziomyces	B22_uncultured.Roseobacter.sp.	0.7831	0.0396	TRUE
F22_Setophoma	B22_uncultured.Roseobacter.sp.	-0.8399	0.0198	FALSE
B2787_f_Burkholderiaceae	B5890_Singulisphaera	0.3653	0.0334	TRUE
B2664_Singulisphaera	B9374_o_NA	0.3102	0.0433	TRUE
B4265_Acidovorax	B8105_f_Fimbriimonadaceae	0.4588	0.0334	TRUE
B1177_f_Burkholderiaceae	B2481_uncultured.Acidobacteria.bacterium	0.4525	0.0433	TRUE
B510_Devosia	B2481_uncultured.Acidobacteria.bacterium	0.5009	0.0334	TRUE
B3445_Luteolibacter	B2481_uncultured.Acidobacteria.bacterium	0.4499	0.0433	TRUE
F106_unidentified	B2481_uncultured.Acidobacteria.bacterium	0.396	0.0487	TRUE
F567_Ceriporia	B2481_uncultured.Acidobacteria.bacterium	0.4298	0.0334	TRUE
F130_Ramichloridium	B2481_uncultured.Acidobacteria.bacterium	0.508	0.0137	TRUE
B3909_Endobacter	B10475_Hydrogenispora	0.3802	0.0433	TRUE
B5911_Actinomyces	B2091_f_Enterobacteriaceae	0.4446	0.0433	TRUE
B3744_Corynebacterium	B2091_f_Enterobacteriaceae	0.4496	0.0433	TRUE
B7_Curtobacterium	B2091_f_Enterobacteriaceae	-0.5706	0.0396	FALSE
F133_Cyphellophora	B2091_f_Enterobacteriaceae	0.5357	0.0137	TRUE
F785_Peniophorella	B2091_f_Enterobacteriaceae	0.5368	0.005	TRUE
F33_unidentified	B2091_f_Enterobacteriaceae	0.4942	0.0334	TRUE
B260_Pseudomonas	B2489_Pir4.lineage	0.4534	0.0433	TRUE
B919_f_Burkholderiaceae	B2489_Pir4.lineage	0.4563	0.0235	TRUE
F4_o_Pleosporales	B2489_Pir4.lineage	-0.5186	0.0495	FALSE
F6_Cladosporium	B2489_Pir4.lineage	-0.4916	0.0495	FALSE
B1716_Nocardioides	B1177_f_Burkholderiaceae	0.4078	0.0433	TRUE
B510_Devosia	B1177_f_Burkholderiaceae	0.5885	0.0137	TRUE
B3445_Luteolibacter	B1177_f_Burkholderiaceae	0.5387	0.0235	TRUE
B8173_o_Subgroup 7	B1177_f_Burkholderiaceae	0.5461	0.0334	TRUE
B894_f_BIrii41	B1177_f_Burkholderiaceae	0.5322	0.0137	TRUE
B1530_Pseudoflavitalea	B1177_f_Burkholderiaceae	0.568	0.005	TRUE
B8751_uncultured bacterium	B1177_f_Burkholderiaceae	0.5309	0.0137	TRUE
B3308_o_R7C24	B1177_f_Burkholderiaceae	0.6001	0.005	TRUE
F106_unidentified	B1177_f_Burkholderiaceae	0.5335	0.0487	TRUE
F75_unidentified	B1177_f_Burkholderiaceae	0.4395	0.0334	TRUE
F330_o_NA	B1177_f_Burkholderiaceae	0.4712	0.0433	TRUE
F567_Ceriporia	B1177_f_Burkholderiaceae	0.5727	0.0334	TRUE
F130_Ramichloridium	B1177_f_Burkholderiaceae	0.6155	0.0334	TRUE
B1450_Acinetobacter	B1768_o_NA	0.3925	0.0235	TRUE
F1537_o_NA	B1768_o_NA	0.44	0.0334	TRUE
B850_uncultured prokaryote	B144_Bradyrhizobium	0.4331	0.0487	TRUE
B2523_metagenome	B144_Bradyrhizobium	0.4594	0.0334	TRUE
B54_uncultured	B144_Bradyrhizobium	0.5353	0.0297	TRUE
B5152_Xanthomonas	B144_Bradyrhizobium	0.6082	0.0137	TRUE
B29_Methylobacterium	B144_Bradyrhizobium	0.6509	0.0235	TRUE
B820_Hyphomicrobium	B144_Bradyrhizobium	0.465	0.0137	TRUE
B2229_Roseomonas	B144_Bradyrhizobium	0.5104	0.005	TRUE
B4265_Acidovorax	B144_Bradyrhizobium	0.626	0.005	TRUE
B437_Escherichia-Shigella	B10047_o_NA	0.4531	0.0334	TRUE
F81_Cladosporium	B10047_o_NA	0.3724	0.0388	TRUE
B5189_Sediminibacterium	B4877_Labrys	0.3995	0.0433	TRUE
F743_Sclerostagonospora	B4877_Labrys	0.4455	0.0334	TRUE
B260_Pseudomonas	B71_Methylobacterium	0.6046	0.0235	TRUE
B153_Ralstonia	B71_Methylobacterium	0.5175	0.0137	TRUE
B919_f_Burkholderiaceae	B71_Methylobacterium	0.6264	0.005	TRUE
B227_Allorhizobium-Neorhizobium-Pararhizobium-Rhizobium	B71_Methylobacterium	0.4065	0.0395	TRUE
B1174_Nocardioides	B71_Methylobacterium	0.4757	0.0487	TRUE
B8917_Bacillus	B71_Methylobacterium	0.5194	0.0235	TRUE
B317_Brevundimonas	B71_Methylobacterium	0.5484	0.0388	TRUE
F4_o_Pleosporales	B71_Methylobacterium	-0.5554	0.0495	FALSE
F6_Cladosporium	B71_Methylobacterium	-0.6154	0.0396	FALSE
B54_uncultured	B37_Allorhizobium.Neorhizobium.Pararhizobium.Rhizobium	-0.722	0.0198	FALSE
B227_Allorhizobium-Neorhizobium-Pararhizobium-Rhizobium	B37_Allorhizobium.Neorhizobium.Pararhizobium.Rhizobium	-0.6813	0.0297	FALSE
F2_Nigrospora	B37_Allorhizobium.Neorhizobium.Pararhizobium.Rhizobium	0.6913	0.0198	TRUE
F4_o_Pleosporales	B37_Allorhizobium.Neorhizobium.Pararhizobium.Rhizobium	0.6953	0.0396	TRUE
F29_f_Didymellaceae	B37_Allorhizobium.Neorhizobium.Pararhizobium.Rhizobium	0.5971	0.0396	TRUE
F36_Moesziomyces	B37_Allorhizobium.Neorhizobium.Pararhizobium.Rhizobium	-0.7432	0.0198	FALSE
F22_Setophoma	B37_Allorhizobium.Neorhizobium.Pararhizobium.Rhizobium	0.8892	0.0099	TRUE
B437_Escherichia-Shigella	B735_uncultured.bacterium	0.4327	0.0334	TRUE
B272_Novosphingobium	B735_uncultured.bacterium	0.4259	0.0334	TRUE
B1281_Polaromonas	B735_uncultured.bacterium	0.4116	0.0137	TRUE
B110_Roseateles	B735_uncultured.bacterium	0.4175	0.0433	TRUE
B1567_Devosia	B735_uncultured.bacterium	0.4607	0.0137	TRUE
F648_unidentified	B735_uncultured.bacterium	0.4431	0.0433	TRUE
B5152_Xanthomonas	B26_Bradyrhizobium	0.4537	0.0396	TRUE
B24_Bradyrhizobium	B26_Bradyrhizobium	-0.6173	0.0297	FALSE
B31_Quadrisphaera	B26_Bradyrhizobium	0.6113	0.0297	TRUE
B4_Pantoea	B26_Bradyrhizobium	0.5875	0.0495	TRUE
F61_o_Pleosporales	B26_Bradyrhizobium	-0.729	0.0099	FALSE
F4_o_Pleosporales	B26_Bradyrhizobium	-0.6949	0.0495	FALSE
F53_Pyrenochaetopsis	B26_Bradyrhizobium	-0.6464	0.0297	FALSE
B1745_Enterococcus	B464_Pseudomonas	0.5341	0.0334	TRUE
B3931_f_Burkholderiaceae	B464_Pseudomonas	0.5275	0.0433	TRUE
B4804_Neisseria	B464_Pseudomonas	0.4621	0.0235	TRUE
B4366_Actinomyces	B464_Pseudomonas	0.5116	0.0334	TRUE
B3744_Corynebacterium	B464_Pseudomonas	0.5055	0.0433	TRUE
B7_Curtobacterium	B464_Pseudomonas	-0.6509	0.0396	FALSE
F99_Cistella	B464_Pseudomonas	0.4322	0.0433	TRUE
F37_unidentified	B464_Pseudomonas	0.4422	0.0487	TRUE
F133_Cyphellophora	B464_Pseudomonas	0.4907	0.0137	TRUE
F33_unidentified	B464_Pseudomonas	0.4814	0.0334	TRUE
F752_Arthrinium	B464_Pseudomonas	0.5427	0.005	TRUE
F115_unidentified	B5_Pseudomonas	0.5487	0.0396	TRUE
B4265_Acidovorax	B850_uncultured.prokaryote	0.4254	0.0487	TRUE
B797_Pandoraea	B1745_Enterococcus	0.5518	0.0137	TRUE
B3931_f_Burkholderiaceae	B1745_Enterococcus	0.5744	0.0235	TRUE
B553_Devosia	B1745_Enterococcus	0.5213	0.0137	TRUE
B4804_Neisseria	B1745_Enterococcus	0.4932	0.0433	TRUE
B4366_Actinomyces	B1745_Enterococcus	0.584	0.0235	TRUE
B5911_Actinomyces	B1745_Enterococcus	0.5261	0.0433	TRUE
B3744_Corynebacterium	B1745_Enterococcus	0.6217	0.0334	TRUE
B4768_Corynebacterium	B1745_Enterococcus	0.5536	0.0235	TRUE
B7_Curtobacterium	B1745_Enterococcus	-0.7554	0.0396	FALSE
F99_Cistella	B1745_Enterococcus	0.4559	0.0235	TRUE
F3898_o_NA	B1745_Enterococcus	0.5085	0.0137	TRUE
F37_unidentified	B1745_Enterococcus	0.5053	0.0487	TRUE
F688_Alternaria	B1745_Enterococcus	0.4169	0.0433	TRUE
F133_Cyphellophora	B1745_Enterococcus	0.5327	0.0235	TRUE
F137_Malassezia	B1745_Enterococcus	0.3972	0.0433	TRUE
F785_Peniophorella	B1745_Enterococcus	0.4642	0.0235	TRUE
F376_Gibellulopsis	B1745_Enterococcus	0.5179	0.0334	TRUE
F660_Simplicillium	B1745_Enterococcus	0.5063	0.0334	TRUE
F1318_Toxicocladosporium	B1745_Enterococcus	0.4575	0.0433	TRUE
F33_unidentified	B1745_Enterococcus	0.5685	0.0235	TRUE
F752_Arthrinium	B1745_Enterococcus	0.4865	0.0235	TRUE
B153_Ralstonia	B260_Pseudomonas	0.5432	0.005	TRUE
B8917_Bacillus	B260_Pseudomonas	0.4792	0.0334	TRUE
B317_Brevundimonas	B260_Pseudomonas	0.5038	0.0388	TRUE
F4_o_Pleosporales	B260_Pseudomonas	-0.6309	0.0396	FALSE
B138_Nakamurella	B116_Geodermatophilus	0.5435	0.0495	TRUE
B968_Acidibacter	B116_Geodermatophilus	0.4926	0.0395	TRUE
F12_o_Pleosporales	B116_Geodermatophilus	-0.6764	0.0099	FALSE
F53_Pyrenochaetopsis	B116_Geodermatophilus	0.4778	0.0495	TRUE
B11_Xanthomonas	B10_Allorhizobium.Neorhizobium.Pararhizobium.Rhizobium	0.6868	0.0396	TRUE
B33_Kineococcus	B10_Allorhizobium.Neorhizobium.Pararhizobium.Rhizobium	0.5926	0.0495	TRUE
B39_Paenibacillus	B10_Allorhizobium.Neorhizobium.Pararhizobium.Rhizobium	0.6075	0.0297	TRUE
B636_Curtobacterium	B10_Allorhizobium.Neorhizobium.Pararhizobium.Rhizobium	0.5914	0.0297	TRUE
B19_Xanthomonas	B10_Allorhizobium.Neorhizobium.Pararhizobium.Rhizobium	0.8667	0.0198	TRUE
B95_Allorhizobium-Neorhizobium-Pararhizobium-Rhizobium	B10_Allorhizobium.Neorhizobium.Pararhizobium.Rhizobium	0.6502	0.0495	TRUE
B4_Pantoea	B10_Allorhizobium.Neorhizobium.Pararhizobium.Rhizobium	0.6459	0.0396	TRUE
F115_unidentified	B10_Allorhizobium.Neorhizobium.Pararhizobium.Rhizobium	0.6485	0.0297	TRUE
F2_Nigrospora	B10_Allorhizobium.Neorhizobium.Pararhizobium.Rhizobium	0.7519	0.0198	TRUE
F117_Saitozyma	B10_Allorhizobium.Neorhizobium.Pararhizobium.Rhizobium	0.6509	0.0198	TRUE
F105_Clonostachys	B10_Allorhizobium.Neorhizobium.Pararhizobium.Rhizobium	-0.7751	0.0198	FALSE
F3_Moesziomyces	B10_Allorhizobium.Neorhizobium.Pararhizobium.Rhizobium	-0.6651	0.0495	FALSE
F50_Thanatephorus	B10_Allorhizobium.Neorhizobium.Pararhizobium.Rhizobium	0.625	0.0396	TRUE
F20_Edenia	B10_Allorhizobium.Neorhizobium.Pararhizobium.Rhizobium	0.5981	0.0396	TRUE
F28_f_Hypocreales_fam_Incertae_sedis	B10_Allorhizobium.Neorhizobium.Pararhizobium.Rhizobium	-0.794	0.0099	FALSE
B2_Methylobacterium	B11_Xanthomonas	-0.7789	0.0099	FALSE
B54_uncultured	B11_Xanthomonas	-0.6275	0.0198	FALSE
B21_Methylobacterium	B11_Xanthomonas	0.6664	0.0396	TRUE
B33_Kineococcus	B11_Xanthomonas	0.8021	0.0099	TRUE
B39_Paenibacillus	B11_Xanthomonas	0.7499	0.0297	TRUE
B2727_Nocardioides	B11_Xanthomonas	0.6055	0.0198	TRUE
B636_Curtobacterium	B11_Xanthomonas	0.7871	0.0099	TRUE
B19_Xanthomonas	B11_Xanthomonas	0.7919	0.0297	TRUE
B1_Pantoea	B11_Xanthomonas	0.7971	0.0297	TRUE
B95_Allorhizobium-Neorhizobium-Pararhizobium-Rhizobium	B11_Xanthomonas	0.8216	0.0099	TRUE
B4_Pantoea	B11_Xanthomonas	0.6885	0.0495	TRUE
F115_unidentified	B11_Xanthomonas	0.7883	0.0099	TRUE
F54_Pyrenochaetopsis	B11_Xanthomonas	-0.7286	0.0099	FALSE
F135_o_Pleosporales	B11_Xanthomonas	0.623	0.0198	TRUE
F2_Nigrospora	B11_Xanthomonas	0.8038	0.0297	TRUE
F117_Saitozyma	B11_Xanthomonas	0.7918	0.0099	TRUE
F105_Clonostachys	B11_Xanthomonas	-0.7021	0.0297	FALSE
F50_Thanatephorus	B11_Xanthomonas	0.7906	0.0099	TRUE
F20_Edenia	B11_Xanthomonas	0.7892	0.0099	TRUE
F29_f_Didymellaceae	B11_Xanthomonas	0.7868	0.0297	TRUE
F36_Moesziomyces	B11_Xanthomonas	-0.7036	0.0297	FALSE
F124_Stachybotrys	B11_Xanthomonas	0.553	0.0297	TRUE
F22_Setophoma	B11_Xanthomonas	0.6415	0.0198	TRUE
B919_f_Burkholderiaceae	B153_Ralstonia	0.5057	0.0137	TRUE
B8917_Bacillus	B153_Ralstonia	0.4324	0.0334	TRUE
F61_o_Pleosporales	B153_Ralstonia	-0.4082	0.0396	FALSE
F4_o_Pleosporales	B153_Ralstonia	-0.5726	0.0297	FALSE
F6_Cladosporium	B153_Ralstonia	-0.5448	0.0495	FALSE
B1667_o_NA	B919_f_Burkholderiaceae	0.4784	0.0334	TRUE
B8917_Bacillus	B919_f_Burkholderiaceae	0.5087	0.0235	TRUE
B317_Brevundimonas	B919_f_Burkholderiaceae	0.5505	0.019	TRUE
F4_o_Pleosporales	B919_f_Burkholderiaceae	-0.595	0.0099	FALSE
F268_Sarocladium	B919_f_Burkholderiaceae	0.4669	0.0487	TRUE
F6_Cladosporium	B919_f_Burkholderiaceae	-0.6454	0.0297	FALSE
B110_Roseateles	B1388_Lawsonella	0.4054	0.0433	TRUE
B1541_GOUTB8	B1388_Lawsonella	0.3918	0.0433	TRUE
F648_unidentified	B1388_Lawsonella	0.4574	0.0334	TRUE
B21_Methylobacterium	B2_Methylobacterium	-0.8444	0.0099	FALSE
B33_Kineococcus	B2_Methylobacterium	-0.684	0.0198	FALSE
B2727_Nocardioides	B2_Methylobacterium	-0.7892	0.0099	FALSE
B636_Curtobacterium	B2_Methylobacterium	-0.7038	0.0198	FALSE
B19_Xanthomonas	B2_Methylobacterium	-0.6958	0.0198	FALSE
B95_Allorhizobium-Neorhizobium-Pararhizobium-Rhizobium	B2_Methylobacterium	-0.6668	0.0297	FALSE
F131_unidentified	B2_Methylobacterium	-0.4979	0.0495	FALSE
F115_unidentified	B2_Methylobacterium	-0.6798	0.0396	FALSE
F117_Saitozyma	B2_Methylobacterium	-0.6327	0.0396	FALSE
F105_Clonostachys	B2_Methylobacterium	0.6105	0.0297	TRUE
F743_Sclerostagonospora	B2_Methylobacterium	-0.577	0.0495	FALSE
F50_Thanatephorus	B2_Methylobacterium	-0.6482	0.0495	FALSE
F20_Edenia	B2_Methylobacterium	-0.6982	0.0198	FALSE
F29_f_Didymellaceae	B2_Methylobacterium	-0.7572	0.0198	FALSE
F124_Stachybotrys	B2_Methylobacterium	-0.7431	0.0099	FALSE
F85_Fusarium	B2_Methylobacterium	-0.7127	0.0099	FALSE
B437_Escherichia-Shigella	B9409_Gemmata	0.4543	0.0235	TRUE
B1281_Polaromonas	B9409_Gemmata	0.3978	0.0334	TRUE
F648_unidentified	B9409_Gemmata	0.366	0.0433	TRUE
F81_Cladosporium	B9409_Gemmata	0.424	0.0388	TRUE
F4_o_Pleosporales	B1667_o_NA	-0.5165	0.0297	FALSE
F6_Cladosporium	B1667_o_NA	-0.5141	0.0396	FALSE
F81_Cladosporium	B9624_possible.genus.04	0.4529	0.0289	TRUE
B13_Aureimonas	B9_Methylobacterium	0.7305	0.0198	TRUE
B227_Allorhizobium-Neorhizobium-Pararhizobium-Rhizobium	B9_Methylobacterium	-0.6705	0.0198	FALSE
F268_Sarocladium	B9_Methylobacterium	-0.5157	0.0495	FALSE
F55_f_Nectriaceae	B9_Methylobacterium	-0.6277	0.0297	FALSE
B24_Bradyrhizobium	B5146_f_Acidobacteriaceae..Subgroup.1.	-0.4797	0.0396	FALSE
B39_Paenibacillus	B5146_f_Acidobacteriaceae..Subgroup.1.	0.5196	0.0395	TRUE
B6624_Bryocella	B5146_f_Acidobacteriaceae..Subgroup.1.	0.5347	0.0235	TRUE
F16_Pyricularia	B5146_f_Acidobacteriaceae..Subgroup.1.	-0.5846	0.0198	FALSE
B7_Curtobacterium	B4582_f_Microbacteriaceae	-0.4938	0.0396	FALSE
F133_Cyphellophora	B4582_f_Microbacteriaceae	0.4428	0.0334	TRUE
B437_Escherichia-Shigella	B371_Dongia	0.3729	0.0433	TRUE
B110_Roseateles	B371_Dongia	0.4503	0.0137	TRUE
B6928_Neisseria	B1862_Pajaroellobacter	0.3946	0.0334	TRUE
B11862_Crocinitomix	B1862_Pajaroellobacter	0.3798	0.0334	TRUE
B209_Escherichia-Shigella	B1862_Pajaroellobacter	0.5166	0.0334	TRUE
B1804_Corynebacterium	B1862_Pajaroellobacter	0.4972	0.0334	TRUE
F69_o_Pleosporales	B1862_Pajaroellobacter	0.4308	0.0396	TRUE
B6928_Neisseria	B5313_f_env.OPS.17	0.3794	0.0433	TRUE
B1804_Corynebacterium	B5313_f_env.OPS.17	0.5439	0.0334	TRUE
B29_Methylobacterium	B2523_metagenome	0.4472	0.0235	TRUE
B4265_Acidovorax	B2523_metagenome	0.4548	0.0334	TRUE
B209_Escherichia-Shigella	B1450_Acinetobacter	0.4877	0.005	TRUE
B1804_Corynebacterium	B1450_Acinetobacter	0.5037	0.0137	TRUE
F27_Curvularia	B265_Deinococcus	0.6265	0.0198	TRUE
B437_Escherichia-Shigella	B388_Mycobacterium	0.5062	0.0334	TRUE
B272_Novosphingobium	B388_Mycobacterium	0.4234	0.0433	TRUE
B1567_Devosia	B388_Mycobacterium	0.4675	0.0433	TRUE
F648_unidentified	B388_Mycobacterium	0.4951	0.0137	TRUE
F81_Cladosporium	B388_Mycobacterium	0.5083	0.019	TRUE
B3383_Tumebacillus	B222_Kineococcus	0.4714	0.0137	TRUE
B3744_Corynebacterium	B222_Kineococcus	0.5025	0.0433	TRUE
F3898_o_NA	B222_Kineococcus	0.463	0.0433	TRUE
F322_Penicillium	B222_Kineococcus	0.4191	0.0235	TRUE
B272_Novosphingobium	B437_Escherichia.Shigella	0.5206	0.005	TRUE
B1281_Polaromonas	B437_Escherichia.Shigella	0.4577	0.0334	TRUE
B110_Roseateles	B437_Escherichia.Shigella	0.6529	0.005	TRUE
B1567_Devosia	B437_Escherichia.Shigella	0.5721	0.0137	TRUE
F648_unidentified	B437_Escherichia.Shigella	0.5685	0.0334	TRUE
F3_Moesziomyces	B437_Escherichia.Shigella	-0.618	0.0297	FALSE
F116_Curvularia	B437_Escherichia.Shigella	0.4808	0.0494	TRUE
F81_Cladosporium	B437_Escherichia.Shigella	0.5984	0.0091	TRUE
B21_Methylobacterium	B1029_Massilia	0.5008	0.0487	TRUE
F743_Sclerostagonospora	B1029_Massilia	0.5326	0.0137	TRUE
B110_Roseateles	B7182_Fimbriiglobus	0.4331	0.0235	TRUE
B3445_Luteolibacter	B1716_Nocardioides	0.4511	0.0137	TRUE
F130_Ramichloridium	B1716_Nocardioides	0.4702	0.005	TRUE
B39_Paenibacillus	B54_uncultured	-0.5553	0.0495	FALSE
B227_Allorhizobium-Neorhizobium-Pararhizobium-Rhizobium	B54_uncultured	0.6993	0.0198	TRUE
F8_unidentified	B54_uncultured	0.8591	0.0099	TRUE
F135_o_Pleosporales	B54_uncultured	-0.5771	0.0396	FALSE
F2_Nigrospora	B54_uncultured	-0.8287	0.0099	FALSE
F36_Moesziomyces	B54_uncultured	0.6659	0.0396	TRUE
F22_Setophoma	B54_uncultured	-0.7555	0.0198	FALSE
B3508_Burkholderia-Caballeronia-Paraburkholderia	B1323_Comamonas	0.4116	0.0334	TRUE
F131_unidentified	B1323_Comamonas	0.4023	0.0433	TRUE
B3931_f_Burkholderiaceae	B797_Pandoraea	0.5541	0.0433	TRUE
B4804_Neisseria	B797_Pandoraea	0.4874	0.0433	TRUE
B4366_Actinomyces	B797_Pandoraea	0.58	0.0235	TRUE
B3744_Corynebacterium	B797_Pandoraea	0.5836	0.0137	TRUE
B4768_Corynebacterium	B797_Pandoraea	0.5133	0.0433	TRUE
B7_Curtobacterium	B797_Pandoraea	-0.7021	0.0297	FALSE
F3898_o_NA	B797_Pandoraea	0.4315	0.0235	TRUE
F133_Cyphellophora	B797_Pandoraea	0.4728	0.0433	TRUE
F137_Malassezia	B797_Pandoraea	0.4995	0.005	TRUE
F660_Simplicillium	B797_Pandoraea	0.5009	0.0433	TRUE
F33_unidentified	B797_Pandoraea	0.4965	0.0235	TRUE
F1206_Coprinellus	B797_Pandoraea	0.5189	0.0137	TRUE
F752_Arthrinium	B797_Pandoraea	0.5467	0.0137	TRUE
B272_Novosphingobium	B138_Nakamurella	0.4487	0.0395	TRUE
B95_Allorhizobium-Neorhizobium-Pararhizobium-Rhizobium	B138_Nakamurella	-0.4903	0.0396	FALSE
F12_o_Pleosporales	B138_Nakamurella	-0.7315	0.0198	FALSE
F5_Alternaria	B138_Nakamurella	-0.6972	0.0396	FALSE
B4043_uncultured	B5152_Xanthomonas	0.4388	0.0334	TRUE
B29_Methylobacterium	B5152_Xanthomonas	0.5196	0.0334	TRUE
B6624_Bryocella	B2787_f_Burkholderiaceae	0.4914	0.0235	TRUE
F16_Pyricularia	B2787_f_Burkholderiaceae	-0.5309	0.0099	FALSE
B33_Kineococcus	B21_Methylobacterium	0.5584	0.0396	TRUE
B2727_Nocardioides	B21_Methylobacterium	0.7268	0.0098	TRUE
B636_Curtobacterium	B21_Methylobacterium	0.5993	0.0297	TRUE
B19_Xanthomonas	B21_Methylobacterium	0.6115	0.0495	TRUE
F105_Clonostachys	B21_Methylobacterium	-0.5359	0.0297	FALSE
F18_f_Phaeosphaeriaceae	B21_Methylobacterium	0.5259	0.0495	TRUE
F743_Sclerostagonospora	B21_Methylobacterium	0.5173	0.0388	TRUE
F20_Edenia	B21_Methylobacterium	0.6192	0.0297	TRUE
F29_f_Didymellaceae	B21_Methylobacterium	0.7126	0.0198	TRUE
F36_Moesziomyces	B21_Methylobacterium	-0.5537	0.0495	FALSE
F124_Stachybotrys	B21_Methylobacterium	0.6831	0.0098	TRUE
B510_Devosia	B12189_Oligoflexus	0.4849	0.0433	TRUE
B3445_Luteolibacter	B12189_Oligoflexus	0.4639	0.0235	TRUE
B8173_o_Subgroup 7	B12189_Oligoflexus	0.4106	0.0334	TRUE
B3308_o_R7C24	B12189_Oligoflexus	0.3663	0.0433	TRUE
F106_unidentified	B12189_Oligoflexus	0.4749	0.0487	TRUE
F330_o_NA	B12189_Oligoflexus	0.3894	0.0433	TRUE
B5289_Lysobacter	B784_alphaI.cluster	0.4154	0.0334	TRUE
B3445_Luteolibacter	B510_Devosia	0.522	0.0433	TRUE
B894_f_BIrii41	B510_Devosia	0.4438	0.0334	TRUE
B1530_Pseudoflavitalea	B510_Devosia	0.5332	0.0137	TRUE
B8751_uncultured bacterium	B510_Devosia	0.4901	0.0137	TRUE
B12261_Sporosarcina	B510_Devosia	0.4699	0.0334	TRUE
B149_Mucilaginibacter	B510_Devosia	0.4429	0.0433	TRUE
B3308_o_R7C24	B510_Devosia	0.5416	0.0235	TRUE
F106_unidentified	B510_Devosia	0.5592	0.019	TRUE
F59_Podospora	B510_Devosia	0.3917	0.0433	TRUE
F567_Ceriporia	B510_Devosia	0.592	0.0137	TRUE
F130_Ramichloridium	B510_Devosia	0.6074	0.005	TRUE
B3508_Burkholderia-Caballeronia-Paraburkholderia	B5189_Sediminibacterium	0.4386	0.0433	TRUE
F743_Sclerostagonospora	B5189_Sediminibacterium	0.5298	0.005	TRUE
B209_Escherichia-Shigella	B5155_uncultured	0.4833	0.0137	TRUE
B1804_Corynebacterium	B5155_uncultured	0.5108	0.0137	TRUE
F268_Sarocladium	B5155_uncultured	0.3834	0.0487	TRUE
B9670_f_Veillonellaceae	B3931_f_Burkholderiaceae	0.4469	0.0235	TRUE
B4804_Neisseria	B3931_f_Burkholderiaceae	0.4982	0.0334	TRUE
B4366_Actinomyces	B3931_f_Burkholderiaceae	0.5905	0.0235	TRUE
B5911_Actinomyces	B3931_f_Burkholderiaceae	0.5526	0.0235	TRUE
B4768_Corynebacterium	B3931_f_Burkholderiaceae	0.5136	0.0433	TRUE
B7_Curtobacterium	B3931_f_Burkholderiaceae	-0.7183	0.0297	FALSE
F37_unidentified	B3931_f_Burkholderiaceae	0.4493	0.0487	TRUE
F12_o_Pleosporales	B3931_f_Burkholderiaceae	-0.5242	0.0495	FALSE
F785_Peniophorella	B3931_f_Burkholderiaceae	0.4974	0.005	TRUE
F660_Simplicillium	B3931_f_Burkholderiaceae	0.5161	0.005	TRUE
F435_Cyberlindnera	B3931_f_Burkholderiaceae	0.4652	0.0433	TRUE
F33_unidentified	B3931_f_Burkholderiaceae	0.5208	0.0334	TRUE
F220_Acremonium	B3931_f_Burkholderiaceae	0.5377	0.0235	TRUE
F93_Gaeumannomyces	B3931_f_Burkholderiaceae	0.4384	0.0433	TRUE
B39_Paenibacillus	B3909_Endobacter	0.5406	0.0395	TRUE
B6624_Bryocella	B3909_Endobacter	0.5026	0.0235	TRUE
F16_Pyricularia	B3909_Endobacter	-0.6249	0.0099	FALSE
B29_Methylobacterium	B24_Bradyrhizobium	-0.5394	0.0495	FALSE
F61_o_Pleosporales	B24_Bradyrhizobium	0.6773	0.0297	TRUE
F30_unidentified	B24_Bradyrhizobium	-0.5765	0.0297	FALSE
B4265_Acidovorax	B3301_Staphylococcus	0.4563	0.0433	TRUE
B587_Alicycliphilus	B4110_Skermanella	0.419	0.0433	TRUE
B894_f_BIrii41	B3445_Luteolibacter	0.5048	0.0334	TRUE
B1530_Pseudoflavitalea	B3445_Luteolibacter	0.4453	0.0433	TRUE
B8751_uncultured bacterium	B3445_Luteolibacter	0.4203	0.0235	TRUE
B1008_Spirosoma	B3445_Luteolibacter	0.4565	0.0433	TRUE
B4470_uncultured	B3445_Luteolibacter	0.4862	0.019	TRUE
F567_Ceriporia	B3445_Luteolibacter	0.4768	0.0334	TRUE
F130_Ramichloridium	B3445_Luteolibacter	0.5141	0.0433	TRUE
B820_Hyphomicrobium	B29_Methylobacterium	0.4845	0.0433	TRUE
B4265_Acidovorax	B29_Methylobacterium	0.6615	0.0334	TRUE
F639_Aspergillus	B29_Methylobacterium	0.377	0.0433	TRUE
B227_Allorhizobium-Neorhizobium-Pararhizobium-Rhizobium	B31_Quadrisphaera	0.6024	0.0297	TRUE
F61_o_Pleosporales	B31_Quadrisphaera	-0.5643	0.0495	FALSE
F2_Nigrospora	B31_Quadrisphaera	-0.6148	0.0495	FALSE
F4_o_Pleosporales	B31_Quadrisphaera	-0.7137	0.0297	FALSE
F6_Cladosporium	B31_Quadrisphaera	-0.6596	0.0099	FALSE
B2229_Roseomonas	B820_Hyphomicrobium	0.406	0.0137	TRUE
B587_Alicycliphilus	B847_f_Fimbriimonadaceae	0.349	0.0334	TRUE
F712_Fusarium	B8032_Flavisolibacter	0.4283	0.0235	TRUE
B4366_Actinomyces	B553_Devosia	0.5128	0.0235	TRUE
B7_Curtobacterium	B553_Devosia	-0.6138	0.0396	FALSE
F3898_o_NA	B553_Devosia	0.4515	0.0334	TRUE
F133_Cyphellophora	B553_Devosia	0.468	0.0334	TRUE
F376_Gibellulopsis	B553_Devosia	0.3882	0.0433	TRUE
F33_unidentified	B553_Devosia	0.5005	0.0235	TRUE
F752_Arthrinium	B5546_uncultured.Anaerolineaceae.bacterium	0.4198	0.0433	TRUE
B3_Sphingomonas	B2832_uncultured	0.5686	0.0396	TRUE
F12_o_Pleosporales	B968_Acidibacter	-0.5264	0.0297	FALSE
B4366_Actinomyces	B3383_Tumebacillus	0.5187	0.0334	TRUE
B3744_Corynebacterium	B3383_Tumebacillus	0.4698	0.0433	TRUE
B7_Curtobacterium	B3383_Tumebacillus	-0.6234	0.0297	FALSE
F688_Alternaria	B3383_Tumebacillus	0.384	0.0433	TRUE
F33_unidentified	B3383_Tumebacillus	0.5085	0.0235	TRUE
F220_Acremonium	B3383_Tumebacillus	0.3975	0.0433	TRUE
B39_Paenibacillus	B33_Kineococcus	0.6709	0.0099	TRUE
B338_uncultured bacterium	B33_Kineococcus	0.5188	0.0297	TRUE
B2727_Nocardioides	B33_Kineococcus	0.5259	0.0396	TRUE
B636_Curtobacterium	B33_Kineococcus	0.7178	0.0099	TRUE
B19_Xanthomonas	B33_Kineococcus	0.726	0.0198	TRUE
B1_Pantoea	B33_Kineococcus	0.8116	0.0099	TRUE
B95_Allorhizobium-Neorhizobium-Pararhizobium-Rhizobium	B33_Kineococcus	0.7312	0.0099	TRUE
B4_Pantoea	B33_Kineococcus	0.739	0.0198	TRUE
F115_unidentified	B33_Kineococcus	0.6769	0.0099	TRUE
F54_Pyrenochaetopsis	B33_Kineococcus	-0.6367	0.0297	FALSE
F2_Nigrospora	B33_Kineococcus	0.7089	0.0396	TRUE
F117_Saitozyma	B33_Kineococcus	0.7099	0.0099	TRUE
F105_Clonostachys	B33_Kineococcus	-0.6059	0.0495	FALSE
F18_f_Phaeosphaeriaceae	B33_Kineococcus	0.6216	0.0198	TRUE
F50_Thanatephorus	B33_Kineococcus	0.7341	0.0099	TRUE
F20_Edenia	B33_Kineococcus	0.6931	0.0099	TRUE
F29_f_Didymellaceae	B33_Kineococcus	0.715	0.0099	TRUE
F36_Moesziomyces	B33_Kineococcus	-0.645	0.0198	FALSE
F28_f_Hypocreales_fam_Incertae_sedis	B33_Kineococcus	-0.604	0.0297	FALSE
F85_Fusarium	B33_Kineococcus	0.5527	0.0396	TRUE
B636_Curtobacterium	B39_Paenibacillus	0.6588	0.0099	TRUE
B19_Xanthomonas	B39_Paenibacillus	0.692	0.0099	TRUE
B1_Pantoea	B39_Paenibacillus	0.7415	0.0099	TRUE
B95_Allorhizobium-Neorhizobium-Pararhizobium-Rhizobium	B39_Paenibacillus	0.7257	0.0099	TRUE
B4_Pantoea	B39_Paenibacillus	0.6882	0.0198	TRUE
F115_unidentified	B39_Paenibacillus	0.7318	0.0099	TRUE
F54_Pyrenochaetopsis	B39_Paenibacillus	-0.6704	0.0198	FALSE
F135_o_Pleosporales	B39_Paenibacillus	0.6411	0.0297	TRUE
F16_Pyricularia	B39_Paenibacillus	-0.6191	0.0297	FALSE
F2_Nigrospora	B39_Paenibacillus	0.6725	0.0396	TRUE
F117_Saitozyma	B39_Paenibacillus	0.7609	0.0099	TRUE
F105_Clonostachys	B39_Paenibacillus	-0.6176	0.0198	FALSE
F18_f_Phaeosphaeriaceae	B39_Paenibacillus	0.6281	0.0297	TRUE
F50_Thanatephorus	B39_Paenibacillus	0.6935	0.0099	TRUE
F20_Edenia	B39_Paenibacillus	0.642	0.0297	TRUE
F29_f_Didymellaceae	B39_Paenibacillus	0.6321	0.0396	TRUE
F28_f_Hypocreales_fam_Incertae_sedis	B39_Paenibacillus	-0.5704	0.0198	FALSE
B1281_Polaromonas	B272_Novosphingobium	0.5289	0.005	TRUE
B110_Roseateles	B272_Novosphingobium	0.5671	0.0137	TRUE
B1114_Dyadobacter	B272_Novosphingobium	0.4285	0.0137	TRUE
B62_Clostridium sensu stricto 1	B272_Novosphingobium	0.381	0.0433	TRUE
F648_unidentified	B272_Novosphingobium	0.5429	0.0137	TRUE
F3_Moesziomyces	B272_Novosphingobium	-0.5436	0.0297	FALSE
F199_Aureobasidium	B272_Novosphingobium	0.445	0.0388	TRUE
F743_Sclerostagonospora	B1596_Bacillus	0.4047	0.0433	TRUE
F16_Pyricularia	B6624_Bryocella	-0.5477	0.0396	FALSE
F743_Sclerostagonospora	B3508_Burkholderia.Caballeronia.Paraburkholderia	0.4769	0.0334	TRUE
B587_Alicycliphilus	B3192_Paenarthrobacter	0.4306	0.0433	TRUE
F277_Peniophora	B3192_Paenarthrobacter	0.5062	0.0235	TRUE
F712_Fusarium	B3192_Paenarthrobacter	0.4205	0.0433	TRUE
B894_f_BIrii41	B8173_o_Subgroup.7	0.4218	0.0334	TRUE
B19_Xanthomonas	B338_uncultured.bacterium	0.4612	0.0495	TRUE
B1_Pantoea	B338_uncultured.bacterium	0.6227	0.0099	TRUE
B4_Pantoea	B338_uncultured.bacterium	0.5539	0.0396	TRUE
F2_Nigrospora	B338_uncultured.bacterium	0.5049	0.0396	TRUE
F226_Saitozyma	B338_uncultured.bacterium	0.4107	0.0388	TRUE
F50_Thanatephorus	B338_uncultured.bacterium	0.533	0.0198	TRUE
B1008_Spirosoma	B894_f_BIrii41	0.3863	0.0433	TRUE
B3308_o_R7C24	B894_f_BIrii41	0.4898	0.005	TRUE
F106_unidentified	B894_f_BIrii41	0.4366	0.0487	TRUE
B4366_Actinomyces	B4804_Neisseria	0.4901	0.0334	TRUE
B3744_Corynebacterium	B4804_Neisseria	0.5412	0.0235	TRUE
B7_Curtobacterium	B4804_Neisseria	-0.6328	0.0297	FALSE
F99_Cistella	B4804_Neisseria	0.4903	0.0334	TRUE
F133_Cyphellophora	B4804_Neisseria	0.4783	0.0433	TRUE
F376_Gibellulopsis	B4804_Neisseria	0.5599	0.0235	TRUE
F33_unidentified	B4804_Neisseria	0.5395	0.0235	TRUE
F752_Arthrinium	B4804_Neisseria	0.5219	0.0235	TRUE
B5911_Actinomyces	B4366_Actinomyces	0.5061	0.0334	TRUE
B3744_Corynebacterium	B4366_Actinomyces	0.5885	0.0235	TRUE
B9464_f_Pasteurellaceae	B4366_Actinomyces	0.4725	0.0137	TRUE
B7_Curtobacterium	B4366_Actinomyces	-0.6819	0.0198	FALSE
F99_Cistella	B4366_Actinomyces	0.4899	0.0235	TRUE
F688_Alternaria	B4366_Actinomyces	0.3933	0.0433	TRUE
F133_Cyphellophora	B4366_Actinomyces	0.5465	0.0137	TRUE
F12_o_Pleosporales	B4366_Actinomyces	-0.5414	0.0396	FALSE
F1164_Antrodiella	B4366_Actinomyces	0.4417	0.0235	TRUE
F785_Peniophorella	B4366_Actinomyces	0.4535	0.0433	TRUE
F376_Gibellulopsis	B4366_Actinomyces	0.5404	0.0137	TRUE
F660_Simplicillium	B4366_Actinomyces	0.4721	0.0433	TRUE
F354_Coniothyrium	B4366_Actinomyces	0.4664	0.0433	TRUE
F33_unidentified	B4366_Actinomyces	0.5535	0.0334	TRUE
B209_Escherichia-Shigella	B6928_Neisseria	0.4583	0.0433	TRUE
B1804_Corynebacterium	B6928_Neisseria	0.4933	0.0334	TRUE
B3744_Corynebacterium	B5911_Actinomyces	0.4392	0.0334	TRUE
B4768_Corynebacterium	B5911_Actinomyces	0.4452	0.0334	TRUE
B7_Curtobacterium	B5911_Actinomyces	-0.6312	0.0297	FALSE
F99_Cistella	B5911_Actinomyces	0.4727	0.0137	TRUE
F133_Cyphellophora	B5911_Actinomyces	0.5398	0.0433	TRUE
F137_Malassezia	B5911_Actinomyces	0.4221	0.0433	TRUE
F785_Peniophorella	B5911_Actinomyces	0.4636	0.0334	TRUE
F660_Simplicillium	B5911_Actinomyces	0.455	0.0433	TRUE
F33_unidentified	B5911_Actinomyces	0.4743	0.0334	TRUE
F220_Acremonium	B5911_Actinomyces	0.4008	0.0433	TRUE
B4768_Corynebacterium	B3744_Corynebacterium	0.5682	0.0137	TRUE
B10353_uncultured	B3744_Corynebacterium	0.4425	0.0235	TRUE
B7_Curtobacterium	B3744_Corynebacterium	-0.7405	0.0099	FALSE
F99_Cistella	B3744_Corynebacterium	0.4686	0.0137	TRUE
F37_unidentified	B3744_Corynebacterium	0.5576	0.0289	TRUE
F133_Cyphellophora	B3744_Corynebacterium	0.6003	0.0334	TRUE
F137_Malassezia	B3744_Corynebacterium	0.479	0.0235	TRUE
F322_Penicillium	B3744_Corynebacterium	0.4696	0.0334	TRUE
F785_Peniophorella	B3744_Corynebacterium	0.4481	0.0433	TRUE
F376_Gibellulopsis	B3744_Corynebacterium	0.5234	0.0235	TRUE
F660_Simplicillium	B3744_Corynebacterium	0.5223	0.0334	TRUE
F1318_Toxicocladosporium	B3744_Corynebacterium	0.4218	0.0235	TRUE
F33_unidentified	B3744_Corynebacterium	0.5471	0.0334	TRUE
F752_Arthrinium	B3744_Corynebacterium	0.4727	0.0334	TRUE
B7_Curtobacterium	B4768_Corynebacterium	-0.6525	0.0495	FALSE
F99_Cistella	B4768_Corynebacterium	0.4563	0.0334	TRUE
F37_unidentified	B4768_Corynebacterium	0.4918	0.0487	TRUE
F133_Cyphellophora	B4768_Corynebacterium	0.5271	0.0137	TRUE
F376_Gibellulopsis	B4768_Corynebacterium	0.446	0.0433	TRUE
F660_Simplicillium	B4768_Corynebacterium	0.5254	0.0137	TRUE
F435_Cyberlindnera	B4768_Corynebacterium	0.4122	0.0334	TRUE
F1318_Toxicocladosporium	B4768_Corynebacterium	0.4583	0.0137	TRUE
F354_Coniothyrium	B4768_Corynebacterium	0.4944	0.0235	TRUE
F33_unidentified	B4768_Corynebacterium	0.4994	0.0433	TRUE
B636_Curtobacterium	B2727_Nocardioides	0.5794	0.0396	TRUE
B19_Xanthomonas	B2727_Nocardioides	0.553	0.0297	TRUE
F115_unidentified	B2727_Nocardioides	0.5118	0.0495	TRUE
F20_Edenia	B2727_Nocardioides	0.5492	0.0396	TRUE
F29_f_Didymellaceae	B2727_Nocardioides	0.6216	0.0198	TRUE
F124_Stachybotrys	B2727_Nocardioides	0.6101	0.0296	TRUE
B339_Noviherbaspirillum	B587_Alicycliphilus	0.3718	0.0334	TRUE
B3345_Actinomycetospora	B587_Alicycliphilus	0.5728	0.0137	TRUE
B5289_Lysobacter	B587_Alicycliphilus	0.5163	0.0433	TRUE
B4570_Phycicoccus	B587_Alicycliphilus	0.4871	0.0433	TRUE
F2624_Knufia	B587_Alicycliphilus	0.5689	0.0137	TRUE
F361_Phaeosphaeria	B587_Alicycliphilus	0.5148	0.0137	TRUE
F277_Peniophora	B587_Alicycliphilus	0.6338	0.0433	TRUE
F712_Fusarium	B587_Alicycliphilus	0.6587	0.0137	TRUE
F712_Fusarium	B339_Noviherbaspirillum	0.4076	0.0433	TRUE
B8751_uncultured bacterium	B1530_Pseudoflavitalea	0.5401	0.0334	TRUE
B149_Mucilaginibacter	B1530_Pseudoflavitalea	0.3584	0.0334	TRUE
B19_Xanthomonas	B636_Curtobacterium	0.7198	0.0297	TRUE
B1_Pantoea	B636_Curtobacterium	0.7441	0.0099	TRUE
B95_Allorhizobium-Neorhizobium-Pararhizobium-Rhizobium	B636_Curtobacterium	0.7302	0.0198	TRUE
B4_Pantoea	B636_Curtobacterium	0.6787	0.0198	TRUE
F131_unidentified	B636_Curtobacterium	0.4911	0.0494	TRUE
F115_unidentified	B636_Curtobacterium	0.6935	0.0099	TRUE
F2_Nigrospora	B636_Curtobacterium	0.7362	0.0099	TRUE
F117_Saitozyma	B636_Curtobacterium	0.6704	0.0198	TRUE
F18_f_Phaeosphaeriaceae	B636_Curtobacterium	0.669	0.0396	TRUE
F743_Sclerostagonospora	B636_Curtobacterium	0.4911	0.0395	TRUE
F50_Thanatephorus	B636_Curtobacterium	0.6641	0.0198	TRUE
F20_Edenia	B636_Curtobacterium	0.6655	0.0198	TRUE
F29_f_Didymellaceae	B636_Curtobacterium	0.7203	0.0099	TRUE
F36_Moesziomyces	B636_Curtobacterium	-0.6417	0.0099	FALSE
F28_f_Hypocreales_fam_Incertae_sedis	B636_Curtobacterium	-0.5803	0.0495	FALSE
F85_Fusarium	B636_Curtobacterium	0.5562	0.0495	TRUE
F233_Periconia	B32_Bradyrhizobium	0.5242	0.0495	TRUE
B110_Roseateles	B1281_Polaromonas	0.5589	0.0235	TRUE
B1541_GOUTB8	B1281_Polaromonas	0.3939	0.0433	TRUE
B5119_Acinetobacter	B1281_Polaromonas	0.4383	0.0433	TRUE
B62_Clostridium sensu stricto 1	B1281_Polaromonas	0.4726	0.0433	TRUE
F648_unidentified	B1281_Polaromonas	0.5191	0.0137	TRUE
F81_Cladosporium	B1281_Polaromonas	0.5248	0.0487	TRUE
B1567_Devosia	B110_Roseateles	0.5057	0.0334	TRUE
B5119_Acinetobacter	B110_Roseateles	0.5495	0.0137	TRUE
B62_Clostridium sensu stricto 1	B110_Roseateles	0.4836	0.0433	TRUE
F648_unidentified	B110_Roseateles	0.5402	0.0433	TRUE
F233_Periconia	B110_Roseateles	0.4676	0.0388	TRUE
F3_Moesziomyces	B110_Roseateles	-0.6245	0.0297	FALSE
F81_Cladosporium	B110_Roseateles	0.5122	0.0388	TRUE
B209_Escherichia-Shigella	B11862_Crocinitomix	0.4473	0.0235	TRUE
B1804_Corynebacterium	B11862_Crocinitomix	0.5507	0.0137	TRUE
B209_Escherichia-Shigella	B2780_f_Burkholderiaceae	0.4829	0.0388	TRUE
F404_Curvularia	B2780_f_Burkholderiaceae	0.4417	0.0395	TRUE
F310_unidentified	B2780_f_Burkholderiaceae	0.5012	0.0289	TRUE
B13_Aureimonas	B15_Sphingomonas	-0.5892	0.0396	FALSE
B3308_o_R7C24	B8751_uncultured.bacterium	0.4763	0.0235	TRUE
F330_o_NA	B8751_uncultured.bacterium	0.4161	0.0334	TRUE
F567_Ceriporia	B8751_uncultured.bacterium	0.3797	0.0433	TRUE
B5289_Lysobacter	B3345_Actinomycetospora	0.5261	0.0137	TRUE
B4570_Phycicoccus	B3345_Actinomycetospora	0.4884	0.0235	TRUE
F361_Phaeosphaeria	B3345_Actinomycetospora	0.4801	0.0334	TRUE
F356_Paraconiothyrium	B3345_Actinomycetospora	0.484	0.0433	TRUE
F277_Peniophora	B3345_Actinomycetospora	0.5393	0.0334	TRUE
F712_Fusarium	B3345_Actinomycetospora	0.5172	0.0235	TRUE
F3_Moesziomyces	B4407_f_Burkholderiaceae	-0.4293	0.0495	FALSE
B209_Escherichia-Shigella	B1776_Cloacibacterium	0.557	0.0388	TRUE
B1804_Corynebacterium	B1776_Cloacibacterium	0.6237	0.0388	TRUE
B7_Curtobacterium	B9464_f_Pasteurellaceae	-0.4606	0.0297	FALSE
F3898_o_NA	B9464_f_Pasteurellaceae	0.4118	0.0433	TRUE
F33_unidentified	B9464_f_Pasteurellaceae	0.39	0.0334	TRUE
B4265_Acidovorax	B2229_Roseomonas	0.4445	0.0433	TRUE
B1_Pantoea	B19_Xanthomonas	0.8129	0.0198	TRUE
B95_Allorhizobium-Neorhizobium-Pararhizobium-Rhizobium	B19_Xanthomonas	0.775	0.0099	TRUE
B4_Pantoea	B19_Xanthomonas	0.7517	0.0099	TRUE
F115_unidentified	B19_Xanthomonas	0.7223	0.0198	TRUE
F54_Pyrenochaetopsis	B19_Xanthomonas	-0.5898	0.0297	FALSE
F2_Nigrospora	B19_Xanthomonas	0.8021	0.0198	TRUE
F117_Saitozyma	B19_Xanthomonas	0.7246	0.0099	TRUE
F105_Clonostachys	B19_Xanthomonas	-0.7865	0.0198	FALSE
F50_Thanatephorus	B19_Xanthomonas	0.7543	0.0198	TRUE
F20_Edenia	B19_Xanthomonas	0.6662	0.0396	TRUE
F29_f_Didymellaceae	B19_Xanthomonas	0.7219	0.0297	TRUE
F28_f_Hypocreales_fam_Incertae_sedis	B19_Xanthomonas	-0.7839	0.0099	FALSE
F124_Stachybotrys	B19_Xanthomonas	0.4978	0.0495	TRUE
F55_f_Nectriaceae	B13_Aureimonas	-0.6549	0.0297	FALSE
F361_Phaeosphaeria	B5289_Lysobacter	0.4904	0.0433	TRUE
F356_Paraconiothyrium	B5289_Lysobacter	0.4862	0.0235	TRUE
F712_Fusarium	B5289_Lysobacter	0.5659	0.0334	TRUE
B5119_Acinetobacter	B1567_Devosia	0.4563	0.0334	TRUE
F81_Cladosporium	B1567_Devosia	0.5149	0.0388	TRUE
F133_Cyphellophora	B10353_uncultured	0.4766	0.0334	TRUE
F354_Coniothyrium	B10353_uncultured	0.4249	0.0334	TRUE
F752_Arthrinium	B10353_uncultured	0.3822	0.0334	TRUE
B95_Allorhizobium-Neorhizobium-Pararhizobium-Rhizobium	B1_Pantoea	0.7647	0.0198	TRUE
B4_Pantoea	B1_Pantoea	0.9453	0.0099	TRUE
F219_unidentified	B1_Pantoea	-0.5719	0.0495	FALSE
F115_unidentified	B1_Pantoea	0.766	0.0198	TRUE
F117_Saitozyma	B1_Pantoea	0.7905	0.0099	TRUE
F18_f_Phaeosphaeriaceae	B1_Pantoea	0.6666	0.0396	TRUE
F50_Thanatephorus	B1_Pantoea	0.8112	0.0198	TRUE
F20_Edenia	B1_Pantoea	0.7022	0.0396	TRUE
F376_Gibellulopsis	B1_Pantoea	-0.4536	0.0495	FALSE
F29_f_Didymellaceae	B1_Pantoea	0.7313	0.0099	TRUE
F8_unidentified	B227_Allorhizobium.Neorhizobium.Pararhizobium.Rhizobium	0.7901	0.0099	TRUE
F2_Nigrospora	B227_Allorhizobium.Neorhizobium.Pararhizobium.Rhizobium	-0.7536	0.0099	FALSE
F3_Moesziomyces	B227_Allorhizobium.Neorhizobium.Pararhizobium.Rhizobium	0.7113	0.0099	TRUE
F4_o_Pleosporales	B227_Allorhizobium.Neorhizobium.Pararhizobium.Rhizobium	-0.7492	0.0198	FALSE
F36_Moesziomyces	B227_Allorhizobium.Neorhizobium.Pararhizobium.Rhizobium	0.6132	0.0495	TRUE
F268_Sarocladium	B227_Allorhizobium.Neorhizobium.Pararhizobium.Rhizobium	0.6528	0.0396	TRUE
F28_f_Hypocreales_fam_Incertae_sedis	B227_Allorhizobium.Neorhizobium.Pararhizobium.Rhizobium	0.6333	0.0495	TRUE
F6_Cladosporium	B227_Allorhizobium.Neorhizobium.Pararhizobium.Rhizobium	-0.6775	0.0396	FALSE
F310_unidentified	B227_Allorhizobium.Neorhizobium.Pararhizobium.Rhizobium	0.4474	0.0494	TRUE
F55_f_Nectriaceae	B227_Allorhizobium.Neorhizobium.Pararhizobium.Rhizobium	0.6359	0.0495	TRUE
F89_Aureobasidium	B227_Allorhizobium.Neorhizobium.Pararhizobium.Rhizobium	0.6681	0.0198	TRUE
F219_unidentified	B814_Sediminibacterium	0.6049	0.0495	TRUE
F61_o_Pleosporales	B814_Sediminibacterium	0.6296	0.0396	TRUE
F21_Acremonium	B814_Sediminibacterium	0.5966	0.0495	TRUE
F54_Pyrenochaetopsis	B814_Sediminibacterium	0.6581	0.0396	TRUE
F117_Saitozyma	B814_Sediminibacterium	-0.5586	0.0495	FALSE
F50_Thanatephorus	B814_Sediminibacterium	-0.531	0.0495	FALSE
F116_Curvularia	B814_Sediminibacterium	0.5993	0.0495	TRUE
F131_unidentified	B769_Pseudomonas	0.4124	0.0334	TRUE
B1804_Corynebacterium	B209_Escherichia.Shigella	0.6469	0.0137	TRUE
F1537_o_NA	B209_Escherichia.Shigella	0.4729	0.0235	TRUE
F107_o_Helotiales	B209_Escherichia.Shigella	0.4286	0.0433	TRUE
F268_Sarocladium	B209_Escherichia.Shigella	0.5496	0.0289	TRUE
F773_Colletotrichum	B209_Escherichia.Shigella	0.4117	0.0433	TRUE
F277_Peniophora	B4570_Phycicoccus	0.5438	0.0433	TRUE
F712_Fusarium	B4570_Phycicoccus	0.5519	0.0334	TRUE
F648_unidentified	B5119_Acinetobacter	0.4683	0.0334	TRUE
F3898_o_NA	B7_Curtobacterium	-0.5952	0.0396	FALSE
F688_Alternaria	B7_Curtobacterium	-0.529	0.0198	FALSE
F133_Cyphellophora	B7_Curtobacterium	-0.6868	0.0396	FALSE
F137_Malassezia	B7_Curtobacterium	-0.569	0.0297	FALSE
F322_Penicillium	B7_Curtobacterium	-0.5258	0.0495	FALSE
F1164_Antrodiella	B7_Curtobacterium	-0.4507	0.0495	FALSE
F785_Peniophorella	B7_Curtobacterium	-0.5634	0.0396	FALSE
F376_Gibellulopsis	B7_Curtobacterium	-0.6088	0.0198	FALSE
F660_Simplicillium	B7_Curtobacterium	-0.5541	0.0297	FALSE
F435_Cyberlindnera	B7_Curtobacterium	-0.5021	0.0297	FALSE
F1318_Toxicocladosporium	B7_Curtobacterium	-0.507	0.0297	FALSE
F354_Coniothyrium	B7_Curtobacterium	-0.5263	0.0297	FALSE
F33_unidentified	B7_Curtobacterium	-0.6829	0.0198	FALSE
F220_Acremonium	B7_Curtobacterium	-0.5618	0.0198	FALSE
F1206_Coprinellus	B7_Curtobacterium	-0.5258	0.0297	FALSE
F752_Arthrinium	B7_Curtobacterium	-0.5909	0.0198	FALSE
B1139_Mucilaginibacter	B3_Sphingomonas	0.4728	0.0396	TRUE
F4_o_Pleosporales	B8917_Bacillus	-0.5039	0.0495	FALSE
F6_Cladosporium	B8917_Bacillus	-0.5512	0.0099	FALSE
F115_unidentified	B95_Allorhizobium.Neorhizobium.Pararhizobium.Rhizobium	0.7762	0.0198	TRUE
F54_Pyrenochaetopsis	B95_Allorhizobium.Neorhizobium.Pararhizobium.Rhizobium	-0.6863	0.0396	FALSE
F135_o_Pleosporales	B95_Allorhizobium.Neorhizobium.Pararhizobium.Rhizobium	0.5471	0.0396	TRUE
F2_Nigrospora	B95_Allorhizobium.Neorhizobium.Pararhizobium.Rhizobium	0.7161	0.0297	TRUE
F117_Saitozyma	B95_Allorhizobium.Neorhizobium.Pararhizobium.Rhizobium	0.7728	0.0099	TRUE
F105_Clonostachys	B95_Allorhizobium.Neorhizobium.Pararhizobium.Rhizobium	-0.6191	0.0099	FALSE
F50_Thanatephorus	B95_Allorhizobium.Neorhizobium.Pararhizobium.Rhizobium	0.7357	0.0099	TRUE
F20_Edenia	B95_Allorhizobium.Neorhizobium.Pararhizobium.Rhizobium	0.6783	0.0099	TRUE
F29_f_Didymellaceae	B95_Allorhizobium.Neorhizobium.Pararhizobium.Rhizobium	0.735	0.0198	TRUE
F36_Moesziomyces	B95_Allorhizobium.Neorhizobium.Pararhizobium.Rhizobium	-0.6091	0.0297	FALSE
F55_f_Nectriaceae	B4470_uncultured	-0.5008	0.0297	FALSE
F85_Fusarium	B4470_uncultured	-0.506	0.0495	FALSE
F106_unidentified	B3308_o_R7C24	0.4402	0.0388	TRUE
F567_Ceriporia	B3308_o_R7C24	0.4533	0.0334	TRUE
F130_Ramichloridium	B3308_o_R7C24	0.5149	0.0235	TRUE
F277_Peniophora	B4489_Hymenobacter	0.3754	0.0235	TRUE
F648_unidentified	B3325_Hymenobacter	0.4378	0.0334	TRUE
F1537_o_NA	B1804_Corynebacterium	0.4709	0.0137	TRUE
F8_unidentified	B1804_Corynebacterium	0.6045	0.0495	TRUE
F187_o_Chaetothyriales	B1804_Corynebacterium	0.4665	0.0494	TRUE
F795_Colletotrichum	B1804_Corynebacterium	0.4539	0.0334	TRUE
F268_Sarocladium	B1804_Corynebacterium	0.625	0.019	TRUE
F310_unidentified	B1804_Corynebacterium	0.5473	0.005	TRUE
F773_Colletotrichum	B1804_Corynebacterium	0.4409	0.0235	TRUE
F3898_o_NA	B4_Pantoea	-0.4869	0.0297	FALSE
F117_Saitozyma	B4_Pantoea	0.6963	0.0099	TRUE
F50_Thanatephorus	B4_Pantoea	0.6957	0.0198	TRUE
F20_Edenia	B4_Pantoea	0.6036	0.0297	TRUE
F29_f_Didymellaceae	B4_Pantoea	0.6091	0.0396	TRUE
F33_unidentified	B4_Pantoea	-0.5291	0.0297	FALSE
F28_f_Hypocreales_fam_Incertae_sedis	B4_Pantoea	-0.6117	0.0495	FALSE
F61_o_Pleosporales	F219_unidentified	0.642	0.0396	TRUE
F21_Acremonium	F219_unidentified	0.7927	0.0099	TRUE
F54_Pyrenochaetopsis	F219_unidentified	0.6627	0.0297	TRUE
F27_Curvularia	F219_unidentified	0.5579	0.0495	TRUE
F116_Curvularia	F219_unidentified	0.8588	0.0099	TRUE
F53_Pyrenochaetopsis	F219_unidentified	0.8247	0.0099	TRUE
F337_Myrmecridium	F219_unidentified	0.5814	0.0297	TRUE
F5_Alternaria	F219_unidentified	-0.8124	0.0198	FALSE
F21_Acremonium	F61_o_Pleosporales	0.5707	0.0297	TRUE
F4_o_Pleosporales	F61_o_Pleosporales	0.7183	0.0396	TRUE
F116_Curvularia	F61_o_Pleosporales	0.6354	0.0495	TRUE
F53_Pyrenochaetopsis	F61_o_Pleosporales	0.6628	0.0396	TRUE
F6_Cladosporium	F61_o_Pleosporales	0.6269	0.0495	TRUE
F3_Moesziomyces	F648_unidentified	-0.5344	0.0495	FALSE
F130_Ramichloridium	F106_unidentified	0.4904	0.0487	TRUE
F743_Sclerostagonospora	F131_unidentified	0.4774	0.0235	TRUE
F268_Sarocladium	F69_o_Pleosporales	0.5862	0.0297	TRUE
F187_o_Chaetothyriales	F1537_o_NA	0.415	0.0395	TRUE
F54_Pyrenochaetopsis	F21_Acremonium	0.5976	0.0297	TRUE
F116_Curvularia	F21_Acremonium	0.7557	0.0099	TRUE
F53_Pyrenochaetopsis	F21_Acremonium	0.7172	0.0198	TRUE
F5_Alternaria	F21_Acremonium	-0.7277	0.0099	FALSE
F752_Arthrinium	F791_unidentified	0.4689	0.0433	TRUE
F54_Pyrenochaetopsis	F115_unidentified	-0.6591	0.0396	FALSE
F2_Nigrospora	F115_unidentified	0.7034	0.0297	TRUE
F117_Saitozyma	F115_unidentified	0.7467	0.0099	TRUE
F105_Clonostachys	F115_unidentified	-0.6363	0.0297	FALSE
F50_Thanatephorus	F115_unidentified	0.7595	0.0099	TRUE
F20_Edenia	F115_unidentified	0.7049	0.0099	TRUE
F29_f_Didymellaceae	F115_unidentified	0.7131	0.0099	TRUE
F133_Cyphellophora	F99_Cistella	0.4273	0.0433	TRUE
F376_Gibellulopsis	F99_Cistella	0.4114	0.0235	TRUE
F33_unidentified	F99_Cistella	0.515	0.0334	TRUE
F37_unidentified	F3898_o_NA	0.4636	0.0487	TRUE
F133_Cyphellophora	F3898_o_NA	0.5117	0.0235	TRUE
F376_Gibellulopsis	F3898_o_NA	0.3961	0.0235	TRUE
F33_unidentified	F3898_o_NA	0.4511	0.005	TRUE
F337_Myrmecridium	F3898_o_NA	0.4349	0.0487	TRUE
F322_Penicillium	F37_unidentified	0.4545	0.0487	TRUE
F337_Myrmecridium	F37_unidentified	0.5215	0.0296	TRUE
F5_Alternaria	F37_unidentified	-0.5288	0.0495	FALSE
F135_o_Pleosporales	F54_Pyrenochaetopsis	-0.6782	0.0396	FALSE
F117_Saitozyma	F54_Pyrenochaetopsis	-0.6778	0.0099	FALSE
F50_Thanatephorus	F54_Pyrenochaetopsis	-0.6783	0.0297	FALSE
F116_Curvularia	F54_Pyrenochaetopsis	0.717	0.0099	TRUE
F20_Edenia	F54_Pyrenochaetopsis	-0.6355	0.0297	FALSE
F712_Fusarium	F54_Pyrenochaetopsis	-0.5518	0.0495	FALSE
F5_Alternaria	F54_Pyrenochaetopsis	-0.6759	0.0396	FALSE
F4_o_Pleosporales	F8_unidentified	-0.6225	0.0495	FALSE
F404_Curvularia	F8_unidentified	0.6629	0.0198	TRUE
F310_unidentified	F8_unidentified	0.4641	0.0297	TRUE
F89_Aureobasidium	F8_unidentified	0.6481	0.0495	TRUE
F137_Malassezia	F133_Cyphellophora	0.5171	0.0433	TRUE
F322_Penicillium	F133_Cyphellophora	0.4022	0.0433	TRUE
F376_Gibellulopsis	F133_Cyphellophora	0.4995	0.0433	TRUE
F33_unidentified	F133_Cyphellophora	0.5358	0.005	TRUE
F187_o_Chaetothyriales	F48_unidentified	0.6566	0.0396	TRUE
F12_o_Pleosporales	F48_unidentified	0.6398	0.0495	TRUE
F55_f_Nectriaceae	F48_unidentified	0.5881	0.0495	TRUE
F268_Sarocladium	F187_o_Chaetothyriales	0.5232	0.0396	TRUE
F2_Nigrospora	F135_o_Pleosporales	0.5222	0.0495	TRUE
F20_Edenia	F135_o_Pleosporales	0.53	0.0495	TRUE
F277_Peniophora	F2624_Knufia	0.4351	0.0433	TRUE
F712_Fusarium	F2624_Knufia	0.4895	0.0235	TRUE
F207_o_Tremellales	F16_Pyricularia	-0.494	0.0396	FALSE
F376_Gibellulopsis	F137_Malassezia	0.4577	0.0334	TRUE
F752_Arthrinium	F137_Malassezia	0.3759	0.0433	TRUE
F117_Saitozyma	F2_Nigrospora	0.6996	0.0297	TRUE
F105_Clonostachys	F2_Nigrospora	-0.7157	0.0297	FALSE
F50_Thanatephorus	F2_Nigrospora	0.6682	0.0198	TRUE
F20_Edenia	F2_Nigrospora	0.7146	0.0099	TRUE
F29_f_Didymellaceae	F2_Nigrospora	0.7532	0.0198	TRUE
F36_Moesziomyces	F2_Nigrospora	-0.8088	0.0099	FALSE
F28_f_Hypocreales_fam_Incertae_sedis	F2_Nigrospora	-0.7659	0.0297	FALSE
F6_Cladosporium	F2_Nigrospora	0.6942	0.0396	TRUE
F22_Setophoma	F2_Nigrospora	0.7726	0.0198	TRUE
F277_Peniophora	F621_Nigrospora	0.4215	0.0433	TRUE
F105_Clonostachys	F117_Saitozyma	-0.5992	0.0495	FALSE
F50_Thanatephorus	F117_Saitozyma	0.7638	0.0099	TRUE
F20_Edenia	F117_Saitozyma	0.6831	0.0198	TRUE
F29_f_Didymellaceae	F117_Saitozyma	0.705	0.0198	TRUE
F28_f_Hypocreales_fam_Incertae_sedis	F117_Saitozyma	-0.6383	0.0297	FALSE
F85_Fusarium	F117_Saitozyma	0.5344	0.0297	TRUE
F50_Thanatephorus	F105_Clonostachys	-0.6203	0.0396	FALSE
F20_Edenia	F105_Clonostachys	-0.6127	0.0198	FALSE
F29_f_Didymellaceae	F105_Clonostachys	-0.5356	0.0297	FALSE
F28_f_Hypocreales_fam_Incertae_sedis	F105_Clonostachys	0.7774	0.0099	TRUE
F28_f_Hypocreales_fam_Incertae_sedis	F3_Moesziomyces	0.7133	0.0297	TRUE
F81_Cladosporium	F3_Moesziomyces	-0.6638	0.0297	FALSE
F55_f_Nectriaceae	F3_Moesziomyces	0.7454	0.0198	TRUE
F53_Pyrenochaetopsis	F4_o_Pleosporales	0.6559	0.0396	TRUE
F6_Cladosporium	F4_o_Pleosporales	0.8569	0.0099	TRUE
F89_Aureobasidium	F4_o_Pleosporales	-0.6907	0.0396	FALSE
F277_Peniophora	F361_Phaeosphaeria	0.5526	0.005	TRUE
F45_f_Didymellaceae	F361_Phaeosphaeria	0.445	0.0235	TRUE
F50_Thanatephorus	F18_f_Phaeosphaeriaceae	0.6309	0.0396	TRUE
F20_Edenia	F18_f_Phaeosphaeriaceae	0.6354	0.0198	TRUE
F29_f_Didymellaceae	F18_f_Phaeosphaeriaceae	0.7766	0.0198	TRUE
F36_Moesziomyces	F18_f_Phaeosphaeriaceae	-0.7087	0.0297	FALSE
F22_Setophoma	F18_f_Phaeosphaeriaceae	0.687	0.0495	TRUE
F53_Pyrenochaetopsis	F12_o_Pleosporales	-0.578	0.0495	FALSE
F893_Hypoxylon	F743_Sclerostagonospora	0.4366	0.0334	TRUE
F29_f_Didymellaceae	F743_Sclerostagonospora	0.5264	0.0396	TRUE
F20_Edenia	F50_Thanatephorus	0.6751	0.0297	TRUE
F29_f_Didymellaceae	F50_Thanatephorus	0.7076	0.0099	TRUE
F85_Fusarium	F50_Thanatephorus	0.5624	0.0495	TRUE
F277_Peniophora	F190_Irpex	0.5088	0.0388	TRUE
F130_Ramichloridium	F567_Ceriporia	0.5495	0.0137	TRUE
F660_Simplicillium	F785_Peniophorella	0.4287	0.0334	TRUE
F277_Peniophora	F356_Paraconiothyrium	0.4991	0.0433	TRUE
F712_Fusarium	F356_Paraconiothyrium	0.4931	0.0137	TRUE
F404_Curvularia	F27_Curvularia	-0.5428	0.0495	FALSE
F53_Pyrenochaetopsis	F27_Curvularia	0.7043	0.0099	TRUE
F89_Aureobasidium	F27_Curvularia	-0.6274	0.0495	FALSE
F5_Alternaria	F27_Curvularia	-0.767	0.0198	FALSE
F53_Pyrenochaetopsis	F116_Curvularia	0.8189	0.0198	TRUE
F5_Alternaria	F116_Curvularia	-0.8191	0.0099	FALSE
F29_f_Didymellaceae	F20_Edenia	0.7253	0.0198	TRUE
F124_Stachybotrys	F20_Edenia	0.5479	0.0198	TRUE
F85_Fusarium	F20_Edenia	0.5743	0.0495	TRUE
F712_Fusarium	F277_Peniophora	0.5952	0.0433	TRUE
F660_Simplicillium	F376_Gibellulopsis	0.4251	0.0334	TRUE
F354_Coniothyrium	F376_Gibellulopsis	0.426	0.0433	TRUE
F33_unidentified	F376_Gibellulopsis	0.47	0.0137	TRUE
F33_unidentified	F660_Simplicillium	0.4292	0.0433	TRUE
F337_Myrmecridium	F53_Pyrenochaetopsis	0.4862	0.0396	TRUE
F5_Alternaria	F53_Pyrenochaetopsis	-0.8096	0.0099	FALSE
F36_Moesziomyces	F29_f_Didymellaceae	-0.7779	0.0198	FALSE
F124_Stachybotrys	F29_f_Didymellaceae	0.639	0.0099	TRUE
F22_Setophoma	F29_f_Didymellaceae	0.7269	0.0198	TRUE
F85_Fusarium	F29_f_Didymellaceae	0.5903	0.0297	TRUE
F752_Arthrinium	F33_unidentified	0.4522	0.0433	TRUE
F6_Cladosporium	F36_Moesziomyces	-0.7307	0.0099	FALSE
F22_Setophoma	F36_Moesziomyces	-0.7843	0.0099	FALSE
F310_unidentified	F268_Sarocladium	0.4326	0.0487	TRUE
F85_Fusarium	F124_Stachybotrys	0.5737	0.0396	TRUE
