Source	Target	Cor	pseudo_p	positive
B144_Bradyrhizobium	B13504_uncultured	0.575	0.0137	TRUE
B71_Methylobacterium	B13504_uncultured	0.5125	0.0334	TRUE
B2242_Brachybacterium	B13504_uncultured	0.5087	0.005	TRUE
B679_Georgenia	B13504_uncultured	0.5051	0.0137	TRUE
B1392_Taibaiella	B13504_uncultured	0.4785	0.0433	TRUE
F2601_o_NA	B13504_uncultured	0.4467	0.0334	TRUE
F258_Nigrospora	B13504_uncultured	0.5	0.0235	TRUE
F407_Phanerochaete	B13504_uncultured	0.5189	0.0137	TRUE
F292_Engyodontium	B13504_uncultured	0.4812	0.0388	TRUE
F1603_Rhodosporidiobolus	B13504_uncultured	0.4948	0.0334	TRUE
F246_Aspergillus	B13504_uncultured	0.4719	0.0433	TRUE
F309_Flammulina	B13504_uncultured	0.5049	0.0235	TRUE
B143_Bradyrhizobium	B282_Acinetobacter	0.5059	0.0137	TRUE
B260_Pseudomonas	B282_Acinetobacter	0.5208	0.0235	TRUE
B657_f_Xanthomonadaceae	B282_Acinetobacter	0.446	0.0235	TRUE
F4210_Coccomyces	B282_Acinetobacter	0.4457	0.0334	TRUE
F233_Periconia	B282_Acinetobacter	0.4466	0.0334	TRUE
F2807_Sistotrema	B282_Acinetobacter	0.4151	0.0334	TRUE
F740_Trametes	B282_Acinetobacter	0.4762	0.0334	TRUE
F639_Aspergillus	B282_Acinetobacter	0.4967	0.0433	TRUE
F5_Alternaria	B282_Acinetobacter	0.4793	0.0396	TRUE
B54_uncultured	B1390_Candidatus.Cardinium	-0.5366	0.0495	FALSE
B587_Alicycliphilus	B1390_Candidatus.Cardinium	0.5132	0.0235	TRUE
F17_o_Pleosporales	B1390_Candidatus.Cardinium	0.4579	0.0334	TRUE
F144_Typhula	B1390_Candidatus.Cardinium	0.5274	0.0334	TRUE
F15_o_Helotiales	B1390_Candidatus.Cardinium	0.4553	0.0334	TRUE
B15_Sphingomonas	B34_Bradyrhizobium	0.7956	0.0235	TRUE
B4451_Escherichia-Shigella	B34_Bradyrhizobium	0.7136	0.0235	TRUE
B13_Aureimonas	B34_Bradyrhizobium	0.5613	0.0289	TRUE
B398_Rhodococcus	B34_Bradyrhizobium	0.6095	0.0487	TRUE
F3462_unidentified	B34_Bradyrhizobium	0.628	0.0137	TRUE
F1122_Alutaceodontia	B34_Bradyrhizobium	0.6621	0.005	TRUE
F4599_o_Agaricales	B34_Bradyrhizobium	0.5724	0.005	TRUE
F137_Malassezia	B34_Bradyrhizobium	0.4835	0.0494	TRUE
F739_unidentified	B34_Bradyrhizobium	0.5642	0.019	TRUE
F681_Malassezia	B34_Bradyrhizobium	0.7609	0.005	TRUE
F2098_Rhizoctonia	B34_Bradyrhizobium	0.6351	0.005	TRUE
F663_Hymenochaetopsis	B34_Bradyrhizobium	0.5687	0.019	TRUE
F488_Penicillium	B34_Bradyrhizobium	0.5458	0.0395	TRUE
F30_unidentified	B34_Bradyrhizobium	0.6541	0.0235	TRUE
B10033_o_NA	B22_uncultured.Roseobacter.sp.	0.6605	0.0396	TRUE
B54_uncultured	B22_uncultured.Roseobacter.sp.	0.8069	0.0198	TRUE
B12671_Staphylococcus	B22_uncultured.Roseobacter.sp.	0.667	0.0099	TRUE
B159_Chryseobacterium	B22_uncultured.Roseobacter.sp.	0.6834	0.0198	TRUE
F33_unidentified	B22_uncultured.Roseobacter.sp.	0.5869	0.0495	TRUE
F3994_Kazachstania	B22_uncultured.Roseobacter.sp.	0.5807	0.0495	TRUE
B1313_Escherichia-Shigella	B14397_o_NA	0.6487	0.0137	TRUE
F996_Heterochaete	B14397_o_NA	0.4963	0.0433	TRUE
F54_Pyrenochaetopsis	B14397_o_NA	0.5536	0.0388	TRUE
F20_Edenia	B14397_o_NA	0.5082	0.0388	TRUE
F729_Stemphylium	B14397_o_NA	0.6179	0.0137	TRUE
F310_unidentified	B14397_o_NA	0.6185	0.0137	TRUE
F461_unidentified	B14397_o_NA	0.5157	0.0334	TRUE
F526_Pyrenochaetopsis	B14397_o_NA	0.5341	0.0137	TRUE
F448_Perenniporia	B14397_o_NA	0.4647	0.0334	TRUE
B12671_Staphylococcus	B10033_o_NA	0.6548	0.005	TRUE
B159_Chryseobacterium	B10033_o_NA	0.7249	0.005	TRUE
B209_Escherichia-Shigella	B10033_o_NA	0.6373	0.0289	TRUE
F449_unidentified	B10033_o_NA	0.642	0.0137	TRUE
F48_unidentified	B10033_o_NA	0.5861	0.0388	TRUE
F27_Curvularia	B10033_o_NA	-0.6021	0.0495	FALSE
F837_Candida	B10033_o_NA	0.7086	0.005	TRUE
F29_f_Didymellaceae	B10033_o_NA	0.6137	0.0091	TRUE
F33_unidentified	B10033_o_NA	0.642	0.0137	TRUE
F3994_Kazachstania	B10033_o_NA	0.6533	0.0334	TRUE
F191_f_Didymellaceae	B10033_o_NA	0.6287	0.0433	TRUE
F55_f_Nectriaceae	B10033_o_NA	0.6803	0.0137	TRUE
B143_Bradyrhizobium	B4296_uncultured.bacterium	0.504	0.0433	TRUE
B71_Methylobacterium	B144_Bradyrhizobium	0.6794	0.005	TRUE
B2242_Brachybacterium	B144_Bradyrhizobium	0.7224	0.005	TRUE
B8908_Bacillus	B144_Bradyrhizobium	0.7127	0.0235	TRUE
B679_Georgenia	B144_Bradyrhizobium	0.7596	0.0137	TRUE
B1392_Taibaiella	B144_Bradyrhizobium	0.536	0.0137	TRUE
F698_unidentified	B144_Bradyrhizobium	0.5094	0.0289	TRUE
F2601_o_NA	B144_Bradyrhizobium	0.6182	0.005	TRUE
F54_Pyrenochaetopsis	B144_Bradyrhizobium	0.5355	0.0487	TRUE
F258_Nigrospora	B144_Bradyrhizobium	0.7236	0.005	TRUE
F407_Phanerochaete	B144_Bradyrhizobium	0.6473	0.0235	TRUE
F292_Engyodontium	B144_Bradyrhizobium	0.65	0.019	TRUE
F1603_Rhodosporidiobolus	B144_Bradyrhizobium	0.6753	0.0137	TRUE
F246_Aspergillus	B144_Bradyrhizobium	0.718	0.0137	TRUE
F975_Daedaleopsis	B144_Bradyrhizobium	0.5714	0.0235	TRUE
F40_unidentified	B144_Bradyrhizobium	0.6779	0.005	TRUE
F65_Sarocladium	B144_Bradyrhizobium	0.5729	0.0395	TRUE
F814_Xylodon	B144_Bradyrhizobium	0.5759	0.0487	TRUE
F309_Flammulina	B144_Bradyrhizobium	0.6819	0.0137	TRUE
F89_Aureobasidium	B144_Bradyrhizobium	0.6375	0.019	TRUE
B2242_Brachybacterium	B71_Methylobacterium	0.6763	0.005	TRUE
B8908_Bacillus	B71_Methylobacterium	0.5777	0.0235	TRUE
B679_Georgenia	B71_Methylobacterium	0.6854	0.0235	TRUE
B1392_Taibaiella	B71_Methylobacterium	0.5221	0.0137	TRUE
F258_Nigrospora	B71_Methylobacterium	0.6178	0.005	TRUE
F407_Phanerochaete	B71_Methylobacterium	0.5774	0.0137	TRUE
F1603_Rhodosporidiobolus	B71_Methylobacterium	0.6047	0.0334	TRUE
F246_Aspergillus	B71_Methylobacterium	0.6211	0.005	TRUE
F40_unidentified	B71_Methylobacterium	0.6119	0.0235	TRUE
F309_Flammulina	B71_Methylobacterium	0.5983	0.0334	TRUE
F89_Aureobasidium	B71_Methylobacterium	0.5793	0.0289	TRUE
B2_Methylobacterium	B23_f_Burkholderiaceae	0.6377	0.0198	TRUE
B333_metagenome	B23_f_Burkholderiaceae	0.4235	0.0494	TRUE
B32_Bradyrhizobium	B23_f_Burkholderiaceae	0.6454	0.0099	TRUE
B354_Paraburkholderia tropica	B23_f_Burkholderiaceae	0.6308	0.0396	TRUE
B1352_Bacillus	B23_f_Burkholderiaceae	0.709	0.0198	TRUE
B1885_Paenibacillus	B23_f_Burkholderiaceae	0.8565	0.0099	TRUE
F136_f_Didymosphaeriaceae	B23_f_Burkholderiaceae	0.643	0.0099	TRUE
F183_Curvularia	B23_f_Burkholderiaceae	0.6058	0.0495	TRUE
F36_Moesziomyces	B23_f_Burkholderiaceae	0.6322	0.0297	TRUE
F178_Schizopora	B23_f_Burkholderiaceae	0.6753	0.0396	TRUE
F5_Alternaria	B23_f_Burkholderiaceae	0.7473	0.0099	TRUE
B260_Pseudomonas	B143_Bradyrhizobium	0.7173	0.0137	TRUE
B1193_Blastocatella	B143_Bradyrhizobium	0.6826	0.005	TRUE
B657_f_Xanthomonadaceae	B143_Bradyrhizobium	0.6588	0.005	TRUE
B354_Paraburkholderia tropica	B143_Bradyrhizobium	0.5569	0.0487	TRUE
F4210_Coccomyces	B143_Bradyrhizobium	0.5836	0.0137	TRUE
F511_Malassezia	B143_Bradyrhizobium	0.5068	0.0433	TRUE
F233_Periconia	B143_Bradyrhizobium	0.586	0.0334	TRUE
F2807_Sistotrema	B143_Bradyrhizobium	0.6863	0.0137	TRUE
F183_Curvularia	B143_Bradyrhizobium	0.6228	0.0388	TRUE
F740_Trametes	B143_Bradyrhizobium	0.7006	0.005	TRUE
F639_Aspergillus	B143_Bradyrhizobium	0.6427	0.0137	TRUE
F238_Coniochaeta	B143_Bradyrhizobium	0.6212	0.0137	TRUE
F107_o_Helotiales	B5_Pseudomonas	0.6763	0.0198	TRUE
F190_Irpex	B5_Pseudomonas	-0.6816	0.0297	FALSE
F9_Chaetomium	B5_Pseudomonas	0.6109	0.0297	TRUE
B1193_Blastocatella	B260_Pseudomonas	0.5952	0.0235	TRUE
B657_f_Xanthomonadaceae	B260_Pseudomonas	0.5727	0.005	TRUE
B354_Paraburkholderia tropica	B260_Pseudomonas	0.4859	0.0388	TRUE
B1352_Bacillus	B260_Pseudomonas	0.493	0.0487	TRUE
F4210_Coccomyces	B260_Pseudomonas	0.5084	0.0235	TRUE
F511_Malassezia	B260_Pseudomonas	0.549	0.0137	TRUE
F233_Periconia	B260_Pseudomonas	0.4907	0.0137	TRUE
F2807_Sistotrema	B260_Pseudomonas	0.6277	0.005	TRUE
F183_Curvularia	B260_Pseudomonas	0.5451	0.0487	TRUE
F740_Trametes	B260_Pseudomonas	0.6011	0.005	TRUE
F639_Aspergillus	B260_Pseudomonas	0.6017	0.005	TRUE
B2_Methylobacterium	B7884_Solibacillus	0.6301	0.0289	TRUE
B1612_uncultured organism	B7884_Solibacillus	0.5437	0.0487	TRUE
B1450_Acinetobacter	B7884_Solibacillus	0.5818	0.005	TRUE
B29_Methylobacterium	B7884_Solibacillus	0.6501	0.0235	TRUE
B333_metagenome	B7884_Solibacillus	0.43	0.0334	TRUE
F152_unidentified	B7884_Solibacillus	0.5957	0.005	TRUE
F933_Phaeosphaeria	B7884_Solibacillus	0.5164	0.005	TRUE
F67_unidentified	B7884_Solibacillus	0.4869	0.0137	TRUE
F513_Pleurotus	B7884_Solibacillus	0.5849	0.0137	TRUE
F1478_o_Saccharomycetales	B7884_Solibacillus	0.6175	0.0137	TRUE
F717_Sistotremastrum	B7884_Solibacillus	0.6589	0.0235	TRUE
F81_Cladosporium	B7884_Solibacillus	0.5734	0.0235	TRUE
F85_Fusarium	B7884_Solibacillus	0.5216	0.0137	TRUE
F199_Aureobasidium	B7884_Solibacillus	0.5149	0.0494	TRUE
B2_Methylobacterium	B1388_Lawsonella	0.5051	0.0388	TRUE
B1612_uncultured organism	B1388_Lawsonella	0.4737	0.0388	TRUE
B1450_Acinetobacter	B1388_Lawsonella	0.5414	0.0433	TRUE
B29_Methylobacterium	B1388_Lawsonella	0.5406	0.0137	TRUE
F717_Sistotremastrum	B1388_Lawsonella	0.5435	0.0235	TRUE
F81_Cladosporium	B1388_Lawsonella	0.4298	0.0235	TRUE
F1430_Cutaneotrichosporon	B1388_Lawsonella	0.568	0.005	TRUE
B1450_Acinetobacter	B2_Methylobacterium	0.5471	0.019	TRUE
B29_Methylobacterium	B2_Methylobacterium	0.5853	0.0487	TRUE
B333_metagenome	B2_Methylobacterium	0.4758	0.019	TRUE
B354_Paraburkholderia tropica	B2_Methylobacterium	0.7941	0.0197	TRUE
F107_o_Helotiales	B2_Methylobacterium	0.5778	0.0198	TRUE
F152_unidentified	B2_Methylobacterium	0.4959	0.0487	TRUE
F933_Phaeosphaeria	B2_Methylobacterium	0.4432	0.0388	TRUE
F513_Pleurotus	B2_Methylobacterium	0.5434	0.0091	TRUE
F1478_o_Saccharomycetales	B2_Methylobacterium	0.5224	0.0388	TRUE
F116_Curvularia	B2_Methylobacterium	0.7308	0.0297	TRUE
F183_Curvularia	B2_Methylobacterium	0.694	0.0098	TRUE
F717_Sistotremastrum	B2_Methylobacterium	0.6252	0.019	TRUE
F81_Cladosporium	B2_Methylobacterium	0.5453	0.0388	TRUE
F1430_Cutaneotrichosporon	B2_Methylobacterium	0.618	0.0388	TRUE
F488_Penicillium	B2_Methylobacterium	0.5215	0.0396	TRUE
F85_Fusarium	B2_Methylobacterium	0.4671	0.0289	TRUE
B1450_Acinetobacter	B1612_uncultured.organism	0.5185	0.0388	TRUE
B29_Methylobacterium	B1612_uncultured.organism	0.5221	0.0289	TRUE
B32_Bradyrhizobium	B1612_uncultured.organism	0.7528	0.0098	TRUE
F152_unidentified	B1612_uncultured.organism	0.5053	0.019	TRUE
F513_Pleurotus	B1612_uncultured.organism	0.4963	0.0289	TRUE
F136_f_Didymosphaeriaceae	B1612_uncultured.organism	0.6357	0.0098	TRUE
F717_Sistotremastrum	B1612_uncultured.organism	0.5215	0.0388	TRUE
F36_Moesziomyces	B1612_uncultured.organism	0.6362	0.0296	TRUE
F81_Cladosporium	B1612_uncultured.organism	0.4908	0.0388	TRUE
F199_Aureobasidium	B1612_uncultured.organism	0.6487	0.0099	TRUE
B6623_Flaviaesturariibacter	B8435_Escherichia.Shigella	0.5933	0.005	TRUE
B1224_Blastococcus	B8435_Escherichia.Shigella	0.6686	0.005	TRUE
B32_Bradyrhizobium	B8435_Escherichia.Shigella	0.5536	0.0487	TRUE
B1352_Bacillus	B8435_Escherichia.Shigella	0.5228	0.0487	TRUE
B1804_Corynebacterium	B8435_Escherichia.Shigella	0.7037	0.0137	TRUE
F7_unidentified	B8435_Escherichia.Shigella	0.5428	0.0137	TRUE
F318_Saccharomyces	B8435_Escherichia.Shigella	0.5878	0.0433	TRUE
F576_Malassezia	B8435_Escherichia.Shigella	0.6802	0.005	TRUE
F45_f_Didymellaceae	B8435_Escherichia.Shigella	0.5618	0.0289	TRUE
F36_Moesziomyces	B8435_Escherichia.Shigella	0.6421	0.019	TRUE
F199_Aureobasidium	B8435_Escherichia.Shigella	0.4708	0.0395	TRUE
B657_f_Xanthomonadaceae	B1193_Blastocatella	0.5589	0.005	TRUE
F4210_Coccomyces	B1193_Blastocatella	0.5248	0.0235	TRUE
F233_Periconia	B1193_Blastocatella	0.5378	0.005	TRUE
F2807_Sistotrema	B1193_Blastocatella	0.5363	0.0334	TRUE
F183_Curvularia	B1193_Blastocatella	0.5627	0.0289	TRUE
F740_Trametes	B1193_Blastocatella	0.5245	0.0334	TRUE
F639_Aspergillus	B1193_Blastocatella	0.562	0.0137	TRUE
F238_Coniochaeta	B1193_Blastocatella	0.4913	0.0433	TRUE
F40_unidentified	B8_f_Rhizobiaceae	0.4648	0.0494	TRUE
B29_Methylobacterium	B1450_Acinetobacter	0.5818	0.0235	TRUE
F933_Phaeosphaeria	B1450_Acinetobacter	0.4751	0.0433	TRUE
F67_unidentified	B1450_Acinetobacter	0.466	0.0235	TRUE
F513_Pleurotus	B1450_Acinetobacter	0.5628	0.0235	TRUE
F739_unidentified	B1450_Acinetobacter	0.4439	0.0487	TRUE
F1478_o_Saccharomycetales	B1450_Acinetobacter	0.5087	0.0433	TRUE
F717_Sistotremastrum	B1450_Acinetobacter	0.5991	0.0137	TRUE
F81_Cladosporium	B1450_Acinetobacter	0.541	0.0235	TRUE
F1430_Cutaneotrichosporon	B1450_Acinetobacter	0.5644	0.0334	TRUE
F85_Fusarium	B1450_Acinetobacter	0.4925	0.0235	TRUE
B612_uncultured	B265_Deinococcus	0.6417	0.005	TRUE
B4404_Rothia	B265_Deinococcus	0.4966	0.0137	TRUE
B1385_Escherichia-Shigella	B265_Deinococcus	0.6146	0.0137	TRUE
F542_unidentified	B265_Deinococcus	0.5209	0.0334	TRUE
F8_unidentified	B265_Deinococcus	0.472	0.0487	TRUE
F606_unidentified	B265_Deinococcus	0.4615	0.0494	TRUE
F322_Penicillium	B265_Deinococcus	0.5315	0.0137	TRUE
F441_o_Hypocreales	B265_Deinococcus	0.4289	0.0433	TRUE
F268_Sarocladium	B265_Deinococcus	0.5506	0.0334	TRUE
F63_Thanatephorus	B265_Deinococcus	0.484	0.0334	TRUE
B587_Alicycliphilus	B54_uncultured	-0.7984	0.0297	FALSE
B1227_Escherichia-Shigella	B54_uncultured	-0.7248	0.0198	FALSE
B7111_uncultured	B54_uncultured	-0.6863	0.0396	FALSE
B3862_Xanthomonas	B54_uncultured	-0.6089	0.0396	FALSE
F59_Podospora	B54_uncultured	-0.6487	0.0396	FALSE
F134_o_NA	B54_uncultured	-0.6102	0.0297	FALSE
F14_o_Pleosporales	B54_uncultured	-0.668	0.0297	FALSE
F17_o_Pleosporales	B54_uncultured	-0.7317	0.0198	FALSE
F924_Kendrickiella	B54_uncultured	-0.4346	0.0495	FALSE
F16_Pyricularia	B54_uncultured	0.8494	0.0099	TRUE
F41_Arnium	B54_uncultured	-0.5282	0.0495	FALSE
F56_Arnium	B54_uncultured	-0.5502	0.0495	FALSE
F2_Nigrospora	B54_uncultured	0.9161	0.0198	TRUE
F57_Trichoderma	B54_uncultured	-0.6477	0.0297	FALSE
F23_Solicoccozyma	B54_uncultured	-0.6098	0.0297	FALSE
F144_Typhula	B54_uncultured	-0.7532	0.0198	FALSE
F83_Schizothecium	B54_uncultured	-0.5608	0.0198	FALSE
F62_Mrakia	B54_uncultured	-0.5305	0.0495	FALSE
F46_Microscypha	B54_uncultured	-0.5372	0.0495	FALSE
F25_Dimorphospora	B54_uncultured	-0.5846	0.0396	FALSE
F2435_Sporothrix	B54_uncultured	-0.5503	0.0495	FALSE
F10_Guehomyces	B54_uncultured	-0.7474	0.0396	FALSE
F15_o_Helotiales	B54_uncultured	-0.5493	0.0495	FALSE
F13_Zopfiella	B54_uncultured	-0.7009	0.0297	FALSE
F1722_Mucor	B54_uncultured	-0.6318	0.0198	FALSE
F66_Trichoderma	B54_uncultured	-0.6827	0.0396	FALSE
F166_Aspergillus	B54_uncultured	-0.6666	0.0198	FALSE
F44_Zopfiella	B54_uncultured	-0.7059	0.0297	FALSE
F38_Pseudeurotium	B54_uncultured	-0.6121	0.0198	FALSE
F9_Chaetomium	B54_uncultured	-0.7285	0.0297	FALSE
F2_Nigrospora	B4482_Paenibacillus	-0.5325	0.0396	FALSE
F44_Zopfiella	B4482_Paenibacillus	0.4962	0.0137	TRUE
F606_unidentified	B24_Bradyrhizobium	0.803	0.0297	TRUE
F20_Edenia	B24_Bradyrhizobium	0.5283	0.0495	TRUE
B8908_Bacillus	B2242_Brachybacterium	0.6688	0.0137	TRUE
B679_Georgenia	B2242_Brachybacterium	0.7225	0.005	TRUE
B1392_Taibaiella	B2242_Brachybacterium	0.6036	0.005	TRUE
F2601_o_NA	B2242_Brachybacterium	0.5388	0.0334	TRUE
F258_Nigrospora	B2242_Brachybacterium	0.7045	0.005	TRUE
F407_Phanerochaete	B2242_Brachybacterium	0.6066	0.0235	TRUE
F292_Engyodontium	B2242_Brachybacterium	0.6064	0.019	TRUE
F1603_Rhodosporidiobolus	B2242_Brachybacterium	0.6971	0.005	TRUE
F246_Aspergillus	B2242_Brachybacterium	0.6384	0.005	TRUE
F975_Daedaleopsis	B2242_Brachybacterium	0.5775	0.0235	TRUE
F40_unidentified	B2242_Brachybacterium	0.5806	0.0137	TRUE
F814_Xylodon	B2242_Brachybacterium	0.553	0.0388	TRUE
F309_Flammulina	B2242_Brachybacterium	0.6674	0.0137	TRUE
F89_Aureobasidium	B2242_Brachybacterium	0.5905	0.0091	TRUE
F152_unidentified	B29_Methylobacterium	0.5625	0.005	TRUE
F933_Phaeosphaeria	B29_Methylobacterium	0.5475	0.0235	TRUE
F67_unidentified	B29_Methylobacterium	0.5191	0.005	TRUE
F513_Pleurotus	B29_Methylobacterium	0.5759	0.0137	TRUE
F1478_o_Saccharomycetales	B29_Methylobacterium	0.5987	0.0235	TRUE
F717_Sistotremastrum	B29_Methylobacterium	0.6373	0.0137	TRUE
F81_Cladosporium	B29_Methylobacterium	0.5727	0.0137	TRUE
F717_Sistotremastrum	B333_metagenome	0.4482	0.0433	TRUE
F1430_Cutaneotrichosporon	B333_metagenome	0.4526	0.0433	TRUE
B159_Chryseobacterium	B12671_Staphylococcus	0.7441	0.005	TRUE
B209_Escherichia-Shigella	B12671_Staphylococcus	0.5741	0.019	TRUE
F449_unidentified	B12671_Staphylococcus	0.6519	0.005	TRUE
F26_unidentified	B12671_Staphylococcus	0.4446	0.0289	TRUE
F27_Curvularia	B12671_Staphylococcus	-0.6181	0.0396	FALSE
F837_Candida	B12671_Staphylococcus	0.6631	0.0137	TRUE
F29_f_Didymellaceae	B12671_Staphylococcus	0.5934	0.0487	TRUE
F33_unidentified	B12671_Staphylococcus	0.6729	0.005	TRUE
F3994_Kazachstania	B12671_Staphylococcus	0.6491	0.0334	TRUE
F191_f_Didymellaceae	B12671_Staphylococcus	0.6585	0.005	TRUE
F55_f_Nectriaceae	B12671_Staphylococcus	0.6884	0.0137	TRUE
B1224_Blastococcus	B6623_Flaviaesturariibacter	0.627	0.005	TRUE
B32_Bradyrhizobium	B6623_Flaviaesturariibacter	0.5316	0.0388	TRUE
B1885_Paenibacillus	B6623_Flaviaesturariibacter	0.4744	0.0395	TRUE
B1804_Corynebacterium	B6623_Flaviaesturariibacter	0.6145	0.0137	TRUE
F7_unidentified	B6623_Flaviaesturariibacter	0.5095	0.0235	TRUE
F318_Saccharomyces	B6623_Flaviaesturariibacter	0.5359	0.0137	TRUE
F576_Malassezia	B6623_Flaviaesturariibacter	0.5547	0.0137	TRUE
F36_Moesziomyces	B6623_Flaviaesturariibacter	0.547	0.019	TRUE
B209_Escherichia-Shigella	B159_Chryseobacterium	0.5923	0.019	TRUE
F449_unidentified	B159_Chryseobacterium	0.6571	0.0235	TRUE
F48_unidentified	B159_Chryseobacterium	0.5842	0.0289	TRUE
F137_Malassezia	B159_Chryseobacterium	0.4835	0.0494	TRUE
F27_Curvularia	B159_Chryseobacterium	-0.5914	0.0396	FALSE
F837_Candida	B159_Chryseobacterium	0.6847	0.0137	TRUE
F29_f_Didymellaceae	B159_Chryseobacterium	0.5733	0.0289	TRUE
F33_unidentified	B159_Chryseobacterium	0.6666	0.0137	TRUE
F3994_Kazachstania	B159_Chryseobacterium	0.6738	0.005	TRUE
F191_f_Didymellaceae	B159_Chryseobacterium	0.6401	0.005	TRUE
F55_f_Nectriaceae	B159_Chryseobacterium	0.6685	0.0235	TRUE
B1227_Escherichia-Shigella	B2282_Staphylococcus	0.4917	0.0334	TRUE
B7111_uncultured	B2282_Staphylococcus	0.5431	0.0334	TRUE
F59_Podospora	B2282_Staphylococcus	0.4356	0.0433	TRUE
F52_Psilocybe	B2282_Staphylococcus	0.4585	0.0433	TRUE
F17_o_Pleosporales	B2282_Staphylococcus	0.4659	0.0235	TRUE
F16_Pyricularia	B2282_Staphylococcus	-0.5797	0.0297	FALSE
F2_Nigrospora	B2282_Staphylococcus	-0.5719	0.0495	FALSE
F57_Trichoderma	B2282_Staphylococcus	0.5438	0.005	TRUE
F23_Solicoccozyma	B2282_Staphylococcus	0.5049	0.0235	TRUE
F144_Typhula	B2282_Staphylococcus	0.4945	0.0137	TRUE
F73_Tetracladium	B2282_Staphylococcus	0.4383	0.0487	TRUE
F10_Guehomyces	B2282_Staphylococcus	0.5591	0.0137	TRUE
F15_o_Helotiales	B2282_Staphylococcus	0.4756	0.0433	TRUE
F1722_Mucor	B2282_Staphylococcus	0.4768	0.0334	TRUE
F68_Pseudogymnoascus	B2282_Staphylococcus	0.4246	0.005	TRUE
B4404_Rothia	B612_uncultured	0.6143	0.0137	TRUE
B1385_Escherichia-Shigella	B612_uncultured	0.6628	0.005	TRUE
F542_unidentified	B612_uncultured	0.6003	0.0235	TRUE
F8_unidentified	B612_uncultured	0.5762	0.0289	TRUE
F322_Penicillium	B612_uncultured	0.6163	0.0137	TRUE
F105_Clonostachys	B612_uncultured	0.5791	0.0137	TRUE
F4_o_Pleosporales	B612_uncultured	0.6257	0.005	TRUE
F441_o_Hypocreales	B612_uncultured	0.4833	0.0433	TRUE
F268_Sarocladium	B612_uncultured	0.6925	0.005	TRUE
F63_Thanatephorus	B612_uncultured	0.4689	0.0235	TRUE
B1385_Escherichia-Shigella	B4404_Rothia	0.5708	0.0334	TRUE
F542_unidentified	B4404_Rothia	0.4692	0.0235	TRUE
F3397_f_Herpotrichiellaceae	B4404_Rothia	0.5333	0.0433	TRUE
F8_unidentified	B4404_Rothia	0.5521	0.0091	TRUE
F322_Penicillium	B4404_Rothia	0.5196	0.0235	TRUE
F376_Gibellulopsis	B4404_Rothia	0.4496	0.0433	TRUE
F268_Sarocladium	B4404_Rothia	0.5634	0.005	TRUE
B32_Bradyrhizobium	B1224_Blastococcus	0.552	0.0289	TRUE
B1352_Bacillus	B1224_Blastococcus	0.5997	0.0091	TRUE
B1804_Corynebacterium	B1224_Blastococcus	0.6977	0.005	TRUE
F7_unidentified	B1224_Blastococcus	0.5209	0.0235	TRUE
F318_Saccharomyces	B1224_Blastococcus	0.5785	0.0137	TRUE
F576_Malassezia	B1224_Blastococcus	0.6697	0.0137	TRUE
F45_f_Didymellaceae	B1224_Blastococcus	0.5996	0.0289	TRUE
F36_Moesziomyces	B1224_Blastococcus	0.6896	0.0091	TRUE
F814_Xylodon	B1224_Blastococcus	0.4685	0.0388	TRUE
B6696_Brevundimonas	B587_Alicycliphilus	0.4655	0.0334	TRUE
B1227_Escherichia-Shigella	B587_Alicycliphilus	0.6633	0.005	TRUE
B7111_uncultured	B587_Alicycliphilus	0.6559	0.0334	TRUE
B3862_Xanthomonas	B587_Alicycliphilus	0.6167	0.0433	TRUE
F99_Cistella	B587_Alicycliphilus	0.5051	0.0334	TRUE
F59_Podospora	B587_Alicycliphilus	0.6426	0.0334	TRUE
F134_o_NA	B587_Alicycliphilus	0.5727	0.0235	TRUE
F52_Psilocybe	B587_Alicycliphilus	0.599	0.0334	TRUE
F17_o_Pleosporales	B587_Alicycliphilus	0.6325	0.005	TRUE
F77_o_NA	B587_Alicycliphilus	0.4991	0.0334	TRUE
F141_f_Nectriaceae	B587_Alicycliphilus	0.4344	0.0433	TRUE
F16_Pyricularia	B587_Alicycliphilus	-0.7554	0.0297	FALSE
F56_Arnium	B587_Alicycliphilus	0.6257	0.005	TRUE
F2_Nigrospora	B587_Alicycliphilus	-0.7926	0.0198	FALSE
F57_Trichoderma	B587_Alicycliphilus	0.6439	0.0137	TRUE
F34_Mortierella	B587_Alicycliphilus	0.581	0.0235	TRUE
F12_o_Pleosporales	B587_Alicycliphilus	0.4643	0.0137	TRUE
F23_Solicoccozyma	B587_Alicycliphilus	0.6206	0.0137	TRUE
F144_Typhula	B587_Alicycliphilus	0.7366	0.0137	TRUE
F623_Stereum	B587_Alicycliphilus	0.4596	0.0433	TRUE
F83_Schizothecium	B587_Alicycliphilus	0.5175	0.0334	TRUE
F46_Microscypha	B587_Alicycliphilus	0.4906	0.0235	TRUE
F25_Dimorphospora	B587_Alicycliphilus	0.5309	0.0137	TRUE
F73_Tetracladium	B587_Alicycliphilus	0.5163	0.0289	TRUE
F2435_Sporothrix	B587_Alicycliphilus	0.5811	0.0137	TRUE
F10_Guehomyces	B587_Alicycliphilus	0.7324	0.0137	TRUE
F15_o_Helotiales	B587_Alicycliphilus	0.532	0.0235	TRUE
F13_Zopfiella	B587_Alicycliphilus	0.7389	0.0235	TRUE
F1722_Mucor	B587_Alicycliphilus	0.6219	0.0137	TRUE
F66_Trichoderma	B587_Alicycliphilus	0.656	0.005	TRUE
F68_Pseudogymnoascus	B587_Alicycliphilus	0.6798	0.0137	TRUE
F166_Aspergillus	B587_Alicycliphilus	0.6376	0.0235	TRUE
F5_Alternaria	B587_Alicycliphilus	-0.5767	0.0495	FALSE
F180_Tetracladium	B587_Alicycliphilus	0.5417	0.0334	TRUE
F185_f_Didymosphaeriaceae	B587_Alicycliphilus	0.4311	0.0433	TRUE
F44_Zopfiella	B587_Alicycliphilus	0.6694	0.0235	TRUE
F38_Pseudeurotium	B587_Alicycliphilus	0.5835	0.0334	TRUE
F9_Chaetomium	B587_Alicycliphilus	0.5721	0.0395	TRUE
B1227_Escherichia-Shigella	B6696_Brevundimonas	0.4661	0.0433	TRUE
B7111_uncultured	B6696_Brevundimonas	0.4397	0.0334	TRUE
F52_Psilocybe	B6696_Brevundimonas	0.5159	0.0235	TRUE
F17_o_Pleosporales	B6696_Brevundimonas	0.4578	0.0137	TRUE
F57_Trichoderma	B6696_Brevundimonas	0.4611	0.0235	TRUE
B1885_Paenibacillus	B32_Bradyrhizobium	0.5937	0.0495	TRUE
F7_unidentified	B32_Bradyrhizobium	0.5116	0.019	TRUE
F136_f_Didymosphaeriaceae	B32_Bradyrhizobium	0.6972	0.0098	TRUE
F717_Sistotremastrum	B32_Bradyrhizobium	0.5496	0.0487	TRUE
F36_Moesziomyces	B32_Bradyrhizobium	0.7989	0.0098	TRUE
F81_Cladosporium	B32_Bradyrhizobium	0.4853	0.0388	TRUE
F199_Aureobasidium	B32_Bradyrhizobium	0.6885	0.0099	TRUE
B679_Georgenia	B8908_Bacillus	0.6808	0.0334	TRUE
B1392_Taibaiella	B8908_Bacillus	0.5234	0.0137	TRUE
F698_unidentified	B8908_Bacillus	0.5042	0.0487	TRUE
F2601_o_NA	B8908_Bacillus	0.5166	0.0137	TRUE
F54_Pyrenochaetopsis	B8908_Bacillus	0.492	0.0487	TRUE
F258_Nigrospora	B8908_Bacillus	0.6121	0.005	TRUE
F407_Phanerochaete	B8908_Bacillus	0.5834	0.005	TRUE
F1603_Rhodosporidiobolus	B8908_Bacillus	0.6113	0.0137	TRUE
F246_Aspergillus	B8908_Bacillus	0.6422	0.0137	TRUE
F975_Daedaleopsis	B8908_Bacillus	0.5587	0.0235	TRUE
F40_unidentified	B8908_Bacillus	0.6181	0.005	TRUE
F309_Flammulina	B8908_Bacillus	0.6395	0.0334	TRUE
F89_Aureobasidium	B8908_Bacillus	0.595	0.0388	TRUE
B4451_Escherichia-Shigella	B15_Sphingomonas	0.7687	0.005	TRUE
B398_Rhodococcus	B15_Sphingomonas	0.5447	0.0388	TRUE
F3462_unidentified	B15_Sphingomonas	0.6492	0.0235	TRUE
F1122_Alutaceodontia	B15_Sphingomonas	0.6701	0.0235	TRUE
F4599_o_Agaricales	B15_Sphingomonas	0.534	0.0235	TRUE
F739_unidentified	B15_Sphingomonas	0.5659	0.0388	TRUE
F681_Malassezia	B15_Sphingomonas	0.7374	0.005	TRUE
F2098_Rhizoctonia	B15_Sphingomonas	0.6172	0.005	TRUE
F663_Hymenochaetopsis	B15_Sphingomonas	0.5813	0.019	TRUE
F712_Fusarium	B15_Sphingomonas	0.5205	0.0137	TRUE
F488_Penicillium	B15_Sphingomonas	0.5101	0.0395	TRUE
F30_unidentified	B15_Sphingomonas	0.6532	0.0137	TRUE
B7111_uncultured	B1227_Escherichia.Shigella	0.6027	0.0137	TRUE
B3862_Xanthomonas	B1227_Escherichia.Shigella	0.526	0.0334	TRUE
F134_o_NA	B1227_Escherichia.Shigella	0.5125	0.0137	TRUE
F52_Psilocybe	B1227_Escherichia.Shigella	0.5642	0.0137	TRUE
F17_o_Pleosporales	B1227_Escherichia.Shigella	0.6696	0.005	TRUE
F41_Arnium	B1227_Escherichia.Shigella	0.4813	0.0235	TRUE
F56_Arnium	B1227_Escherichia.Shigella	0.5053	0.0334	TRUE
F2_Nigrospora	B1227_Escherichia.Shigella	-0.685	0.0495	FALSE
F57_Trichoderma	B1227_Escherichia.Shigella	0.5911	0.0334	TRUE
F34_Mortierella	B1227_Escherichia.Shigella	0.4499	0.0433	TRUE
F12_o_Pleosporales	B1227_Escherichia.Shigella	0.403	0.0433	TRUE
F23_Solicoccozyma	B1227_Escherichia.Shigella	0.4949	0.0433	TRUE
F144_Typhula	B1227_Escherichia.Shigella	0.6189	0.0235	TRUE
F46_Microscypha	B1227_Escherichia.Shigella	0.4904	0.0137	TRUE
F6_Cladosporium	B1227_Escherichia.Shigella	-0.4872	0.0495	FALSE
F13_Zopfiella	B1227_Escherichia.Shigella	0.5553	0.0334	TRUE
F66_Trichoderma	B1227_Escherichia.Shigella	0.5438	0.0433	TRUE
F68_Pseudogymnoascus	B1227_Escherichia.Shigella	0.5542	0.0235	TRUE
F166_Aspergillus	B1227_Escherichia.Shigella	0.5501	0.0334	TRUE
F185_f_Didymosphaeriaceae	B1227_Escherichia.Shigella	0.4361	0.0334	TRUE
F44_Zopfiella	B1227_Escherichia.Shigella	0.5594	0.0334	TRUE
F38_Pseudeurotium	B1227_Escherichia.Shigella	0.5017	0.0433	TRUE
B13_Aureimonas	B4451_Escherichia.Shigella	0.5023	0.0388	TRUE
F3462_unidentified	B4451_Escherichia.Shigella	0.5863	0.0137	TRUE
F1122_Alutaceodontia	B4451_Escherichia.Shigella	0.6318	0.005	TRUE
F4599_o_Agaricales	B4451_Escherichia.Shigella	0.5183	0.0433	TRUE
F739_unidentified	B4451_Escherichia.Shigella	0.5168	0.019	TRUE
F681_Malassezia	B4451_Escherichia.Shigella	0.7555	0.005	TRUE
F2098_Rhizoctonia	B4451_Escherichia.Shigella	0.6076	0.0334	TRUE
F663_Hymenochaetopsis	B4451_Escherichia.Shigella	0.5788	0.0289	TRUE
F30_unidentified	B4451_Escherichia.Shigella	0.5656	0.0137	TRUE
F1913_o_Trechisporales	B1313_Escherichia.Shigella	0.7225	0.005	TRUE
F996_Heterochaete	B1313_Escherichia.Shigella	0.7177	0.0137	TRUE
F54_Pyrenochaetopsis	B1313_Escherichia.Shigella	0.5586	0.0289	TRUE
F606_unidentified	B1313_Escherichia.Shigella	0.5905	0.0296	TRUE
F20_Edenia	B1313_Escherichia.Shigella	0.5654	0.0388	TRUE
F729_Stemphylium	B1313_Escherichia.Shigella	0.7493	0.005	TRUE
F310_unidentified	B1313_Escherichia.Shigella	0.7562	0.005	TRUE
F461_unidentified	B1313_Escherichia.Shigella	0.5907	0.0433	TRUE
F526_Pyrenochaetopsis	B1313_Escherichia.Shigella	0.7117	0.0137	TRUE
F448_Perenniporia	B1313_Escherichia.Shigella	0.6093	0.005	TRUE
F542_unidentified	B1385_Escherichia.Shigella	0.6992	0.0137	TRUE
F3397_f_Herpotrichiellaceae	B1385_Escherichia.Shigella	0.6574	0.005	TRUE
F8_unidentified	B1385_Escherichia.Shigella	0.5483	0.0289	TRUE
F48_unidentified	B1385_Escherichia.Shigella	0.523	0.0388	TRUE
F322_Penicillium	B1385_Escherichia.Shigella	0.6313	0.0137	TRUE
F105_Clonostachys	B1385_Escherichia.Shigella	0.5887	0.005	TRUE
F4_o_Pleosporales	B1385_Escherichia.Shigella	0.6746	0.0235	TRUE
F376_Gibellulopsis	B1385_Escherichia.Shigella	0.57	0.0137	TRUE
F268_Sarocladium	B1385_Escherichia.Shigella	0.675	0.0137	TRUE
F4210_Coccomyces	B657_f_Xanthomonadaceae	0.5474	0.005	TRUE
F2807_Sistotrema	B657_f_Xanthomonadaceae	0.4561	0.0334	TRUE
F740_Trametes	B657_f_Xanthomonadaceae	0.5323	0.0334	TRUE
F639_Aspergillus	B657_f_Xanthomonadaceae	0.4865	0.0235	TRUE
B1392_Taibaiella	B679_Georgenia	0.5814	0.0334	TRUE
F2601_o_NA	B679_Georgenia	0.5697	0.005	TRUE
F54_Pyrenochaetopsis	B679_Georgenia	0.5184	0.0388	TRUE
F258_Nigrospora	B679_Georgenia	0.6953	0.005	TRUE
F407_Phanerochaete	B679_Georgenia	0.6443	0.0137	TRUE
F292_Engyodontium	B679_Georgenia	0.6216	0.0388	TRUE
F1603_Rhodosporidiobolus	B679_Georgenia	0.6194	0.005	TRUE
F246_Aspergillus	B679_Georgenia	0.6613	0.005	TRUE
F975_Daedaleopsis	B679_Georgenia	0.5742	0.005	TRUE
F40_unidentified	B679_Georgenia	0.6246	0.0137	TRUE
F65_Sarocladium	B679_Georgenia	0.5133	0.0197	TRUE
F814_Xylodon	B679_Georgenia	0.5465	0.0487	TRUE
F309_Flammulina	B679_Georgenia	0.6768	0.0137	TRUE
F89_Aureobasidium	B679_Georgenia	0.6279	0.0091	TRUE
B398_Rhodococcus	B13_Aureimonas	0.7522	0.0098	TRUE
F681_Malassezia	B13_Aureimonas	0.5463	0.0388	TRUE
F663_Hymenochaetopsis	B13_Aureimonas	0.6294	0.0296	TRUE
F5_Alternaria	B13_Aureimonas	-0.5664	0.0396	FALSE
B3862_Xanthomonas	B7111_uncultured	0.594	0.0235	TRUE
F99_Cistella	B7111_uncultured	0.5515	0.0433	TRUE
F52_Psilocybe	B7111_uncultured	0.5722	0.0235	TRUE
F17_o_Pleosporales	B7111_uncultured	0.6325	0.0235	TRUE
F16_Pyricularia	B7111_uncultured	-0.7067	0.0297	FALSE
F41_Arnium	B7111_uncultured	0.5274	0.0137	TRUE
F56_Arnium	B7111_uncultured	0.513	0.0235	TRUE
F2_Nigrospora	B7111_uncultured	-0.724	0.0297	FALSE
F57_Trichoderma	B7111_uncultured	0.6035	0.0235	TRUE
F34_Mortierella	B7111_uncultured	0.5256	0.0235	TRUE
F23_Solicoccozyma	B7111_uncultured	0.5303	0.0334	TRUE
F144_Typhula	B7111_uncultured	0.6453	0.0137	TRUE
F62_Mrakia	B7111_uncultured	0.5175	0.0137	TRUE
F46_Microscypha	B7111_uncultured	0.4449	0.0334	TRUE
F10_Guehomyces	B7111_uncultured	0.625	0.0334	TRUE
F13_Zopfiella	B7111_uncultured	0.5969	0.0334	TRUE
F1722_Mucor	B7111_uncultured	0.5249	0.0235	TRUE
F66_Trichoderma	B7111_uncultured	0.5738	0.0235	TRUE
F68_Pseudogymnoascus	B7111_uncultured	0.6206	0.0137	TRUE
F166_Aspergillus	B7111_uncultured	0.588	0.0433	TRUE
F9_Chaetomium	B7111_uncultured	0.5043	0.0395	TRUE
F4210_Coccomyces	B354_Paraburkholderia.tropica	0.4857	0.0487	TRUE
F2807_Sistotrema	B354_Paraburkholderia.tropica	0.4514	0.0289	TRUE
F116_Curvularia	B354_Paraburkholderia.tropica	0.7565	0.0099	TRUE
F183_Curvularia	B354_Paraburkholderia.tropica	0.7449	0.0197	TRUE
F5_Alternaria	B354_Paraburkholderia.tropica	0.5149	0.0495	TRUE
B624_Ornithinimicrobium	B1352_Bacillus	0.7455	0.0495	TRUE
B1885_Paenibacillus	B1352_Bacillus	0.608	0.0297	TRUE
B1804_Corynebacterium	B1352_Bacillus	0.5999	0.0091	TRUE
F7_unidentified	B1352_Bacillus	0.4976	0.0388	TRUE
F36_Moesziomyces	B1352_Bacillus	0.4821	0.0494	TRUE
F5_Alternaria	B1352_Bacillus	0.692	0.0297	TRUE
F2601_o_NA	B1392_Taibaiella	0.4494	0.0235	TRUE
F258_Nigrospora	B1392_Taibaiella	0.5422	0.0137	TRUE
F407_Phanerochaete	B1392_Taibaiella	0.4789	0.0235	TRUE
F292_Engyodontium	B1392_Taibaiella	0.487	0.0487	TRUE
F1603_Rhodosporidiobolus	B1392_Taibaiella	0.4833	0.0334	TRUE
F246_Aspergillus	B1392_Taibaiella	0.4987	0.0235	TRUE
F40_unidentified	B1392_Taibaiella	0.511	0.0137	TRUE
F814_Xylodon	B1392_Taibaiella	0.4833	0.0388	TRUE
F309_Flammulina	B1392_Taibaiella	0.5034	0.0334	TRUE
F89_Aureobasidium	B1392_Taibaiella	0.4763	0.0487	TRUE
F449_unidentified	B209_Escherichia.Shigella	0.5534	0.0487	TRUE
F837_Candida	B209_Escherichia.Shigella	0.603	0.0388	TRUE
F246_Aspergillus	B209_Escherichia.Shigella	0.4736	0.0487	TRUE
F33_unidentified	B209_Escherichia.Shigella	0.5574	0.019	TRUE
F3994_Kazachstania	B209_Escherichia.Shigella	0.5545	0.0388	TRUE
F191_f_Didymellaceae	B209_Escherichia.Shigella	0.5598	0.0388	TRUE
F55_f_Nectriaceae	B209_Escherichia.Shigella	0.5473	0.0487	TRUE
F309_Flammulina	B209_Escherichia.Shigella	0.533	0.0487	TRUE
F14_o_Pleosporales	B3_Sphingomonas	0.6101	0.0396	TRUE
F59_Podospora	B3862_Xanthomonas	0.4791	0.0235	TRUE
F134_o_NA	B3862_Xanthomonas	0.4811	0.0334	TRUE
F52_Psilocybe	B3862_Xanthomonas	0.4696	0.0433	TRUE
F17_o_Pleosporales	B3862_Xanthomonas	0.5423	0.0334	TRUE
F77_o_NA	B3862_Xanthomonas	0.4814	0.0235	TRUE
F16_Pyricularia	B3862_Xanthomonas	-0.5589	0.0396	FALSE
F56_Arnium	B3862_Xanthomonas	0.4832	0.0433	TRUE
F2_Nigrospora	B3862_Xanthomonas	-0.6583	0.0198	FALSE
F34_Mortierella	B3862_Xanthomonas	0.5615	0.005	TRUE
F144_Typhula	B3862_Xanthomonas	0.5931	0.0334	TRUE
F10_Guehomyces	B3862_Xanthomonas	0.603	0.0137	TRUE
F15_o_Helotiales	B3862_Xanthomonas	0.4896	0.0334	TRUE
F13_Zopfiella	B3862_Xanthomonas	0.5873	0.0137	TRUE
F68_Pseudogymnoascus	B3862_Xanthomonas	0.4931	0.0334	TRUE
F166_Aspergillus	B3862_Xanthomonas	0.4422	0.0433	TRUE
F44_Zopfiella	B3862_Xanthomonas	0.5291	0.0334	TRUE
F38_Pseudeurotium	B3862_Xanthomonas	0.5018	0.0235	TRUE
F9_Chaetomium	B3862_Xanthomonas	0.5274	0.0395	TRUE
F6_Cladosporium	B624_Ornithinimicrobium	0.7382	0.0297	TRUE
F36_Moesziomyces	B1885_Paenibacillus	0.6144	0.0297	TRUE
F5_Alternaria	B1885_Paenibacillus	0.7045	0.0495	TRUE
F681_Malassezia	B398_Rhodococcus	0.5311	0.0388	TRUE
F2098_Rhizoctonia	B398_Rhodococcus	0.4964	0.0388	TRUE
F663_Hymenochaetopsis	B398_Rhodococcus	0.5789	0.0395	TRUE
F30_unidentified	B398_Rhodococcus	0.4547	0.0289	TRUE
F7_unidentified	B1804_Corynebacterium	0.5596	0.0137	TRUE
F318_Saccharomyces	B1804_Corynebacterium	0.5849	0.005	TRUE
F576_Malassezia	B1804_Corynebacterium	0.635	0.0235	TRUE
F45_f_Didymellaceae	B1804_Corynebacterium	0.5462	0.019	TRUE
F36_Moesziomyces	B1804_Corynebacterium	0.6547	0.0388	TRUE
F1122_Alutaceodontia	F3462_unidentified	0.5577	0.0334	TRUE
F4599_o_Agaricales	F3462_unidentified	0.4923	0.0137	TRUE
F681_Malassezia	F3462_unidentified	0.6314	0.0137	TRUE
F2098_Rhizoctonia	F3462_unidentified	0.5231	0.0334	TRUE
F663_Hymenochaetopsis	F3462_unidentified	0.4399	0.0487	TRUE
F30_unidentified	F3462_unidentified	0.5387	0.0137	TRUE
F4599_o_Agaricales	F1122_Alutaceodontia	0.5161	0.0235	TRUE
F681_Malassezia	F1122_Alutaceodontia	0.6207	0.0137	TRUE
F2098_Rhizoctonia	F1122_Alutaceodontia	0.5739	0.0235	TRUE
F663_Hymenochaetopsis	F1122_Alutaceodontia	0.4376	0.0487	TRUE
F488_Penicillium	F1122_Alutaceodontia	0.4298	0.0395	TRUE
F30_unidentified	F1122_Alutaceodontia	0.5668	0.0334	TRUE
F318_Saccharomyces	F7_unidentified	0.4103	0.0433	TRUE
F576_Malassezia	F7_unidentified	0.5153	0.0137	TRUE
F36_Moesziomyces	F7_unidentified	0.5382	0.0487	TRUE
F814_Xylodon	F7_unidentified	0.5001	0.0388	TRUE
F700_Trechispora	F61_o_Pleosporales	0.6196	0.0495	TRUE
F65_Sarocladium	F61_o_Pleosporales	-0.6524	0.0396	FALSE
F3_Moesziomyces	F131_unidentified	0.8773	0.0099	TRUE
F27_Curvularia	F449_unidentified	-0.5981	0.0396	FALSE
F837_Candida	F449_unidentified	0.6349	0.0137	TRUE
F29_f_Didymellaceae	F449_unidentified	0.5649	0.0091	TRUE
F33_unidentified	F449_unidentified	0.5718	0.0235	TRUE
F3994_Kazachstania	F449_unidentified	0.6293	0.005	TRUE
F191_f_Didymellaceae	F449_unidentified	0.5715	0.005	TRUE
F55_f_Nectriaceae	F449_unidentified	0.6432	0.0137	TRUE
F1603_Rhodosporidiobolus	F698_unidentified	0.4699	0.019	TRUE
F681_Malassezia	F4599_o_Agaricales	0.5365	0.0235	TRUE
F2098_Rhizoctonia	F4599_o_Agaricales	0.4543	0.0433	TRUE
F30_unidentified	F4599_o_Agaricales	0.47	0.0235	TRUE
F996_Heterochaete	F1913_o_Trechisporales	0.5922	0.0334	TRUE
F54_Pyrenochaetopsis	F1913_o_Trechisporales	0.5506	0.019	TRUE
F20_Edenia	F1913_o_Trechisporales	0.5451	0.0388	TRUE
F410_Schizophyllum	F1913_o_Trechisporales	0.5097	0.0494	TRUE
F729_Stemphylium	F1913_o_Trechisporales	0.659	0.005	TRUE
F310_unidentified	F1913_o_Trechisporales	0.6438	0.005	TRUE
F461_unidentified	F1913_o_Trechisporales	0.57	0.0137	TRUE
F526_Pyrenochaetopsis	F1913_o_Trechisporales	0.6177	0.0137	TRUE
F448_Perenniporia	F1913_o_Trechisporales	0.5857	0.0235	TRUE
F3397_f_Herpotrichiellaceae	F542_unidentified	0.5465	0.0334	TRUE
F8_unidentified	F542_unidentified	0.5447	0.0091	TRUE
F322_Penicillium	F542_unidentified	0.5894	0.0334	TRUE
F105_Clonostachys	F542_unidentified	0.4738	0.005	TRUE
F4_o_Pleosporales	F542_unidentified	0.5832	0.0137	TRUE
F376_Gibellulopsis	F542_unidentified	0.5177	0.0235	TRUE
F441_o_Hypocreales	F542_unidentified	0.4911	0.0433	TRUE
F268_Sarocladium	F542_unidentified	0.6121	0.005	TRUE
F17_o_Pleosporales	F99_Cistella	0.5076	0.0235	TRUE
F2_Nigrospora	F99_Cistella	-0.6176	0.0297	FALSE
F57_Trichoderma	F99_Cistella	0.5565	0.0334	TRUE
F34_Mortierella	F99_Cistella	0.468	0.0235	TRUE
F144_Typhula	F99_Cistella	0.4653	0.0334	TRUE
F10_Guehomyces	F99_Cistella	0.528	0.0137	TRUE
F178_Schizopora	F99_Cistella	-0.465	0.0396	FALSE
F1722_Mucor	F99_Cistella	0.4577	0.0235	TRUE
F66_Trichoderma	F99_Cistella	0.5127	0.0137	TRUE
F185_f_Didymosphaeriaceae	F99_Cistella	0.3839	0.0433	TRUE
F44_Zopfiella	F99_Cistella	0.4253	0.0433	TRUE
F606_unidentified	F996_Heterochaete	0.4586	0.0197	TRUE
F729_Stemphylium	F996_Heterochaete	0.6461	0.005	TRUE
F310_unidentified	F996_Heterochaete	0.6163	0.0334	TRUE
F461_unidentified	F996_Heterochaete	0.5291	0.0334	TRUE
F526_Pyrenochaetopsis	F996_Heterochaete	0.5668	0.0433	TRUE
F448_Perenniporia	F996_Heterochaete	0.5472	0.0235	TRUE
F606_unidentified	F700_Trechispora	0.6591	0.0099	TRUE
F8_unidentified	F3397_f_Herpotrichiellaceae	0.5466	0.0289	TRUE
F322_Penicillium	F3397_f_Herpotrichiellaceae	0.5838	0.0334	TRUE
F4_o_Pleosporales	F3397_f_Herpotrichiellaceae	0.568	0.005	TRUE
F376_Gibellulopsis	F3397_f_Herpotrichiellaceae	0.5064	0.005	TRUE
F268_Sarocladium	F3397_f_Herpotrichiellaceae	0.583	0.0137	TRUE
F933_Phaeosphaeria	F152_unidentified	0.4264	0.0433	TRUE
F513_Pleurotus	F152_unidentified	0.5057	0.0137	TRUE
F717_Sistotremastrum	F152_unidentified	0.5062	0.0334	TRUE
F81_Cladosporium	F152_unidentified	0.5106	0.0137	TRUE
F1430_Cutaneotrichosporon	F152_unidentified	0.4981	0.0137	TRUE
F199_Aureobasidium	F152_unidentified	0.4726	0.0494	TRUE
F17_o_Pleosporales	F59_Podospora	0.5737	0.0334	TRUE
F141_f_Nectriaceae	F59_Podospora	0.4168	0.0334	TRUE
F16_Pyricularia	F59_Podospora	-0.6326	0.0297	FALSE
F2_Nigrospora	F59_Podospora	-0.6574	0.0396	FALSE
F57_Trichoderma	F59_Podospora	0.5754	0.0137	TRUE
F23_Solicoccozyma	F59_Podospora	0.5465	0.0334	TRUE
F144_Typhula	F59_Podospora	0.6313	0.0235	TRUE
F83_Schizothecium	F59_Podospora	0.4421	0.0334	TRUE
F25_Dimorphospora	F59_Podospora	0.4627	0.0334	TRUE
F10_Guehomyces	F59_Podospora	0.5498	0.0334	TRUE
F13_Zopfiella	F59_Podospora	0.555	0.0334	TRUE
F66_Trichoderma	F59_Podospora	0.6356	0.0334	TRUE
F68_Pseudogymnoascus	F59_Podospora	0.5462	0.0235	TRUE
F166_Aspergillus	F59_Podospora	0.5391	0.0334	TRUE
F185_f_Didymosphaeriaceae	F59_Podospora	0.4425	0.0433	TRUE
F44_Zopfiella	F59_Podospora	0.4786	0.0334	TRUE
F246_Aspergillus	F2601_o_NA	0.5386	0.0137	TRUE
F40_unidentified	F2601_o_NA	0.5264	0.0137	TRUE
F309_Flammulina	F2601_o_NA	0.525	0.0334	TRUE
F17_o_Pleosporales	F134_o_NA	0.5282	0.0235	TRUE
F77_o_NA	F134_o_NA	0.4607	0.0334	TRUE
F16_Pyricularia	F134_o_NA	-0.5428	0.0495	FALSE
F2_Nigrospora	F134_o_NA	-0.5984	0.0396	FALSE
F57_Trichoderma	F134_o_NA	0.5265	0.0334	TRUE
F34_Mortierella	F134_o_NA	0.4581	0.0235	TRUE
F23_Solicoccozyma	F134_o_NA	0.4791	0.0433	TRUE
F144_Typhula	F134_o_NA	0.6086	0.0235	TRUE
F73_Tetracladium	F134_o_NA	0.4507	0.0289	TRUE
F10_Guehomyces	F134_o_NA	0.5379	0.0334	TRUE
F13_Zopfiella	F134_o_NA	0.5593	0.005	TRUE
F1722_Mucor	F134_o_NA	0.5152	0.0433	TRUE
F66_Trichoderma	F134_o_NA	0.5631	0.0137	TRUE
F166_Aspergillus	F134_o_NA	0.475	0.0433	TRUE
F44_Zopfiella	F134_o_NA	0.5262	0.0433	TRUE
F9_Chaetomium	F134_o_NA	0.5556	0.0197	TRUE
F17_o_Pleosporales	F52_Psilocybe	0.6178	0.0137	TRUE
F16_Pyricularia	F52_Psilocybe	-0.6258	0.0396	FALSE
F41_Arnium	F52_Psilocybe	0.5278	0.0433	TRUE
F56_Arnium	F52_Psilocybe	0.4598	0.0137	TRUE
F2_Nigrospora	F52_Psilocybe	-0.6679	0.0099	FALSE
F57_Trichoderma	F52_Psilocybe	0.5333	0.0334	TRUE
F34_Mortierella	F52_Psilocybe	0.4829	0.0334	TRUE
F144_Typhula	F52_Psilocybe	0.619	0.005	TRUE
F10_Guehomyces	F52_Psilocybe	0.563	0.0334	TRUE
F1722_Mucor	F52_Psilocybe	0.5561	0.0235	TRUE
F166_Aspergillus	F52_Psilocybe	0.5199	0.005	TRUE
F180_Tetracladium	F52_Psilocybe	0.4629	0.0334	TRUE
F44_Zopfiella	F52_Psilocybe	0.5606	0.0334	TRUE
F2_Nigrospora	F14_o_Pleosporales	-0.6151	0.0297	FALSE
F190_Irpex	F14_o_Pleosporales	-0.6575	0.0198	FALSE
F23_Solicoccozyma	F14_o_Pleosporales	0.4482	0.0388	TRUE
F6_Cladosporium	F14_o_Pleosporales	-0.5432	0.0396	FALSE
F166_Aspergillus	F14_o_Pleosporales	0.482	0.0487	TRUE
F9_Chaetomium	F14_o_Pleosporales	0.727	0.0099	TRUE
F246_Aspergillus	F54_Pyrenochaetopsis	0.5236	0.0388	TRUE
F310_unidentified	F54_Pyrenochaetopsis	0.5234	0.0487	TRUE
F526_Pyrenochaetopsis	F54_Pyrenochaetopsis	0.5	0.0487	TRUE
F77_o_NA	F17_o_Pleosporales	0.4337	0.0334	TRUE
F16_Pyricularia	F17_o_Pleosporales	-0.6594	0.0297	FALSE
F41_Arnium	F17_o_Pleosporales	0.5166	0.0334	TRUE
F56_Arnium	F17_o_Pleosporales	0.5033	0.0334	TRUE
F2_Nigrospora	F17_o_Pleosporales	-0.7262	0.0099	FALSE
F57_Trichoderma	F17_o_Pleosporales	0.6123	0.0334	TRUE
F34_Mortierella	F17_o_Pleosporales	0.5949	0.005	TRUE
F23_Solicoccozyma	F17_o_Pleosporales	0.5478	0.005	TRUE
F144_Typhula	F17_o_Pleosporales	0.6498	0.0137	TRUE
F46_Microscypha	F17_o_Pleosporales	0.4767	0.0235	TRUE
F25_Dimorphospora	F17_o_Pleosporales	0.4894	0.0334	TRUE
F73_Tetracladium	F17_o_Pleosporales	0.4952	0.0289	TRUE
F10_Guehomyces	F17_o_Pleosporales	0.671	0.0137	TRUE
F15_o_Helotiales	F17_o_Pleosporales	0.4761	0.0433	TRUE
F13_Zopfiella	F17_o_Pleosporales	0.6443	0.005	TRUE
F1722_Mucor	F17_o_Pleosporales	0.5776	0.0433	TRUE
F66_Trichoderma	F17_o_Pleosporales	0.5296	0.0137	TRUE
F68_Pseudogymnoascus	F17_o_Pleosporales	0.5949	0.005	TRUE
F166_Aspergillus	F17_o_Pleosporales	0.6078	0.0235	TRUE
F180_Tetracladium	F17_o_Pleosporales	0.488	0.0334	TRUE
F44_Zopfiella	F17_o_Pleosporales	0.6174	0.0137	TRUE
F38_Pseudeurotium	F17_o_Pleosporales	0.5359	0.0334	TRUE
F9_Chaetomium	F17_o_Pleosporales	0.5797	0.0197	TRUE
F322_Penicillium	F8_unidentified	0.565	0.019	TRUE
F105_Clonostachys	F8_unidentified	0.5046	0.0289	TRUE
F4_o_Pleosporales	F8_unidentified	0.5148	0.0388	TRUE
F376_Gibellulopsis	F8_unidentified	0.4528	0.0289	TRUE
F45_f_Didymellaceae	F8_unidentified	0.7552	0.0098	TRUE
F268_Sarocladium	F8_unidentified	0.5063	0.0289	TRUE
F105_Clonostachys	F48_unidentified	0.4404	0.0487	TRUE
F4_o_Pleosporales	F48_unidentified	0.5147	0.0289	TRUE
F53_Pyrenochaetopsis	F48_unidentified	0.5826	0.0396	TRUE
F33_unidentified	F48_unidentified	0.5404	0.019	TRUE
F28_f_Hypocreales_fam_Incertae_sedis	F48_unidentified	0.5131	0.0495	TRUE
F191_f_Didymellaceae	F48_unidentified	0.5228	0.0388	TRUE
F55_f_Nectriaceae	F48_unidentified	0.5712	0.019	TRUE
F67_unidentified	F933_Phaeosphaeria	0.4419	0.0433	TRUE
F513_Pleurotus	F933_Phaeosphaeria	0.4998	0.0137	TRUE
F1478_o_Saccharomycetales	F933_Phaeosphaeria	0.419	0.0433	TRUE
F81_Cladosporium	F933_Phaeosphaeria	0.4929	0.0433	TRUE
F1430_Cutaneotrichosporon	F933_Phaeosphaeria	0.472	0.0433	TRUE
F27_Curvularia	F26_unidentified	-0.6887	0.0099	FALSE
F3994_Kazachstania	F26_unidentified	0.4607	0.019	TRUE
F41_Arnium	F77_o_NA	0.4172	0.0433	TRUE
F144_Typhula	F77_o_NA	0.5503	0.0137	TRUE
F10_Guehomyces	F77_o_NA	0.5022	0.0433	TRUE
F116_Curvularia	F4210_Coccomyces	0.4996	0.0395	TRUE
F183_Curvularia	F4210_Coccomyces	0.5028	0.0388	TRUE
F639_Aspergillus	F4210_Coccomyces	0.5265	0.0334	TRUE
F5_Alternaria	F4210_Coccomyces	0.4513	0.0495	TRUE
F717_Sistotremastrum	F67_unidentified	0.5448	0.005	TRUE
F81_Cladosporium	F67_unidentified	0.539	0.0334	TRUE
F1430_Cutaneotrichosporon	F67_unidentified	0.5213	0.0137	TRUE
F576_Malassezia	F318_Saccharomyces	0.5229	0.0137	TRUE
F45_f_Didymellaceae	F318_Saccharomyces	0.5181	0.0091	TRUE
F36_Moesziomyces	F318_Saccharomyces	0.5041	0.0487	TRUE
F814_Xylodon	F318_Saccharomyces	0.4599	0.0487	TRUE
F144_Typhula	F924_Kendrickiella	0.5014	0.0137	TRUE
F34_Mortierella	F141_f_Nectriaceae	0.3818	0.0433	TRUE
F23_Solicoccozyma	F141_f_Nectriaceae	0.369	0.0433	TRUE
F41_Arnium	F16_Pyricularia	-0.5778	0.0396	FALSE
F56_Arnium	F16_Pyricularia	-0.5424	0.0495	FALSE
F2_Nigrospora	F16_Pyricularia	0.8727	0.0099	TRUE
F57_Trichoderma	F16_Pyricularia	-0.6916	0.0198	FALSE
F12_o_Pleosporales	F16_Pyricularia	-0.5317	0.0396	FALSE
F23_Solicoccozyma	F16_Pyricularia	-0.6279	0.0099	FALSE
F144_Typhula	F16_Pyricularia	-0.7218	0.0297	FALSE
F83_Schizothecium	F16_Pyricularia	-0.5859	0.0297	FALSE
F62_Mrakia	F16_Pyricularia	-0.5433	0.0297	FALSE
F46_Microscypha	F16_Pyricularia	-0.5402	0.0297	FALSE
F28_f_Hypocreales_fam_Incertae_sedis	F16_Pyricularia	0.7069	0.0396	TRUE
F10_Guehomyces	F16_Pyricularia	-0.7627	0.0099	FALSE
F15_o_Helotiales	F16_Pyricularia	-0.5736	0.0297	FALSE
F13_Zopfiella	F16_Pyricularia	-0.6933	0.0198	FALSE
F1722_Mucor	F16_Pyricularia	-0.5912	0.0396	FALSE
F66_Trichoderma	F16_Pyricularia	-0.6729	0.0099	FALSE
F180_Tetracladium	F16_Pyricularia	-0.5718	0.0495	FALSE
F44_Zopfiella	F16_Pyricularia	-0.6348	0.0198	FALSE
F38_Pseudeurotium	F16_Pyricularia	-0.6048	0.0297	FALSE
F33_unidentified	F137_Malassezia	0.5229	0.0395	TRUE
F1478_o_Saccharomycetales	F513_Pleurotus	0.5822	0.0137	TRUE
F717_Sistotremastrum	F513_Pleurotus	0.5691	0.005	TRUE
F1430_Cutaneotrichosporon	F513_Pleurotus	0.5106	0.0433	TRUE
F85_Fusarium	F513_Pleurotus	0.4535	0.0433	TRUE
F57_Trichoderma	F41_Arnium	0.4993	0.0137	TRUE
F144_Typhula	F41_Arnium	0.5098	0.0235	TRUE
F25_Dimorphospora	F41_Arnium	0.4489	0.0334	TRUE
F10_Guehomyces	F41_Arnium	0.562	0.0235	TRUE
F13_Zopfiella	F41_Arnium	0.5968	0.0137	TRUE
F66_Trichoderma	F41_Arnium	0.4928	0.0433	TRUE
F166_Aspergillus	F41_Arnium	0.4387	0.0433	TRUE
F180_Tetracladium	F41_Arnium	0.4587	0.0433	TRUE
F2_Nigrospora	F56_Arnium	-0.5825	0.0297	FALSE
F57_Trichoderma	F56_Arnium	0.492	0.0433	TRUE
F144_Typhula	F56_Arnium	0.5392	0.0137	TRUE
F10_Guehomyces	F56_Arnium	0.5716	0.0235	TRUE
F1722_Mucor	F56_Arnium	0.5338	0.0235	TRUE
F38_Pseudeurotium	F56_Arnium	0.5014	0.0433	TRUE
F57_Trichoderma	F2_Nigrospora	-0.6991	0.0198	FALSE
F34_Mortierella	F2_Nigrospora	-0.645	0.0396	FALSE
F23_Solicoccozyma	F2_Nigrospora	-0.6915	0.0297	FALSE
F144_Typhula	F2_Nigrospora	-0.7412	0.0198	FALSE
F83_Schizothecium	F2_Nigrospora	-0.5542	0.0396	FALSE
F25_Dimorphospora	F2_Nigrospora	-0.5487	0.0495	FALSE
F28_f_Hypocreales_fam_Incertae_sedis	F2_Nigrospora	0.6806	0.0495	TRUE
F2435_Sporothrix	F2_Nigrospora	-0.5576	0.0495	FALSE
F10_Guehomyces	F2_Nigrospora	-0.7496	0.0297	FALSE
F15_o_Helotiales	F2_Nigrospora	-0.604	0.0495	FALSE
F13_Zopfiella	F2_Nigrospora	-0.6793	0.0198	FALSE
F90_Pseudogymnoascus	F2_Nigrospora	-0.5747	0.0297	FALSE
F1722_Mucor	F2_Nigrospora	-0.657	0.0198	FALSE
F66_Trichoderma	F2_Nigrospora	-0.6729	0.0297	FALSE
F68_Pseudogymnoascus	F2_Nigrospora	-0.6823	0.0099	FALSE
F166_Aspergillus	F2_Nigrospora	-0.7088	0.0198	FALSE
F180_Tetracladium	F2_Nigrospora	-0.578	0.0495	FALSE
F185_f_Didymosphaeriaceae	F2_Nigrospora	-0.5041	0.0495	FALSE
F44_Zopfiella	F2_Nigrospora	-0.6658	0.0198	FALSE
F103_unidentified	F2_Nigrospora	-0.5259	0.0495	FALSE
F407_Phanerochaete	F258_Nigrospora	0.6047	0.0334	TRUE
F1603_Rhodosporidiobolus	F258_Nigrospora	0.6054	0.0137	TRUE
F246_Aspergillus	F258_Nigrospora	0.606	0.0235	TRUE
F975_Daedaleopsis	F258_Nigrospora	0.5401	0.0137	TRUE
F40_unidentified	F258_Nigrospora	0.6648	0.005	TRUE
F65_Sarocladium	F258_Nigrospora	0.508	0.0494	TRUE
F309_Flammulina	F258_Nigrospora	0.6675	0.005	TRUE
F89_Aureobasidium	F258_Nigrospora	0.5912	0.0091	TRUE
F144_Typhula	F57_Trichoderma	0.6641	0.0433	TRUE
F83_Schizothecium	F57_Trichoderma	0.4194	0.0334	TRUE
F46_Microscypha	F57_Trichoderma	0.4795	0.0235	TRUE
F10_Guehomyces	F57_Trichoderma	0.6667	0.0137	TRUE
F15_o_Helotiales	F57_Trichoderma	0.5038	0.0137	TRUE
F13_Zopfiella	F57_Trichoderma	0.6541	0.0137	TRUE
F1722_Mucor	F57_Trichoderma	0.5589	0.0433	TRUE
F66_Trichoderma	F57_Trichoderma	0.5588	0.0433	TRUE
F180_Tetracladium	F57_Trichoderma	0.5152	0.0235	TRUE
F44_Zopfiella	F57_Trichoderma	0.5538	0.0235	TRUE
F38_Pseudeurotium	F57_Trichoderma	0.5728	0.0235	TRUE
F1430_Cutaneotrichosporon	F739_unidentified	0.4581	0.0091	TRUE
F488_Penicillium	F739_unidentified	0.6956	0.0099	TRUE
F23_Solicoccozyma	F34_Mortierella	0.4969	0.0235	TRUE
F144_Typhula	F34_Mortierella	0.5771	0.0137	TRUE
F2435_Sporothrix	F34_Mortierella	0.4054	0.0433	TRUE
F10_Guehomyces	F34_Mortierella	0.5588	0.0334	TRUE
F15_o_Helotiales	F34_Mortierella	0.4542	0.0334	TRUE
F13_Zopfiella	F34_Mortierella	0.5499	0.0334	TRUE
F1722_Mucor	F34_Mortierella	0.5199	0.0137	TRUE
F66_Trichoderma	F34_Mortierella	0.5155	0.0433	TRUE
F68_Pseudogymnoascus	F34_Mortierella	0.4877	0.0235	TRUE
F166_Aspergillus	F34_Mortierella	0.5299	0.0433	TRUE
F180_Tetracladium	F34_Mortierella	0.4734	0.0137	TRUE
F44_Zopfiella	F34_Mortierella	0.4767	0.0433	TRUE
F103_unidentified	F34_Mortierella	0.4709	0.0235	TRUE
F9_Chaetomium	F34_Mortierella	0.5005	0.0296	TRUE
F717_Sistotremastrum	F1478_o_Saccharomycetales	0.5318	0.005	TRUE
F81_Cladosporium	F1478_o_Saccharomycetales	0.574	0.0137	TRUE
F1430_Cutaneotrichosporon	F1478_o_Saccharomycetales	0.4967	0.0334	TRUE
F85_Fusarium	F1478_o_Saccharomycetales	0.4909	0.0334	TRUE
F2807_Sistotrema	F233_Periconia	0.5641	0.005	TRUE
F183_Curvularia	F233_Periconia	0.5266	0.0289	TRUE
F740_Trametes	F233_Periconia	0.4887	0.0433	TRUE
F639_Aspergillus	F233_Periconia	0.4928	0.0137	TRUE
F105_Clonostachys	F322_Penicillium	0.4794	0.0433	TRUE
F4_o_Pleosporales	F322_Penicillium	0.5873	0.0235	TRUE
F376_Gibellulopsis	F322_Penicillium	0.4929	0.0433	TRUE
F441_o_Hypocreales	F322_Penicillium	0.499	0.0235	TRUE
F268_Sarocladium	F322_Penicillium	0.587	0.0433	TRUE
F4_o_Pleosporales	F105_Clonostachys	0.504	0.0235	TRUE
F376_Gibellulopsis	F105_Clonostachys	0.5123	0.0137	TRUE
F441_o_Hypocreales	F105_Clonostachys	0.4657	0.0433	TRUE
F45_f_Didymellaceae	F105_Clonostachys	0.5512	0.0289	TRUE
F268_Sarocladium	F105_Clonostachys	0.5282	0.0334	TRUE
F729_Stemphylium	F3_Moesziomyces	-0.5118	0.0495	FALSE
F310_unidentified	F3_Moesziomyces	-0.5566	0.0495	FALSE
F376_Gibellulopsis	F4_o_Pleosporales	0.5617	0.005	TRUE
F441_o_Hypocreales	F4_o_Pleosporales	0.4406	0.0433	TRUE
F28_f_Hypocreales_fam_Incertae_sedis	F4_o_Pleosporales	0.4772	0.0495	TRUE
F36_Moesziomyces	F576_Malassezia	0.6139	0.0289	TRUE
F277_Peniophora	F190_Irpex	0.7244	0.0198	TRUE
F9_Chaetomium	F190_Irpex	-0.8324	0.0099	FALSE
F183_Curvularia	F2807_Sistotrema	0.5066	0.0487	TRUE
F740_Trametes	F2807_Sistotrema	0.5837	0.0433	TRUE
F639_Aspergillus	F2807_Sistotrema	0.6079	0.005	TRUE
F238_Coniochaeta	F2807_Sistotrema	0.4763	0.0137	TRUE
F36_Moesziomyces	F136_f_Didymosphaeriaceae	0.608	0.0395	TRUE
F199_Aureobasidium	F136_f_Didymosphaeriaceae	0.5531	0.0198	TRUE
F3994_Kazachstania	F27_Curvularia	-0.592	0.0396	FALSE
F191_f_Didymellaceae	F27_Curvularia	-0.5875	0.0198	FALSE
F183_Curvularia	F116_Curvularia	0.7184	0.0099	TRUE
F29_f_Didymellaceae	F116_Curvularia	0.5034	0.0495	TRUE
F740_Trametes	F183_Curvularia	0.5189	0.0388	TRUE
F639_Aspergillus	F183_Curvularia	0.5291	0.0388	TRUE
F238_Coniochaeta	F183_Curvularia	0.5124	0.0388	TRUE
F729_Stemphylium	F20_Edenia	0.6006	0.0388	TRUE
F310_unidentified	F20_Edenia	0.6132	0.0289	TRUE
F461_unidentified	F20_Edenia	0.5028	0.0289	TRUE
F526_Pyrenochaetopsis	F20_Edenia	0.5426	0.0487	TRUE
F2098_Rhizoctonia	F681_Malassezia	0.6225	0.005	TRUE
F663_Hymenochaetopsis	F681_Malassezia	0.5258	0.0091	TRUE
F712_Fusarium	F681_Malassezia	0.486	0.0334	TRUE
F30_unidentified	F681_Malassezia	0.6579	0.0137	TRUE
F461_unidentified	F277_Peniophora	0.4385	0.0495	TRUE
F144_Typhula	F23_Solicoccozyma	0.5894	0.005	TRUE
F83_Schizothecium	F23_Solicoccozyma	0.4657	0.0433	TRUE
F10_Guehomyces	F23_Solicoccozyma	0.5129	0.0433	TRUE
F13_Zopfiella	F23_Solicoccozyma	0.5834	0.005	TRUE
F1722_Mucor	F23_Solicoccozyma	0.5201	0.0235	TRUE
F66_Trichoderma	F23_Solicoccozyma	0.518	0.0334	TRUE
F68_Pseudogymnoascus	F23_Solicoccozyma	0.5158	0.0235	TRUE
F166_Aspergillus	F23_Solicoccozyma	0.5501	0.0137	TRUE
F180_Tetracladium	F23_Solicoccozyma	0.4138	0.0433	TRUE
F38_Pseudeurotium	F23_Solicoccozyma	0.5622	0.0433	TRUE
F461_unidentified	F410_Schizophyllum	0.4815	0.0395	TRUE
F46_Microscypha	F144_Typhula	0.5122	0.0235	TRUE
F25_Dimorphospora	F144_Typhula	0.4961	0.0137	TRUE
F73_Tetracladium	F144_Typhula	0.5899	0.0289	TRUE
F2435_Sporothrix	F144_Typhula	0.5244	0.0433	TRUE
F10_Guehomyces	F144_Typhula	0.6893	0.0137	TRUE
F15_o_Helotiales	F144_Typhula	0.4847	0.0433	TRUE
F13_Zopfiella	F144_Typhula	0.6529	0.005	TRUE
F1722_Mucor	F144_Typhula	0.6117	0.0137	TRUE
F66_Trichoderma	F144_Typhula	0.6399	0.0334	TRUE
F68_Pseudogymnoascus	F144_Typhula	0.652	0.0334	TRUE
F166_Aspergillus	F144_Typhula	0.6619	0.0137	TRUE
F5_Alternaria	F144_Typhula	-0.576	0.0495	FALSE
F185_f_Didymosphaeriaceae	F144_Typhula	0.4563	0.0334	TRUE
F44_Zopfiella	F144_Typhula	0.5824	0.0235	TRUE
F38_Pseudeurotium	F144_Typhula	0.5297	0.0137	TRUE
F9_Chaetomium	F144_Typhula	0.5398	0.0395	TRUE
F441_o_Hypocreales	F376_Gibellulopsis	0.4764	0.0235	TRUE
F268_Sarocladium	F376_Gibellulopsis	0.5744	0.0334	TRUE
F13_Zopfiella	F290_f_Coniochaetaceae	0.4871	0.0137	TRUE
F1722_Mucor	F290_f_Coniochaetaceae	0.453	0.0334	TRUE
F38_Pseudeurotium	F290_f_Coniochaetaceae	0.4083	0.0433	TRUE
F1603_Rhodosporidiobolus	F407_Phanerochaete	0.5723	0.0334	TRUE
F246_Aspergillus	F407_Phanerochaete	0.6394	0.0334	TRUE
F40_unidentified	F407_Phanerochaete	0.5722	0.005	TRUE
F309_Flammulina	F407_Phanerochaete	0.5484	0.0235	TRUE
F89_Aureobasidium	F407_Phanerochaete	0.5437	0.0289	TRUE
F1603_Rhodosporidiobolus	F292_Engyodontium	0.4928	0.0388	TRUE
F246_Aspergillus	F292_Engyodontium	0.5815	0.0388	TRUE
F975_Daedaleopsis	F292_Engyodontium	0.499	0.0388	TRUE
F40_unidentified	F292_Engyodontium	0.5308	0.0091	TRUE
F309_Flammulina	F292_Engyodontium	0.5467	0.0289	TRUE
F246_Aspergillus	F1603_Rhodosporidiobolus	0.6215	0.0334	TRUE
F975_Daedaleopsis	F1603_Rhodosporidiobolus	0.5664	0.0235	TRUE
F40_unidentified	F1603_Rhodosporidiobolus	0.5941	0.0137	TRUE
F309_Flammulina	F1603_Rhodosporidiobolus	0.6023	0.0433	TRUE
F89_Aureobasidium	F1603_Rhodosporidiobolus	0.59	0.0091	TRUE
F639_Aspergillus	F740_Trametes	0.5443	0.0334	TRUE
F238_Coniochaeta	F740_Trametes	0.5543	0.0235	TRUE
F30_unidentified	F2098_Rhizoctonia	0.5515	0.0334	TRUE
F29_f_Didymellaceae	F837_Candida	0.6458	0.0091	TRUE
F33_unidentified	F837_Candida	0.6549	0.005	TRUE
F3994_Kazachstania	F837_Candida	0.6425	0.0137	TRUE
F191_f_Didymellaceae	F837_Candida	0.5471	0.0433	TRUE
F55_f_Nectriaceae	F837_Candida	0.6714	0.0137	TRUE
F975_Daedaleopsis	F246_Aspergillus	0.5225	0.0137	TRUE
F40_unidentified	F246_Aspergillus	0.5912	0.0137	TRUE
F65_Sarocladium	F246_Aspergillus	0.4684	0.0395	TRUE
F814_Xylodon	F246_Aspergillus	0.5854	0.019	TRUE
F309_Flammulina	F246_Aspergillus	0.6089	0.005	TRUE
F89_Aureobasidium	F246_Aspergillus	0.5482	0.0487	TRUE
F40_unidentified	F975_Daedaleopsis	0.508	0.0235	TRUE
F814_Xylodon	F975_Daedaleopsis	0.5035	0.0289	TRUE
F309_Flammulina	F975_Daedaleopsis	0.5359	0.005	TRUE
F89_Aureobasidium	F975_Daedaleopsis	0.531	0.0289	TRUE
F81_Cladosporium	F717_Sistotremastrum	0.6146	0.0235	TRUE
F1430_Cutaneotrichosporon	F717_Sistotremastrum	0.5541	0.0235	TRUE
F310_unidentified	F729_Stemphylium	0.6735	0.0137	TRUE
F461_unidentified	F729_Stemphylium	0.6002	0.0334	TRUE
F526_Pyrenochaetopsis	F729_Stemphylium	0.7063	0.005	TRUE
F448_Perenniporia	F729_Stemphylium	0.6386	0.005	TRUE
F25_Dimorphospora	F83_Schizothecium	0.4543	0.0137	TRUE
F10_Guehomyces	F83_Schizothecium	0.5565	0.0137	TRUE
F13_Zopfiella	F83_Schizothecium	0.4941	0.0433	TRUE
F38_Pseudeurotium	F83_Schizothecium	0.4962	0.0334	TRUE
F180_Tetracladium	F62_Mrakia	0.4438	0.0334	TRUE
F10_Guehomyces	F46_Microscypha	0.4967	0.0235	TRUE
F13_Zopfiella	F46_Microscypha	0.4641	0.0433	TRUE
F166_Aspergillus	F46_Microscypha	0.4667	0.0334	TRUE
F44_Zopfiella	F46_Microscypha	0.4774	0.0334	TRUE
F38_Pseudeurotium	F46_Microscypha	0.4148	0.0433	TRUE
F10_Guehomyces	F25_Dimorphospora	0.5513	0.0433	TRUE
F13_Zopfiella	F25_Dimorphospora	0.4582	0.0334	TRUE
F166_Aspergillus	F25_Dimorphospora	0.4349	0.0433	TRUE
F38_Pseudeurotium	F25_Dimorphospora	0.416	0.0334	TRUE
F9_Chaetomium	F25_Dimorphospora	0.4871	0.0395	TRUE
F44_Zopfiella	F73_Tetracladium	0.4101	0.0487	TRUE
F33_unidentified	F29_f_Didymellaceae	0.5459	0.0487	TRUE
F3994_Kazachstania	F29_f_Didymellaceae	0.5429	0.0289	TRUE
F191_f_Didymellaceae	F29_f_Didymellaceae	0.4525	0.0388	TRUE
F55_f_Nectriaceae	F29_f_Didymellaceae	0.6103	0.019	TRUE
F3994_Kazachstania	F33_unidentified	0.6124	0.0235	TRUE
F191_f_Didymellaceae	F33_unidentified	0.5446	0.0137	TRUE
F55_f_Nectriaceae	F33_unidentified	0.633	0.005	TRUE
F178_Schizopora	F36_Moesziomyces	0.5108	0.0297	TRUE
F309_Flammulina	F40_unidentified	0.5823	0.0137	TRUE
F89_Aureobasidium	F40_unidentified	0.5181	0.0388	TRUE
F89_Aureobasidium	F65_Sarocladium	0.6457	0.0396	TRUE
F63_Thanatephorus	F268_Sarocladium	0.4449	0.0433	TRUE
F191_f_Didymellaceae	F3994_Kazachstania	0.6045	0.0334	TRUE
F55_f_Nectriaceae	F3994_Kazachstania	0.6056	0.0334	TRUE
F10_Guehomyces	F2435_Sporothrix	0.4742	0.0433	TRUE
F13_Zopfiella	F2435_Sporothrix	0.4629	0.0433	TRUE
F1722_Mucor	F2435_Sporothrix	0.4296	0.0235	TRUE
F68_Pseudogymnoascus	F2435_Sporothrix	0.5192	0.0235	TRUE
F166_Aspergillus	F2435_Sporothrix	0.4875	0.0235	TRUE
F180_Tetracladium	F2435_Sporothrix	0.4275	0.0137	TRUE
F44_Zopfiella	F2435_Sporothrix	0.4636	0.0235	TRUE
F13_Zopfiella	F6_Cladosporium	-0.55	0.0396	FALSE
F461_unidentified	F310_unidentified	0.543	0.0235	TRUE
F526_Pyrenochaetopsis	F310_unidentified	0.6877	0.005	TRUE
F448_Perenniporia	F310_unidentified	0.5878	0.0137	TRUE
F13_Zopfiella	F10_Guehomyces	0.6678	0.005	TRUE
F1722_Mucor	F10_Guehomyces	0.598	0.0137	TRUE
F66_Trichoderma	F10_Guehomyces	0.6149	0.0235	TRUE
F68_Pseudogymnoascus	F10_Guehomyces	0.5951	0.0235	TRUE
F166_Aspergillus	F10_Guehomyces	0.5689	0.0433	TRUE
F180_Tetracladium	F10_Guehomyces	0.5165	0.0137	TRUE
F44_Zopfiella	F10_Guehomyces	0.6401	0.0334	TRUE
F38_Pseudeurotium	F10_Guehomyces	0.5534	0.0334	TRUE
F526_Pyrenochaetopsis	F461_unidentified	0.5636	0.005	TRUE
F448_Perenniporia	F461_unidentified	0.5229	0.005	TRUE
F1430_Cutaneotrichosporon	F81_Cladosporium	0.588	0.0137	TRUE
F85_Fusarium	F81_Cladosporium	0.4405	0.0433	TRUE
F55_f_Nectriaceae	F191_f_Didymellaceae	0.5635	0.0433	TRUE
F1722_Mucor	F13_Zopfiella	0.5786	0.0137	TRUE
F68_Pseudogymnoascus	F13_Zopfiella	0.6077	0.0137	TRUE
F166_Aspergillus	F13_Zopfiella	0.5701	0.0137	TRUE
F44_Zopfiella	F13_Zopfiella	0.6148	0.0235	TRUE
F103_unidentified	F13_Zopfiella	0.5071	0.0235	TRUE
F38_Pseudeurotium	F13_Zopfiella	0.5356	0.0334	TRUE
F9_Chaetomium	F13_Zopfiella	0.5559	0.0395	TRUE
F309_Flammulina	F814_Xylodon	0.5159	0.0487	TRUE
F90_Pseudogymnoascus	F178_Schizopora	-0.6943	0.0198	FALSE
F89_Aureobasidium	F309_Flammulina	0.5478	0.0487	TRUE
F66_Trichoderma	F1722_Mucor	0.5095	0.0137	TRUE
F68_Pseudogymnoascus	F1722_Mucor	0.5128	0.0334	TRUE
F180_Tetracladium	F1722_Mucor	0.4707	0.0334	TRUE
F44_Zopfiella	F1722_Mucor	0.4887	0.0334	TRUE
F38_Pseudeurotium	F1722_Mucor	0.5067	0.0433	TRUE
F30_unidentified	F712_Fusarium	0.4691	0.0334	TRUE
F68_Pseudogymnoascus	F66_Trichoderma	0.5365	0.0235	TRUE
F180_Tetracladium	F66_Trichoderma	0.4862	0.0433	TRUE
F185_f_Didymosphaeriaceae	F66_Trichoderma	0.407	0.0334	TRUE
F44_Zopfiella	F66_Trichoderma	0.6202	0.005	TRUE
F38_Pseudeurotium	F66_Trichoderma	0.5065	0.0433	TRUE
F44_Zopfiella	F68_Pseudogymnoascus	0.5388	0.0433	TRUE
F38_Pseudeurotium	F68_Pseudogymnoascus	0.5576	0.0137	TRUE
F180_Tetracladium	F166_Aspergillus	0.4849	0.0433	TRUE
F38_Pseudeurotium	F166_Aspergillus	0.4503	0.0334	TRUE
F9_Chaetomium	F166_Aspergillus	0.4644	0.0494	TRUE
F38_Pseudeurotium	F44_Zopfiella	0.4912	0.005	TRUE
F189_Westerdykella	F44_Zopfiella	0.4399	0.0433	TRUE
F448_Perenniporia	F526_Pyrenochaetopsis	0.5523	0.0334	TRUE
